County,Jurisdiction,Clerk,Address,Hours
ALCONA,ALCONA TOWNSHIP,DAWN LALONDE,"5576 US 23,BLACK RIVER,MI,48721",MONDAY 24HR;TUESDAY 24HR;WEDNESDAY 24HR;THURSDAY 24HR;FRIDAY 24HR;SATURDAY 24HR;SUNDAY 24HR;
ALCONA,CALEDONIA TOWNSHIP,CINDY SMITH,"6461 GILLARD RD,SPRUCE,MI,48762",MONDAY 24HR;TUESDAY 24HR;WEDNESDAY 24HR;THURSDAY 24HR;FRIDAY 24HR;SATURDAY 24HR;SUNDAY 24HR;
ALCONA,CURTIS TOWNSHIP,JENNIFER PETTY,"5019 F30,GLENNIE,MI,48737",MONDAY 24HR;TUESDAY 24HR;WEDNESDAY 24HR;THURSDAY 24HR;FRIDAY 24HR;SATURDAY 24HR;SUNDAY 24HR;
ALCONA,GREENBUSH TOWNSHIP,MELISSA CURTH,"5039 CAMPBELL STREET,GREENBUSH,MI,48738",
ALCONA,GUSTIN TOWNSHIP,RENEE LAVERGNE,"113 S. SECOND ST.,LINCOLN,MI,48742",MONDAY 24HR;TUESDAY 24HR;WEDNESDAY 24HR;THURSDAY 24HR;FRIDAY 24HR;SATURDAY 24HR;SUNDAY 24HR;
ALCONA,HARRISVILLE CITY,KYLA HARMON,"200 N. 5TH STREET,HARRISVILLE,MI,48740",MONDAY 24HR;TUESDAY 24HR;WEDNESDAY 24HR;THURSDAY 24HR;FRIDAY 24HR;SATURDAY 24HR;SUNDAY 24HR;
ALCONA,HARRISVILLE TOWNSHIP,SAMANTHA SCHOTT,"114 S POOR FARM RD,HARRISVILLE,MI,48740",MONDAY 24HR;TUESDAY 24HR;WEDNESDAY 24HR;THURSDAY 24HR;FRIDAY 24HR;SATURDAY 24HR;SUNDAY 24HR;
ALCONA,HAWES TOWNSHIP,JANETTE RICHARDSON-STOVER,"2120 W TRASK LAKE RD,BARTON CITY,MI,48705",MONDAY 8:00AM - 7:00PM;TUESDAY 8:00AM - 7:00PM;WEDNESDAY 8:00AM - 7:00PM;THURSDAY 8:00AM - 7:00PM;FRIDAY 8:00AM - 7:00PM;SATURDAY 8:00AM - 7:00PM;SUNDAY 12:00PM - 7:00PM;
ALCONA,HAYNES TOWNSHIP,TAMARA QUICK,"3930 E. MCNEIL ROAD,LINCOLN,MI,48742",MONDAY 24HR;TUESDAY 24HR;WEDNESDAY 24HR;THURSDAY 24HR;FRIDAY 24HR;SATURDAY 24HR;SUNDAY 24HR;
ALCONA,MIKADO TOWNSHIP,RITA SANDS,"2291 F 41,MIKADO,MI,48745",MONDAY 24HR;TUESDAY 24HR;WEDNESDAY 24HR;THURSDAY 24HR;FRIDAY 24HR;SATURDAY 24HR;SUNDAY 24HR;
ALCONA,MILLEN TOWNSHIP,MARY SOMERS,"MILLEN TOWNSHIP HALL,671 N SANBORN ROAD,BARTON CITY,MI,48705",MONDAY 24HR;TUESDAY 24HR;WEDNESDAY 24HR;THURSDAY 24HR;FRIDAY 24HR;SATURDAY 24HR;SUNDAY 24HR;
ALCONA,MITCHELL TOWNSHIP,OLIVIA BOWERS,"6849 TOWER ROAD,CURRAN,MI,48728",MONDAY 24HR;TUESDAY 24HR;WEDNESDAY 24HR;THURSDAY 24HR;FRIDAY 24HR;SATURDAY 24HR;SUNDAY 24HR;
ALGER,AU TRAIN TOWNSHIP,MARY WALTHER JOHNSON,"N7569 SPRUCE ST,AU TRAIN,MI,49806",MONDAY 24HR;TUESDAY 24HR;WEDNESDAY 24HR;THURSDAY 24HR;FRIDAY 24HR;SATURDAY 24HR;SUNDAY 24HR;
ALGER,LIMESTONE TOWNSHIP,DANITA RASK,"LIMESTONE TOWNSHIP HALL,N 3010 STATE HIGHWAY 67,LIMESTONE,MI,49816",MONDAY 24HR;TUESDAY 24HR;WEDNESDAY 24HR;THURSDAY 24HR;FRIDAY 24HR;SATURDAY 24HR;SUNDAY 24HR;
ALGER,LIMESTONE TOWNSHIP,DANITA RASK,"LIMESTONE TOWNSHIP HALL,N 3010 STATE HIGHWAY 67,LIMESTONE,MI,49816",MONDAY 24HR;TUESDAY 24HR;WEDNESDAY 24HR;THURSDAY 24HR;FRIDAY 24HR;SATURDAY 24HR;SUNDAY 24HR;
ALGER,LIMESTONE TOWNSHIP,DANITA RASK,"N 3010 STATE HIGHWAY M 67,LIMESTONE,MI,49816",MONDAY 24HR;TUESDAY 24HR;WEDNESDAY 24HR;THURSDAY 24HR;FRIDAY 24HR;SATURDAY 24HR;SUNDAY 24HR;
ALGER,MUNISING CITY,SUE ROBERTS,"301 E. SUPERIOR ST.,301 E. SUPERIOR ST.,MUNISING,MI,49862",MONDAY 24HR;TUESDAY 24HR;WEDNESDAY 24HR;THURSDAY 24HR;FRIDAY 24HR;SATURDAY 24HR;SUNDAY 24HR;
ALGER,MUNISING TOWNSHIP,PATTY WILLSON,"E9630 PROSPECT ST,WETMORE,MI,49895",MONDAY 24HR;TUESDAY 24HR;WEDNESDAY 24HR;THURSDAY 24HR;FRIDAY 24HR;SATURDAY 24HR;SUNDAY 24HR;
ALLEGAN,ALLEGAN CITY,TRACY STULL,"231 TROWBRIDGE STREET,ALLEGAN,MI,49010",MONDAY 24HR;TUESDAY 24HR;WEDNESDAY 24HR;THURSDAY 24HR;FRIDAY 24HR;SATURDAY 24HR;SUNDAY 24HR;
ALLEGAN,ALLEGAN TOWNSHIP,MICHELLE WAITE,"3037 118TH AVENUE,ALLEGAN,MI,49010",MONDAY 24HR;TUESDAY 24HR;WEDNESDAY 24HR;THURSDAY 24HR;FRIDAY 24HR;SATURDAY 24HR;SUNDAY 24HR;
ALLEGAN,CASCO TOWNSHIP,RACHEL RIDLEY,"7104 107TH AVENUE,SOUTH HAVEN,MI,49090",MONDAY 24HR;TUESDAY 24HR;WEDNESDAY 24HR;THURSDAY 24HR;FRIDAY 24HR;SATURDAY 24HR;SUNDAY 24HR;
ALLEGAN,CHESHIRE TOWNSHIP,JODI  PINNELL,"471 41ST ST,TOWNSHIP HALL,ALLEGAN,MI,49010",MONDAY 24HR;TUESDAY 24HR;WEDNESDAY 24HR;THURSDAY 24HR;FRIDAY 24HR;SATURDAY 24HR;SUNDAY 24HR;
ALLEGAN,CLYDE TOWNSHIP,PAM ONKEN,"1679 56TH STREET,FENNVILLE,MI,49408",MONDAY 24HR;TUESDAY 24HR;WEDNESDAY 24HR;THURSDAY 24HR;FRIDAY 24HR;SATURDAY 24HR;SUNDAY 24HR;
ALLEGAN,DORR TOWNSHIP,DEBBIE SEWERS,"1683 142ND AVE,DORR,MI,49323",MONDAY 24HR;TUESDAY 24HR;WEDNESDAY 24HR;THURSDAY 24HR;FRIDAY 24HR;SATURDAY 24HR;SUNDAY 24HR;
ALLEGAN,FENNVILLE CITY,SAMUEL  JACOBS,"125 S MAPLE ST,FENNVILLE,MI,49408",MONDAY 24HR;TUESDAY 24HR;WEDNESDAY 24HR;THURSDAY 24HR;FRIDAY 24HR;SATURDAY 24HR;SUNDAY 24HR;
ALLEGAN,FILLMORE TOWNSHIP,ELAINE MOKMA,"4219 52ND ST,HOLLAND,MI,49423",MONDAY 24HR;TUESDAY 24HR;WEDNESDAY 24HR;THURSDAY 24HR;FRIDAY 24HR;SATURDAY 24HR;SUNDAY 24HR;
ALLEGAN,GANGES TOWNSHIP,ROBIN PHELPS,"1904 64TH ST,FENNVILLE,MI,49408",MONDAY 24HR;TUESDAY 24HR;WEDNESDAY 24HR;THURSDAY 24HR;FRIDAY 24HR;SATURDAY 24HR;SUNDAY 24HR;
ALLEGAN,GUNPLAIN TOWNSHIP,MARTY MEERT,"381 8TH STREET,PLAINWELL,MI,49080",MONDAY 24HR;TUESDAY 24HR;WEDNESDAY 24HR;THURSDAY 24HR;FRIDAY 24HR;SATURDAY 24HR;SUNDAY 24HR;
ALLEGAN,HEATH TOWNSHIP,MISSY HARVEY,"3440 M-40,HAMILTON,MI,49419",MONDAY 24HR;TUESDAY 24HR;WEDNESDAY 24HR;THURSDAY 24HR;FRIDAY 24HR;SATURDAY 24HR;SUNDAY 24HR;
ALLEGAN,HOPKINS TOWNSHIP,STACEY TIMMER,"128 S. Franklin,Hopkins,MI,49328",24/7
ALLEGAN,LAKETOWN TOWNSHIP,JAMES DELANEY,"4338 BEELINE ROAD,HOLLAND,MI,49423",MONDAY 24HR;TUESDAY 24HR;WEDNESDAY 24HR;THURSDAY 24HR;FRIDAY 24HR;SATURDAY 24HR;SUNDAY 24HR;
ALLEGAN,LEE TOWNSHIP,KATHRYN BLACKBURN,"877 56TH STREET,PULLMAN,MI,49450",MONDAY 24HR;TUESDAY 24HR;WEDNESDAY 24HR;THURSDAY 24HR;FRIDAY 24HR;SATURDAY 24HR;SUNDAY 24HR;
ALLEGAN,LEIGHTON TOWNSHIP,RACHEL FENNEMA,"4451 12TH ST.,SUITE A,WAYLAND,MI,49348",MONDAY 24HR;TUESDAY 24HR;WEDNESDAY 24HR;THURSDAY 24HR;FRIDAY 24HR;
ALLEGAN,MANLIUS TOWNSHIP,MATTHEW  ROOKS,"3134 57th,Fennville,MI,49408",24/7
ALLEGAN,MARTIN TOWNSHIP,JENNIFER WHARTON,"998  Templeton Street,Martin,MI,49070",24/7
ALLEGAN,MONTEREY TOWNSHIP,MEGAN FRANK,"2999 30TH ST,ALLEGAN,MI,49010",MONDAY 24HR;TUESDAY 24HR;WEDNESDAY 24HR;THURSDAY 24HR;FRIDAY 24HR;SATURDAY 24HR;SUNDAY 24HR;
ALLEGAN,OTSEGO CITY,ANGELA CRONEN,"117 E ORLEANS STREET,NORTH SIDE OF BUILDING - DRIVEUP,OTSEGO,MI,49078",MONDAY 24HR;TUESDAY 24HR;WEDNESDAY 24HR;THURSDAY 24HR;FRIDAY 24HR;SATURDAY 24HR;SUNDAY 24HR;
ALLEGAN,OTSEGO TOWNSHIP,JEN COLIN,"400 N 16TH ST,OTSEGO,MI,49078",MONDAY 24HR;TUESDAY 24HR;WEDNESDAY 24HR;THURSDAY 24HR;FRIDAY 24HR;SATURDAY 24HR;SUNDAY 24HR;
ALLEGAN,OVERISEL TOWNSHIP,PAULA SCHOLTEN,"A-4307 144TH AVE,HOLLAND,MI,49423",MONDAY 24HR;TUESDAY 24HR;WEDNESDAY 24HR;THURSDAY 24HR;FRIDAY 24HR;SATURDAY 24HR;SUNDAY 24HR;
ALLEGAN,PLAINWELL CITY,JOANN LEONARD,"211 N MAIN ST,PLAINWELL,MI,49080",MONDAY 24HR;TUESDAY 24HR;WEDNESDAY 24HR;THURSDAY 24HR;FRIDAY 24HR;SATURDAY 24HR;SUNDAY 24HR;
ALLEGAN,SALEM TOWNSHIP,RENEE BUSSCHER,"3003 142ND AVE,DORR,MI,49314",MONDAY 24HR;TUESDAY 24HR;WEDNESDAY 24HR;THURSDAY 24HR;FRIDAY 24HR;SATURDAY 24HR;SUNDAY 24HR;
ALLEGAN,SAUGATUCK CITY,JAMIE WOLTERS,"102 BUTLER ST,SAUGATUCK,MI,49453",MONDAY 24HR;TUESDAY 24HR;WEDNESDAY 24HR;THURSDAY 24HR;FRIDAY 24HR;SATURDAY 24HR;SUNDAY 24HR;
ALLEGAN,SAUGATUCK TOWNSHIP,CINDY OSMAN,"3461 BLUE STAR HWY,SAUGATUCK,MI,49453",MONDAY 24HR;TUESDAY 24HR;WEDNESDAY 24HR;THURSDAY 24HR;FRIDAY 24HR;SATURDAY 24HR;SUNDAY 24HR;
ALLEGAN,TROWBRIDGE TOWNSHIP,DAVID SMALLA,"913 M-40 S,ALLEGAN,MI,49010",MONDAY 24HR;TUESDAY 24HR;WEDNESDAY 24HR;THURSDAY 24HR;FRIDAY 24HR;SATURDAY 24HR;SUNDAY 24HR;
ALLEGAN,VALLEY TOWNSHIP,BRANDEE ELLIS,"2054 N. M-40,ALLEGAN,MI,49010",MONDAY 24HR;TUESDAY 24HR;WEDNESDAY 24HR;THURSDAY 24HR;FRIDAY 24HR;SATURDAY 24HR;SUNDAY 24HR;
ALLEGAN,WATSON TOWNSHIP,MARY ANN BAKER,"1895 118TH AVE.,ALLEGAN,MI,49010",MONDAY 24HR;TUESDAY 24HR;WEDNESDAY 24HR;THURSDAY 24HR;FRIDAY 24HR;SATURDAY 24HR;SUNDAY 24HR;
ALLEGAN,WAYLAND CITY,AMANDA RODRIGUEZ,"103 S. MAIN ST.,WAYLAND,MI,49348",MONDAY 24HR;TUESDAY 24HR;WEDNESDAY 24HR;THURSDAY 24HR;FRIDAY 24HR;SATURDAY 24HR;SUNDAY 24HR;
ALLEGAN,WAYLAND TOWNSHIP,ROBERT FRYLING,"1060 129TH AVENUE,BRADLEY,MI,49311",MONDAY 24HR;TUESDAY 24HR;WEDNESDAY 24HR;THURSDAY 24HR;FRIDAY 24HR;SATURDAY 24HR;SUNDAY 24HR;
ALPENA,ALPENA CITY,ANNA SOIK,"208 N. FIRST AVENUE,ALPENA,MI,49707",MONDAY 24HR;TUESDAY 24HR;WEDNESDAY 24HR;THURSDAY 24HR;FRIDAY 24HR;SATURDAY 24HR;SUNDAY 24HR;
ALPENA,ALPENA TOWNSHIP,MICHELE PALEVICH,"4385 US 23 N,ALPENA,MI,49707",MONDAY 24HR;TUESDAY 24HR;WEDNESDAY 24HR;THURSDAY 24HR;FRIDAY 24HR;SATURDAY 24HR;SUNDAY 24HR;
ALPENA,GREEN TOWNSHIP,MELONY SUMERIX,"2650 CALCUT ROAD,LACHINE,MI,49753",MONDAY 24HR;TUESDAY 24HR;WEDNESDAY 24HR;THURSDAY 24HR;FRIDAY 24HR;SATURDAY 24HR;SUNDAY 24HR;
ALPENA,LONG RAPIDS TOWNSHIP,MARY SUE THOMSON,"5310 M-65 N,LACHINE,MI,49753",MONDAY 24HR;TUESDAY 24HR;WEDNESDAY 24HR;THURSDAY 24HR;FRIDAY 24HR;SATURDAY 24HR;SUNDAY 24HR;
ALPENA,LONG RAPIDS TOWNSHIP,MARY SUE THOMSON,"5310 M-65 N,LACHINE,MICHIGAN,MI,49753",
ALPENA,MAPLE RIDGE TOWNSHIP,MELISSA HOSKINSON,"6000 W. LACOMB RD,ALPENA,MI,49707",MONDAY 24HR;TUESDAY 24HR;WEDNESDAY 24HR;THURSDAY 24HR;FRIDAY 24HR;SATURDAY 24HR;SUNDAY 24HR;
ALPENA,OSSINEKE TOWNSHIP,JO'LEE DORIE,"9041 NICHOLSON HILL ROAD,HUBBARD LAKE,MI,49747",MONDAY 24HR;TUESDAY 24HR;WEDNESDAY 24HR;THURSDAY 24HR;FRIDAY 24HR;SATURDAY 24HR;SUNDAY 24HR;
ALPENA,SANBORN TOWNSHIP,MARGARET CESLICK,"12025 US HWY 23 S.,OSSINEKE,MI,49766",MONDAY 24HR;TUESDAY 24HR;WEDNESDAY 24HR;THURSDAY 24HR;FRIDAY 24HR;SATURDAY 24HR;SUNDAY 24HR;
ALPENA,WELLINGTON TOWNSHIP,PAM MADSEN,"15616 LONG RAPIDS RD,LACHINE,MI,49753",MONDAY 24HR;TUESDAY 24HR;WEDNESDAY 24HR;THURSDAY 24HR;FRIDAY 24HR;SATURDAY 24HR;SUNDAY 24HR;
ALPENA,WILSON TOWNSHIP,RHONDA RITTHALER,"3746 KING SETTLEMENT ROAD,ALPENA,MI,49707",MONDAY 24HR;TUESDAY 24HR;WEDNESDAY 24HR;THURSDAY 24HR;FRIDAY 24HR;SATURDAY 24HR;SUNDAY 24HR;
ANTRIM,BANKS TOWNSHIP,JULIE CHELLIS,"6520 CENTER ST,ALONG DRIVEWAY,ELLSWORTH,MI,49729",MONDAY 24HR;TUESDAY 24HR;WEDNESDAY 24HR;THURSDAY 24HR;FRIDAY 24HR;SATURDAY 24HR;SUNDAY 24HR;
ANTRIM,CENTRAL LAKE TOWNSHIP,JUDITH KOSLOSKI,"1622 N. M-88,CENTRAL LAKE,MI,49622",MONDAY 24HR;TUESDAY 24HR;WEDNESDAY 24HR;THURSDAY 24HR;FRIDAY 24HR;SATURDAY 24HR;SUNDAY 24HR;
ANTRIM,CHESTONIA TOWNSHIP,NANCY SHEPARD,"3995 SECOND ST,CHESTONIA TWP HALL,ALBA,MI,49611",MONDAY 24HR;TUESDAY 24HR;WEDNESDAY 24HR;THURSDAY 24HR;FRIDAY 24HR;SATURDAY 24HR;SUNDAY 24HR;
ANTRIM,CUSTER TOWNSHIP,STACY SIMON,"2949 ALDEN HWY,MANCELONA,MI,49659",MONDAY 24HR;TUESDAY 24HR;WEDNESDAY 24HR;THURSDAY 24HR;FRIDAY 24HR;SATURDAY 24HR;SUNDAY 24HR;
ANTRIM,ELK RAPIDS TOWNSHIP,DEBBIE HUSBAND,"315 BRIDGE ST.,  PO BOX 365,FRONT DOOR,ELK RAPIDS,MI,49629",MONDAY 24HR;TUESDAY 24HR;WEDNESDAY 24HR;THURSDAY 24HR;FRIDAY 24HR;SATURDAY 24HR;SUNDAY 24HR;
ANTRIM,FOREST HOME TOWNSHIP,SUZANNE MAHAN,"321 N. BRIDGE ST.,BELLAIRE,MI,49615",MONDAY 24HR;TUESDAY 24HR;WEDNESDAY 24HR;THURSDAY 24HR;FRIDAY 24HR;SATURDAY 24HR;SUNDAY 24HR;
ANTRIM,HELENA TOWNSHIP,ORYANA LEFFEW,"8751 HELENA ROAD,ALDEN,MI,49612",MONDAY 24HR;TUESDAY 24HR;WEDNESDAY 24HR;THURSDAY 24HR;FRIDAY 24HR;SATURDAY 24HR;SUNDAY 24HR;
ANTRIM,KEARNEY TOWNSHIP,MICHELLE VALUET,"4820 AERO PARK DR.,BELLAIRE,MI,49615",MONDAY 24HR;TUESDAY 24HR;WEDNESDAY 24HR;THURSDAY 24HR;FRIDAY 24HR;SATURDAY 24HR;SUNDAY 24HR;
ANTRIM,MANCELONA TOWNSHIP,MIKE BIEHL,"TOWNSHIP HALL,9610 S. M-88 HWY.,MANCELONA,MI,49659",MONDAY 24HR;TUESDAY 24HR;WEDNESDAY 24HR;THURSDAY 24HR;FRIDAY 24HR;SATURDAY 24HR;SUNDAY 24HR;
ANTRIM,MILTON TOWNSHIP,JANET BEEBE,"7023 CHERRY AVE,KEWADIN,MI,49648",MONDAY 24HR;TUESDAY 24HR;WEDNESDAY 24HR;THURSDAY 24HR;FRIDAY 24HR;SATURDAY 24HR;SUNDAY 24HR;
ANTRIM,STAR TOWNSHIP,CAROLYN MCCALLUM,"6775 ALBA HIGHWAY,ELMIRA,MI,49730",MONDAY 24HR;TUESDAY 24HR;WEDNESDAY 24HR;THURSDAY 24HR;FRIDAY 24HR;SATURDAY 24HR;SUNDAY 24HR;
ANTRIM,TORCH LAKE TOWNSHIP,MARY MERCHANT,"2355 US HWY 31 N,KEWADIN,MI,49648",MONDAY 24HR;TUESDAY 24HR;WEDNESDAY 24HR;THURSDAY 24HR;FRIDAY 24HR;SATURDAY 24HR;SUNDAY 24HR;
ARENAC,ADAMS TOWNSHIP,CHARITY SISCO,"6600 STERLING RD.,STERLING,STERLING,MI,48659",MONDAY 24HR;TUESDAY 24HR;WEDNESDAY 24HR;THURSDAY 24HR;FRIDAY 24HR;SATURDAY 24HR;SUNDAY 24HR;
ARENAC,ARENAC TOWNSHIP,ELIZABETH HARZINSKI,"2596 STATE RD,STANDISH,MI,48658",MONDAY 24HR;TUESDAY 24HR;WEDNESDAY 24HR;THURSDAY 24HR;FRIDAY 24HR;SATURDAY 24HR;SUNDAY 24HR;
ARENAC,AU GRES CITY,LAVONNE PRITCHARD,"124 W. HURON,AU GRES,MI,48703",MONDAY 24HR;TUESDAY 24HR;WEDNESDAY 24HR;THURSDAY 24HR;FRIDAY 24HR;SATURDAY 24HR;SUNDAY 24HR;
ARENAC,AU GRES TOWNSHIP,MICHAEL OXLEY,"1865 SWENSON RD,AU GRES,MI,48703",MONDAY 24HR;TUESDAY 24HR;WEDNESDAY 24HR;THURSDAY 24HR;FRIDAY 24HR;SATURDAY 24HR;SUNDAY 24HR;
ARENAC,CLAYTON TOWNSHIP,ROBYN FOGARASI,"1057 DOBLER ROAD,STERLING,MI,48659",MONDAY 24HR;TUESDAY 24HR;WEDNESDAY 24HR;THURSDAY 24HR;FRIDAY 24HR;SATURDAY 24HR;SUNDAY 24HR;
ARENAC,DEEP RIVER TOWNSHIP,CASEY GWISDALA,"525 E. STATE ST.,STERLING,MI,48659",MONDAY 24HR;TUESDAY 24HR;WEDNESDAY 24HR;THURSDAY 24HR;FRIDAY 24HR;SATURDAY 24HR;SUNDAY 24HR;
ARENAC,LINCOLN TOWNSHIP,KRISTIE DAMRON,"5173 JOHNSFIELD RD.,STANDISH,MI,48658",MONDAY 24HR;TUESDAY 24HR;WEDNESDAY 24HR;THURSDAY 24HR;FRIDAY 24HR;SATURDAY 24HR;SUNDAY 24HR;
ARENAC,MASON TOWNSHIP,AMANDA HOFMEISTER,"1225 MAPLE RIDGE RD.,TWINING,MI,48766",MONDAY 24HR;TUESDAY 24HR;WEDNESDAY 24HR;THURSDAY 24HR;FRIDAY 24HR;SATURDAY 24HR;SUNDAY 24HR;
ARENAC,MOFFATT TOWNSHIP,ALLISON CHMIELEWSKI,"1590 M-76,ALGER,MI,48610",MONDAY 24HR;TUESDAY 24HR;WEDNESDAY 24HR;THURSDAY 24HR;FRIDAY 24HR;SATURDAY 24HR;SUNDAY 24HR;
ARENAC,OMER CITY,SANDRA  ROOD,"201 E CENTER,OMER,MI,48749",MONDAY 24HR;TUESDAY 24HR;WEDNESDAY 24HR;THURSDAY 24HR;FRIDAY 24HR;SATURDAY 24HR;SUNDAY 24HR;
ARENAC,SIMS TOWNSHIP,JILL  SANZO ,"4489 E HURON RD,AU GRES,MI,48703",MONDAY 24HR;TUESDAY 24HR;WEDNESDAY 24HR;THURSDAY 24HR;FRIDAY 24HR;SATURDAY 24HR;SUNDAY 24HR;
ARENAC,STANDISH CITY,CHAMPAGNE SOUTHWORTH,"399 E. BEAVER ST.,STANDISH,MI,48658",MONDAY 24HR;TUESDAY 24HR;WEDNESDAY 24HR;THURSDAY 24HR;FRIDAY 24HR;SATURDAY 24HR;SUNDAY 24HR;
ARENAC,STANDISH TOWNSHIP,MELISSA  JENNINGS,"4997 ARENAC STATE RD.,STANDISH,MI,48658",MONDAY 24HR;TUESDAY 24HR;WEDNESDAY 24HR;THURSDAY 24HR;FRIDAY 24HR;SATURDAY 24HR;SUNDAY 24HR;
ARENAC,TURNER TOWNSHIP,REBECCA PINGOT,"110 PARK ST,TWINING,MI,48766",MONDAY 24HR;TUESDAY 24HR;WEDNESDAY 24HR;THURSDAY 24HR;FRIDAY 24HR;SATURDAY 24HR;SUNDAY 24HR;
ARENAC,WHITNEY TOWNSHIP,KIMBERLY ANDERSON,"1515 N HURON,TAWAS CITY,MI,48763",MONDAY 24HR;TUESDAY 24HR;WEDNESDAY 24HR;THURSDAY 24HR;FRIDAY 24HR;SATURDAY 24HR;SUNDAY 24HR;
BARAGA,ARVON TOWNSHIP,LISA MARINICH,"14470 MARINICH DR.,L'ANSE,MI,49946",MONDAY A;TUESDAY A;WEDNESDAY A;THURSDAY A;
BARAGA,BARAGA TOWNSHIP,MICHELLE FISH,"13919 STATE HWY M-38,BARAGA,MI,49908",MONDAY 24HR;TUESDAY 24HR;WEDNESDAY 24HR;THURSDAY 24HR;FRIDAY 24HR;SATURDAY 24HR;SUNDAY 24HR;
BARAGA,COVINGTON TOWNSHIP,AMY LEAF,"12898 HWY M28,COVINGTON,MI,49919",MONDAY 24HR;TUESDAY 24HR;WEDNESDAY 24HR;THURSDAY 24HR;FRIDAY 24HR;SATURDAY 24HR;SUNDAY 24HR;
BARAGA,LANSE TOWNSHIP,KRISTIN KAHLER,"126 N MAIN ST,L'ANSE,MI,49946",MONDAY 24HR;TUESDAY 24HR;WEDNESDAY 24HR;THURSDAY 24HR;FRIDAY 24HR;SATURDAY 24HR;SUNDAY 24HR;
BARRY,ASSYRIA TOWNSHIP,CHERYL THORNTON,"8094 TASKER RD,BELLEVUE,MI,49021",MONDAY 24HR;TUESDAY 24HR;WEDNESDAY 24HR;THURSDAY 24HR;FRIDAY 24HR;SATURDAY 24HR;SUNDAY 24HR;
BARRY,BALTIMORE TOWNSHIP,JANA BISHOP,"3100 E. DOWLING RD,HASTINGS,MI,49058",MONDAY 24HR;TUESDAY 24HR;WEDNESDAY 24HR;THURSDAY 24HR;FRIDAY 24HR;SATURDAY 24HR;SUNDAY 24HR;
BARRY,BARRY TOWNSHIP,DEBRA KNIGHT,"11300 M43 HWY,DELTON,MI,49046",MONDAY 24HR;TUESDAY 24HR;WEDNESDAY 24HR;THURSDAY 24HR;FRIDAY 24HR;SATURDAY 24HR;SUNDAY 24HR;
BARRY,CARLTON TOWNSHIP,AMANDA CAROTHERS,"85 WELCOME ROAD,HASTINGS,MI,49058",MONDAY 24HR;TUESDAY 24HR;WEDNESDAY 24HR;THURSDAY 24HR;FRIDAY 24HR;SATURDAY 24HR;SUNDAY 24HR;
BARRY,CASTLETON TOWNSHIP,MARCIA SCRAMLIN,"915 REED ST,P.O. BOX 679,NASHVILLE,MI,49073",MONDAY 24HR;TUESDAY 24HR;WEDNESDAY 24HR;THURSDAY 24HR;FRIDAY 24HR;SATURDAY 24HR;SUNDAY 24HR;
BARRY,HASTINGS CITY,LINDA PERIN,"201 EAST STATE STREET,HASTINGS,MI,49058",MONDAY 24HR;TUESDAY 24HR;WEDNESDAY 24HR;THURSDAY 24HR;FRIDAY 24HR;SATURDAY 24HR;SUNDAY 24HR;
BARRY,HASTINGS TOWNSHIP,DAVID OLSON,"885 RIVER RD,HASTINGS,MI,49058",MONDAY 24HR;TUESDAY 24HR;WEDNESDAY 24HR;THURSDAY 24HR;FRIDAY 24HR;SATURDAY 24HR;SUNDAY 24HR;
BARRY,HOPE TOWNSHIP,DEBORAH JACKSON,"5463 S M-43 HWY,ON SIDE OF HALL.,HASTINGS,MI,49058",MONDAY 24HR;TUESDAY 24HR;WEDNESDAY 24HR;THURSDAY 24HR;FRIDAY 24HR;SATURDAY 24HR;SUNDAY 24HR;
BARRY,IRVING TOWNSHIP,TESSA STOUT,"3425 WING RD,HASTINGS,MI,49058",MONDAY 24HR;TUESDAY 24HR;WEDNESDAY 24HR;THURSDAY 24HR;FRIDAY 24HR;SATURDAY 24HR;SUNDAY 24HR;
BARRY,JOHNSTOWN TOWNSHIP,SHERI BABCOCK,"13641 S M-37 HWY,BATTLE CREEK,MI,49017",MONDAY 24HR;TUESDAY 24HR;WEDNESDAY 24HR;THURSDAY 24HR;FRIDAY 24HR;SATURDAY 24HR;SUNDAY 24HR;
BARRY,MAPLE GROVE TOWNSHIP,HOLLY CARPENTER,"721 DURKEE STREET,NASHVILLE,MI,49073",MONDAY 24HR;TUESDAY 24HR;WEDNESDAY 24HR;THURSDAY 24HR;FRIDAY 24HR;SATURDAY 24HR;SUNDAY 24HR;
BARRY,ORANGEVILLE TOWNSHIP,MELODY RISNER,"7350 LINDSEY RD,ON SIDE OF BUILDING.,PLAINWELL,MI,49080",MONDAY 24HR;TUESDAY 24HR;WEDNESDAY 24HR;THURSDAY 24HR;FRIDAY 24HR;SATURDAY 24HR;SUNDAY 24HR;
BARRY,PRAIRIEVILLE TOWNSHIP,ROD GOEBEL,"11015 S NORRIS ROAD,DELTON,MI,49046",MONDAY 24HR;TUESDAY 24HR;WEDNESDAY 24HR;THURSDAY 24HR;FRIDAY 24HR;SATURDAY 24HR;SUNDAY 24HR;
BARRY,RUTLAND TOWNSHIP,ROBIN HAWTHORNE,"2461 HEATH RD,HASTINGS,MI,49058",MONDAY 24HR;TUESDAY 24HR;WEDNESDAY 24HR;THURSDAY 24HR;FRIDAY 24HR;SATURDAY 24HR;SUNDAY 24HR;
BARRY,THORNAPPLE TOWNSHIP,KATHY MEDENBLIK,"200 E MAIN ST,MIDDLEVILLE,MI,49333",MONDAY 24HR;TUESDAY 24HR;WEDNESDAY 24HR;THURSDAY 24HR;FRIDAY 24HR;SATURDAY 24HR;SUNDAY 24HR;
BARRY,WOODLAND TOWNSHIP,ELIZABETH BUSK,"156 S MAIN STREET,WOODLAND,MI,48897",MONDAY 24HR;TUESDAY 24HR;WEDNESDAY 24HR;THURSDAY 24HR;FRIDAY 24HR;SATURDAY 24HR;SUNDAY 24HR;
BARRY,YANKEE SPRINGS TOWNSHIP,TOM HOPKINS,"284 N BRIGGS RD,MIDDLEVILLE,MI,49333",MONDAY 24HR;TUESDAY 24HR;WEDNESDAY 24HR;THURSDAY 24HR;FRIDAY 24HR;SATURDAY 24HR;SUNDAY 24HR;
BAY,AUBURN CITY,BRYNA SCHROUDER,"113 E. ELM STREET,AUBURN,MI,48611",MONDAY 24HR;TUESDAY 24HR;WEDNESDAY 24HR;THURSDAY 24HR;FRIDAY 24HR;SATURDAY 24HR;SUNDAY 24HR;
BAY,BANGOR TOWNSHIP,DAWN BUBLITZ,"180 STATE PARK DRIVE,NEAR ENTRANCE TO ADMIN BLDG,BAY CITY,MI,48706",MONDAY 24HR;TUESDAY 24HR;WEDNESDAY 24HR;THURSDAY 24HR;FRIDAY 24HR;SATURDAY 24HR;SUNDAY 24HR;
BAY,BAY CITY CITY,TEMA J LUCERO,"301 WASHINGTON AVENUE,BAY CITY,MI,48708",MONDAY 24HR;TUESDAY 24HR;WEDNESDAY 24HR;THURSDAY 24HR;FRIDAY 24HR;SATURDAY 24HR;SUNDAY 24HR;
BAY,BAY CITY CITY,TEMA J LUCERO,"617 SOUTH HENRY STREET,BAY CITY,MI,48706",MONDAY 24HR;TUESDAY 24HR;WEDNESDAY 24HR;THURSDAY 24HR;FRIDAY 24HR;SATURDAY 24HR;SUNDAY 24HR;
BAY,BEAVER TOWNSHIP,APRIL HISTED,"1850 S. GARFIELD RD.,AUBURN,MI,48611",MONDAY 24HR;TUESDAY 24HR;WEDNESDAY 24HR;THURSDAY 24HR;FRIDAY 24HR;SATURDAY 24HR;SUNDAY 24HR;
BAY,ESSEXVILLE CITY,SARAH J WILCOX,"1107 WOODSIDE AVENUE,ESSEXVILLE,MI,48732",MONDAY 24HR;TUESDAY 24HR;WEDNESDAY 24HR;THURSDAY 24HR;FRIDAY 24HR;SATURDAY 24HR;SUNDAY 24HR;
BAY,FRANKENLUST TOWNSHIP,DEE ANN LAPAN,"2401 DELTA ROAD,BAY CITY,MI,48706",MONDAY 24HR;TUESDAY 24HR;WEDNESDAY 24HR;THURSDAY 24HR;FRIDAY 24HR;SATURDAY 24HR;SUNDAY 24HR;
BAY,FRASER TOWNSHIP,PATRICIA POWERS,"1474 N Mackinaw Rd,Linwood,MI,48634",24/7
BAY,GARFIELD TOWNSHIP,SEAN GORMAN,"1138 W ERICKSON RD,LINWOOD,MI,48634",MONDAY 24HR;TUESDAY 24HR;WEDNESDAY 24HR;THURSDAY 24HR;FRIDAY 24HR;SATURDAY 24HR;SUNDAY 24HR;
BAY,GIBSON TOWNSHIP,CHRISTINE COUSINEAU,"6151 CARTER RD.,BENTLEY,MI,48613",MONDAY 24HR;TUESDAY 24HR;WEDNESDAY 24HR;THURSDAY 24HR;FRIDAY 24HR;SATURDAY 24HR;SUNDAY 24HR;
BAY,HAMPTON TOWNSHIP,AMANDA DEWYSE,"801 W. Center Road,Essexville,MI,48732",24/7
BAY,KAWKAWLIN TOWNSHIP,BRIAN WALDEE,"1836 E PARISH RD,KAWKAWLIN,MI,48631",MONDAY 24HR;TUESDAY 24HR;WEDNESDAY 24HR;THURSDAY 24HR;FRIDAY 24HR;SATURDAY 24HR;SUNDAY 24HR;
BAY,MERRITT TOWNSHIP,KATHY PARRENT,"48 E. MUNGER RD,MUNGER,MI,48747",MONDAY 24HR;TUESDAY 24HR;WEDNESDAY 24HR;THURSDAY 24HR;FRIDAY 24HR;SATURDAY 24HR;SUNDAY 24HR;
BAY,MONITOR TOWNSHIP,"LINDA STEWART, MIPMC","2483 MIDLAND RD,BAY CITY,MI,48706",MONDAY 24HR;TUESDAY 24HR;WEDNESDAY 24HR;THURSDAY 24HR;FRIDAY 24HR;SATURDAY 24HR;SUNDAY 24HR;
BAY,MOUNT FOREST TOWNSHIP,LINDA HOFFMAN,"1705 W Cody Estey Rd,Pinconning,MI,48650",24/7
BAY,PINCONNING CITY,JESSICA  VIEW,"208 S. Manitou St.,Pinconning,MI,48650",24/7
BAY,PINCONNING TOWNSHIP,MACHELE FAITH,"1751  CODY ESTEY ROAD,PINCONNING,MI,48650",MONDAY 24HR;TUESDAY 24HR;WEDNESDAY 24HR;THURSDAY 24HR;FRIDAY 24HR;SATURDAY 24HR;SUNDAY 24HR;
BAY,PORTSMOUTH TOWNSHIP,JUDITH F BUKOWSKI,"1711  W. CASS AVE. RD.,IN ENTRANCE TO OFFICE.,BAY CITY,MI,48708",MONDAY 24HR;TUESDAY 24HR;WEDNESDAY 24HR;THURSDAY 24HR;FRIDAY 24HR;SATURDAY 24HR;SUNDAY 24HR;
BAY,WILLIAMS TOWNSHIP,KELLIE ANDRUS,"1080 W MIDLAND RD,AUBURN,MI,48611",MONDAY 24HR;TUESDAY 24HR;WEDNESDAY 24HR;THURSDAY 24HR;FRIDAY 24HR;SATURDAY 24HR;SUNDAY 24HR;
BENZIE,ALMIRA TOWNSHIP,TAMMY CLOUS,"7276 OLE WHITE DRIVE,LAKE ANN,MI,49650",MONDAY 24HR;TUESDAY 24HR;WEDNESDAY 24HR;THURSDAY 24HR;FRIDAY 24HR;SATURDAY 24HR;
BENZIE,BENZONIA TOWNSHIP,DIANA HELLER,"1020 MICHIGAN AVE.,BENZONIA,MI,49616",MONDAY 24HR;TUESDAY 24HR;WEDNESDAY 24HR;THURSDAY 24HR;FRIDAY 24HR;SATURDAY 24HR;SUNDAY 24HR;
BENZIE,BLAINE TOWNSHIP,MARJORIE ROHN,"4760 HERRING GROVE ROAD,ARCADIA,MI,49613",MONDAY 24HR;TUESDAY 24HR;WEDNESDAY 24HR;THURSDAY 24HR;FRIDAY 24HR;SATURDAY 24HR;SUNDAY 24HR;
BENZIE,COLFAX TOWNSHIP,DE ANN MOSHER,"7607 MICHIGAN AVE,THOMPSONVILLE,MI,49683",MONDAY 24HR;TUESDAY 24HR;WEDNESDAY 24HR;THURSDAY 24HR;FRIDAY 24HR;SATURDAY 24HR;SUNDAY 24HR;
BENZIE,CRYSTAL LAKE TOWNSHIP,JUDY VANMETER,"1651 FRANKFORT HWY. (TOWNSHIP HALL),(CORNER OF M-115 & AIRPORT),FRANKFORT,MI,49635",MONDAY 24HR;TUESDAY 24HR;WEDNESDAY 24HR;THURSDAY 24HR;FRIDAY 24HR;SATURDAY 24HR;SUNDAY 24HR;
BENZIE,FRANKFORT CITY,CHRISTINE SPENCE,"412 MAIN STREET,FRANKFORT,MI,49635",MONDAY 24HR;TUESDAY 24HR;WEDNESDAY 24HR;THURSDAY 24HR;FRIDAY 24HR;SATURDAY 24HR;SUNDAY 24HR;
BENZIE,GILMORE TOWNSHIP,AMANDA ROMMELL,"401 FIRST STREET,ELBERTA,MI,49628",MONDAY 24HR;TUESDAY 24HR;WEDNESDAY 24HR;THURSDAY 24HR;FRIDAY 24HR;SATURDAY 24HR;SUNDAY 24HR;
BENZIE,HOMESTEAD TOWNSHIP,KIT WILSON,"11508 HONOR HWY,HONOR,MI,49640",MONDAY 24HR;TUESDAY 24HR;WEDNESDAY 24HR;THURSDAY 24HR;FRIDAY 24HR;SATURDAY 24HR;SUNDAY 24HR;
BENZIE,INLAND TOWNSHIP,ROSE WIRTH,"19668 HONOR HWY,INTERLOCHEN,MI,49643",MONDAY 24HR;TUESDAY 24HR;WEDNESDAY 24HR;THURSDAY 24HR;FRIDAY 24HR;SATURDAY 24HR;SUNDAY 24HR;
BENZIE,JOYFIELD TOWNSHIP,DODIE PUTNEY,"5490 BENZIE HIGHWAY,BENZONIA,MI,49616",MONDAY 24HR;TUESDAY 24HR;WEDNESDAY 24HR;THURSDAY 24HR;FRIDAY 24HR;SATURDAY 24HR;SUNDAY 24HR;
BENZIE,LAKE TOWNSHIP,PENNY GEORGEVICH,"5153 SCENIC HWY.,HONOR,MI,49640",MONDAY 24HR;TUESDAY 24HR;WEDNESDAY 24HR;THURSDAY 24HR;FRIDAY 24HR;SATURDAY 24HR;SUNDAY 24HR;
BENZIE,PLATTE TOWNSHIP,ALISON MICHALAK,"11935 FOWLER ROAD,HONOR,MI,49640",MONDAY 24HR;TUESDAY 24HR;WEDNESDAY 24HR;THURSDAY 24HR;FRIDAY 24HR;SATURDAY 24HR;SUNDAY 24HR;
BENZIE,WELDON TOWNSHIP,FRAN GRIFFIN,"14731 THOMPSON AVENUE,THOMPSONVILLE,MI,49683",MONDAY 24HR;TUESDAY 24HR;WEDNESDAY 24HR;THURSDAY 24HR;FRIDAY 24HR;SATURDAY 24HR;SUNDAY 24HR;
BERRIEN,BAINBRIDGE TOWNSHIP,SAMANTHA DROSKIE,"7315 TERRITORIAL ROAD,WATERVLIET,MI,49098",MONDAY 24HR;TUESDAY 24HR;WEDNESDAY 24HR;THURSDAY 24HR;FRIDAY 24HR;SATURDAY 24HR;SUNDAY 24HR;
BERRIEN,BARODA TOWNSHIP,CHRISTINA PRICE,"9091 FIRST ST,BARODA,MI,49101",MONDAY 24HR;TUESDAY 24HR;WEDNESDAY 24HR;THURSDAY 24HR;FRIDAY 24HR;SATURDAY 24HR;SUNDAY 24HR;
BERRIEN,BENTON CHARTER TOWNSHIP,CAROLYN PHILLIPS,"1725 TERRITORIAL RD,BENTON HARBOR,MI,49022",MONDAY 24HR;TUESDAY 24HR;WEDNESDAY 24HR;THURSDAY 24HR;FRIDAY 24HR;SATURDAY 24HR;SUNDAY 24HR;
BERRIEN,BENTON HARBOR CITY,TIFFANY MOORE,"200 E. WALL,BENTON HARBOR,MI,49022",MONDAY 24HR;TUESDAY 24HR;WEDNESDAY 24HR;THURSDAY 24HR;FRIDAY 24HR;SATURDAY 24HR;SUNDAY 24HR;
BERRIEN,BERRIEN TOWNSHIP,TORY PARRISH,"8916 M 140,BERRIEN CENTER,MI,49102",MONDAY 24HR;TUESDAY 24HR;WEDNESDAY 24HR;THURSDAY 24HR;FRIDAY 24HR;SATURDAY 24HR;SUNDAY 24HR;
BERRIEN,BERTRAND CHARTER TOWNSHIP,SHERYL  MILLER ,"3835 BUFFALO RD,DROP BOX IN FRONT,BUCHANAN,MI,49107",MONDAY 24HR;TUESDAY 24HR;WEDNESDAY 24HR;THURSDAY 24HR;FRIDAY 24HR;SATURDAY 24HR;SUNDAY 24HR;
BERRIEN,BERTRAND CHARTER TOWNSHIP,SHERYL  MILLER ,"3835 BUFFALO RD,SLOT IN ENTRYWAY DOOR.,BUCHANAN,MI,49107",MONDAY 24HR;TUESDAY 24HR;WEDNESDAY 24HR;THURSDAY 24HR;FRIDAY 24HR;SATURDAY 24HR;SUNDAY 24HR;
BERRIEN,BRIDGMAN CITY,KACI JONES,"9765 MAPLE ST.,BRIDGMAN,MI,49106",MONDAY 24HR;TUESDAY 24HR;WEDNESDAY 24HR;THURSDAY 24HR;FRIDAY 24HR;SATURDAY 24HR;SUNDAY 24HR;
BERRIEN,BUCHANAN CITY,KALLA LANGSTON,"302 N REDBUD TRAIL,BOX IS IN CITY HALL PARKING LOT,BUCHANAN,MI,49107",
BERRIEN,BUCHANAN CHARTER TOWNSHIP,WENDI L HEYLIGER,"15235 MAIN STREET,BUCHANAN,MI,49107",MONDAY 24HR;TUESDAY 24HR;WEDNESDAY 24HR;THURSDAY 24HR;FRIDAY 24HR;SATURDAY 24HR;SUNDAY 24HR;
BERRIEN,CHIKAMING TOWNSHIP,PAULA DUDIAK,"13535 RED ARROW HWY,INSIDE LOBBY,HARBERT,MI,49115",MONDAY 8:00AM - 12:00PM AND 12:30PM - 4:00PM;TUESDAY 8:00AM - 12:00PM AND 12:30PM - 4:00PM;WEDNESDAY 8:00AM - 12:00PM AND 12:30PM - 4:00PM;THURSDAY 8:00AM - 12:00PM AND 12:30PM - 4:00PM;FRIDAY 8:00AM - 12:00PM AND 12:30PM - 4:00PM;
BERRIEN,CHIKAMING TOWNSHIP,PAULA DUDIAK,"13535 RED ARROW HWY,OUTSIDE MAIL SLOT,HARBERT,MI,49115",MONDAY 24HR;TUESDAY 24HR;WEDNESDAY 24HR;THURSDAY 24HR;FRIDAY 24HR;SATURDAY 24HR;SUNDAY 24HR;
BERRIEN,COLOMA CITY,KELLY CLEMENTS,"119 N. Paw Paw Street,Coloma,MI,49038",24/7
BERRIEN,COLOMA CHARTER TOWNSHIP,SHEILA HICKMOTT,"4919 PAW PAW LAKE ROAD,COLOMA,MI,49038",MONDAY 24HR;TUESDAY 24HR;WEDNESDAY 24HR;THURSDAY 24HR;FRIDAY 24HR;SATURDAY 24HR;SUNDAY 24HR;
BERRIEN,GALIEN TOWNSHIP,JENNIFER RICHTER,"305 KILEY DRIVE,GALIEN,MI,49113",
BERRIEN,HAGAR TOWNSHIP,TOM ALLEN,"3900 RIVERSIDE RD,BENTON HARBOR,MI,49022",MONDAY 24HR;TUESDAY 24HR;WEDNESDAY 24HR;THURSDAY 24HR;FRIDAY 24HR;SATURDAY 24HR;SUNDAY 24HR;
BERRIEN,LAKE CHARTER TOWNSHIP,MIRANDA COMPANION,"3220 SHAWNEE ROAD,BRIDGMAN,MI,49106",MONDAY 24HR;TUESDAY 24HR;WEDNESDAY 24HR;THURSDAY 24HR;FRIDAY 24HR;SATURDAY 24HR;SUNDAY 24HR;
BERRIEN,LINCOLN CHARTER TOWNSHIP,MICHAEL  BROWN,"2055 W. JOHN BEERS RD,STEVENSVILLE,MI,49127",MONDAY 24HR;TUESDAY 24HR;WEDNESDAY 24HR;THURSDAY 24HR;FRIDAY 24HR;SATURDAY 24HR;SUNDAY 24HR;
BERRIEN,LINCOLN CHARTER TOWNSHIP,MICHAEL  BROWN,"2055 WEST JOHN BEERS RD,STEVENSVILLE,MI,49127",MONDAY 24HR;TUESDAY 24HR;WEDNESDAY 24HR;THURSDAY 24HR;FRIDAY 24HR;SATURDAY 24HR;SUNDAY 24HR;
BERRIEN,NEW BUFFALO CITY,AMY FIDLER,"224 W. BUFFALO ST.,NEW BUFFALO,MI,49117",MONDAY 24HR;TUESDAY 24HR;WEDNESDAY 24HR;THURSDAY 24HR;FRIDAY 24HR;SATURDAY 24HR;SUNDAY 24HR;
BERRIEN,NEW BUFFALO CITY,AMY FIDLER,"224 W. BUFFALO ST.,NEW BUFFALO,MI,49117",MONDAY 24HR;TUESDAY 24HR;WEDNESDAY 24HR;THURSDAY 24HR;FRIDAY 24HR;SATURDAY 24HR;SUNDAY 24HR;
BERRIEN,NEW BUFFALO TOWNSHIP,MICHELLE HANNON,"17425 RED ARROW HWY,ON THE BUILDING TO THE LEFT OF THE FRONT DOORS.,NEW BUFFFALO,MI,49117",
BERRIEN,NILES CITY,TINA BERGMAN,"333 N 2ND STREET,NILES,MI,49120",MONDAY 24HR;TUESDAY 24HR;WEDNESDAY 24HR;THURSDAY 24HR;FRIDAY 24HR;SATURDAY 24HR;SUNDAY 24HR;
BERRIEN,NILES CHARTER TOWNSHIP,"DANIEL C. PULASKI, JR.","320 BELL ROAD,NILES,MI,49120",MONDAY 24HR;TUESDAY 24HR;WEDNESDAY 24HR;THURSDAY 24HR;FRIDAY 24HR;SATURDAY 24HR;SUNDAY 24HR;
BERRIEN,ORONOKO CHARTER TOWNSHIP,MICHELLE BOLIN,"4583 E. SNOW ROAD,BERRIEN SPRINGS,MI,49103",MONDAY 24HR;TUESDAY 24HR;WEDNESDAY 24HR;THURSDAY 24HR;FRIDAY 24HR;SATURDAY 24HR;SUNDAY 24HR;
BERRIEN,PIPESTONE TOWNSHIP,DEBORAH CREWS,"7185 N. ELM,EAU CLAIRE,MI,49111",MONDAY 24HR;TUESDAY 24HR;WEDNESDAY 24HR;THURSDAY 24HR;FRIDAY 24HR;SATURDAY 24HR;SUNDAY 24HR;
BERRIEN,ROYALTON TOWNSHIP,RACHEL BERNARD,"980 MINERS RD,SAINT JOSEPH,MI,49085",MONDAY 24HR;TUESDAY 24HR;WEDNESDAY 24HR;THURSDAY 24HR;FRIDAY 24HR;SATURDAY 24HR;SUNDAY 24HR;
BERRIEN,ST JOSEPH CITY,ABBY BENNETT,"700 BROAD STREET,ST. JOSEPH,MI,49085",MONDAY 24HR;TUESDAY 24HR;WEDNESDAY 24HR;THURSDAY 24HR;FRIDAY 24HR;SATURDAY 24HR;SUNDAY 24HR;
BERRIEN,ST JOSEPH CHARTER TOWNSHIP,PATRICE ROSE,"3000 WASHINGTON AVE.,ST. JOSEPH,MI,49085",MONDAY 24HR;TUESDAY 24HR;WEDNESDAY 24HR;THURSDAY 24HR;FRIDAY 24HR;SATURDAY 24HR;SUNDAY 24HR;
BERRIEN,SODUS TOWNSHIP,CHERYL ANDRES,"4056 KING DRIVE,SODUS,MI,49126",MONDAY 24HR;TUESDAY 24HR;WEDNESDAY 24HR;THURSDAY 24HR;FRIDAY 24HR;SATURDAY 24HR;SUNDAY 24HR;
BERRIEN,THREE OAKS TOWNSHIP,MARCIE MILES,"6810 US HWY 12,THREE OAKS,MI,49128",MONDAY 24HR;TUESDAY 24HR;WEDNESDAY 24HR;THURSDAY 24HR;FRIDAY 24HR;SATURDAY 24HR;SUNDAY 24HR;
BERRIEN,WATERVLIET CITY,MELANIE MARVIN,"158 W PLEASANT ST,WATERVLIET,MI,49098",MONDAY 24HR;TUESDAY 24HR;WEDNESDAY 24HR;THURSDAY 24HR;FRIDAY 24HR;SATURDAY 24HR;SUNDAY 24HR;
BERRIEN,WATERVLIET CHARTER TOWNSHIP,LINDA RIZZO,"4959 N. M-140 HWY.,WATERVLIET,MI,49098",MONDAY 24HR;TUESDAY 24HR;WEDNESDAY 24HR;THURSDAY 24HR;FRIDAY 24HR;SATURDAY 24HR;SUNDAY 24HR;
BERRIEN,WEESAW TOWNSHIP,ERIKA BURCHAM,"13518 STATE ST.,NEW TROY,MI,49119",MONDAY 24HR;TUESDAY 24HR;WEDNESDAY 24HR;THURSDAY 24HR;FRIDAY 24HR;SATURDAY 24HR;SUNDAY 24HR;
BRANCH,ALGANSEE TOWNSHIP,CHANTAL PAXTON,"376 S RAY QUINCY  RD,QUINCY,MI,49082",MONDAY 24HR;TUESDAY 24HR;WEDNESDAY 24HR;THURSDAY 24HR;FRIDAY 24HR;SATURDAY 24HR;SUNDAY 24HR;
BRANCH,BETHEL TOWNSHIP,LORI BREWER,"439 S. SNOW PRAIRIE ROAD,BRONSON,MI,49028",MONDAY 24HR;TUESDAY 24HR;WEDNESDAY 24HR;THURSDAY 24HR;FRIDAY 24HR;SATURDAY 24HR;SUNDAY 24HR;
BRANCH,BETHEL TOWNSHIP,LORI BREWER,"453 W. HATMAKER ROAD,BRONSON,MI,49028",MONDAY 24HR;TUESDAY 24HR;WEDNESDAY 24HR;THURSDAY 24HR;FRIDAY 24HR;SATURDAY 24HR;SUNDAY 24HR;
BRANCH,BRONSON CITY,JACOB  GAUTHIER,"141 S MATTESON ST,BRONSON,MI,49028",MONDAY 24HR;TUESDAY 24HR;WEDNESDAY 24HR;THURSDAY 24HR;FRIDAY 24HR;SATURDAY 24HR;SUNDAY 24HR;
BRANCH,BRONSON TOWNSHIP,RHONDA NOBLE,"973 WEAVER RD,BRONSON,MI,49028",MONDAY 24HR;TUESDAY 24HR;WEDNESDAY 24HR;THURSDAY 24HR;FRIDAY 24HR;SATURDAY 24HR;SUNDAY 24HR;
BRANCH,BUTLER TOWNSHIP,LINDA HAMMONTREE,"993 BUTLER ROAD,QUINCY,MI,49082",MONDAY 24HR;TUESDAY 24HR;WEDNESDAY 24HR;THURSDAY 24HR;FRIDAY 24HR;SATURDAY 24HR;SUNDAY 24HR;
BRANCH,CALIFORNIA TOWNSHIP,MICHAEL HATT,"1019 COPELAND ROAD,MONTGOMERY,MI,49255",MONDAY 24HR;TUESDAY 24HR;WEDNESDAY 24HR;THURSDAY 24HR;FRIDAY 24HR;SATURDAY 24HR;SUNDAY 24HR;
BRANCH,COLDWATER CITY,SHAUNA CHAVEZ,"1 GRAND ST,INSIDE,COLDWATER,MI,49036",MONDAY 8:00AM - 5:00PM;TUESDAY 8:00AM - 5:00PM;WEDNESDAY 8:00AM - 5:00PM;THURSDAY 8:00AM - 5:00PM;FRIDAY 8:00AM - 5:00PM;
BRANCH,COLDWATER CITY,SHAUNA CHAVEZ,"1 GRAND ST,OUTSIDE,COLDWATER,MI,49036",MONDAY 24HR;TUESDAY 24HR;WEDNESDAY 24HR;THURSDAY 24HR;FRIDAY 24HR;SATURDAY 24HR;SUNDAY 24HR;
BRANCH,COLDWATER TOWNSHIP,NATE GILCHRIST,"319 SPRAGUE ROAD,COLDWATER,MI,49036",MONDAY 24HR;TUESDAY 24HR;WEDNESDAY 24HR;THURSDAY 24HR;FRIDAY 24HR;SATURDAY 24HR;SUNDAY 24HR;
BRANCH,COLDWATER TOWNSHIP,NATE GILCHRIST,"319 SPRAGUE ROAD,COLDWATER,MI,49036",MONDAY 24HR;TUESDAY 24HR;WEDNESDAY 24HR;THURSDAY 24HR;FRIDAY 24HR;SATURDAY 24HR;SUNDAY 24HR;
BRANCH,GIRARD TOWNSHIP,KATHY WEIGT,"1009 MARSHALL RD,COLDWATER,MI,49036",MONDAY 24HR;TUESDAY 24HR;WEDNESDAY 24HR;THURSDAY 24HR;FRIDAY 24HR;SATURDAY 24HR;SUNDAY 24HR;
BRANCH,KINDERHOOK TOWNSHIP,PAM TOOMAN,"797 S ANGOLA RD,COLDWATER,MI,49036",MONDAY 24HR;TUESDAY 24HR;WEDNESDAY 24HR;THURSDAY 24HR;FRIDAY 24HR;SATURDAY 24HR;SUNDAY 24HR;
BRANCH,MATTESON TOWNSHIP,KARON JO FISHER-BARR,"850 S WERNERS LNDG DR,BRONSON,MI,49028",MONDAY 24HR;TUESDAY 24HR;WEDNESDAY 24HR;THURSDAY 24HR;FRIDAY 24HR;SATURDAY 24HR;SUNDAY 24HR;
BRANCH,NOBLE TOWNSHIP,REBECCA THURSTON,"973 SOUTHERN RD,BRONSON,MI,49028",MONDAY 24HR;TUESDAY 24HR;WEDNESDAY 24HR;THURSDAY 24HR;FRIDAY 24HR;SATURDAY 24HR;SUNDAY 24HR;
BRANCH,OVID TOWNSHIP,AMY HAVASY,"381 S ANGOLA RD,COLDWATER,MI,49036",MONDAY 24HR;TUESDAY 24HR;WEDNESDAY 24HR;THURSDAY 24HR;FRIDAY 24HR;SATURDAY 24HR;SUNDAY 24HR;
BRANCH,QUINCY TOWNSHIP,CINDY HARLETON,"11 N MAIN ST,QUINCY,MI,49082",MONDAY 24HR;TUESDAY 24HR;WEDNESDAY 24HR;THURSDAY 24HR;FRIDAY 24HR;SATURDAY 24HR;SUNDAY 24HR;
BRANCH,SHERWOOD TOWNSHIP,HANNAH SMITH,"548 N MAIN ST,SHERWOOD,MI,49089",MONDAY 24HR;TUESDAY 24HR;WEDNESDAY 24HR;THURSDAY 24HR;FRIDAY 24HR;SATURDAY 24HR;SUNDAY 24HR;
BRANCH,UNION TOWNSHIP,SHARON BOLEY,"191 N BROADWAY ST,UNION CITY,MI,49094",MONDAY 24HR;TUESDAY 24HR;WEDNESDAY 24HR;THURSDAY 24HR;FRIDAY 24HR;SATURDAY 24HR;SUNDAY 24HR;
CALHOUN,ALBION CITY,JILL DOMINGO,"112 W CASS STREET,ALBION,MI,49224",MONDAY 24HR;TUESDAY 24HR;WEDNESDAY 24HR;THURSDAY 24HR;FRIDAY 24HR;SATURDAY 24HR;SUNDAY 24HR;
CALHOUN,ALBION TOWNSHIP,KATHY GRUNDEMANN,"28051 F Drive South,Albion ,MI,49224",24/7
CALHOUN,ALBION TOWNSHIP,KATHY GRUNDEMANN,"28051 F DRIVE SOUTH,SIDEWALK AT FRONT ENTRANCE,ALBION,MI,49224",MONDAY 24HR;TUESDAY 24HR;WEDNESDAY 24HR;THURSDAY 24HR;FRIDAY 24HR;SATURDAY 24HR;SUNDAY 24HR;
CALHOUN,ATHENS TOWNSHIP,DEBERA DENNEY,"ATHENS TOWNSHIP HALL,130 EAST BURR OAK STREET,ATHENS,MI,49011",MONDAY 24HR;TUESDAY 24HR;WEDNESDAY 24HR;THURSDAY 24HR;FRIDAY 24HR;SATURDAY 24HR;SUNDAY 24HR;
CALHOUN,BATTLE CREEK CITY,VICTORIA HOUSER,"10 N. DIVISION STREET, ROOM 111,CITY HALL,BATTLE CREEK,MI,49014",MONDAY 24HR;TUESDAY 24HR;WEDNESDAY 24HR;THURSDAY 24HR;FRIDAY 24HR;SATURDAY 24HR;SUNDAY 24HR;
CALHOUN,BATTLE CREEK CITY,VICTORIA HOUSER,"BATTLE CREEK CITY HALL,10 N. DIVISION STREET,BATTLE CREEK,MI,49014",MONDAY 24HR;TUESDAY 24HR;WEDNESDAY 24HR;THURSDAY 24HR;FRIDAY 24HR;SATURDAY 24HR;SUNDAY 24HR;
CALHOUN,BATTLE CREEK CITY,VICTORIA HOUSER,"CITY HALL LOBBY,10 N. DIVISION STREET,BATTLE CREEK,MI,49014",MONDAY 8:00AM - 5:00PM;TUESDAY 8:00AM - 5:00PM;WEDNESDAY 8:00AM - 5:00PM;THURSDAY 8:00AM - 5:00PM;FRIDAY 8:00AM - 5:00PM;
CALHOUN,BATTLE CREEK CITY,VICTORIA HOUSER,"FIRE STATION #6,2401 CAPITAL AVENUE SW,BATTLE CREEK,MI,49015",MONDAY 24HR;TUESDAY 24HR;WEDNESDAY 24HR;THURSDAY 24HR;FRIDAY 24HR;SATURDAY 24HR;SUNDAY 24HR;
CALHOUN,BEDFORD TOWNSHIP,JOYCE FERACO,"115 S. ULDRIKS DR.,BATTLE CREEK,MI,49037",MONDAY 24HR;TUESDAY 24HR;WEDNESDAY 24HR;THURSDAY 24HR;FRIDAY 24HR;SATURDAY 24HR;SUNDAY 24HR;
CALHOUN,BURLINGTON TOWNSHIP,DARLENE MACK,"135 ELM STREET,BURLINGTON,MI,49029",MONDAY 24HR;TUESDAY 24HR;WEDNESDAY 24HR;THURSDAY 24HR;FRIDAY 24HR;SATURDAY 24HR;
CALHOUN,CLARENCE TOWNSHIP,SHERYL PROTEAU,"27052  R DRIVE NORTH,ALBION,MI,49224",MONDAY 24HR;TUESDAY 24HR;WEDNESDAY 24HR;THURSDAY 24HR;FRIDAY 24HR;SATURDAY 24HR;SUNDAY 24HR;
CALHOUN,CLARENCE TOWNSHIP,SHERYL PROTEAU,"27052 R DRIVE NORTH,ALBION,MI,49224",MONDAY 24HR;TUESDAY 24HR;WEDNESDAY 24HR;THURSDAY 24HR;FRIDAY 24HR;SATURDAY 24HR;SUNDAY 24HR;
CALHOUN,CLARENDON TOWNSHIP,ERICKA TRYON,"21947 R DRIVE S.,HOMER,MI,49245",MONDAY 24HR;TUESDAY 24HR;WEDNESDAY 24HR;THURSDAY 24HR;FRIDAY 24HR;SATURDAY 24HR;SUNDAY 24HR;
CALHOUN,CONVIS TOWNSHIP,KIMBERLY COLLINS,"19500 15 MILE RD,MARSHALL,MI,49068",MONDAY 24HR;TUESDAY 24HR;WEDNESDAY 24HR;THURSDAY 24HR;FRIDAY 24HR;SATURDAY 24HR;SUNDAY 24HR;
CALHOUN,ECKFORD TOWNSHIP,LE ANNE  BLIGHT,"21000 F Drive South,Marshall,MI,49068",24/7
CALHOUN,ECKFORD TOWNSHIP,LE ANNE  BLIGHT,"21000 F DRIVE SOUTH,MARSHALL,MI,49068",MONDAY 24HR;TUESDAY 24HR;WEDNESDAY 24HR;THURSDAY 24HR;FRIDAY 24HR;SATURDAY 24HR;SUNDAY 24HR;
CALHOUN,EMMETT TOWNSHIP,DAWN MCMILLON,"621 CLIFF ST,BATTLE CREEK,MI,49014",MONDAY 24HR;TUESDAY 24HR;WEDNESDAY 24HR;THURSDAY 24HR;FRIDAY 24HR;SATURDAY 24HR;SUNDAY 24HR;
CALHOUN,FREDONIA TOWNSHIP,MARGARET BOSSERD,"8803 US HIGHWAY 27S,MARSHALL,MI,49068",MONDAY 24HR;TUESDAY 24HR;WEDNESDAY 24HR;THURSDAY 24HR;FRIDAY 24HR;SATURDAY 24HR;SUNDAY 24HR;
CALHOUN,HOMER TOWNSHIP,AMANDA KOCH,"420 S. HILLSDALE ST.,HOMER,MI,49245",MONDAY 24HR;TUESDAY 24HR;WEDNESDAY 24HR;THURSDAY 24HR;FRIDAY 24HR;SATURDAY 24HR;SUNDAY 24HR;
CALHOUN,LEE TOWNSHIP,SAMANTHA VANDORSTEN,"23045 21 MILE ROAD,OLIVET,MI,49076",MONDAY 24HR;TUESDAY 24HR;WEDNESDAY 24HR;THURSDAY 24HR;FRIDAY 24HR;SATURDAY 24HR;SUNDAY 24HR;
CALHOUN,LEE TOWNSHIP,SAMANTHA VANDORSTEN,"23045 21 MILE ROAD,OLIVET,MI,49076",MONDAY 24HR;TUESDAY 24HR;WEDNESDAY 24HR;THURSDAY 24HR;FRIDAY 24HR;SATURDAY 24HR;SUNDAY 24HR;
CALHOUN,LEROY TOWNSHIP,JEANNIE BURCHFIELD,"8156 4 MILE ROAD,EAST LEROY,MI,49051",MONDAY 24HR;TUESDAY 24HR;WEDNESDAY 24HR;THURSDAY 24HR;FRIDAY 24HR;SATURDAY 24HR;SUNDAY 24HR;
CALHOUN,MARENGO TOWNSHIP,DEB WITHEE,"14021 23 MILE RD,ALBION,MI,49224",MONDAY 24HR;TUESDAY 24HR;WEDNESDAY 24HR;THURSDAY 24HR;FRIDAY 24HR;SATURDAY 24HR;SUNDAY 24HR;
CALHOUN,MARSHALL CITY,MICHELLE EUBANK,"323 W MICHIGAN AVENUE,MARSHALL,MI,49068",MONDAY 24HR;TUESDAY 24HR;WEDNESDAY 24HR;THURSDAY 24HR;FRIDAY 24HR;SATURDAY 24HR;SUNDAY 24HR;
CALHOUN,MARSHALL TOWNSHIP,WAYNE WRIGHT,"13551 15 MILE ROAD,ON NORTH SIDE OF THE BUILDING, NEXT TO THE DOOR.,MARSHALL,MI,49068",MONDAY 24HR;TUESDAY 24HR;WEDNESDAY 24HR;THURSDAY 24HR;FRIDAY 24HR;SATURDAY 24HR;SUNDAY 24HR;
CALHOUN,NEWTON TOWNSHIP,MARY ALDRICH,"11003 9 1/2 MI RD,CERESCO,MI,49033",MONDAY 24HR;TUESDAY 24HR;WEDNESDAY 24HR;THURSDAY 24HR;FRIDAY 24HR;SATURDAY 24HR;SUNDAY 24HR;
CALHOUN,PENNFIELD TOWNSHIP,KATHLEEN CASE,"20260 CAPITAL AVENUE NE,BATTLE CREEK,MI,49017",MONDAY 24HR;TUESDAY 24HR;WEDNESDAY 24HR;THURSDAY 24HR;FRIDAY 24HR;SATURDAY 24HR;SUNDAY 24HR;
CALHOUN,SHERIDAN TOWNSHIP,STEPHANIE CRAIG,"13355 28 MILE RD,ALBION,MI,49224",MONDAY 24HR;TUESDAY 24HR;WEDNESDAY 24HR;THURSDAY 24HR;FRIDAY 24HR;SATURDAY 24HR;SUNDAY 24HR;
CALHOUN,SPRINGFIELD CITY,KRIS VOGEL,"601 AVENUE A,SPRINGFIELD,MI,49037",MONDAY 24HR;TUESDAY 24HR;WEDNESDAY 24HR;THURSDAY 24HR;FRIDAY 24HR;SATURDAY 24HR;SUNDAY 24HR;
CALHOUN,TEKONSHA TOWNSHIP,DIANE DEVERS-WOOD,"166 SPIRES PARKWAY,TEKONSHA,MI,49092",MONDAY 24HR;TUESDAY 24HR;WEDNESDAY 24HR;THURSDAY 24HR;FRIDAY 24HR;SATURDAY 24HR;SUNDAY 24HR;
CASS,CALVIN TOWNSHIP,MICHELLE ANDERSON,"18693 MT. ZION RD,CASSOPOLIS,MI,49031",MONDAY 24HR;TUESDAY 24HR;WEDNESDAY 24HR;THURSDAY 24HR;FRIDAY 24HR;SATURDAY 24HR;SUNDAY 24HR;
CASS,DOWAGIAC CITY,PATTY PATANO,"241 S. FRONT ST.,DOWAGIAC,MI,49047",MONDAY 24HR;TUESDAY 24HR;WEDNESDAY 24HR;THURSDAY 24HR;FRIDAY 24HR;SATURDAY 24HR;SUNDAY 24HR;
CASS,HOWARD TOWNSHIP,SHERI WOZNIAK,"1345 BARRON LAKE RD,NILES,MI,49120",MONDAY 24HR;TUESDAY 24HR;WEDNESDAY 24HR;THURSDAY 24HR;FRIDAY 24HR;SATURDAY 24HR;SUNDAY 24HR;
CASS,JEFFERSON TOWNSHIP,VALERIE LOCKE,"24725 JEFFERSON CENTER ST,CASSOPOLIS,MI,49031",MONDAY 24HR;TUESDAY 24HR;WEDNESDAY 24HR;THURSDAY 24HR;FRIDAY 24HR;SATURDAY 24HR;SUNDAY 24HR;
CASS,LA GRANGE TOWNSHIP,TASHA MCCOY,"58253 M-62,CASSOPOLIS,MI,49031",MONDAY 24HR;TUESDAY 24HR;WEDNESDAY 24HR;THURSDAY 24HR;FRIDAY 24HR;SATURDAY 24HR;SUNDAY 24HR;
CASS,MARCELLUS TOWNSHIP,DARCIE PLUMMER,"463 W MAIN STREET,MARCELLUS,MI,49067",MONDAY 24HR;TUESDAY 24HR;WEDNESDAY 24HR;THURSDAY 24HR;FRIDAY 24HR;SATURDAY 24HR;SUNDAY 24HR;
CASS,MASON TOWNSHIP,KRISTIN LEVAN,"17049 US 12,EDWARDSBURG,MI,49112",MONDAY 24HR;TUESDAY 24HR;WEDNESDAY 24HR;THURSDAY 24HR;FRIDAY 24HR;SATURDAY 24HR;SUNDAY 24HR;
CASS,MILTON TOWNSHIP,KRISTEN BARRERA,"32097 BERTRAND STREET,NILES,MI,49120",MONDAY 24HR;TUESDAY 24HR;WEDNESDAY 24HR;THURSDAY 24HR;FRIDAY 24HR;SATURDAY 24HR;SUNDAY 24HR;
CASS,NEWBERG TOWNSHIP,AMANDA NORTON-DUFF,"13020 BORN STREET,JONES,MI,49061",MONDAY 24HR;TUESDAY 24HR;WEDNESDAY 24HR;THURSDAY 24HR;FRIDAY 24HR;SATURDAY 24HR;SUNDAY 24HR;
CASS,ONTWA TOWNSHIP,TINA VANBELLE,"26225 US 12,EDWARDSBURG,MI,49112",MONDAY 24HR;TUESDAY 24HR;WEDNESDAY 24HR;THURSDAY 24HR;FRIDAY 24HR;SATURDAY 24HR;SUNDAY 24HR;
CASS,PENN TOWNSHIP,RHONDA BARNETT,"60717 S. MAIN STREET,VANDALIA,MI,49095",MONDAY 24HR;TUESDAY 24HR;WEDNESDAY 24HR;THURSDAY 24HR;FRIDAY 24HR;SATURDAY 24HR;SUNDAY 24HR;
CASS,POKAGON TOWNSHIP,CHRISTINA  DAVIS,"30683 PEAVINE ST,DOWAGIAC,MI,49047",MONDAY 24HR;TUESDAY 24HR;WEDNESDAY 24HR;THURSDAY 24HR;FRIDAY 24HR;SATURDAY 24HR;SUNDAY 24HR;
CASS,PORTER TOWNSHIP,BETH RUSSELL,"69373 BALDWIN PRAIRIE ROAD,UNION,MI,49130",MONDAY 24HR;TUESDAY 24HR;WEDNESDAY 24HR;THURSDAY 24HR;FRIDAY 24HR;SATURDAY 24HR;SUNDAY 24HR;
CASS,SILVER CREEK TOWNSHIP,JESSICA HONN,"32764 DIXON,DOWAGIAC,MI,49047",MONDAY 24HR;TUESDAY 24HR;WEDNESDAY 24HR;THURSDAY 24HR;FRIDAY 24HR;SATURDAY 24HR;SUNDAY 24HR;
CASS,VOLINIA TOWNSHIP,ANNETTE PETERS,"53254 GOODENOUGH RD,MARCELLUS,MI,49067",MONDAY 24HR;TUESDAY 24HR;WEDNESDAY 24HR;THURSDAY 24HR;FRIDAY 24HR;SATURDAY 24HR;SUNDAY 24HR;
CASS,WAYNE TOWNSHIP,MICHELLE SMITH,"53950 GLENWOOD RD.,OUTSIDE FRONT DOOR,DOWAGIAC,MI,49047",MONDAY 24HR;TUESDAY 24HR;WEDNESDAY 24HR;THURSDAY 24HR;FRIDAY 24HR;SATURDAY 24HR;SUNDAY 24HR;
CHARLEVOIX,BAY TOWNSHIP,WENDY SIMMONS,"05045 BOYNE CITY ROAD,BOYNE CITY,MI,49712",MONDAY 24HR;TUESDAY 24HR;WEDNESDAY 24HR;THURSDAY 24HR;FRIDAY 24HR;SATURDAY 24HR;SUNDAY 24HR;
CHARLEVOIX,BOYNE CITY CITY,JESSICA PUROLL,"319 N LAKE STREET,BOYNE CITY,MI,49712",MONDAY 24HR;TUESDAY 24HR;WEDNESDAY 24HR;THURSDAY 24HR;FRIDAY 24HR;SATURDAY 24HR;SUNDAY 24HR;
CHARLEVOIX,BOYNE VALLEY TOWNSHIP,DAVID SKOP,"2489 RAILROAD ST,DROP BOX IS IN THE VESTIBULE,BOYNE FALLS,MI,49713",MONDAY 24HR;TUESDAY 24HR;WEDNESDAY 24HR;THURSDAY 24HR;FRIDAY 24HR;SATURDAY 24HR;
CHARLEVOIX,CHANDLER TOWNSHIP,MYRON MATZ,"7620 CHANDLER HILL RD.,BOYNE FALLS,MI,49713",MONDAY 24HR;TUESDAY 24HR;WEDNESDAY 24HR;THURSDAY 24HR;FRIDAY 24HR;SATURDAY 24HR;SUNDAY 24HR;
CHARLEVOIX,CHARLEVOIX CITY,SARAH DVORACEK,"210 STATE STREET,CHARLEVOIX,MI,49720",MONDAY 24HR;TUESDAY 24HR;WEDNESDAY 24HR;THURSDAY 24HR;FRIDAY 24HR;SATURDAY 24HR;SUNDAY 24HR;
CHARLEVOIX,CHARLEVOIX TOWNSHIP,KRISTA JAREMA,"12491 WALLER RD.,CHARLEVOIX,MI,49720",MONDAY 24HR;TUESDAY 24HR;WEDNESDAY 24HR;THURSDAY 24HR;FRIDAY 24HR;SATURDAY 24HR;SUNDAY 24HR;
CHARLEVOIX,EAST JORDAN CITY,CHELTZI WILSON,"201 MAIN STREET,EAST JORDAN,MI,49727",MONDAY 24HR;TUESDAY 24HR;WEDNESDAY 24HR;THURSDAY 24HR;FRIDAY 24HR;SATURDAY 24HR;SUNDAY 24HR;
CHARLEVOIX,EVANGELINE TOWNSHIP,ERIN MERCER,"EVANGELINE TOWNSHIP HALL,02746 WILDWOOD HARBOR ROAD,BOYNE CITY,MI,49712",MONDAY 24HR;TUESDAY 24HR;WEDNESDAY 24HR;THURSDAY 24HR;FRIDAY 24HR;SATURDAY 24HR;SUNDAY 24HR;
CHARLEVOIX,EVELINE TOWNSHIP,SANDI WHITEFORD,"8525 FERRRY ROAD,EAST JORDAN,MI,49727",MONDAY 24HR;TUESDAY 24HR;WEDNESDAY 24HR;THURSDAY 24HR;FRIDAY 24HR;SATURDAY 24HR;SUNDAY 24HR;
CHARLEVOIX,HAYES TOWNSHIP,KRISTIN BARANSKI,"9195 MAJOR DOUGLAS SLOAN ROAD,CHARLEVOIX,MI,49720",MONDAY 24HR;TUESDAY 24HR;WEDNESDAY 24HR;THURSDAY 24HR;FRIDAY 24HR;SATURDAY 24HR;SUNDAY 24HR;
CHARLEVOIX,HUDSON TOWNSHIP,CECILIA SMITH,"7865  REYNOLDS ROAD,ELMIRA,MI,49730",MONDAY 24HR;TUESDAY 24HR;WEDNESDAY 24HR;THURSDAY 24HR;FRIDAY 24HR;SATURDAY 24HR;SUNDAY 24HR;
CHARLEVOIX,MARION TOWNSHIP,ELIZABETH DRIER,"03735 MARION CENTER RD.,CHARLEVOIX,MI,49720",MONDAY 24HR;TUESDAY 24HR;WEDNESDAY 24HR;THURSDAY 24HR;FRIDAY 24HR;SATURDAY 24HR;SUNDAY 24HR;
CHARLEVOIX,MELROSE TOWNSHIP,REBECCA JENKINS,"04289 M-75 NORTH,WALLOON LAKE,MI,49796",MONDAY 24HR;TUESDAY 24HR;WEDNESDAY 24HR;THURSDAY 24HR;FRIDAY 24HR;SATURDAY 24HR;SUNDAY 24HR;
CHARLEVOIX,NORWOOD TOWNSHIP,BRENDA FREDS,"00640 LAKESHORE DR.,CHARLEVOIX,MI,49720",MONDAY 24HR;TUESDAY 24HR;WEDNESDAY 24HR;THURSDAY 24HR;FRIDAY 24HR;SATURDAY 24HR;SUNDAY 24HR;
CHARLEVOIX,SOUTH ARM TOWNSHIP,KIMBERLY OLSTROM,"2811 S. M-66,EAST JORDAN,MI,49727",MONDAY 24HR;TUESDAY 24HR;WEDNESDAY 24HR;THURSDAY 24HR;FRIDAY 24HR;SATURDAY 24HR;SUNDAY 24HR;
CHARLEVOIX,WILSON TOWNSHIP,MARILYN BEEBE,"02530 FALL PARK RD,BOYNE CITY,MI,49712",MONDAY 24HR;TUESDAY 24HR;WEDNESDAY 24HR;THURSDAY 24HR;FRIDAY 24HR;SATURDAY 24HR;SUNDAY 24HR;
CHEBOYGAN,ALOHA TOWNSHIP,TERESA SULLIVAN,"2037 MANN RD,CHEBOYGAN,MI,49721",MONDAY 24HR;TUESDAY 24HR;WEDNESDAY 24HR;THURSDAY 24HR;FRIDAY 24HR;SATURDAY 24HR;SUNDAY 24HR;
CHEBOYGAN,BEAUGRAND TOWNSHIP,TERRI SARRAULT,"1999 Old Mackinaw Rd,Cheboygan,MI,49721",24/7
CHEBOYGAN,BEAUGRAND TOWNSHIP,TERRI SARRAULT,"TOWNSHIP HALL,1999 OLD MACKINAW ROAD,CHEBOYGAN,MI,49721",MONDAY 24HR;TUESDAY 24HR;WEDNESDAY 24HR;THURSDAY 24HR;FRIDAY 24HR;SATURDAY 24HR;SUNDAY 24HR;
CHEBOYGAN,BENTON TOWNSHIP,CAROL NEUMANN,"5012 ORCHARD BEACH ROAD,CHEBOYGAN,MI,49721",MONDAY 24HR;TUESDAY 24HR;WEDNESDAY 24HR;THURSDAY 24HR;FRIDAY 24HR;SATURDAY 24HR;SUNDAY 24HR;
CHEBOYGAN,BURT TOWNSHIP,CHRISTY KOZLOWSKI,"7029 BIRCHWOOD RD,CHEBOYGAN,MI,49721",MONDAY 24HR;TUESDAY 24HR;WEDNESDAY 24HR;THURSDAY 24HR;FRIDAY 24HR;SATURDAY 24HR;SUNDAY 24HR;
CHEBOYGAN,CHEBOYGAN CITY,ALYSSA SINGLES,"403 N HURON ST,CHEBOYGAN,MI,49721",MONDAY 24HR;TUESDAY 24HR;WEDNESDAY 24HR;THURSDAY 24HR;FRIDAY 24HR;SATURDAY 24HR;SUNDAY 24HR;
CHEBOYGAN,ELLIS TOWNSHIP,SHERYL HILLIKER,"9605 AFTON RD,WOLVERINE,MI,49799",MONDAY 24HR;TUESDAY 24HR;WEDNESDAY 24HR;THURSDAY 24HR;FRIDAY 24HR;SATURDAY 24HR;SUNDAY 24HR;
CHEBOYGAN,FOREST TOWNSHIP,MELINDA HAMBLETON,"9647 BLACK RIVER AVENUE,TOWER,MI,49792",MONDAY 24HR;TUESDAY 24HR;WEDNESDAY 24HR;THURSDAY 24HR;FRIDAY 24HR;SATURDAY 24HR;SUNDAY 24HR;
CHEBOYGAN,GRANT TOWNSHIP,THERESA BERDEN,"8908 TWIN LAKES RD,CHEBOYGAN,MI,49721",MONDAY 24HR;TUESDAY 24HR;WEDNESDAY 24HR;THURSDAY 24HR;FRIDAY 24HR;SATURDAY 24HR;SUNDAY 24HR;
CHEBOYGAN,HEBRON TOWNSHIP,GARY DOUGLAS,"9022 HEBRON TOWN HALL ROAD,CHEBOYGAN,MI,49721",MONDAY 24HR;TUESDAY 24HR;WEDNESDAY 24HR;THURSDAY 24HR;FRIDAY 24HR;SATURDAY 24HR;SUNDAY 24HR;
CHEBOYGAN,INVERNESS TOWNSHIP,ETHEL MACARTHUR,"734 W VFW ROAD,CHEBOYGAN,MI,49721",MONDAY 24HR;TUESDAY 24HR;WEDNESDAY 24HR;THURSDAY 24HR;FRIDAY 24HR;SATURDAY 24HR;SUNDAY 24HR;
CHEBOYGAN,KOEHLER TOWNSHIP,RENEE NERI,"2227 STONEY CREEK RD,AFTON,MI,49705",MONDAY 24HR;TUESDAY 24HR;WEDNESDAY 24HR;THURSDAY 24HR;FRIDAY 24HR;SATURDAY 24HR;SUNDAY 24HR;
CHEBOYGAN,MACKINAW TOWNSHIP,ASHLEY DARROW,"10595 WALLICK RD,MACKINAW CITY,MI,49701",MONDAY 24HR;TUESDAY 24HR;WEDNESDAY 24HR;THURSDAY 24HR;FRIDAY 24HR;SATURDAY 24HR;SUNDAY 24HR;
CHEBOYGAN,MACKINAW TOWNSHIP,ASHLEY DARROW,"10595 WALLICK RD,MACKINAW CITY,MI,49701",MONDAY 24HR;TUESDAY 24HR;WEDNESDAY 24HR;THURSDAY 24HR;FRIDAY 24HR;SATURDAY 24HR;SUNDAY 24HR;
CHEBOYGAN,MENTOR TOWNSHIP,DEE WHITTAKER,"8240 S STRAITS HWY,INDIAN RIVER,MI,49749",MONDAY 24HR;TUESDAY 24HR;WEDNESDAY 24HR;THURSDAY 24HR;FRIDAY 24HR;SATURDAY 24HR;SUNDAY 24HR;
CHEBOYGAN,MULLETT TOWNSHIP,DENISE ACKERMAN,"1491 N STRAITS HWY,TOPINABEE,MI,49791",MONDAY 24HR;TUESDAY 24HR;WEDNESDAY 24HR;THURSDAY 24HR;FRIDAY 24HR;SATURDAY 24HR;SUNDAY 24HR;
CHEBOYGAN,MUNRO TOWNSHIP,MARY BUR,"8872 LEVERING ROAD,LEVERING,MI,49755",MONDAY 24HR;TUESDAY 24HR;WEDNESDAY 24HR;THURSDAY 24HR;FRIDAY 24HR;SATURDAY 24HR;SUNDAY 24HR;
CHEBOYGAN,NUNDA TOWNSHIP,THERESA MOYER,"12991 S STRAITS HWY,SIDE DOOR OF TOWN HALL,WOLVERINE,MI,49799",MONDAY 24HR;TUESDAY 24HR;WEDNESDAY 24HR;THURSDAY 24HR;FRIDAY 24HR;SATURDAY 24HR;SUNDAY 24HR;
CHEBOYGAN,TUSCARORA TOWNSHIP,LAURA DECKER,"3546 S STRAITS HWY,INDIAN RIVER,MI,49749",MONDAY 24HR;TUESDAY 24HR;WEDNESDAY 24HR;THURSDAY 24HR;FRIDAY 24HR;SATURDAY 24HR;SUNDAY 24HR;
CHEBOYGAN,WALKER TOWNSHIP,JULIE NORTHROP,"7021 MONTGOMERY RD,AFTON,MI,49705",MONDAY 24HR;TUESDAY 24HR;WEDNESDAY 24HR;THURSDAY 24HR;FRIDAY 24HR;SATURDAY 24HR;SUNDAY 24HR;
CHEBOYGAN,WAVERLY TOWNSHIP,BECKY HYDE,"11133 TWIN SCHOOL RD,ONAWAY,MI,49765",MONDAY 24HR;TUESDAY 24HR;WEDNESDAY 24HR;THURSDAY 24HR;FRIDAY 24HR;SATURDAY 24HR;SUNDAY 24HR;
CHEBOYGAN,WILMOT TOWNSHIP,CARY FORD,"14980 OLD STURGEON ROAD,WOLVERINE,MI,49799",MONDAY 24HR;TUESDAY 24HR;WEDNESDAY 24HR;THURSDAY 24HR;FRIDAY 24HR;SATURDAY 24HR;SUNDAY 24HR;
CHIPPEWA,BRUCE TOWNSHIP,JASON KRONEMEYER,"3156 E. 12 MILE RD.,DAFTER,MI,49724",MONDAY 24HR;TUESDAY 24HR;WEDNESDAY 24HR;THURSDAY 24HR;FRIDAY 24HR;SATURDAY 24HR;SUNDAY 24HR;
CHIPPEWA,DETOUR TOWNSHIP,MARILYN MCGUIRE,"260 S SUPERIOR ST,DETOUR VILLAGE,MI,49725",MONDAY 24HR;TUESDAY 24HR;WEDNESDAY 24HR;THURSDAY 24HR;FRIDAY 24HR;SATURDAY 24HR;SUNDAY 24HR;
CHIPPEWA,DRUMMOND TOWNSHIP,AMANDA FAIRCHILD,"29935 E PINE ST,DRUMMOND ISLAND,MI,49726",SATURDAY 8:00AM - 4:00PM;
CHIPPEWA,HULBERT TOWNSHIP,CYNDI DEWITT,"PO BOX 128,37686 W FOURTH STREET,HULBER,MI,49748",MONDAY 24HR;TUESDAY 24HR;WEDNESDAY 24HR;THURSDAY 24HR;FRIDAY 24HR;SATURDAY 24HR;SUNDAY 24HR;
CHIPPEWA,KINROSS TOWNSHIP,LORETTA ROBINSON,"4884 WEST CURTIS STREET,KINROSS CHARTER TOWNSHIP,MI,49788",MONDAY 24HR;TUESDAY 24HR;WEDNESDAY 24HR;THURSDAY 24HR;FRIDAY 24HR;SATURDAY 24HR;SUNDAY 24HR;
CHIPPEWA,RUDYARD TOWNSHIP,MARGARET JARVIE,"18725 S. MACKINAC TRAIL,PO BOX 277,RUDYARD,MI,49780",MONDAY 24HR;TUESDAY 24HR;WEDNESDAY 24HR;THURSDAY 24HR;FRIDAY 24HR;SATURDAY 24HR;SUNDAY 24HR;
CHIPPEWA,SAULT STE MARIE CITY,ROBIN R TROYER,"225 E PORTAGE AVENUE,SAULT STE. MARIE,MI,49783",MONDAY 24HR;TUESDAY 24HR;WEDNESDAY 24HR;THURSDAY 24HR;FRIDAY 24HR;SATURDAY 24HR;SUNDAY 24HR;
CHIPPEWA,SOO TOWNSHIP,ALLEN WALTHER,"639 3 1/2 MILE RD,SAULT STE MARIE,MI,49783",MONDAY 24HR;TUESDAY 24HR;WEDNESDAY 24HR;THURSDAY 24HR;FRIDAY 24HR;SATURDAY 24HR;SUNDAY 24HR;
CHIPPEWA,SUPERIOR TOWNSHIP,JOLENE PASSMORE,"7049 S M 221,DROP BOX  LOCATED  INSIDE LOBBY AREA,BRIMLEY,MI,49715",MONDAY 24HR;TUESDAY 24HR;WEDNESDAY 24HR;THURSDAY 24HR;FRIDAY 24HR;SATURDAY 24HR;SUNDAY 24HR;
CLARE,ARTHUR TOWNSHIP,JANICE LA ROSE,"3031 S. ATHEY AVE,CLARE,MI,48617",MONDAY 24HR;TUESDAY 24HR;WEDNESDAY 24HR;THURSDAY 24HR;FRIDAY 24HR;SATURDAY 24HR;SUNDAY 24HR;
CLARE,CLARE CITY,DIANE LYON,"202 W. FIFTH ST,CLARE,MI,48617",MONDAY 24HR;TUESDAY 24HR;WEDNESDAY 24HR;THURSDAY 24HR;FRIDAY 24HR;SATURDAY 24HR;SUNDAY 24HR;
CLARE,FRANKLIN TOWNSHIP,SHELLY SCHULTZ,"9809 N. M-18,GLADWIN,MI,48624",MONDAY 24HR;TUESDAY 24HR;WEDNESDAY 24HR;THURSDAY 24HR;FRIDAY 24HR;SATURDAY 24HR;SUNDAY 24HR;
CLARE,FREEMAN TOWNSHIP,LACINDA LAFAVE,"7280 MANNSIDING ROAD,LAKE,MI,48632",MONDAY 24HR;TUESDAY 24HR;WEDNESDAY 24HR;THURSDAY 24HR;FRIDAY 24HR;SATURDAY 24HR;SUNDAY 24HR;
CLARE,FROST TOWNSHIP,JOAN RATTRAY,"251 SUNNY RIDGE RD,FROST TOWNSHIP,HARRISON,MI,48625",MONDAY 24HR;TUESDAY 24HR;WEDNESDAY 24HR;THURSDAY 24HR;FRIDAY 24HR;SATURDAY 24HR;SUNDAY 24HR;
CLARE,FROST TOWNSHIP,JOAN RATTRAY,"9031 N CLARE AVE,HARRISON,MI,48625",MONDAY 24HR;TUESDAY 24HR;WEDNESDAY 24HR;THURSDAY 24HR;FRIDAY 24HR;SATURDAY 24HR;SUNDAY 24HR;
CLARE,GARFIELD TOWNSHIP,DENISE HICKS,"9348 TERRY ST,LAKE,MI,48632",MONDAY 24HR;TUESDAY 24HR;WEDNESDAY 24HR;THURSDAY 24HR;FRIDAY 24HR;SATURDAY 24HR;SUNDAY 24HR;
CLARE,GRANT TOWNSHIP,TAMMY TEALL,"3022 E SURREY RD,CLARE,MI,48617",MONDAY 24HR;TUESDAY 24HR;WEDNESDAY 24HR;THURSDAY 24HR;FRIDAY 24HR;SATURDAY 24HR;SUNDAY 24HR;
CLARE,GREENWOOD TOWNSHIP,RACHEL MACKSON,"3447 W TEMPLE DR,HARRISON,MI,48625",MONDAY 24HR;TUESDAY 24HR;WEDNESDAY 24HR;THURSDAY 24HR;FRIDAY 24HR;SATURDAY 24HR;SUNDAY 24HR;
CLARE,HAMILTON TOWNSHIP,ANDREA WALLACE,"3042 N RODGERS,(TO THE RIGHT OF THE MAIN DOOR),HARRISON,MI,48625",MONDAY 24HR;TUESDAY 24HR;WEDNESDAY 24HR;THURSDAY 24HR;FRIDAY 24HR;SATURDAY 24HR;SUNDAY 24HR;
CLARE,HARRISON CITY,KATHY MAHARAS,"2105 SULLIVAN DRIVE,HARRISON,MI,48625",MONDAY 24HR;TUESDAY 24HR;WEDNESDAY 24HR;THURSDAY 24HR;FRIDAY 24HR;SATURDAY 24HR;SUNDAY 24HR;
CLARE,HATTON TOWNSHIP,LINDA MCCLAIN,"HATTON TOWNSHIP HALL,3988 E ASHARD ROAD,HARRISON,MI,48625",MONDAY 24HR;TUESDAY 24HR;WEDNESDAY 24HR;THURSDAY 24HR;FRIDAY 24HR;SATURDAY 24HR;SUNDAY 24HR;
CLARE,HAYES TOWNSHIP,DEBRA HOYT,"2055 E. TOWNLINE LAKE RD,HARRISON,MI,48625",MONDAY 24HR;TUESDAY 24HR;WEDNESDAY 24HR;THURSDAY 24HR;FRIDAY 24HR;SATURDAY 24HR;SUNDAY 24HR;
CLARE,LINCOLN TOWNSHIP,CAROL MAJEWSKI,"175 LAKE GEORGE AVE.,LAKE,MI,48632",MONDAY 24HR;TUESDAY 24HR;WEDNESDAY 24HR;THURSDAY 24HR;FRIDAY 24HR;SATURDAY 24HR;SUNDAY 24HR;
CLARE,REDDING TOWNSHIP,BRITTANY MAY,"8391 W. TEMPLE DR.,HARRISON,MI,48625",MONDAY 24HR;TUESDAY 24HR;WEDNESDAY 24HR;THURSDAY 24HR;FRIDAY 24HR;SATURDAY 24HR;SUNDAY 24HR;
CLARE,SHERIDAN TOWNSHIP,RAQUEL BROWN,"8987 E SURREY RD,CLARE,MI,48617",MONDAY 24HR;TUESDAY 24HR;WEDNESDAY 24HR;THURSDAY 24HR;FRIDAY 24HR;SATURDAY 24HR;SUNDAY 24HR;
CLARE,SUMMERFIELD TOWNSHIP,JACLYN HALL,"9971 N. FINLEY LAKE AVE,HARRISON,MI,48625",MONDAY 24HR;TUESDAY 24HR;WEDNESDAY 24HR;THURSDAY 24HR;FRIDAY 24HR;SATURDAY 24HR;SUNDAY 24HR;
CLARE,SURREY TOWNSHIP,GLENNA BRADBURY,"110 E. MICHIGAN,FARWELL,MI,48622",MONDAY 24HR;TUESDAY 24HR;WEDNESDAY 24HR;THURSDAY 24HR;FRIDAY 24HR;SATURDAY 24HR;SUNDAY 24HR;
CLARE,WINTERFIELD TOWNSHIP,DIANNA POWELL-REID,"8987 COOK AVENUE,MARION,MI,49665",MONDAY 24HR;TUESDAY 24HR;WEDNESDAY 24HR;THURSDAY 24HR;FRIDAY 24HR;SATURDAY 24HR;SUNDAY 24HR;
CLINTON,BATH TOWNSHIP,BRENDA L. BUTLER-CHALLENDER,"14480 WEBSTER ROAD,BATH,MI,48808",MONDAY 24HR;TUESDAY 24HR;WEDNESDAY 24HR;THURSDAY 24HR;FRIDAY 24HR;SATURDAY 24HR;SUNDAY 24HR;
CLINTON,BINGHAM TOWNSHIP,AMY WIRTH,"2057 N LANSING ST,ST JOHNS,MI,48879",MONDAY 24HR;TUESDAY 24HR;WEDNESDAY 24HR;THURSDAY 24HR;FRIDAY 24HR;SATURDAY 24HR;SUNDAY 24HR;
CLINTON,DALLAS TOWNSHIP,MELINDA  SCHAFER,"225 SOUTH MAIN STREET,FOWLER,MI,48835",MONDAY 24HR;TUESDAY 24HR;WEDNESDAY 24HR;THURSDAY 24HR;FRIDAY 24HR;SATURDAY 24HR;SUNDAY 24HR;
CLINTON,DE WITT CITY,ALYSSA RAMIREZ,"414 E. MAIN STREET,DEWITT,MI,48820",MONDAY 24HR;TUESDAY 24HR;WEDNESDAY 24HR;THURSDAY 24HR;FRIDAY 24HR;SATURDAY 24HR;SUNDAY 24HR;
CLINTON,DE WITT TOWNSHIP,ADAM CRAMTON,"1401 W. HERBISON RD.,DEWITT,MI,48820",MONDAY 24HR;TUESDAY 24HR;WEDNESDAY 24HR;THURSDAY 24HR;FRIDAY 24HR;SATURDAY 24HR;SUNDAY 24HR;
CLINTON,EAGLE TOWNSHIP,LAURIE BRIGGS-DUDLEY,"14318 MICHIGAN ST,EAGLE,MI,48822",MONDAY 24HR;TUESDAY 24HR;WEDNESDAY 24HR;THURSDAY 24HR;FRIDAY 24HR;SATURDAY 24HR;SUNDAY 24HR;
CLINTON,ESSEX TOWNSHIP,TIM KARASEK,"5111 FINDLAY ROAD,SAINT JOHNS,MI,48879",MONDAY 24HR;TUESDAY 24HR;WEDNESDAY 24HR;THURSDAY 24HR;FRIDAY 24HR;SATURDAY 24HR;SUNDAY 24HR;
CLINTON,GREENBUSH TOWNSHIP,RAMONA SMITH,"1883 E. FRENCH RD.,ST. JOHNS,MI,48879",MONDAY 24HR;TUESDAY 24HR;WEDNESDAY 24HR;THURSDAY 24HR;FRIDAY 24HR;SATURDAY 24HR;SUNDAY 24HR;
CLINTON,LEBANON TOWNSHIP,DANIEL SMITH,"10990 COLONY RD.,FOWLER,MI,48835",MONDAY 24HR;TUESDAY 24HR;WEDNESDAY 24HR;THURSDAY 24HR;FRIDAY 24HR;SATURDAY 24HR;SUNDAY 24HR;
CLINTON,OLIVE TOWNSHIP,ELIZABETH JUNE,"1400 W PRATT RD,DEWITT,MI,48820",MONDAY 24HR;TUESDAY 24HR;WEDNESDAY 24HR;THURSDAY 24HR;FRIDAY 24HR;SATURDAY 24HR;SUNDAY 24HR;
CLINTON,OVID TOWNSHIP,CLAUDIA BARRETT PLUGER,"1015 BAESE COURT,OVID,MI,48866",MONDAY 24HR;TUESDAY 24HR;WEDNESDAY 24HR;THURSDAY 24HR;FRIDAY 24HR;SATURDAY 24HR;SUNDAY 24HR;
CLINTON,RILEY TOWNSHIP,LISA POWELL,"7110 W Pratt,Dewitt,MI,48820",24/7
CLINTON,ST JOHNS CITY,MINDY SEAVEY,"100 EAST STATE ST (BACK PARKING LOT OF COURTHOUSE),ST JOHNS,MI,48879",MONDAY 24HR;TUESDAY 24HR;WEDNESDAY 24HR;THURSDAY 24HR;FRIDAY 24HR;SATURDAY 24HR;SUNDAY 24HR;
CLINTON,VICTOR TOWNSHIP,LIANNE PRANGE,"6843 E ALWARD RD.,LAINGSBURG,MI,48848",MONDAY 24HR;TUESDAY 24HR;WEDNESDAY 24HR;THURSDAY 24HR;FRIDAY 24HR;SATURDAY 24HR;SUNDAY 24HR;
CLINTON,WATERTOWN TOWNSHIP,CAROLYN BROKOB,"12803 S. WACOUSTA ROAD,GRAND LEDGE,MI,48837",MONDAY 24HR;TUESDAY 24HR;WEDNESDAY 24HR;THURSDAY 24HR;FRIDAY 24HR;SATURDAY 24HR;SUNDAY 24HR;
CLINTON,WATERTOWN TOWNSHIP,CAROLYN BROKOB,"WATERTOWN CHARTER TOWNSHIP HALL,12803 S. WACOUSTA ROAD,GRAND LEDGE,MI,48837",MONDAY 24HR;TUESDAY 24HR;WEDNESDAY 24HR;THURSDAY 24HR;FRIDAY 24HR;SATURDAY 24HR;SUNDAY 24HR;
CLINTON,WESTPHALIA TOWNSHIP,KRISTANA THELEN,"13950 W PRATT ROAD,WESTPHALIA,MI,48894",MONDAY 24HR;TUESDAY 24HR;WEDNESDAY 24HR;THURSDAY 24HR;FRIDAY 24HR;SATURDAY 24HR;SUNDAY 24HR;
CRAWFORD,BEAVER CREEK TOWNSHIP,JILL PEACOCK,"8888 S. GRAYLING RD,GRAYLING,MI,49730",MONDAY 24HR;TUESDAY 24HR;WEDNESDAY 24HR;THURSDAY 24HR;FRIDAY 24HR;SATURDAY 24HR;
CRAWFORD,FREDERIC TOWNSHIP,AMANDA SIWECKI,"6470 MANISTEE STREET,FREDERIC,MI,49733",MONDAY 24HR;TUESDAY 24HR;WEDNESDAY 24HR;THURSDAY 24HR;FRIDAY 24HR;SATURDAY 24HR;SUNDAY 24HR;
CRAWFORD,GRAYLING CITY,LORI MCGEORGE,"1020 CITY BOULEVARD,GRAYLING,MI,49738",MONDAY 24HR;TUESDAY 24HR;WEDNESDAY 24HR;THURSDAY 24HR;FRIDAY 24HR;SATURDAY 24HR;SUNDAY 24HR;
CRAWFORD,GRAYLING CHARTER TOWNSHIP,DIANE GISKA,"2090 VIKING WAY,GRAYLING,MI,49738",MONDAY 24HR;TUESDAY 24HR;WEDNESDAY 24HR;THURSDAY 24HR;FRIDAY 24HR;SATURDAY 24HR;SUNDAY 24HR;
CRAWFORD,MAPLE FOREST TOWNSHIP,APRIL HEHIR,"8996 SHERMAN ROAD,GRAYLING,MI,49738",MONDAY 24HR;TUESDAY 24HR;WEDNESDAY 24HR;THURSDAY 24HR;FRIDAY 24HR;SATURDAY 24HR;SUNDAY 24HR;
CRAWFORD,SOUTH BRANCH TOWNSHIP,BRENDA NELSON,"5245 N M-18,ROSCOMMON,MI,48653",MONDAY 24HR;TUESDAY 24HR;WEDNESDAY 24HR;THURSDAY 24HR;FRIDAY 24HR;SATURDAY 24HR;SUNDAY 24HR;
DELTA,BALDWIN TOWNSHIP,TERRE ANDERSON,"5901 PERKINS 30.5 RD,PERKINS,MI,49872",SATURDAY 1:00PM - 9:00PM;
DELTA,BALDWIN TOWNSHIP,TERRE ANDERSON,"5901 PERKINS 30.5 RD,PERKINS,MI,49872",MONDAY 24HR;TUESDAY 24HR;WEDNESDAY 24HR;THURSDAY 24HR;FRIDAY 24HR;SATURDAY 24HR;SUNDAY 24HR;
DELTA,BARK RIVER TOWNSHIP,MARK RAY,"4283 D. RD,BARK RIVER,MI,49807",MONDAY 24HR;TUESDAY 24HR;WEDNESDAY 24HR;THURSDAY 24HR;FRIDAY 24HR;SATURDAY 24HR;SUNDAY 24HR;
DELTA,BAY DE NOC TOWNSHIP,MAGGIE ANDERSON,"5870 COUNTY 513 T RD,RAPID RIVER,MI,49878",MONDAY 24HR;TUESDAY 24HR;WEDNESDAY 24HR;THURSDAY 24HR;FRIDAY 24HR;SATURDAY 24HR;SUNDAY 24HR;
DELTA,BRAMPTON TOWNSHIP,DEBBIE EDWARDSEN,"9019 BAYSHORE DR,GLADSTONE,MI,49837",MONDAY 24HR;TUESDAY 24HR;WEDNESDAY 24HR;THURSDAY 24HR;FRIDAY 24HR;SATURDAY 24HR;SUNDAY 24HR;
DELTA,CORNELL TOWNSHIP,DIANA CLARK,"9794 BONEY FALLS H RD,CORNELL,MI,49818",MONDAY 24HR;TUESDAY 24HR;WEDNESDAY 24HR;THURSDAY 24HR;FRIDAY 24HR;SATURDAY 24HR;SUNDAY 24HR;
DELTA,ENSIGN TOWNSHIP,MARY WILSON,"9498 24TH ROAD,RAPID RIVER,MI,49878",MONDAY 24HR;TUESDAY 24HR;WEDNESDAY 24HR;THURSDAY 24HR;FRIDAY 24HR;SATURDAY 24HR;SUNDAY 24HR;
DELTA,ESCANABA CITY,PHIL DEMAY,"410 LUDINGTON STREET,ESCANABA,MI,49829",MONDAY 7:30AM - 4:00PM;TUESDAY 7:30AM - 4:00PM;WEDNESDAY 7:30AM - 4:00PM;THURSDAY 7:30AM - 4:00PM;FRIDAY 7:30AM - 4:00PM;
DELTA,ESCANABA CITY,PHIL DEMAY,"410 LUDINGTON STREET,ESCANABA,MI,49829",MONDAY 24HR;TUESDAY 24HR;WEDNESDAY 24HR;THURSDAY 24HR;FRIDAY 24HR;SATURDAY 24HR;SUNDAY 24HR;
DELTA,ESCANABA TOWNSHIP,THERESA CHENIER,"4618 CO 416 20TH RD,GLADSTONE,MI,49837",WEDNESDAY 9:00AM - 5:00PM;
DELTA,FAIRBANKS TOWNSHIP,SONDRA CASEY,"13717 11TH RD,GARDEN,MI,49835",MONDAY 24HR;TUESDAY 24HR;WEDNESDAY 24HR;THURSDAY 24HR;FRIDAY 24HR;SATURDAY 24HR;SUNDAY 24HR;
DELTA,FORD RIVER TOWNSHIP,DEBBIE BROWN,"3845 K ROAD,BARK RIVER,MI,49807",MONDAY 24HR;TUESDAY 24HR;WEDNESDAY 24HR;THURSDAY 24HR;FRIDAY 24HR;SATURDAY 24HR;SUNDAY 24HR;
DELTA,GARDEN TOWNSHIP,BRENDA LESTER,"6316 STATE ST.,GARDEN,MI,49835",MONDAY 24HR;TUESDAY 24HR;WEDNESDAY 24HR;THURSDAY 24HR;FRIDAY 24HR;SATURDAY 24HR;SUNDAY 24HR;
DELTA,GLADSTONE CITY,KIMBERLY BERRY,"1100 DELTA AVENUE,GLADSTONE,MI,49837",MONDAY 24HR;TUESDAY 24HR;WEDNESDAY 24HR;THURSDAY 24HR;FRIDAY 24HR;SATURDAY 24HR;SUNDAY 24HR;
DELTA,MAPLE RIDGE TOWNSHIP,SUSAN SICOTTE,"3892 W MAPLE RIDGE 37TH RD,MAPLE RIDGE COMMUNITY BUILDING,ROCK,MI,49880",MONDAY 24HR;TUESDAY 24HR;WEDNESDAY 24HR;THURSDAY 24HR;FRIDAY 24HR;SATURDAY 24HR;SUNDAY 24HR;
DELTA,MASONVILLE TOWNSHIP,LYNN HERZOG,"10584 NORTH MAIN ST,RAPID RIVER,MI,49878",MONDAY 24HR;TUESDAY 24HR;WEDNESDAY 24HR;THURSDAY 24HR;FRIDAY 24HR;SATURDAY 24HR;SUNDAY 24HR;
DELTA,NAHMA TOWNSHIP,MICHELLE LASS,"13751 WELLS 21.2 STREET,NAHMA,MI,49878",MONDAY 24HR;TUESDAY 24HR;WEDNESDAY 24HR;THURSDAY 24HR;FRIDAY 24HR;SATURDAY 24HR;SUNDAY 24HR;
DELTA,WELLS TOWNSHIP,TINA JENSEN,"6436 NORTH 8TH STREET,WELLS,MI,49894",MONDAY 24HR;TUESDAY 24HR;WEDNESDAY 24HR;THURSDAY 24HR;FRIDAY 24HR;SATURDAY 24HR;SUNDAY 24HR;
DICKINSON,BREITUNG TOWNSHIP,HANNAH CHRIVIA,"3851 MENOMINEE ST,BACK - DRIVE UP,QUINNESEC,MI,49876",MONDAY 24HR;TUESDAY 24HR;WEDNESDAY 24HR;THURSDAY 24HR;FRIDAY 24HR;SATURDAY 24HR;SUNDAY 24HR;
DICKINSON,BREITUNG TOWNSHIP,HANNAH CHRIVIA,"3851 MENOMINEE ST,FRONT - WALK UP,QUINNESEC,MI,49876",MONDAY 24HR;TUESDAY 24HR;WEDNESDAY 24HR;THURSDAY 24HR;FRIDAY 24HR;SATURDAY 24HR;SUNDAY 24HR;
DICKINSON,FELCH TOWNSHIP,DARRELL OMAN,"W4243 STATE HIGHWAY M69,FELCH,MI,49831",MONDAY 24HR;TUESDAY 24HR;WEDNESDAY 24HR;THURSDAY 24HR;FRIDAY 24HR;SATURDAY 24HR;SUNDAY 24HR;
DICKINSON,FELCH TOWNSHIP,DARRELL OMAN,"W4243 STATE HIGHWAY M69,FELCH,MI,49831",MONDAY 24HR;TUESDAY 24HR;WEDNESDAY 24HR;THURSDAY 24HR;FRIDAY 24HR;SATURDAY 24HR;SUNDAY 24HR;
DICKINSON,IRON MOUNTAIN CITY,ISAAC MICHEAU,"501 S STEPHESON AVE,IRON MOUNTAIN,MI,49801",MONDAY 24HR;TUESDAY 24HR;WEDNESDAY 24HR;THURSDAY 24HR;FRIDAY 24HR;SATURDAY 24HR;SUNDAY 24HR;
DICKINSON,KINGSFORD CITY,MICHAEL STELMASZEK,"305 SOUTH CARPENTER AVENUE,KINGSFORD,MI,49802",MONDAY 24HR;TUESDAY 24HR;WEDNESDAY 24HR;THURSDAY 24HR;FRIDAY 24HR;SATURDAY 24HR;SUNDAY 24HR;
DICKINSON,NORWAY CITY,TRISHA PLANTE,"915 Main St. ,In alley in back of building.,Norway,MI,49870",24/7
DICKINSON,NORWAY TOWNSHIP,JOYCE GIULIANI,"N1732 MISSION ST,VULCAN,MI,49892",MONDAY 24HR;TUESDAY 24HR;WEDNESDAY 24HR;THURSDAY 24HR;FRIDAY 24HR;SATURDAY 24HR;SUNDAY 24HR;
DICKINSON,SAGOLA TOWNSHIP,JULIE ROELL,"306 1ST STREET,SAGOLA,MI,49881",MONDAY 24HR;TUESDAY 24HR;WEDNESDAY 24HR;THURSDAY 24HR;FRIDAY 24HR;SATURDAY 24HR;SUNDAY 24HR;
DICKINSON,WAUCEDAH TOWNSHIP,LORI TURRI,"W3930 Morgan Street,Located on the side of the building.,Loretto,MI,49852",24/7
EATON,BELLEVUE TOWNSHIP,LISA LAWITZKE,"121 N MAIN STREET,BELLEVUE,MI,49021",MONDAY 24HR;TUESDAY 24HR;WEDNESDAY 24HR;THURSDAY 24HR;FRIDAY 24HR;SATURDAY 24HR;SUNDAY 24HR;
EATON,BENTON CHARTER TOWNSHIP,CARAH SPADAFORE,"5136 WINDSOR HWY.,POTTERVILLE,MI,48876",MONDAY 24HR;TUESDAY 24HR;WEDNESDAY 24HR;THURSDAY 24HR;FRIDAY 24HR;SATURDAY 24HR;SUNDAY 24HR;
EATON,BROOKFIELD TOWNSHIP,TARA MILLER,"8037 BROOKFIELD RD,CHARLOTTE,MI,48813",MONDAY 24HR;TUESDAY 24HR;WEDNESDAY 24HR;THURSDAY 24HR;FRIDAY 24HR;SATURDAY 24HR;SUNDAY 24HR;
EATON,CARMEL TOWNSHIP,STEVEN WILLARD,"661 BEECH HWY,CHARLOTTE,MI,48813",MONDAY 24HR;TUESDAY 24HR;WEDNESDAY 24HR;THURSDAY 24HR;FRIDAY 24HR;SATURDAY 24HR;SUNDAY 24HR;
EATON,CHARLOTTE CITY,ALICIA SMITH,"111 E. LAWRENCE AVE.,CHARLOTTE,MI,48813",MONDAY 24HR;TUESDAY 24HR;WEDNESDAY 24HR;THURSDAY 24HR;FRIDAY 24HR;SATURDAY 24HR;SUNDAY 24HR;
EATON,CHARLOTTE CITY,ALICIA SMITH,"111 E. LAWRENCE AVE.,CHARLOTTE,MI,48813",MONDAY 24HR;TUESDAY 24HR;WEDNESDAY 24HR;THURSDAY 24HR;FRIDAY 24HR;SATURDAY 24HR;SUNDAY 24HR;
EATON,CHESTER TOWNSHIP,DONYAELLIE WHEATON,"4785 N Mulliken Rd,Charlotte,MI,48813",24/7
EATON,DELTA CHARTER TOWNSHIP,MARY R CLARK - MIMPC,"7710 W SAGINAW HIGHWAY,NORTH DRIVE,LANSING,MI,48917",MONDAY 24HR;TUESDAY 24HR;WEDNESDAY 24HR;THURSDAY 24HR;FRIDAY 24HR;SATURDAY 24HR;SUNDAY 24HR;
EATON,DELTA CHARTER TOWNSHIP,MARY R CLARK - MIMPC,"7710 W. SAGINAW HIGHWAY,EAST ENTRANCE,LANSING,MI,48917",MONDAY 24HR;TUESDAY 24HR;WEDNESDAY 24HR;THURSDAY 24HR;FRIDAY 24HR;SATURDAY 24HR;SUNDAY 24HR;
EATON,DELTA CHARTER TOWNSHIP,MARY R CLARK - MIMPC,"DELTA TOWNSHIP LIBRARY,5130 DAVENPORT DRIVE,LANSING,MI,48917",MONDAY 24HR;TUESDAY 24HR;WEDNESDAY 24HR;THURSDAY 24HR;FRIDAY 24HR;SATURDAY 24HR;SUNDAY 24HR;
EATON,EATON TOWNSHIP,KRISTA ROYSTON,"3981 E CLINTON TRAIL,CHARLOTTE,MI,48813",MONDAY 24HR;TUESDAY 24HR;WEDNESDAY 24HR;THURSDAY 24HR;FRIDAY 24HR;SATURDAY 24HR;SUNDAY 24HR;
EATON,EATON TOWNSHIP,KRISTA ROYSTON,"3981 E CLINTON TRL,CHARLOTTE,MI,48813",MONDAY 24HR;TUESDAY 24HR;WEDNESDAY 24HR;THURSDAY 24HR;FRIDAY 24HR;SATURDAY 24HR;SUNDAY 24HR;
EATON,EATON RAPIDS CITY,ROBIN WEBB,"200 S MAIN ST,EATON RAPIDS,MI,48827",MONDAY 24HR;TUESDAY 24HR;WEDNESDAY 24HR;THURSDAY 24HR;FRIDAY 24HR;SATURDAY 24HR;SUNDAY 24HR;
EATON,EATON RAPIDS TOWNSHIP,TAMI HARRISON,"EATON RAPIDS TWP.  HALL,2512 S. CANAL RD.,EATON RAPIDS,MI,48827",MONDAY 24HR;TUESDAY 24HR;WEDNESDAY 24HR;THURSDAY 24HR;FRIDAY 24HR;SATURDAY 24HR;SUNDAY 24HR;
EATON,GRAND LEDGE CITY,GREGORY NEWMAN,"310 GREENWOOD ST,GRAND LEDGE,MI,48837",MONDAY 24HR;TUESDAY 24HR;WEDNESDAY 24HR;THURSDAY 24HR;FRIDAY 24HR;SATURDAY 24HR;SUNDAY 24HR;
EATON,HAMLIN TOWNSHIP,MICHAEL RICHARD,"6463 S. CLINTON TRAIL,EATON RAPIDS,MI,48827",MONDAY 24HR;TUESDAY 24HR;WEDNESDAY 24HR;THURSDAY 24HR;FRIDAY 24HR;SATURDAY 24HR;SUNDAY 24HR;
EATON,KALAMO TOWNSHIP,DAWN CONKLIN,"8960 SPORE ST,VERMONTVILLE,MI,49096",MONDAY 24HR;TUESDAY 24HR;WEDNESDAY 24HR;THURSDAY 24HR;FRIDAY 24HR;SATURDAY 24HR;SUNDAY 24HR;
EATON,OLIVET CITY,AMY HUEPENBECKER,"117 S MAIN STREET,OLIVET,MI,49076",MONDAY 24HR;TUESDAY 24HR;WEDNESDAY 24HR;THURSDAY 24HR;FRIDAY 24HR;SATURDAY 24HR;SUNDAY 24HR;
EATON,ONEIDA CHARTER TOWNSHIP,MICHAELA MOSHER,"11041 ONEIDA RD,GRAND LEDGE,MI,48837",MONDAY 24HR;TUESDAY 24HR;WEDNESDAY 24HR;THURSDAY 24HR;FRIDAY 24HR;SATURDAY 24HR;SUNDAY 24HR;
EATON,POTTERVILLE CITY,BECKY DOLMAN,"319 N NELSON,POTTERVILLE,MI,48876",MONDAY 24HR;TUESDAY 24HR;WEDNESDAY 24HR;THURSDAY 24HR;FRIDAY 24HR;SATURDAY 24HR;SUNDAY 24HR;
EATON,ROXAND TOWNSHIP,PATTI KEPITIS,"100 IONIA STREET,MULLIKEN,MI,48861",MONDAY 24HR;TUESDAY 24HR;WEDNESDAY 24HR;THURSDAY 24HR;FRIDAY 24HR;SATURDAY 24HR;SUNDAY 24HR;
EATON,SUNFIELD TOWNSHIP,BETSY GIBBS,"145 MAIN STREET,SUNFIELD,MI,48890",MONDAY 24HR;TUESDAY 24HR;WEDNESDAY 24HR;THURSDAY 24HR;FRIDAY 24HR;SATURDAY 24HR;SUNDAY 24HR;
EATON,VERMONTVILLE TOWNSHIP,JAMIE PLATTE,"120 E FIRST STREET,VERMONTVILLE,MI,49096",MONDAY 24HR;TUESDAY 24HR;WEDNESDAY 24HR;THURSDAY 24HR;FRIDAY 24HR;SATURDAY 24HR;SUNDAY 24HR;
EATON,WALTON TOWNSHIP,ERIN CUMMINGS,"6933 S STINE ROAD,OLIVET,MI,49076",MONDAY 24HR;TUESDAY 24HR;WEDNESDAY 24HR;THURSDAY 24HR;FRIDAY 24HR;SATURDAY 24HR;SUNDAY 24HR;
EATON,WINDSOR CHARTER TOWNSHIP,MEREDITH BARNHART-SMITH,"405 W JEFFERSON,DIMONDALE,MI,48821",MONDAY 24HR;TUESDAY 24HR;WEDNESDAY 24HR;THURSDAY 24HR;FRIDAY 24HR;SATURDAY 24HR;SUNDAY 24HR;
EMMET,BEAR CREEK TOWNSHIP,EMMA RADATOVICH,"BEAR CREEK TOWNSHIP OFFICES,373 N DIVISION RD,PETOSKEY,MI,49770",MONDAY 24HR;TUESDAY 24HR;WEDNESDAY 24HR;THURSDAY 24HR;FRIDAY 24HR;SATURDAY 24HR;SUNDAY 24HR;
EMMET,BLISS TOWNSHIP,DEBRA PROUT,"265 W. STURGEON BAY TRAIL,LEVERING,MI,49755",MONDAY 24HR;TUESDAY 24HR;WEDNESDAY 24HR;THURSDAY 24HR;FRIDAY 24HR;SATURDAY 24HR;SUNDAY 24HR;
EMMET,CARP LAKE TOWNSHIP,MICHAEL LLOYD,"6339 E GILL RD,CARP LAKE,MI,49718",MONDAY 24HR;TUESDAY 24HR;WEDNESDAY 24HR;THURSDAY 24HR;FRIDAY 24HR;SATURDAY 24HR;SUNDAY 24HR;
EMMET,CENTER TOWNSHIP,CONSTANCE JORDAN,"981 W. VAN RD.,PELLSTON,MI,49769",MONDAY 24HR;TUESDAY 24HR;WEDNESDAY 24HR;THURSDAY 24HR;FRIDAY 24HR;SATURDAY 24HR;SUNDAY 24HR;
EMMET,FRIENDSHIP TOWNSHIP,JANELL VAN DIVNER,"FRIENDSHIP TOWNSHIP HALL PORCH,3018 BEACON HILL LANE,HARBOR SPGS,MI,49740",MONDAY 24HR;TUESDAY 24HR;WEDNESDAY 24HR;THURSDAY 24HR;FRIDAY 24HR;SATURDAY 24HR;SUNDAY 24HR;
EMMET,HARBOR SPRINGS CITY,NICK WHITAKER,"160 ZOLL ST,Next to door.,HARBOR SPRINGS,MI,49740",24/7
EMMET,LITTLEFIELD TOWNSHIP,SONDRA L. FESTERLING,"7631 BURR AVE,ALANSON,MI,49706",MONDAY 24HR;TUESDAY 24HR;WEDNESDAY 24HR;THURSDAY 24HR;FRIDAY 24HR;SATURDAY 24HR;SUNDAY 24HR;
EMMET,LITTLE TRAVERSE TOWNSHIP,KIM PORTA,"8288 S. PLEASANTVIEW RD,HARBOR SPRINGS,MI,49740",MONDAY 24HR;TUESDAY 24HR;WEDNESDAY 24HR;THURSDAY 24HR;FRIDAY 24HR;SATURDAY 24HR;SUNDAY 24HR;
EMMET,MCKINLEY TOWNSHIP,ALICIA MORROW,"1820 N. US HIGHWAY 31,PELLSTON,MI,49769",MONDAY 24HR;TUESDAY 24HR;WEDNESDAY 24HR;THURSDAY 24HR;FRIDAY 24HR;SATURDAY 24HR;SUNDAY 24HR;
EMMET,MAPLE RIVER TOWNSHIP,TAMMY GREGORY,"3989 US HWY 31,Brutus,MI,49716",24/7
EMMET,PETOSKEY CITY,SARAH BEK,"101 EAST LAKE STREET,INSIDE CITY HALL LOBBY,PETOSKEY,MI,49770",MONDAY 8:00AM - 5:00PM;TUESDAY 8:00AM - 5:00PM;WEDNESDAY 8:00AM - 5:00PM;THURSDAY 8:00AM - 5:00PM;FRIDAY 8:00AM - 5:00PM;
EMMET,PETOSKEY CITY,SARAH BEK,"101 EAST LAKE STREET,OUTSIDE/EAST SIDE OF CITY HALL,PETOSKEY,MI,49770",MONDAY 24HR;TUESDAY 24HR;WEDNESDAY 24HR;THURSDAY 24HR;FRIDAY 24HR;SATURDAY 24HR;SUNDAY 24HR;
EMMET,PLEASANTVIEW TOWNSHIP,DEBBIE BOSMA,"2982 S. PLEASANTVIEW ROAD,NEXT TO FRONT DOOR,HARBOR SPRINGS,MI,49740",MONDAY 24HR;TUESDAY 24HR;WEDNESDAY 24HR;THURSDAY 24HR;FRIDAY 24HR;SATURDAY 24HR;SUNDAY 24HR;
EMMET,READMOND TOWNSHIP,REBECCA  MCLEAN,"6034 WORMWOOD LANE,HARBOR SPRINGS,MI,49740",MONDAY 24HR;TUESDAY 24HR;WEDNESDAY 24HR;THURSDAY 24HR;FRIDAY 24HR;SATURDAY 24HR;SUNDAY 24HR;
EMMET,RESORT TOWNSHIP,RUFUS WELSHEIMER,"2232 RESORT PIKE,PETOSKEY,MI,49770",MONDAY 24HR;TUESDAY 24HR;WEDNESDAY 24HR;THURSDAY 24HR;FRIDAY 24HR;SATURDAY 24HR;SUNDAY 24HR;
EMMET,SPRINGVALE TOWNSHIP,PATRICIA MCCUNE,"8198 E. MITCHELL RD.,NEXT  TO  MAILBOX  ON  TOWNSHIP  DRIVEWAY,PETOSKEY,MI,49770",MONDAY 24HR;TUESDAY 24HR;WEDNESDAY 24HR;THURSDAY 24HR;FRIDAY 24HR;SATURDAY 24HR;SUNDAY 24HR;
EMMET,WAWATAM TOWNSHIP,MEGHAN MICHALAK,"123 W. ETHERINGTON,MACKINAW CITY,MI,49701",MONDAY 24HR;TUESDAY 24HR;WEDNESDAY 24HR;THURSDAY 24HR;FRIDAY 24HR;SATURDAY 24HR;SUNDAY 24HR;
EMMET,WEST TRAVERSE TOWNSHIP,JOSEPH OLSON,"8001 M-119,HARBOR SPRINGS,MI,49740",MONDAY 24HR;TUESDAY 24HR;WEDNESDAY 24HR;THURSDAY 24HR;FRIDAY 24HR;SATURDAY 24HR;SUNDAY 24HR;
GENESEE,ARGENTINE TOWNSHIP,KARA PILLOW,"9048 SILVER LAKE RD.,LINDEN,MI,48451",MONDAY 24HR;TUESDAY 24HR;WEDNESDAY 24HR;THURSDAY 24HR;FRIDAY 24HR;SATURDAY 24HR;SUNDAY 24HR;
GENESEE,ATLAS TOWNSHIP,TONI YAKLIN,"7386 S. GALE ROAD,IN THE PARKING LOT BEHIND THE BUILDING.,GRAND BLANC,MI,48439",MONDAY 24HR;TUESDAY 24HR;WEDNESDAY 24HR;THURSDAY 24HR;FRIDAY 24HR;SATURDAY 24HR;SUNDAY 24HR;
GENESEE,BURTON CITY,RACHEAL BOGGS,"4303 S. CENTER RD,DRIVE-UP DROP BOX,BURTON,MI,48519",MONDAY 24HR;TUESDAY 24HR;WEDNESDAY 24HR;THURSDAY 24HR;FRIDAY 24HR;SATURDAY 24HR;SUNDAY 24HR;
GENESEE,CLAYTON TOWNSHIP,DENNIS MILEM,"2011 S. MORRISH RD.,SWARTZ CREEK,MI,48473",MONDAY 24HR;TUESDAY 24HR;WEDNESDAY 24HR;THURSDAY 24HR;FRIDAY 24HR;SATURDAY 24HR;SUNDAY 24HR;
GENESEE,CLIO CITY,KELLY SPROUL,"505 W VIENNA STREET,CLIO,MI,48457",MONDAY 8:00AM - 4:30PM;TUESDAY 8:00AM - 4:30PM;WEDNESDAY 8:00AM - 4:30PM;THURSDAY 8:00AM - 4:30PM;FRIDAY 8:00AM - 4:30PM;
GENESEE,CLIO CITY,KELLY SPROUL,"505 W VIENNA STREET,CLIO,MI,48420",MONDAY 24HR;TUESDAY 24HR;WEDNESDAY 24HR;THURSDAY 24HR;FRIDAY 24HR;SATURDAY 24HR;SUNDAY 24HR;
GENESEE,DAVISON CITY,ANDREA SCHROEDER,"200 E. Flint Street, Suite 2,Davison,MI,48423",24/7
GENESEE,DAVISON TOWNSHIP,MICHAEL LEFFLER,"10135 LAPEER ROAD,DAVISON,MI,48423",MONDAY 24HR;TUESDAY 24HR;WEDNESDAY 24HR;THURSDAY 24HR;FRIDAY 24HR;SATURDAY 24HR;SUNDAY 24HR;
GENESEE,DAVISON TOWNSHIP,MICHAEL LEFFLER,"1280 N IRISH RD,DAVISON,MI,48423",MONDAY 24HR;TUESDAY 24HR;WEDNESDAY 24HR;THURSDAY 24HR;FRIDAY 24HR;SATURDAY 24HR;SUNDAY 24HR;
GENESEE,FENTON CITY,JENNIFER KIENAST,"CITY HALL LOBBY,301 S. LEROY ST.,FENTON,MI,48430",MONDAY 8:00AM - 5:00PM;TUESDAY 8:00AM - 5:00PM;WEDNESDAY 8:00AM - 5:00PM;THURSDAY 8:00AM - 5:00PM;FRIDAY 8:30AM - 12:00PM;
GENESEE,FENTON CITY,JENNIFER KIENAST,"CITY HALL SOUTH ENTRANCE,301 S. LEROY ST.,FENTON,MI,48430",MONDAY 24HR;TUESDAY 24HR;WEDNESDAY 24HR;THURSDAY 24HR;FRIDAY 24HR;SATURDAY 24HR;SUNDAY 24HR;
GENESEE,FENTON TOWNSHIP,ROBERT KRUG,"12060 MANTAWAUKA DR,FENTON,MI,48430",MONDAY 24HR;TUESDAY 24HR;WEDNESDAY 24HR;THURSDAY 24HR;FRIDAY 24HR;SATURDAY 24HR;SUNDAY 24HR;
GENESEE,FENTON TOWNSHIP,ROBERT KRUG,"5120 OWEN RD,LINDEN,MI,48451",MONDAY 24HR;TUESDAY 24HR;WEDNESDAY 24HR;THURSDAY 24HR;FRIDAY 24HR;SATURDAY 24HR;SUNDAY 24HR;
GENESEE,FLINT CITY,DAVINA DONAHUE,"FIRE STATION 3,1525 MARTIN LUTHER KING AVE,FLINT,MI,48503",MONDAY 24HR;TUESDAY 24HR;WEDNESDAY 24HR;THURSDAY 24HR;FRIDAY 24HR;SATURDAY 24HR;
GENESEE,FLINT CITY,DAVINA DONAHUE,"FIRE STATION 5,3402 WESTERN ROAD;,FLINT,MI,48506",MONDAY 24HR;TUESDAY 24HR;WEDNESDAY 24HR;THURSDAY 24HR;FRIDAY 24HR;SATURDAY 24HR;
GENESEE,FLINT CITY,DAVINA DONAHUE,"FIRE STATION 6,716 W. PIERSON ROAD;,FLINT,MI,48505",MONDAY 24HR;TUESDAY 24HR;WEDNESDAY 24HR;THURSDAY 24HR;FRIDAY 24HR;SATURDAY 24HR;
GENESEE,FLINT CITY,DAVINA DONAHUE,"FIRE STATION 8,202 E. ATHERTON ROAD.,FLINT,MI,48502",MONDAY 24HR;TUESDAY 24HR;WEDNESDAY 24HR;THURSDAY 24HR;FRIDAY 24HR;SATURDAY 24HR;
GENESEE,FLINT CITY,DAVINA DONAHUE,"FLINT CITY HALL (BET.  POLICE AND FIRE DPTS),210 E. 5TH STREET,FLINT,MI,48502",MONDAY 24HR;TUESDAY 24HR;WEDNESDAY 24HR;THURSDAY 24HR;FRIDAY 24HR;SATURDAY 24HR;SUNDAY 24HR;
GENESEE,FLINT CITY,DAVINA DONAHUE,"FLINT CITY HALL, 1101 S. SAGINAW ST.,NEAR FRONT ENTRANCE.,FLINT,MI,48502",MONDAY 24HR;TUESDAY 24HR;WEDNESDAY 24HR;THURSDAY 24HR;FRIDAY 24HR;SATURDAY 24HR;SUNDAY 24HR;
GENESEE,FLINT TOWNSHIP,MANYA TRIPLETT,"1490 S DYE RD,PARKING LOT,FLINT,MI,48532",MONDAY 24HR;TUESDAY 24HR;WEDNESDAY 24HR;THURSDAY 24HR;FRIDAY 24HR;SATURDAY 24HR;SUNDAY 24HR;
GENESEE,FLINT TOWNSHIP,MANYA TRIPLETT,"2071 S GRAHAM RD,PARKING LOT,FLINT,MI,48532",MONDAY 24HR;TUESDAY 24HR;WEDNESDAY 24HR;THURSDAY 24HR;FRIDAY 24HR;SATURDAY 24HR;SUNDAY 24HR;
GENESEE,FLUSHING CITY,MONICA ZOFCHAK,"725 E MAIN STREET,BESIDE MAIN DOOR,FLUSHING,MI,48433",MONDAY 24HR;TUESDAY 24HR;WEDNESDAY 24HR;THURSDAY 24HR;FRIDAY 24HR;SATURDAY 24HR;SUNDAY 24HR;
GENESEE,FLUSHING CITY,MONICA ZOFCHAK,"725 E. MAIN STREET,IN CIRCLE DRIVE,FLUSHING,MI,48433",MONDAY 24HR;TUESDAY 24HR;WEDNESDAY 24HR;THURSDAY 24HR;FRIDAY 24HR;SATURDAY 24HR;SUNDAY 24HR;
GENESEE,FLUSHING TOWNSHIP,WENDY D MEINBURG,"6524 N. Seymour Rd.,Flushing,MI,48433",24/7
GENESEE,FOREST TOWNSHIP,LISA MARGRIF,"130 E Main St,Outside main doors to building.,Otisville,MI,48463",24/7
GENESEE,GAINES TOWNSHIP,MICHAEL VANDUSEN,"9255 GRAND BLANC RD,GAINES,MI,48436",MONDAY 24HR;TUESDAY 24HR;WEDNESDAY 24HR;THURSDAY 24HR;FRIDAY 24HR;SATURDAY 24HR;SUNDAY 24HR;
GENESEE,GENESEE TOWNSHIP,ROBERT WATTERS,"GENESEE TOWNSHIP FIRE STATION #2,3128 ALCOTT AVE.,FLINT,MI,48506",MONDAY 24HR;TUESDAY 24HR;WEDNESDAY 24HR;THURSDAY 24HR;FRIDAY 24HR;SATURDAY 24HR;SUNDAY 24HR;
GENESEE,GENESEE TOWNSHIP,ROBERT WATTERS,"GENESEE TOWNSHIP HALL,7244 B.GENESEE RD.,GENESEE,MI,48437",MONDAY 24HR;TUESDAY 24HR;WEDNESDAY 24HR;THURSDAY 24HR;FRIDAY 24HR;SATURDAY 24HR;SUNDAY 24HR;
GENESEE,GENESEE TOWNSHIP,ROBERT WATTERS,"GENESEE TOWNSHIP HALL,7244 N. GENESEE RD.,GENESEE,MI,48437",MONDAY 9:00AM - 5:00PM;TUESDAY 9:00AM - 5:00PM;WEDNESDAY 9:00AM - 5:00PM;THURSDAY 9:00AM - 5:00PM;FRIDAY 9:00AM - 5:00PM;
GENESEE,GRAND BLANC CITY,MARY HOPKINS,"203 E Grand Blanc Rd,Grand Blanc,MI,48439",24/7
GENESEE,GRAND BLANC TOWNSHIP,DAVID ROBERTSON,"3313 E BALDWIN ROAD,GRAND BLANC,MI,48439",MONDAY 24HR;TUESDAY 24HR;WEDNESDAY 24HR;THURSDAY 24HR;FRIDAY 24HR;SATURDAY 24HR;SUNDAY 24HR;
GENESEE,GRAND BLANC TOWNSHIP,DAVID ROBERTSON,"515 PERRY ROAD,GRAND BLANC,MI,48439",MONDAY 24HR;TUESDAY 24HR;WEDNESDAY 24HR;THURSDAY 24HR;FRIDAY 24HR;SATURDAY 24HR;SUNDAY 24HR;
GENESEE,GRAND BLANC TOWNSHIP,DAVID ROBERTSON,"5371 S. SAGINAW STREET,GRAND BLANC,MI,48507",MONDAY 24HR;TUESDAY 24HR;WEDNESDAY 24HR;THURSDAY 24HR;FRIDAY 24HR;SATURDAY 24HR;SUNDAY 24HR;
GENESEE,LINDEN CITY,KRISTYN  KANYAK ,"LINDEN CITY HALL,132 EAST BROAD STREET,LINDEN,MI,48451",MONDAY 24HR;TUESDAY 24HR;WEDNESDAY 24HR;THURSDAY 24HR;FRIDAY 24HR;SATURDAY 24HR;SUNDAY 24HR;
GENESEE,LINDEN CITY,KRISTYN  KANYAK ,"LINDEN CITY HALL,132 EAST BROAD STREET,LINDEN,MI,48451",MONDAY 24HR;TUESDAY 24HR;WEDNESDAY 24HR;THURSDAY 24HR;FRIDAY 24HR;SATURDAY 24HR;SUNDAY 24HR;
GENESEE,MONTROSE CITY,TINA RUSH,"139 S. SAGINAW STREET,MONTROSE,MI,48457",MONDAY 24HR;TUESDAY 24HR;WEDNESDAY 24HR;THURSDAY 24HR;FRIDAY 24HR;SATURDAY 24HR;SUNDAY 24HR;
GENESEE,MONTROSE TOWNSHIP,STEVEN SCHLICHT,"11444 N. SEYMOUR ROAD,MONTROSE,MI,48457",MONDAY 24HR;TUESDAY 24HR;WEDNESDAY 24HR;THURSDAY 24HR;FRIDAY 24HR;SATURDAY 24HR;SUNDAY 24HR;
GENESEE,MOUNT MORRIS CITY,SPENCER LEWIS,"11649 N. SAGINAW STREET,MT. MORRIS,MI,48458",MONDAY 24HR;TUESDAY 24HR;WEDNESDAY 24HR;THURSDAY 24HR;FRIDAY 24HR;SATURDAY 24HR;SUNDAY 24HR;
GENESEE,MOUNT MORRIS TOWNSHIP,DEWAYN ALLEN,"5413 BICENTENNIAL DR.,MT. MORRIS,MI,48458",MONDAY 24HR;TUESDAY 24HR;WEDNESDAY 24HR;THURSDAY 24HR;FRIDAY 24HR;SATURDAY 24HR;SUNDAY 24HR;
GENESEE,MOUNT MORRIS TOWNSHIP,DEWAYN ALLEN,"5447 BICENTENNIAL DR.,MT. MORRIS,MI,48458",MONDAY 24HR;TUESDAY 24HR;WEDNESDAY 24HR;THURSDAY 24HR;FRIDAY 24HR;SATURDAY 24HR;SUNDAY 24HR;
GENESEE,MUNDY TOWNSHIP,CORY BOSTWICK,"3478 MUNDY AVE,SWARTZ CREEK,MI,48473",MONDAY 24HR;TUESDAY 24HR;WEDNESDAY 24HR;THURSDAY 24HR;FRIDAY 24HR;SATURDAY 24HR;SUNDAY 24HR;
GENESEE,MUNDY TOWNSHIP,CORY BOSTWICK,"3478 MUNDY AVE,SWARTZ CREEK,MI,48473",MONDAY 8:00AM - 6:00PM;TUESDAY 8:00AM - 6:00PM;WEDNESDAY 8:00AM - 6:00PM;THURSDAY 8:00AM - 6:00PM;
GENESEE,RICHFIELD TOWNSHIP,CHERYL CAMPBELL-HOBERG,"5381 N STATE RD,DAVISON,MI,48423",MONDAY 24HR;TUESDAY 24HR;WEDNESDAY 24HR;THURSDAY 24HR;FRIDAY 24HR;SATURDAY 24HR;SUNDAY 24HR;
GENESEE,SWARTZ CREEK CITY,JACQUIE  FORREST ,"8083 CIVIC DRIVE,SWARTZ CREEK,MI,48473",MONDAY 24HR;TUESDAY 24HR;WEDNESDAY 24HR;THURSDAY 24HR;FRIDAY 24HR;SATURDAY 24HR;SUNDAY 24HR;
GENESEE,THETFORD TOWNSHIP,STACEY WELLS,"4014 E VIENNA RD,CLIO,MI,48420",MONDAY 24HR;TUESDAY 24HR;WEDNESDAY 24HR;THURSDAY 24HR;FRIDAY 24HR;SATURDAY 24HR;SUNDAY 24HR;
GENESEE,VIENNA TOWNSHIP,CYNTHIA BRYAN,"3400 W. VIENNA ROAD,CLIO,MI,48420",MONDAY 24HR;TUESDAY 24HR;WEDNESDAY 24HR;THURSDAY 24HR;FRIDAY 24HR;SATURDAY 24HR;SUNDAY 24HR;
GLADWIN,BEAVERTON CITY,JANELLE KEEN-BURGOYNE,"128 SAGINAW ST.,BEAVERTON,MI,48612",MONDAY 24HR;TUESDAY 24HR;WEDNESDAY 24HR;THURSDAY 24HR;FRIDAY 24HR;SATURDAY 24HR;SUNDAY 24HR;
GLADWIN,BENTLEY TOWNSHIP,KRISTIE RESMER,"4013 ESTEY RD,RHODES,MI,48652",MONDAY 24HR;TUESDAY 24HR;WEDNESDAY 24HR;THURSDAY 24HR;FRIDAY 24HR;SATURDAY 24HR;SUNDAY 24HR;
GLADWIN,BOURRET TOWNSHIP,JEFF FOURNIER,"2749 SCHOOL RD,ALGER,MI,48610",MONDAY 24HR;TUESDAY 24HR;WEDNESDAY 24HR;THURSDAY 24HR;FRIDAY 24HR;SATURDAY 24HR;SUNDAY 24HR;
GLADWIN,BUCKEYE TOWNSHIP,SUSAN WALKER,"2525 SHAFFER RD,BEAVERTON,MI,48612",MONDAY 24HR;TUESDAY 24HR;WEDNESDAY 24HR;THURSDAY 24HR;FRIDAY 24HR;SATURDAY 24HR;SUNDAY 24HR;
GLADWIN,BUCKEYE TOWNSHIP,SUSAN WALKER,"2525 SHAFFER RD,BEAVERTON,MI,48612",
GLADWIN,BUCKEYE TOWNSHIP,SUSAN WALKER,"1498 SOUTH HOCKADAY ROAD,GLADWIN,MI,48624",MONDAY 24HR;TUESDAY 24HR;WEDNESDAY 24HR;THURSDAY 24HR;FRIDAY 24HR;SATURDAY 24HR;SUNDAY 24HR;
GLADWIN,BUTMAN TOWNSHIP,DIANNA GONZALES,"5005 N. HOCKADAY RD.,GLADWIN,MI,48624",MONDAY 24HR;TUESDAY 24HR;WEDNESDAY 24HR;THURSDAY 24HR;FRIDAY 24HR;SATURDAY 24HR;SUNDAY 24HR;
GLADWIN,CLEMENT TOWNSHIP,ERIC HOUSE,"1497 E M-30,ALGER,MI,48610",24/7
GLADWIN,GLADWIN CITY,MARIETTA ANDRIST,"1000 W. CEDAR AVE.,GLADWIN,MI,48624",MONDAY 24HR;TUESDAY 24HR;WEDNESDAY 24HR;THURSDAY 24HR;FRIDAY 24HR;SATURDAY 24HR;SUNDAY 24HR;
GLADWIN,GRIM TOWNSHIP,LINDA ODELL,"6399 BAY GLADWIN LINE RD.,BENTLEY,MI,48613",MONDAY 24HR;TUESDAY 24HR;WEDNESDAY 24HR;THURSDAY 24HR;FRIDAY 24HR;SATURDAY 24HR;SUNDAY 24HR;
GLADWIN,GROUT TOWNSHIP,DAVID ROGGOW,"1490 S. GROUT RD,GLADWIN,MI,48624",MONDAY 24HR;TUESDAY 24HR;WEDNESDAY 24HR;THURSDAY 24HR;FRIDAY 24HR;SATURDAY 24HR;SUNDAY 24HR;
GLADWIN,HAY TOWNSHIP,SANDRA GRIFFIN,"1220 E. HIghwood Rd.,Beaverton,MI,48612",24/7
GLADWIN,SAGE TOWNSHIP,LAURA FLACH,"1831 Pratt Lake Rd.,Gladwin,MI,48624",24/7
GLADWIN,SECORD TOWNSHIP,KRISTINE PANETTA,"1507 SECORD DAM RD,GLADWIN,MI,48624",MONDAY 24HR;TUESDAY 24HR;WEDNESDAY 24HR;THURSDAY 24HR;FRIDAY 24HR;SATURDAY 24HR;SUNDAY 24HR;
GLADWIN,SHERMAN TOWNSHIP,KAY WHALEN,"4013 OBERLIN RD,GLADWIN,MI,48624",MONDAY 24HR;TUESDAY 24HR;WEDNESDAY 24HR;THURSDAY 24HR;FRIDAY 24HR;SATURDAY 24HR;SUNDAY 24HR;
GLADWIN,TOBACCO TOWNSHIP,WHITNEY KING,"1758 DALE RD,BEAVERTON,MI,48612",MONDAY 24HR;TUESDAY 24HR;WEDNESDAY 24HR;THURSDAY 24HR;FRIDAY 24HR;SATURDAY 24HR;SUNDAY 24HR;
GOGEBIC,BESSEMER CITY,SAMANTHA ZAKOVEC,"411 S SOPHIE ST,BESSEMER,MI,49911",MONDAY 24HR;TUESDAY 24HR;WEDNESDAY 24HR;THURSDAY 24HR;FRIDAY 24HR;SATURDAY 24HR;SUNDAY 24HR;
GOGEBIC,BESSEMER TOWNSHIP,HOPE TARNASKI ,"N10338 MILL ST,RAMSAY,MI,49959",MONDAY 24HR;TUESDAY 24HR;WEDNESDAY 24HR;THURSDAY 24HR;FRIDAY 24HR;SATURDAY 24HR;SUNDAY 24HR;
GOGEBIC,ERWIN TOWNSHIP,BETTY PERKIS,"N9086 VANBUSKIRK RD,IRONWOOD,MI,49938",
GOGEBIC,IRONWOOD CITY,JENNIFER JACOBSON,"213 S MARQUETTE ST,FRONT OF BUILDING,IRONWOOD,MI,49938",MONDAY 24HR;TUESDAY 24HR;WEDNESDAY 24HR;THURSDAY 24HR;FRIDAY 24HR;SATURDAY 24HR;SUNDAY 24HR;
GOGEBIC,IRONWOOD CITY,JENNIFER JACOBSON,"213 S MARQUETTE ST,WEST WING ENTRANCE,IRONWOOD,MI,49938",MONDAY 24HR;TUESDAY 24HR;WEDNESDAY 24HR;THURSDAY 24HR;FRIDAY 24HR;SATURDAY 24HR;SUNDAY 24HR;
GOGEBIC,IRONWOOD TOWNSHIP,SHERRY KING,"N10892 LAKE ROAD,IRONWOOD,MI,49938",MONDAY 24HR;TUESDAY 24HR;WEDNESDAY 24HR;THURSDAY 24HR;FRIDAY 24HR;SATURDAY 24HR;SUNDAY 24HR;
GOGEBIC,MARENISCO TOWNSHIP,DONNA KENNEY,"314 HALL STREET,MARENISCO,MI,49947",MONDAY 24HR;TUESDAY 24HR;WEDNESDAY 24HR;THURSDAY 24HR;FRIDAY 24HR;SATURDAY 24HR;SUNDAY 24HR;
GOGEBIC,WAKEFIELD CITY,SUSAN  AHONEN,"509 SUNDAY LAKE ST,WAKEFIELD,MI,49968",MONDAY 8:00AM - 4:30PM;TUESDAY 8:00AM - 4:30PM;WEDNESDAY 8:00AM - 4:30PM;THURSDAY 8:00AM - 4:30PM;FRIDAY 8:00AM - 4:30PM;
GOGEBIC,WAKEFIELD TOWNSHIP,JENNIFER AHONEN,"414 N. COUNTY ROAD 519,WAKEFIELD,MI,49968",MONDAY 24HR;TUESDAY 24HR;WEDNESDAY 24HR;THURSDAY 24HR;FRIDAY 24HR;SATURDAY 24HR;SUNDAY 24HR;
GOGEBIC,WATERSMEET TOWNSHIP,LAURA MANS,"N4689 FIRST STREET,WATERSMEET,MI,49969",MONDAY 24HR;TUESDAY 24HR;WEDNESDAY 24HR;THURSDAY 24HR;FRIDAY 24HR;
GRAND TRAVERSE,ACME TOWNSHIP,LISA SWANSON,"6100 US HIGHWAY 31 NORTH,WILLIAMSBURG,MI,49690",MONDAY 24HR;TUESDAY 24HR;WEDNESDAY 24HR;THURSDAY 24HR;FRIDAY 24HR;SATURDAY 24HR;SUNDAY 24HR;
GRAND TRAVERSE,BLAIR TOWNSHIP,LYNETTE WOLFGANG,"2121 COUNTY ROAD 633,GRAWN,MI,49637",MONDAY 24HR;TUESDAY 24HR;WEDNESDAY 24HR;THURSDAY 24HR;FRIDAY 24HR;SATURDAY 24HR;SUNDAY 24HR;
GRAND TRAVERSE,EAST BAY TOWNSHIP,SUSANNE COURTADE MIPMC5/MMC,"1965 N THREE MILE ROAD,TRAVERSE CITY,MI,49696",MONDAY 24HR;TUESDAY 24HR;WEDNESDAY 24HR;THURSDAY 24HR;FRIDAY 24HR;SATURDAY 24HR;SUNDAY 24HR;
GRAND TRAVERSE,EAST BAY TOWNSHIP,SUSANNE COURTADE MIPMC5/MMC,"EAST BAY AMBULANCE AND FIRE STATION #9,110 HIGH LAKE ROAD,TRAVERSE CITY,MI,49696",MONDAY 24HR;TUESDAY 24HR;WEDNESDAY 24HR;THURSDAY 24HR;FRIDAY 24HR;SATURDAY 24HR;SUNDAY 24HR;
GRAND TRAVERSE,FIFE LAKE TOWNSHIP,ANNIE ALLEN,"FIFE LAKE TOWNSHIP HALL,134 MORGAN STREET,FIFE LAKE,MI,49633",MONDAY 24HR;TUESDAY 24HR;WEDNESDAY 24HR;THURSDAY 24HR;FRIDAY 24HR;SATURDAY 24HR;SUNDAY 24HR;
GRAND TRAVERSE,FIFE LAKE TOWNSHIP,ANNIE ALLEN,"P.O. BOX 87,134 MORGAN STREET,FIFE LAKE,MI,49633",MONDAY 24HR;TUESDAY 24HR;WEDNESDAY 24HR;THURSDAY 24HR;FRIDAY 24HR;SATURDAY 24HR;SUNDAY 24HR;
GRAND TRAVERSE,GARFIELD TOWNSHIP,LANIE MCMANUS,"3848 Veterans Drive,Traverse City,MI,49684",24/7
GRAND TRAVERSE,GRANT TOWNSHIP,LISA WILLET,"8986 DAVIS ROAD,BUCKLEY,MI,49620",MONDAY 24HR;TUESDAY 24HR;WEDNESDAY 24HR;THURSDAY 24HR;FRIDAY 24HR;SATURDAY 24HR;SUNDAY 24HR;
GRAND TRAVERSE,GREEN LAKE TOWNSHIP,JUDITH KRAMER,"9394 TENTH STREET,INTERLOCHEN,MI,49643",MONDAY 24HR;TUESDAY 24HR;WEDNESDAY 24HR;THURSDAY 24HR;FRIDAY 24HR;SATURDAY 24HR;SUNDAY 24HR;
GRAND TRAVERSE,LONG LAKE TOWNSHIP,RONDA ROBINSON,"8870 NORTH LONG LAKE RD.,TRAVERSE CITY,MI,49685",MONDAY 24HR;TUESDAY 24HR;WEDNESDAY 24HR;THURSDAY 24HR;FRIDAY 24HR;SATURDAY 24HR;SUNDAY 24HR;
GRAND TRAVERSE,MAYFIELD TOWNSHIP,JAMIE HANSEN,"2991 CENTER ROAD,KINGSLEY,MI,49649",MONDAY 24HR;TUESDAY 24HR;WEDNESDAY 24HR;THURSDAY 24HR;FRIDAY 24HR;SATURDAY 24HR;SUNDAY 24HR;
GRAND TRAVERSE,PARADISE TOWNSHIP,LISA GULLIVER,"2300 E. M-113,KINGSLEY,MI,49649",MONDAY 24HR;TUESDAY 24HR;WEDNESDAY 24HR;THURSDAY 24HR;FRIDAY 24HR;SATURDAY 24HR;SUNDAY 24HR;
GRAND TRAVERSE,PENINSULA TOWNSHIP,REBECCA CHOWN,"13235 CENTER ROAD,TRAVERSE CITY,MI,49686",MONDAY 24HR;TUESDAY 24HR;WEDNESDAY 24HR;THURSDAY 24HR;FRIDAY 24HR;SATURDAY 24HR;SUNDAY 24HR;
GRAND TRAVERSE,TRAVERSE CITY CITY,SARAH LUTZ,"400 BOARDMAN AVE.,NEAR EXIT TO PARKING LOT.,TRAVERSE CITY,MI,49684",MONDAY 24HR;TUESDAY 24HR;WEDNESDAY 24HR;THURSDAY 24HR;FRIDAY 24HR;SATURDAY 24HR;SUNDAY 24HR;
GRAND TRAVERSE,UNION TOWNSHIP,SHERYL TILLITSON,"5020 FIFE LAKE RD.,FIFE LAKE,MI,49633",MONDAY 24HR;TUESDAY 24HR;WEDNESDAY 24HR;THURSDAY 24HR;FRIDAY 24HR;SATURDAY 24HR;SUNDAY 24HR;
GRAND TRAVERSE,WHITEWATER TOWNSHIP,WENDY HOEKSEMA,"5777 VINTON RD,WILLIAMSBURG,MI,49690",MONDAY 24HR;TUESDAY 24HR;WEDNESDAY 24HR;THURSDAY 24HR;FRIDAY 24HR;SATURDAY 24HR;SUNDAY 24HR;
GRATIOT,ALMA CITY,SARA ANDERSON,"500 E. SUPERIOR STREET,ALMA,MI,48801",MONDAY 24HR;TUESDAY 24HR;WEDNESDAY 24HR;THURSDAY 24HR;FRIDAY 24HR;SATURDAY 24HR;SUNDAY 24HR;
GRATIOT,ALMA CITY,SARA ANDERSON,"525 E. SUPERIOR STREET,ALMA,MI,48801",MONDAY 24HR;TUESDAY 24HR;WEDNESDAY 24HR;THURSDAY 24HR;FRIDAY 24HR;SATURDAY 24HR;SUNDAY 24HR;
GRATIOT,ARCADA TOWNSHIP,LAUREEN BAXTER,"3290 W. TYLER RD.,ALMA,MI,48801",MONDAY 24HR;TUESDAY 24HR;WEDNESDAY 24HR;THURSDAY 24HR;FRIDAY 24HR;SATURDAY 24HR;SUNDAY 24HR;
GRATIOT,BETHANY TOWNSHIP,TRACY HOWD,"9958 NORTH BLAIR,BRECKENRIDGE,MI,48615",MONDAY 24HR;TUESDAY 24HR;WEDNESDAY 24HR;THURSDAY 24HR;FRIDAY 24HR;SATURDAY 24HR;SUNDAY 24HR;
GRATIOT,ELBA TOWNSHIP,JACKLYNN THOMPSON,"109 W. OAK ST.,ASHLEY,MI,48806",
GRATIOT,FULTON TOWNSHIP,DENISE ROSSMAN,"3425 W CLEVELAND RD,PERRINTON,MI,48871",MONDAY 24HR;TUESDAY 24HR;WEDNESDAY 24HR;THURSDAY 24HR;FRIDAY 24HR;SATURDAY 24HR;SUNDAY 24HR;
GRATIOT,HAMILTON TOWNSHIP,KAREN CROCKER,"7853 E FILLMORE RD,ITHACA,MI,48847",MONDAY 24HR;TUESDAY 24HR;WEDNESDAY 24HR;THURSDAY 24HR;FRIDAY 24HR;SATURDAY 24HR;SUNDAY 24HR;
GRATIOT,ITHACA CITY,CATHY CAMERON,"CITY HALL,129 W EMERSON ST,ITHACA,MI,48847",MONDAY 24HR;TUESDAY 24HR;WEDNESDAY 24HR;THURSDAY 24HR;FRIDAY 24HR;SATURDAY 24HR;SUNDAY 24HR;
GRATIOT,LAFAYETTE TOWNSHIP,COREY SCHAUB,"2970 N. BARRY RD.,BRECKENRIDGE,MI,48615",MONDAY 24HR;TUESDAY 24HR;WEDNESDAY 24HR;THURSDAY 24HR;FRIDAY 24HR;SATURDAY 24HR;SUNDAY 24HR;
GRATIOT,NEWARK TOWNSHIP,HEATHER REESER,"2918 BUCHANAN RD,ITHACA,MI,48847",MONDAY 24HR;TUESDAY 24HR;WEDNESDAY 24HR;THURSDAY 24HR;FRIDAY 24HR;SATURDAY 24HR;SUNDAY 24HR;
GRATIOT,NORTH SHADE TOWNSHIP,KATHY KEIFFER,"8982 ROOSEVELT,CARSON CITY,MI,48811",MONDAY 24HR;TUESDAY 24HR;WEDNESDAY 24HR;THURSDAY 24HR;FRIDAY 24HR;SATURDAY 24HR;SUNDAY 24HR;
GRATIOT,NORTH STAR TOWNSHIP,HEIDI DROWLEY,"2840 E BUCHANAN RD,ITHACA,MI,48847",MONDAY 24HR;TUESDAY 24HR;WEDNESDAY 24HR;THURSDAY 24HR;FRIDAY 24HR;SATURDAY 24HR;SUNDAY 24HR;
GRATIOT,PINE RIVER TOWNSHIP,ANDI WHITMORE,"1495 W MONROE RD,ST LOUIS,MI,48880",MONDAY 24HR;TUESDAY 24HR;WEDNESDAY 24HR;THURSDAY 24HR;FRIDAY 24HR;SATURDAY 24HR;SUNDAY 24HR;
GRATIOT,ST LOUIS CITY,JAMIE LONG,"300 N. MILL STREET,ST. LOUIS,MI,48880",MONDAY 24HR;TUESDAY 24HR;WEDNESDAY 24HR;THURSDAY 24HR;FRIDAY 24HR;SATURDAY 24HR;SUNDAY 24HR;
GRATIOT,SEVILLE TOWNSHIP,AMY DENSMORE,"SEVILLE TOWNSHIP HALL,7676 W LINCOLN RD,ELWELL,MI,48832",MONDAY 24HR;TUESDAY 24HR;WEDNESDAY 24HR;THURSDAY 24HR;FRIDAY 24HR;SATURDAY 24HR;SUNDAY 24HR;
GRATIOT,SUMNER TOWNSHIP,CARLENE MCGILL,"10820 PINE ST.,SUMNER,MI,48889",MONDAY 24HR;TUESDAY 24HR;WEDNESDAY 24HR;THURSDAY 24HR;FRIDAY 24HR;SATURDAY 24HR;SUNDAY 24HR;
GRATIOT,WASHINGTON TOWNSHIP,TARRY STAHL,"8989 S. BALDWIN RD.,ASHLEY,MI,48806",MONDAY 24HR;TUESDAY 24HR;WEDNESDAY 24HR;THURSDAY 24HR;FRIDAY 24HR;SATURDAY 24HR;SUNDAY 24HR;
GRATIOT,WHEELER TOWNSHIP,KELLY BUSHRE,"8510 E Monroe Rd,Wheeler,MI,48662",24/7
HILLSDALE,ADAMS TOWNSHIP,SUSAN RUDER,"ADAMS TOWNSHIP HALL,5675 KNOWLES ROAD,NORTH ADAMS,MI,49262",MONDAY 24HR;TUESDAY 24HR;WEDNESDAY 24HR;THURSDAY 24HR;FRIDAY 24HR;SATURDAY 24HR;SUNDAY 24HR;
HILLSDALE,ALLEN TOWNSHIP,JESSICA KRATZER,"139 W CHICAGO RD,ALLEN,MI,49227",MONDAY 24HR;TUESDAY 24HR;WEDNESDAY 24HR;THURSDAY 24HR;FRIDAY 24HR;SATURDAY 24HR;SUNDAY 24HR;
HILLSDALE,AMBOY TOWNSHIP,BETTY BURKHART,"14840 GRASS LAKE ROAD,CAMDEN,MI,49232",MONDAY 24HR;TUESDAY 24HR;WEDNESDAY 24HR;THURSDAY 24HR;FRIDAY 24HR;SATURDAY 24HR;SUNDAY 24HR;
HILLSDALE,CAMBRIA TOWNSHIP,CAROL ROSALES,"7249 CAMBRIA RD.,HILLSDALE  (CAMBRIA ),MI,49242",MONDAY 24HR;TUESDAY 24HR;WEDNESDAY 24HR;THURSDAY 24HR;FRIDAY 24HR;SATURDAY 24HR;SUNDAY 24HR;
HILLSDALE,CAMDEN TOWNSHIP,KRISTINA DEWEY,"111 S. MAIN ST,CAMDEN,MI,49232",MONDAY 24HR;TUESDAY 24HR;WEDNESDAY 24HR;THURSDAY 24HR;FRIDAY 24HR;SATURDAY 24HR;SUNDAY 24HR;
HILLSDALE,FAYETTE TOWNSHIP,JESSICA BRADLEY,"211 NORTH STREET,JONESVILLE,MI,49250",MONDAY 24HR;TUESDAY 24HR;WEDNESDAY 24HR;THURSDAY 24HR;FRIDAY 24HR;SATURDAY 24HR;SUNDAY 24HR;
HILLSDALE,HILLSDALE CITY,KATY PRICE,"97 N BROAD ST,HILLSDALE,MI,49242",MONDAY 24HR;TUESDAY 24HR;WEDNESDAY 24HR;THURSDAY 24HR;FRIDAY 24HR;SATURDAY 24HR;SUNDAY 24HR;
HILLSDALE,HILLSDALE TOWNSHIP,JANEL STEWART,"1469 N. LAKE WILSON RD.,HILLSDALE,MI,49242",MONDAY 24HR;TUESDAY 24HR;WEDNESDAY 24HR;THURSDAY 24HR;FRIDAY 24HR;SATURDAY 24HR;SUNDAY 24HR;
HILLSDALE,JEFFERSON TOWNSHIP,ALLYSSA CORNETT,"2837 BIRD LAKE RD,OSSEO,MI,49266",MONDAY 24HR;TUESDAY 24HR;WEDNESDAY 24HR;THURSDAY 24HR;FRIDAY 24HR;SATURDAY 24HR;SUNDAY 24HR;
HILLSDALE,LITCHFIELD CITY,CASSIDY TAYLOR,"221 JONESVILLE STREET,LITCHFIELD,MI,49252",MONDAY 24HR;TUESDAY 24HR;WEDNESDAY 24HR;THURSDAY 24HR;FRIDAY 24HR;SATURDAY 24HR;SUNDAY 24HR;
HILLSDALE,LITCHFIELD TOWNSHIP,VICKI HECKEL,"9596 HOMER RD,LITCHFIELD,MI,49252",MONDAY 24HR;TUESDAY 24HR;WEDNESDAY 24HR;THURSDAY 24HR;FRIDAY 24HR;SATURDAY 24HR;SUNDAY 24HR;
HILLSDALE,PITTSFORD TOWNSHIP,CAITLIN SAUNDERS,"PITTSFORD TWP. HALL (CORNER OF M-34 & WALDRON RD.),5015 S WALDRON ROAD,PITTSFORD,MI,49271",MONDAY A;TUESDAY A;WEDNESDAY A;THURSDAY A;FRIDAY A;
HILLSDALE,READING CITY,KIMBERLY BLYTHE,"113 S. MAIN STREET,SIDEWALK BETWEEN CITY HALL/POST OFFICE,READING,MI,49274",MONDAY 24HR;TUESDAY 24HR;WEDNESDAY 24HR;THURSDAY 24HR;FRIDAY 24HR;SATURDAY 24HR;SUNDAY 24HR;
HILLSDALE,READING TOWNSHIP,KATHY FLAUGHER,"5355 EDON RD,READING,MI,49274",MONDAY A;TUESDAY A;WEDNESDAY A;THURSDAY A;FRIDAY A;
HILLSDALE,SCIPIO TOWNSHIP,JUDY LEEDY,"7600 DOBSON RD,JONESVILLE,MI,49250",MONDAY 24HR;TUESDAY 24HR;WEDNESDAY 24HR;THURSDAY 24HR;FRIDAY 24HR;SATURDAY 24HR;SUNDAY 24HR;
HILLSDALE,SOMERSET TOWNSHIP,SHARON UYTTENHOVE,"12715 E CHICAGO RD.,SOMERSET CENTER,MI,49282",MONDAY 24HR;TUESDAY 24HR;WEDNESDAY 24HR;THURSDAY 24HR;FRIDAY 24HR;SATURDAY 24HR;SUNDAY 24HR;
HILLSDALE,WHEATLAND TOWNSHIP,DAWN JOHNSON,"2991 N. WALDRON RD.,NORTH ADAMS, MI,MI,49271",MONDAY 24HR;TUESDAY 24HR;WEDNESDAY 24HR;THURSDAY 24HR;FRIDAY 24HR;
HILLSDALE,WOODBRIDGE TOWNSHIP,MARTHA CROW,"2250 E MONTGOMERY ROAD,HILLSDALE,MI,49242",MONDAY 24HR;TUESDAY 24HR;WEDNESDAY 24HR;THURSDAY 24HR;FRIDAY 24HR;SATURDAY 24HR;SUNDAY 24HR;
HILLSDALE,WRIGHT TOWNSHIP,AMANDA DAVIS,"112 E CENTER ST,WALDRON,MI,49288",MONDAY 24HR;TUESDAY 24HR;WEDNESDAY 24HR;THURSDAY 24HR;FRIDAY 24HR;SATURDAY 24HR;SUNDAY 24HR;
HOUGHTON,ADAMS TOWNSHIP,DEBRA PINDRAL,"17104 FIRST ST  BALTIC,BALTIC,MI,49905",MONDAY 24HR;TUESDAY 24HR;WEDNESDAY 24HR;THURSDAY 24HR;FRIDAY 24HR;SATURDAY 24HR;SUNDAY 24HR;
HOUGHTON,CALUMET TOWNSHIP,ROBIN HICKS,"25880 RED JACKET RD,CALUMET,MI,49913",MONDAY 24HR;TUESDAY 24HR;WEDNESDAY 24HR;THURSDAY 24HR;FRIDAY 24HR;SATURDAY 24HR;SUNDAY 24HR;
HOUGHTON,CHASSELL TOWNSHIP,BETHANY BAETSEN,"41950 WILLSON MEMORIAL DRIVE,CHASSELL,MI,49916",MONDAY 24HR;TUESDAY 24HR;WEDNESDAY 24HR;THURSDAY 24HR;FRIDAY 24HR;SATURDAY 24HR;SUNDAY 24HR;
HOUGHTON,ELM RIVER TOWNSHIP,SHERRI BRANDT,"32850 STATE HWY M 26,TOIVOLA,MI,49965",MONDAY 24HR;TUESDAY 24HR;WEDNESDAY 24HR;THURSDAY 24HR;FRIDAY 24HR;SATURDAY 24HR;SUNDAY 24HR;
HOUGHTON,FRANKLIN TOWNSHIP,CHRISTINA ANDERSON,"49850 US-41,HANCOCK,MI,49930",MONDAY 24HR;TUESDAY 24HR;WEDNESDAY 24HR;THURSDAY 24HR;FRIDAY 24HR;SATURDAY 24HR;SUNDAY 24HR;
HOUGHTON,HANCOCK CITY,LINDA KALINEC,"399 QUINCY ST.,WEST SIDE OF BUILDING,HANCOCK,MI,49930",MONDAY 24HR;TUESDAY 24HR;WEDNESDAY 24HR;THURSDAY 24HR;FRIDAY 24HR;SATURDAY 24HR;SUNDAY 24HR;
HOUGHTON,HOUGHTON CITY,AMY ZAWADA,"616 SHELDEN AVENUE,SUITE 102,HOUGHTON,MI,49931",MONDAY 24HR;TUESDAY 24HR;WEDNESDAY 24HR;THURSDAY 24HR;FRIDAY 24HR;SATURDAY 24HR;SUNDAY 24HR;
HOUGHTON,OSCEOLA TOWNSHIP,CHRISTA GARDNER,"48545 MAIN STREET,DOLLAR BAY,MI,49922",MONDAY 24HR;TUESDAY 24HR;WEDNESDAY 24HR;THURSDAY 24HR;FRIDAY 24HR;SATURDAY 24HR;SUNDAY 24HR;
HOUGHTON,PORTAGE TOWNSHIP,JANELLE DATTO,"47240 GREEN ACRES ROAD,HOUGHTON,MI,49931",MONDAY 24HR;TUESDAY 24HR;WEDNESDAY 24HR;THURSDAY 24HR;FRIDAY 24HR;SATURDAY 24HR;SUNDAY 24HR;
HOUGHTON,QUINCY TOWNSHIP,BETH HELMINEN,"49850 US 41 HWY,HANCOCK,MI,49930",MONDAY 24HR;TUESDAY 24HR;WEDNESDAY 24HR;THURSDAY 24HR;FRIDAY 24HR;SATURDAY 24HR;SUNDAY 24HR;
HOUGHTON,SCHOOLCRAFT TOWNSHIP,BETTY ANTILLA,"226 FRONT ST,LAKE LINDEN,MI,49945",MONDAY 24HR;TUESDAY 24HR;WEDNESDAY 24HR;THURSDAY 24HR;FRIDAY 24HR;SATURDAY 24HR;SUNDAY 24HR;
HOUGHTON,TORCH LAKE TOWNSHIP,LOU AMBUEHL,"52235 DUNCAN AVE (BEHIND TOWNSHIP BUILDING),HUBBELL,MI,49945",MONDAY 24HR;TUESDAY 24HR;WEDNESDAY 24HR;THURSDAY 24HR;FRIDAY 24HR;SATURDAY 24HR;SUNDAY 24HR;
HURON,BAD AXE CITY,TARA ZAGORSKI,"CITY OF BAD AXE,300 E. HURON AVE,BAD AXE,MI,48413",MONDAY 24HR;TUESDAY 24HR;WEDNESDAY 24HR;THURSDAY 24HR;FRIDAY 24HR;SATURDAY 24HR;SUNDAY 24HR;
HURON,BINGHAM TOWNSHIP,JOSEPH TREPKOSKI,"2241 PIERCE ST.,LOCATED OUTSIDE ELECION OFFICE,UBLY,MI,48475",MONDAY 24HR;TUESDAY 24HR;WEDNESDAY 24HR;THURSDAY 24HR;FRIDAY 24HR;SATURDAY 24HR;SUNDAY 24HR;
HURON,BLOOMFIELD TOWNSHIP,SAMANTHA GUZA,"4550 FILION ROAD,PORT HOPE,MI,48468",MONDAY 24HR;TUESDAY 24HR;WEDNESDAY 24HR;THURSDAY 24HR;FRIDAY 24HR;SATURDAY 24HR;SUNDAY 24HR;
HURON,BROOKFIELD TOWNSHIP,DEBBIE ENGELHARDT,"7361 MAIN STREET,OWENDALE,MI,48754",MONDAY 24HR;TUESDAY 24HR;WEDNESDAY 24HR;THURSDAY 24HR;FRIDAY 24HR;SATURDAY 24HR;SUNDAY 24HR;
HURON,CASEVILLE TOWNSHIP,KIM SIMPSON,"6767 MAIN STREET,CASEVILLE,MI,48725",MONDAY 24HR;TUESDAY 24HR;WEDNESDAY 24HR;THURSDAY 24HR;FRIDAY 24HR;SATURDAY 24HR;SUNDAY 24HR;
HURON,CASEVILLE TOWNSHIP,KIM SIMPSON,"6767 MAIN STREET,CASEVILLE,MI,48725",MONDAY 24HR;TUESDAY 24HR;WEDNESDAY 24HR;THURSDAY 24HR;FRIDAY 24HR;SATURDAY 24HR;SUNDAY 24HR;
HURON,CHANDLER TOWNSHIP,KEVIN ROESTEL,"5004 FILION RD,ELKTON,MI,48731",MONDAY 24HR;TUESDAY 24HR;WEDNESDAY 24HR;THURSDAY 24HR;FRIDAY 24HR;SATURDAY 24HR;SUNDAY 24HR;
HURON,COLFAX TOWNSHIP,ANGELIQUE SHUPE,"177 N BARRIE ROAD,BAD AXE,MI,48413",
HURON,FAIRHAVEN TOWNSHIP,SHAWNA BEACHY,"9811 MAIN STREET,BAY PORT,MI,48720",MONDAY 24HR;TUESDAY 24HR;WEDNESDAY 24HR;THURSDAY 24HR;FRIDAY 24HR;SATURDAY 24HR;SUNDAY 24HR;
HURON,GORE TOWNSHIP,MELISSA WRIGHT,"7840 PORTLAND AVE,PORT HOPE,MI,48468",MONDAY 24HR;TUESDAY 24HR;WEDNESDAY 24HR;THURSDAY 24HR;FRIDAY 24HR;SATURDAY 24HR;SUNDAY 24HR;
HURON,GRANT TOWNSHIP,JANICE BRANDEL,"5039 RESCUE ROAD,GAGETOWN,MI,48735",MONDAY 24HR;TUESDAY 24HR;WEDNESDAY 24HR;THURSDAY 24HR;FRIDAY 24HR;SATURDAY 24HR;SUNDAY 24HR;
HURON,HARBOR BEACH CITY,JENNIFER LACKOWSKI,"766 STATE ST,HARBOR BEACH,MI,48441",MONDAY 24HR;TUESDAY 24HR;WEDNESDAY 24HR;THURSDAY 24HR;FRIDAY 24HR;SATURDAY 24HR;SUNDAY 24HR;
HURON,HUME TOWNSHIP,THERESA MAZURE,"115 PORT CRESCENT ROAD,,PORT AUSTIN,MI,48467",MONDAY 24HR;TUESDAY 24HR;WEDNESDAY 24HR;THURSDAY 24HR;FRIDAY 24HR;SATURDAY 24HR;SUNDAY 24HR;
HURON,HUME TOWNSHIP,THERESA MAZURE,"1918 OAK BEACH ROAD,PORT AUSTIN,MI,48467",MONDAY 24HR;TUESDAY 24HR;WEDNESDAY 24HR;THURSDAY 24HR;FRIDAY 24HR;SATURDAY 24HR;SUNDAY 24HR;
HURON,LAKE TOWNSHIP,LISA CLINTON,"4988 W. KINDE RD.,CASEVILLE,MI,48725",MONDAY 24HR;TUESDAY 24HR;WEDNESDAY 24HR;THURSDAY 24HR;FRIDAY 24HR;SATURDAY 24HR;SUNDAY 24HR;
HURON,LINCOLN TOWNSHIP,IRVIN KANASKI,"1975 E FILION RD,FILION,MI,48432",MONDAY 24HR;TUESDAY 24HR;WEDNESDAY 24HR;THURSDAY 24HR;FRIDAY 24HR;SATURDAY 24HR;SUNDAY 24HR;
HURON,MCKINLEY TOWNSHIP,MELISSA  VANHAMLIN,"MCKINLEY TOWNSHIP HALL,3000 CASEVILLE RD,BAYPORT,MI,48720",MONDAY 24HR;TUESDAY 24HR;WEDNESDAY 24HR;THURSDAY 24HR;FRIDAY 24HR;SATURDAY 24HR;SUNDAY 24HR;
HURON,MEADE TOWNSHIP,MELISSA PERISO,"2119 W FILION RD,FILION,52600,MI,48731",MONDAY 24HR;TUESDAY 24HR;WEDNESDAY 24HR;THURSDAY 24HR;FRIDAY 24HR;SATURDAY 24HR;SUNDAY 24HR;
HURON,PARIS TOWNSHIP,RANDY M WEBER,"5769 E. ATWATER ROAD,RUTH,MI,48475",MONDAY 24HR;TUESDAY 24HR;WEDNESDAY 24HR;THURSDAY 24HR;FRIDAY 24HR;SATURDAY 24HR;SUNDAY 24HR;
HURON,POINTE AUX BARQUES TOWNSHIP,ANNE MILLIGAN,"9036 LINWOOD,POINTE AUX BARQUES,PORT AUSTIN,MI,48467",MONDAY 24HR;TUESDAY 24HR;WEDNESDAY 24HR;THURSDAY 24HR;FRIDAY 24HR;SATURDAY 24HR;SUNDAY 24HR;
HURON,PORT AUSTIN TOWNSHIP,DEBRA HUBBARD,"8751 N. HELLEMS RD.,PO BOX 747,PORT AUSTIN,MI,48467",MONDAY 24HR;TUESDAY 24HR;WEDNESDAY 24HR;THURSDAY 24HR;FRIDAY 24HR;SATURDAY 24HR;SUNDAY 24HR;
HURON,RUBICON TOWNSHIP,PEGGY EMERICK,"4425 MAIN ST,PORT HOPE,MI,48468",MONDAY 24HR;TUESDAY 24HR;WEDNESDAY 24HR;THURSDAY 24HR;FRIDAY 24HR;SATURDAY 24HR;SUNDAY 24HR;
HURON,SAND BEACH TOWNSHIP,LINDA BUCHHOLZ,"6750 LEARMAN RD,HARBOR BEACH,MI,48441",MONDAY 24HR;TUESDAY 24HR;WEDNESDAY 24HR;THURSDAY 24HR;FRIDAY 24HR;SATURDAY 24HR;SUNDAY 24HR;
HURON,SEBEWAING TOWNSHIP,JANICE HAHN,"14 E SHARPSTEEN ST.,SEBEWAING,MI,48759",MONDAY 24HR;TUESDAY 24HR;WEDNESDAY 24HR;THURSDAY 24HR;FRIDAY 24HR;SATURDAY 24HR;SUNDAY 24HR;
HURON,SHERMAN TOWNSHIP,KATHI JAHN98955,"4601 S RUTH RD,RUTH,MI,48470",MONDAY 24HR;TUESDAY 24HR;WEDNESDAY 24HR;THURSDAY 24HR;FRIDAY 24HR;SATURDAY 24HR;SUNDAY 24HR;
HURON,SIGEL TOWNSHIP,LAUREN LACKOWSKI,"5784 SAND BEACH RD,HARBOR BEACH,MI,48441",MONDAY 24HR;TUESDAY 24HR;WEDNESDAY 24HR;THURSDAY 24HR;FRIDAY 24HR;SATURDAY 24HR;SUNDAY 24HR;
HURON,VERONA TOWNSHIP,JOANN GERSTENSCHLAGER,"3392 SAND BEACH ROAD,BLACK BOX IN FRONT OF THE TOWNSHIP HALL,BAD AXE,MI,48413",MONDAY 24HR;TUESDAY 24HR;WEDNESDAY 24HR;THURSDAY 24HR;FRIDAY 24HR;SATURDAY 24HR;SUNDAY 24HR;
HURON,WINSOR TOWNSHIP,MADISON DUBS,"29 S. MAIN ST,SOUTH SIDE OF MUNI. BLDG.,PIGEON,MI,48755",MONDAY 24HR;TUESDAY 24HR;WEDNESDAY 24HR;THURSDAY 24HR;FRIDAY 24HR;SATURDAY 24HR;SUNDAY 24HR;
INGHAM,ALAIEDON TOWNSHIP,KIMBERLY HAFLEY,"2021 HOLT RD,MASON,MI,48854",MONDAY 24HR;TUESDAY 24HR;WEDNESDAY 24HR;THURSDAY 24HR;FRIDAY 24HR;SATURDAY 24HR;SUNDAY 24HR;
INGHAM,ALAIEDON TOWNSHIP,KIMBERLY HAFLEY,"2021 HOLT RD,MASON,MI,48854",MONDAY 24HR;TUESDAY 24HR;WEDNESDAY 24HR;THURSDAY 24HR;FRIDAY 24HR;SATURDAY 24HR;SUNDAY 24HR;
INGHAM,AURELIUS TOWNSHIP,BETHANY WALTER,"1939 S. AURELIUS RD,MASON,MI,48854",MONDAY 24HR;TUESDAY 24HR;WEDNESDAY 24HR;THURSDAY 24HR;FRIDAY 24HR;SATURDAY 24HR;SUNDAY 24HR;
INGHAM,BUNKER HILL TOWNSHIP,CARRIE ZEITZ,"871 DECAMP RD,STOCKBRIDGE,MI,49285",MONDAY 24HR;TUESDAY 24HR;WEDNESDAY 24HR;THURSDAY 24HR;FRIDAY 24HR;SATURDAY 24HR;SUNDAY 24HR;
INGHAM,BUNKER HILL TOWNSHIP,CARRIE ZEITZ,"871 DECAMP RD,STOCKBRIDGE,MI,49285",MONDAY 24HR;TUESDAY 24HR;WEDNESDAY 24HR;THURSDAY 24HR;FRIDAY 24HR;SATURDAY 24HR;SUNDAY 24HR;
INGHAM,DELHI CHARTER TOWNSHIP,"EVAN HOPE, CMC","2074 AURELIUS RD,TWP MUNICIPAL BLDG,HOLT,MI,48842",MONDAY 24HR;TUESDAY 24HR;WEDNESDAY 24HR;THURSDAY 24HR;FRIDAY 24HR;SATURDAY 24HR;SUNDAY 24HR;
INGHAM,DELHI CHARTER TOWNSHIP,"EVAN HOPE, CMC","6139 BISHOP RD,OLD FIRE STATION NO. 2,HOLT,MI,48842",MONDAY 24HR;TUESDAY 24HR;WEDNESDAY 24HR;THURSDAY 24HR;FRIDAY 24HR;SATURDAY 24HR;SUNDAY 24HR;
INGHAM,EAST LANSING CITY,EMILY GORDON,"EAST LANSING CITY HALL (INDOOR),410 ABBOT ROAD,EAST LANSING,MI,48823",MONDAY 8:00AM - 5:00PM;TUESDAY 8:00AM - 5:00PM;WEDNESDAY 8:00AM - 5:00PM;THURSDAY 8:00AM - 5:00PM;FRIDAY 8:00AM - 5:00PM;
INGHAM,EAST LANSING CITY,EMILY GORDON,"EAST LANSING CITY HALL (OUTDOOR),410 ABBOT ROAD,EAST LANSING,MI,48823",MONDAY 24HR;TUESDAY 24HR;WEDNESDAY 24HR;THURSDAY 24HR;FRIDAY 24HR;SATURDAY 24HR;SUNDAY 24HR;
INGHAM,EAST LANSING CITY,EMILY GORDON,"EAST LANSING DEPARTMENT OF PUBLIC WORKS,1800 E. STATE ROAD,EAST LANSING,MI,48823",MONDAY 24HR;TUESDAY 24HR;WEDNESDAY 24HR;THURSDAY 24HR;FRIDAY 24HR;SATURDAY 24HR;SUNDAY 24HR;
INGHAM,EAST LANSING CITY,EMILY GORDON,"EAST LANSING PUBLIC LIBRARY,950 ABBOT ROAD,EAST LANSING,MI,48823",MONDAY 24HR;TUESDAY 24HR;WEDNESDAY 24HR;THURSDAY 24HR;FRIDAY 24HR;SATURDAY 24HR;SUNDAY 24HR;
INGHAM,EAST LANSING CITY,EMILY GORDON,"MSU-CATA TRANSPORTATION CENTER,SHAW LANE PARKING RAMP #1,EAST LANSING,MI,48823",MONDAY 24HR;TUESDAY 24HR;WEDNESDAY 24HR;THURSDAY 24HR;FRIDAY 24HR;SATURDAY 24HR;SUNDAY 24HR;
INGHAM,INGHAM TOWNSHIP,KATHY LAGROW,"1420 JOHNSON ST,SOUTH SIDE OF BLDG,DANSVILLE,MI,48819",MONDAY 24HR;TUESDAY 24HR;WEDNESDAY 24HR;THURSDAY 24HR;FRIDAY 24HR;SATURDAY 24HR;SUNDAY 24HR;
INGHAM,LANSING CITY,CHRIS SWOPE,"ALFREDA SCHMIDT SOUTHSIDE COMMUNITY CENTER,5825 WISE ROAD,LANSING,MI,48911",MONDAY 24HR;TUESDAY 24HR;WEDNESDAY 24HR;THURSDAY 24HR;FRIDAY 24HR;SATURDAY 24HR;SUNDAY 24HR;
INGHAM,LANSING CITY,CHRIS SWOPE,"CATA HEADQUARTERS,4615 TRANTER ST.,LANSING,MI,48910",MONDAY 24HR;TUESDAY 24HR;WEDNESDAY 24HR;THURSDAY 24HR;FRIDAY 24HR;SATURDAY 24HR;SUNDAY 24HR;
INGHAM,LANSING CITY,CHRIS SWOPE,"CITY HALL -  BY MAIN ENTRANCE,124 W. MICHIGAN AVE.,LANSING,MI,48933",MONDAY 24HR;TUESDAY 24HR;WEDNESDAY 24HR;THURSDAY 24HR;FRIDAY 24HR;SATURDAY 24HR;SUNDAY 24HR;
INGHAM,LANSING CITY,CHRIS SWOPE,"FOSTER COMMUNITY CENTER,200 N. FOSTER AVE.,LANSING,MI,48912",MONDAY 24HR;TUESDAY 24HR;WEDNESDAY 24HR;THURSDAY 24HR;FRIDAY 24HR;SATURDAY 24HR;SUNDAY 24HR;
INGHAM,LANSING CITY,CHRIS SWOPE,"GIER COMMUNITY CENTER,2400 HALL ST.,LANSING,MI,48906",MONDAY 24HR;TUESDAY 24HR;WEDNESDAY 24HR;THURSDAY 24HR;FRIDAY 24HR;SATURDAY 24HR;SUNDAY 24HR;
INGHAM,LANSING CITY,CHRIS SWOPE,"LANSING ELECTIONS OFFICE,701 W. JOLLY RD.,LANSING,MI,48910",MONDAY 24HR;TUESDAY 24HR;WEDNESDAY 24HR;THURSDAY 24HR;FRIDAY 24HR;SATURDAY 24HR;SUNDAY 24HR;
INGHAM,LANSING CITY,CHRIS SWOPE,"LANSING FIRE STATION 1,120 E. SHIAWASSEE ST.,LANSING,MI,48933",MONDAY 24HR;TUESDAY 24HR;WEDNESDAY 24HR;THURSDAY 24HR;FRIDAY 24HR;SATURDAY 24HR;SUNDAY 24HR;
INGHAM,LANSING CITY,CHRIS SWOPE,"LANSING FIRE STATION 2,2114 N GRAND AVE,LANSING,MI,48906",MONDAY 24HR;TUESDAY 24HR;WEDNESDAY 24HR;THURSDAY 24HR;FRIDAY 24HR;SATURDAY 24HR;SUNDAY 24HR;
INGHAM,LANSING CITY,CHRIS SWOPE,"LANSING FIRE STATION 4,1435 E MILLER RD,LANSING,MI,48911",MONDAY 24HR;TUESDAY 24HR;WEDNESDAY 24HR;THURSDAY 24HR;FRIDAY 24HR;SATURDAY 24HR;SUNDAY 24HR;
INGHAM,LANSING CITY,CHRIS SWOPE,"LANSING FIRE STATION 6,5135 PLEASANT GROVE RD,LANSING,MI,48911",MONDAY 24HR;TUESDAY 24HR;WEDNESDAY 24HR;THURSDAY 24HR;FRIDAY 24HR;SATURDAY 24HR;SUNDAY 24HR;
INGHAM,LANSING CITY,CHRIS SWOPE,"LANSING FIRE STATION 9,520 GLENDALE AVE.,LANSING,MI,48910",MONDAY 24HR;TUESDAY 24HR;WEDNESDAY 24HR;THURSDAY 24HR;FRIDAY 24HR;SATURDAY 24HR;SUNDAY 24HR;
INGHAM,LANSING CITY,CHRIS SWOPE,"LETTS COMMUNITY CENTER,1220 W. KALAMAZOO ST.,LANSING,MI,48915",MONDAY 24HR;TUESDAY 24HR;WEDNESDAY 24HR;THURSDAY 24HR;FRIDAY 24HR;SATURDAY 24HR;SUNDAY 24HR;
INGHAM,LANSING CITY,CHRIS SWOPE,"MT. HOPE CEMETERY OFFICE,1709 E. MT HOPE AVE.,LANSING,MI,48910",MONDAY 24HR;TUESDAY 24HR;WEDNESDAY 24HR;THURSDAY 24HR;FRIDAY 24HR;SATURDAY 24HR;SUNDAY 24HR;
INGHAM,LANSING TOWNSHIP,CORTNEY LIGHTHEART,"2701 HOPKINS AVE,LANSING,MI,48912",MONDAY 24HR;TUESDAY 24HR;WEDNESDAY 24HR;THURSDAY 24HR;FRIDAY 24HR;SATURDAY 24HR;SUNDAY 24HR;
INGHAM,LANSING TOWNSHIP,CORTNEY LIGHTHEART,"3209 W. MICHIGAN AVENUE,LANSING,MI,48917",MONDAY 24HR;TUESDAY 24HR;WEDNESDAY 24HR;THURSDAY 24HR;FRIDAY 24HR;SATURDAY 24HR;SUNDAY 24HR;
INGHAM,LEROY TOWNSHIP,GINA L WHITEHEAD,"1685 N M-52,WEBBERVILLE,MI,48892",MONDAY 24HR;TUESDAY 24HR;WEDNESDAY 24HR;THURSDAY 24HR;FRIDAY 24HR;SATURDAY 24HR;SUNDAY 24HR;
INGHAM,LESLIE CITY,CHELSEA COX,"602 W BELLEVUE ST,P O BOX 496,LESLIE,MI,49251-0496",MONDAY 24HR;TUESDAY 24HR;WEDNESDAY 24HR;THURSDAY 24HR;FRIDAY 24HR;SATURDAY 24HR;SUNDAY 24HR;
INGHAM,LESLIE TOWNSHIP,LYNN LANKTON,"4279 OAK STREET,LESLIE,MI,49251",MONDAY 24HR;TUESDAY 24HR;WEDNESDAY 24HR;THURSDAY 24HR;FRIDAY 24HR;SATURDAY 24HR;SUNDAY 24HR;
INGHAM,LESLIE TOWNSHIP,LYNN LANKTON,"4279 OAK STREET,LESLIE,MI,49251",MONDAY 24HR;TUESDAY 24HR;WEDNESDAY 24HR;THURSDAY 24HR;FRIDAY 24HR;SATURDAY 24HR;SUNDAY 24HR;
INGHAM,LOCKE TOWNSHIP,MARY SHINKLE,"LOCKE TOWNSHIP HALL,3805 BELL OAK RD,WILLIAMSTON,MI,48895",MONDAY 24HR;TUESDAY 24HR;WEDNESDAY 24HR;THURSDAY 24HR;FRIDAY 24HR;SATURDAY 24HR;SUNDAY 24HR;
INGHAM,MASON CITY,SARAH JARVIS,"201 W ASH ST,MASON,MI,48854",MONDAY 24HR;TUESDAY 24HR;WEDNESDAY 24HR;THURSDAY 24HR;FRIDAY 24HR;SATURDAY 24HR;SUNDAY 24HR;
INGHAM,MERIDIAN TOWNSHIP,ANGELA DEMAS,"HASLETT LIBRARY,1590 FRANKLIN ST,HASLETT,MI,48840",MONDAY 24HR;TUESDAY 24HR;WEDNESDAY 24HR;THURSDAY 24HR;FRIDAY 24HR;SATURDAY 24HR;SUNDAY 24HR;
INGHAM,MERIDIAN TOWNSHIP,ANGELA DEMAS,"MERIDIAN TOWNSHIP HALL,5151 MARSH RD.,OKEMOS,MI,48864",MONDAY 24HR;TUESDAY 24HR;WEDNESDAY 24HR;THURSDAY 24HR;FRIDAY 24HR;SATURDAY 24HR;SUNDAY 24HR;
INGHAM,MERIDIAN TOWNSHIP,ANGELA DEMAS,"MERIDIAN TOWNSHIP HALL,5151 MARSH RD.,OKEMOS,MI,48864",MONDAY 8:00AM - 5:00PM;TUESDAY 8:00AM - 5:00PM;WEDNESDAY 8:00AM - 5:00PM;THURSDAY 8:00AM - 5:00PM;FRIDAY 8:00AM - 5:00PM;
INGHAM,MERIDIAN TOWNSHIP,ANGELA DEMAS,"OKEMOS LIBRARY,4321 OKEMOS ROAD,OKEMOS,MI,48864",MONDAY 24HR;TUESDAY 24HR;WEDNESDAY 24HR;THURSDAY 24HR;FRIDAY 24HR;SATURDAY 24HR;SUNDAY 24HR;
INGHAM,ONONDAGA TOWNSHIP,MARCIE SEAVOLT,"4756 BALDWIN ST,ONONDAGA,MI,49264",MONDAY 24HR;TUESDAY 24HR;WEDNESDAY 24HR;THURSDAY 24HR;FRIDAY 24HR;SATURDAY 24HR;SUNDAY 24HR;
INGHAM,STOCKBRIDGE TOWNSHIP,BECKY MURAF,"125 S CLINTON,STOCKBRIDGE,MI,49285",MONDAY 24HR;TUESDAY 24HR;WEDNESDAY 24HR;THURSDAY 24HR;FRIDAY 24HR;SATURDAY 24HR;SUNDAY 24HR;
INGHAM,VEVAY TOWNSHIP,TRACY AYRES,"780 EDEN ROAD,EAST SIDE OF BUILDING.,MASON,MI,48854",MONDAY 24HR;TUESDAY 24HR;WEDNESDAY 24HR;THURSDAY 24HR;FRIDAY 24HR;SATURDAY 24HR;SUNDAY 24HR;
INGHAM,VEVAY TOWNSHIP,TRACY AYRES,"780 EDEN ROAD,SOUTH WEST CORNER OF BUILDING - DRIVE UP,MASON,MI,48854",MONDAY 24HR;TUESDAY 24HR;WEDNESDAY 24HR;THURSDAY 24HR;FRIDAY 24HR;SATURDAY 24HR;SUNDAY 24HR;
INGHAM,WHEATFIELD TOWNSHIP,ALAN LAWRENZ,"985 E HOLT ROAD,WILLIAMSTON,MI,48895",MONDAY 24HR;TUESDAY 24HR;WEDNESDAY 24HR;THURSDAY 24HR;FRIDAY 24HR;SATURDAY 24HR;SUNDAY 24HR;
INGHAM,WHITE OAK TOWNSHIP,LEELA VERNON,"1002 S. M-52,WEBBERVILLE,MI,48892",MONDAY 24HR;TUESDAY 24HR;WEDNESDAY 24HR;THURSDAY 24HR;FRIDAY 24HR;SATURDAY 24HR;SUNDAY 24HR;
INGHAM,WILLIAMSTON CITY,HOLLY THOMPSON,"161 E GRAND RIVER AVE,WILLIAMSTON,MI,48895",MONDAY 24HR;TUESDAY 24HR;WEDNESDAY 24HR;THURSDAY 24HR;FRIDAY 24HR;SATURDAY 24HR;SUNDAY 24HR;
INGHAM,WILLIAMSTOWN TOWNSHIP,ROBIN CLEVELAND,"4990 ZIMMER RD,WILLIAMSTON,MI,48895",MONDAY 24HR;TUESDAY 24HR;WEDNESDAY 24HR;THURSDAY 24HR;FRIDAY 24HR;SATURDAY 24HR;SUNDAY 24HR;
IONIA,BELDING CITY,JANAE ORTEGO,"CITY HALL, 120 S. PLEASANT STREET,BELDING,MI,48809",MONDAY 24HR;TUESDAY 24HR;WEDNESDAY 24HR;THURSDAY 24HR;FRIDAY 24HR;SATURDAY 24HR;SUNDAY 24HR;
IONIA,BERLIN TOWNSHIP,RACHAEL ALEXANDER,"4825 AINSWORTH RD,IONIA,MI,48846",MONDAY 24HR;TUESDAY 24HR;WEDNESDAY 24HR;THURSDAY 24HR;FRIDAY 24HR;SATURDAY 24HR;SUNDAY 24HR;
IONIA,BOSTON TOWNSHIP,LYNN KAUFMAN,"30 N. Center St.,Slot in office door.,Saranac,MI,48881",24/7
IONIA,CAMPBELL TOWNSHIP,DENISE NEWMAN,"331 S. MAIN ST.,CLARKSVILLE,MI,48815",MONDAY 24HR;TUESDAY 24HR;WEDNESDAY 24HR;THURSDAY 24HR;FRIDAY 24HR;SATURDAY 24HR;
IONIA,DANBY TOWNSHIP,KRISTINA PLATTE,"13122 CHARLOTTE HWY,SUNFIELD,MI,48890",MONDAY 24HR;TUESDAY 24HR;WEDNESDAY 24HR;THURSDAY 24HR;FRIDAY 24HR;SATURDAY 24HR;SUNDAY 24HR;
IONIA,EASTON TOWNSHIP,BREANNE ROWLEY,"720 N BELLAMY RD,IONIA,MI,48846",MONDAY 24HR;TUESDAY 24HR;WEDNESDAY 24HR;THURSDAY 24HR;FRIDAY 24HR;SATURDAY 24HR;SUNDAY 24HR;
IONIA,IONIA CITY,JONATHAN BOWMAN,"114 N. KIDD ST,IONIA,MI,48846",MONDAY 24HR;TUESDAY 24HR;WEDNESDAY 24HR;THURSDAY 24HR;FRIDAY 24HR;SATURDAY 24HR;SUNDAY 24HR;
IONIA,IONIA TOWNSHIP,SHERI LYNN,"1042 E WASHINGTON STREET,IONIA,MI,48846",MONDAY 24HR;TUESDAY 24HR;WEDNESDAY 24HR;THURSDAY 24HR;FRIDAY 24HR;SATURDAY 24HR;SUNDAY 24HR;
IONIA,KEENE TOWNSHIP,HOLLI MELTON,"8505 POTTERS RD,SARANAC,MI,48881",MONDAY 24HR;TUESDAY 24HR;WEDNESDAY 24HR;THURSDAY 24HR;FRIDAY 24HR;SATURDAY 24HR;SUNDAY 24HR;
IONIA,LYONS TOWNSHIP,JULIA HECKMAN,"505 E BRIDGE,LYONS,MI,48851",MONDAY 24HR;TUESDAY 24HR;WEDNESDAY 24HR;THURSDAY 24HR;FRIDAY 24HR;SATURDAY 24HR;SUNDAY 24HR;
IONIA,NORTH PLAINS TOWNSHIP,ROBERT FAHEY,"126 WASHINGTON ST.,HUBBARDSTON,MI,48845",MONDAY 24HR;TUESDAY 24HR;WEDNESDAY 24HR;THURSDAY 24HR;FRIDAY 24HR;SATURDAY 24HR;SUNDAY 24HR;
IONIA,ODESSA TOWNSHIP,LISA K WILLIAMS,"3862 LAUREL DRIVE,LAKE ODESSA,MI,48849",MONDAY 24HR;TUESDAY 24HR;WEDNESDAY 24HR;THURSDAY 24HR;FRIDAY 24HR;SATURDAY 24HR;SUNDAY 24HR;
IONIA,ORANGE TOWNSHIP,WENDY MCBRIDE,"3680 PORTLAND RD,PORTLAND,MI,48875",MONDAY 24HR;TUESDAY 24HR;WEDNESDAY 24HR;THURSDAY 24HR;FRIDAY 24HR;SATURDAY 24HR;SUNDAY 24HR;
IONIA,ORLEANS TOWNSHIP,TONDA RICH,"3077 Palmer Road,Orleans,MI,48865",24/7
IONIA,ORLEANS TOWNSHIP,TONDA RICH,"ORLEANS TOWNSHIP HALL,3077 PALMER ROAD,ORLEANS,MI,48865",MONDAY 24HR;TUESDAY 24HR;WEDNESDAY 24HR;THURSDAY 24HR;FRIDAY 24HR;SATURDAY 24HR;SUNDAY 24HR;
IONIA,OTISCO TOWNSHIP,VICKY BYRNE,"9663 BUTTON RD,BELDING,MI,48809",MONDAY 24HR;TUESDAY 24HR;WEDNESDAY 24HR;THURSDAY 24HR;FRIDAY 24HR;SATURDAY 24HR;SUNDAY 24HR;
IONIA,PORTLAND CITY,MONIQUE MILLER,"259 KENT ST.,(LOCATED IN DRIVE THRU),PORTLAND,MI,48875",MONDAY 24HR;TUESDAY 24HR;WEDNESDAY 24HR;THURSDAY 24HR;FRIDAY 24HR;SATURDAY 24HR;SUNDAY 24HR;
IONIA,PORTLAND TOWNSHIP,CHARLENE KEILEN,"773 E GRAND RIVER AVENUE,PORTLAND,MI,48875",MONDAY 24HR;TUESDAY 24HR;WEDNESDAY 24HR;THURSDAY 24HR;FRIDAY 24HR;SATURDAY 24HR;SUNDAY 24HR;
IONIA,RONALD TOWNSHIP,SULYN BETTINGHOUSE,"4987 STAGE ROAD,IONIA,MI,48846",MONDAY 24HR;TUESDAY 24HR;WEDNESDAY 24HR;THURSDAY 24HR;FRIDAY 24HR;SATURDAY 24HR;SUNDAY 24HR;
IONIA,SEBEWA TOWNSHIP,MANDY GROSSHANS,"2975 BIPPLEY RD,PORTLAND,MI,48875",MONDAY 24HR;TUESDAY 24HR;WEDNESDAY 24HR;THURSDAY 24HR;FRIDAY 24HR;SATURDAY 24HR;SUNDAY 24HR;
IOSCO,ALABASTER TOWNSHIP,JASMINE TUBBS,"1716 S US-23,TAWAS CITY,MI,48763",MONDAY 24HR;TUESDAY 24HR;WEDNESDAY 24HR;THURSDAY 24HR;FRIDAY 24HR;SATURDAY 24HR;SUNDAY 24HR;
IOSCO,AU SABLE TOWNSHIP,GINA  CINQUINO,"4420 N. US HWY 23,OSCODA,MI,48750",MONDAY 24HR;TUESDAY 24HR;WEDNESDAY 24HR;THURSDAY 24HR;FRIDAY 24HR;SATURDAY 24HR;SUNDAY 24HR;
IOSCO,BALDWIN TOWNSHIP,CATHY PITTSLEY,"1119 MONUMENT RD,TAWAS CITY,MI,48763",MONDAY 24HR;TUESDAY 24HR;WEDNESDAY 24HR;THURSDAY 24HR;FRIDAY 24HR;SATURDAY 24HR;SUNDAY 24HR;
IOSCO,BURLEIGH TOWNSHIP,STACY MCCLURE,"2495 PUTNAM ROAD,WHITTEMORE,MI,48770",MONDAY 24HR;TUESDAY 24HR;WEDNESDAY 24HR;THURSDAY 24HR;FRIDAY 24HR;SATURDAY 24HR;SUNDAY 24HR;
IOSCO,EAST TAWAS CITY,GRACE MARTIN,"760 NEWMAN ST,EAST TAWAS,MI,48730",MONDAY 24HR;TUESDAY 24HR;WEDNESDAY 24HR;THURSDAY 24HR;FRIDAY 24HR;SATURDAY 24HR;SUNDAY 24HR;
IOSCO,GRANT TOWNSHIP,ALYSHA BURGESS,"4049 INDIAN LAKE RD,NATIONAL CITY,MI,48748",
IOSCO,OSCODA TOWNSHIP,HEATHER TAIT,"110 S. STATE. ST.,OSCODA,MI,48750",MONDAY 24HR;TUESDAY 24HR;WEDNESDAY 24HR;THURSDAY 24HR;FRIDAY 24HR;SATURDAY 24HR;SUNDAY 24HR;
IOSCO,PLAINFIELD TOWNSHIP,SUE REILLY,"415 E MAIN ST,HALE,MI,48739",24/7
IOSCO,RENO TOWNSHIP,CHERYL HOTTOIS,"6981 MILLER ROAD (RENO HALL),WHITTEMORE,MI,48770",MONDAY 24HR;TUESDAY 24HR;WEDNESDAY 24HR;THURSDAY 24HR;FRIDAY 24HR;SATURDAY 24HR;SUNDAY 24HR;
IOSCO,SHERMAN TOWNSHIP,NANCY ORVIS,"2510 RHODES RD,TURNER,MI,48765",MONDAY 24HR;TUESDAY 24HR;WEDNESDAY 24HR;THURSDAY 24HR;FRIDAY 24HR;SATURDAY 24HR;SUNDAY 24HR;
IOSCO,TAWAS TOWNSHIP,MELISSA STEWART,"27 S McArdle Road,Tawas City,MI,48763",24/7
IOSCO,TAWAS CITY CITY,MICHELLE WESTCOTT,"550 W. LAKE STREET,TAWAS CITY,MI,48763",MONDAY 24HR;TUESDAY 24HR;WEDNESDAY 24HR;THURSDAY 24HR;FRIDAY 24HR;SATURDAY 24HR;SUNDAY 24HR;
IOSCO,WHITTEMORE CITY,MARIANNE JOHNS,"508 S. BULLOCK ST,WHITTEMORE,MI,48770",
IOSCO,WILBER TOWNSHIP,MARY PINGOT,"3120 SHERMAN ROAD,EAST TAWAS,MI,48730",MONDAY 24HR;TUESDAY 24HR;WEDNESDAY 24HR;THURSDAY 24HR;FRIDAY 24HR;SATURDAY 24HR;SUNDAY 24HR;
IRON,BATES TOWNSHIP,BARBARA BENSON-STAFFORD,"BATES TOWNSHIP HALL/OFFICE,DROP SLOT - 3070 US HWY 2 EAST,IRON RIVER,MI,49935",MONDAY 24HR;TUESDAY 24HR;WEDNESDAY 24HR;THURSDAY 24HR;FRIDAY 24HR;SATURDAY 24HR;SUNDAY 24HR;
IRON,CASPIAN CITY,JOHN STOKOSKI,"500 W. RAILROAD,CASPIAN,MI,49915",MONDAY 24HR;TUESDAY 24HR;WEDNESDAY 24HR;THURSDAY 24HR;FRIDAY 24HR;SATURDAY 24HR;SUNDAY 24HR;
IRON,CRYSTAL FALLS CITY,TARA PELTOMA,"401 SUPERIOR AVE,CRYSTAL FALLS,MI,49920",MONDAY 24HR;TUESDAY 24HR;WEDNESDAY 24HR;THURSDAY 24HR;FRIDAY 24HR;SATURDAY 24HR;SUNDAY 24HR;
IRON,CRYSTAL FALLS TOWNSHIP,NANCY NIEMI,"1384 WEST US HIGHWAY 2,CRYSTAL FALLS,MI,49920",MONDAY 24HR;TUESDAY 24HR;WEDNESDAY 24HR;THURSDAY 24HR;FRIDAY 24HR;SATURDAY 24HR;SUNDAY 24HR;
IRON,GAASTRA CITY,DEBRA TUSA,"4 VALLEY,GAASTRA,MI,49927",MONDAY 9:00AM - 4:00PM;TUESDAY 9:00AM - 4:00PM;WEDNESDAY 9:00AM - 4:00PM;THURSDAY 9:00AM - 4:00PM;FRIDAY 9:00AM - 4:00PM;
IRON,HEMATITE TOWNSHIP,VANESSA WARREN,"109 W. PINE ST,AMASA,MI,49903",MONDAY 24HR;TUESDAY 24HR;WEDNESDAY 24HR;THURSDAY 24HR;FRIDAY 24HR;SATURDAY 24HR;SUNDAY 24HR;
IRON,IRON RIVER CITY,TYANA ELENBAAS,"801 W. ADAMS STREET,IRON RIVER, MI  49935,MI,49935",MONDAY 24HR;TUESDAY 24HR;WEDNESDAY 24HR;THURSDAY 24HR;FRIDAY 24HR;SATURDAY 24HR;SUNDAY 24HR;
IRON,IRON RIVER TOWNSHIP,AMBER LATURI,"102 MCNUTT ROAD,BLACK METAL BOX LOCATED IN PARKING LOT,IRON RIVER,MI,49935",MONDAY 24HR;TUESDAY 24HR;WEDNESDAY 24HR;THURSDAY 24HR;FRIDAY 24HR;SATURDAY 24HR;SUNDAY 24HR;
IRON,MANSFIELD TOWNSHIP,JOHN LEUTZ,"2804 M-69,CRYSTAL FALLS,MI,49920",MONDAY 24HR;TUESDAY 24HR;WEDNESDAY 24HR;THURSDAY 24HR;FRIDAY 24HR;SATURDAY 24HR;SUNDAY 24HR;
IRON,MASTODON TOWNSHIP,KAREN MALLON,"1371 US HIGHWAY 2, SOUTH,CRYSTAL FALLS,MI,49920",MONDAY 24HR;TUESDAY 24HR;WEDNESDAY 24HR;THURSDAY 24HR;FRIDAY 24HR;SATURDAY 24HR;SUNDAY 24HR;
IRON,STAMBAUGH TOWNSHIP,MARGARET CHRISTENSEN,"110 EAST HILL ROAD,IRON RIVER,MI,49935",MONDAY 24HR;TUESDAY 24HR;WEDNESDAY 24HR;THURSDAY 24HR;FRIDAY 24HR;SATURDAY 24HR;SUNDAY 24HR;
ISABELLA,BROOMFIELD TOWNSHIP,PATRICIA OLSON,"2889 S. ROLLAND ROAD,REMUS,MI,49340",MONDAY 24HR;TUESDAY 24HR;WEDNESDAY 24HR;THURSDAY 24HR;FRIDAY 24HR;SATURDAY 24HR;SUNDAY 24HR;
ISABELLA,CHIPPEWA TOWNSHIP,FRANCES ASH,"11084 E PICKARD RD,MT PLEASANT,MI,48858",MONDAY 24HR;TUESDAY 24HR;WEDNESDAY 24HR;THURSDAY 24HR;FRIDAY 24HR;SATURDAY 24HR;SUNDAY 24HR;
ISABELLA,COE TOWNSHIP,RILEY TRAVIS,"309 W. WRIGHT AVE,INSIDE VESTIBULE,SHEPHERD,MI,48883",MONDAY 24HR;TUESDAY 24HR;WEDNESDAY 24HR;THURSDAY 24HR;FRIDAY 24HR;SATURDAY 24HR;SUNDAY 24HR;
ISABELLA,COLDWATER TOWNSHIP,CORRINE TIPTON,"7955 N BRINTON RD,LAKE,MI,48632",MONDAY 24HR;TUESDAY 24HR;WEDNESDAY 24HR;THURSDAY 24HR;FRIDAY 24HR;SATURDAY 24HR;SUNDAY 24HR;
ISABELLA,DENVER TOWNSHIP,TAMMY PROUT,"7016 E. BEAL CITY RD,MT. PLEASANT,MI,48858",MONDAY 24HR;TUESDAY 24HR;WEDNESDAY 24HR;THURSDAY 24HR;FRIDAY 24HR;SATURDAY 24HR;SUNDAY 24HR;
ISABELLA,FREMONT TOWNSHIP,JOHN SCHIMMELMANN,"2266 W BLANCHARD ROAD,MOUNT PLEASANT,MI,48858",MONDAY 24HR;TUESDAY 24HR;WEDNESDAY 24HR;THURSDAY 24HR;FRIDAY 24HR;SATURDAY 24HR;SUNDAY 24HR;
ISABELLA,GILMORE TOWNSHIP,LILLIAN FRICK,"GILMORE TOWNSHIP HALL,1998 W STEVENSON LAKE RD,FARWELL,MI,48622",MONDAY 24HR;TUESDAY 24HR;WEDNESDAY 24HR;THURSDAY 24HR;FRIDAY 24HR;SATURDAY 24HR;SUNDAY 24HR;
ISABELLA,ISABELLA TOWNSHIP,KRISTIN DERBY,"3929 E ROSEBUSH RD,ROSEBUSH,MI,48878",MONDAY 24HR;TUESDAY 24HR;WEDNESDAY 24HR;THURSDAY 24HR;FRIDAY 24HR;SATURDAY 24HR;SUNDAY 24HR;
ISABELLA,LINCOLN TOWNSHIP,DANIELLE WILLOUGHBY,"2149 E PLEASANT VALLEY RD,SHEPHERD,MI,48883",MONDAY 8:00AM - 7:00PM;TUESDAY 8:00AM - 7:00PM;WEDNESDAY 8:00AM - 7:00PM;THURSDAY 8:00AM - 7:00PM;FRIDAY 8:00AM - 7:00PM;
ISABELLA,MOUNT PLEASANT CITY,HOLLY SCHMELTZER,"320 W. BROADWAY ST.,MT. PLEASANT,MI,48858",MONDAY 24HR;TUESDAY 24HR;WEDNESDAY 24HR;THURSDAY 24HR;FRIDAY 24HR;SATURDAY 24HR;SUNDAY 24HR;
ISABELLA,NOTTAWA TOWNSHIP,HEATHER CURTISS,"3024 W WEIDMAN RD,WEIDMAN,MI,48893",MONDAY 24HR;TUESDAY 24HR;WEDNESDAY 24HR;THURSDAY 24HR;FRIDAY 24HR;SATURDAY 24HR;SUNDAY 24HR;
ISABELLA,ROLLAND TOWNSHIP,MARY ELLEN BUTLER,"7869 S. SHERMAN RD,BLANCHARD,MI,49310",MONDAY 24HR;TUESDAY 24HR;WEDNESDAY 24HR;THURSDAY 24HR;FRIDAY 24HR;SATURDAY 24HR;SUNDAY 24HR;
ISABELLA,ROLLAND TOWNSHIP,MARY ELLEN BUTLER,"8323 W. COUNTY LINE RD,BLANCHARD,MI,49310",MONDAY 24HR;TUESDAY 24HR;WEDNESDAY 24HR;THURSDAY 24HR;FRIDAY 24HR;SATURDAY 24HR;SUNDAY 24HR;
ISABELLA,SHERMAN TOWNSHIP,DENISE LIVERMORE,"3550 N ROLLAND RD,WEIDMAN,MI,48893",MONDAY 24HR;TUESDAY 24HR;WEDNESDAY 24HR;THURSDAY 24HR;FRIDAY 24HR;SATURDAY 24HR;SUNDAY 24HR;
ISABELLA,UNION TOWNSHIP,LISA CODY,"2010 S Lincoln Rd,Mt. Pleasant,MI,48858","8:30A - 4:30P, M-F"
ISABELLA,VERNON TOWNSHIP,LOREN COLE,"VERNON TOWNSHIP HALL,4031 E. STEVENSON LAKE RD,CLARE,MI,48617",
ISABELLA,WISE TOWNSHIP,DORIS METHNER,"10509 N LOOMIS ST.,CLARE,MI,48617",MONDAY 24HR;TUESDAY 24HR;WEDNESDAY 24HR;THURSDAY 24HR;FRIDAY 24HR;SATURDAY 24HR;SUNDAY 24HR;
JACKSON,BLACKMAN TOWNSHIP,DAVID ELWELL,"1990 W. PARNALL RD.,JACKSON,MI,49201",MONDAY 24HR;TUESDAY 24HR;WEDNESDAY 24HR;THURSDAY 24HR;FRIDAY 24HR;SATURDAY 24HR;SUNDAY 24HR;
JACKSON,BLACKMAN TOWNSHIP,DAVID ELWELL,"1990 W. PARNALL RD.,JACKSON,MI,49201",MONDAY 24HR;TUESDAY 24HR;WEDNESDAY 24HR;THURSDAY 24HR;FRIDAY 24HR;SATURDAY 24HR;SUNDAY 24HR;
JACKSON,COLUMBIA CHARTER TOWNSHIP,CATHY HULBURT,"8500 JEFFERSON RD,BROOKLYN,MI,49230",MONDAY 24HR;TUESDAY 24HR;WEDNESDAY 24HR;THURSDAY 24HR;FRIDAY 24HR;SATURDAY 24HR;SUNDAY 24HR;
JACKSON,CONCORD TOWNSHIP,TERRI BUTTS,"121 GROVE STREET,PO BOX 236,CONCORD,MI,49237",MONDAY 24HR;TUESDAY 24HR;WEDNESDAY 24HR;THURSDAY 24HR;FRIDAY 24HR;SATURDAY 24HR;SUNDAY 24HR;
JACKSON,GRASS LAKE CHARTER TOWNSHIP,GAIL HARRIS,"373 LAKESIDE DRIVE,GRASS LAKE,MI,49240",MONDAY 24HR;TUESDAY 24HR;WEDNESDAY 24HR;THURSDAY 24HR;FRIDAY 24HR;SATURDAY 24HR;SUNDAY 24HR;
JACKSON,HANOVER TOWNSHIP,RACHEL HEATH,"311 FARVIEW STREET,HORTON,MI,49246",MONDAY 24HR;TUESDAY 24HR;WEDNESDAY 24HR;THURSDAY 24HR;FRIDAY 24HR;SATURDAY 24HR;SUNDAY 24HR;
JACKSON,HENRIETTA TOWNSHIP,MAKENDRA KRUTSCH,"11732 BUNKERHILL ROAD,PLEASANT LAKE,MI,49272",MONDAY 24HR;TUESDAY 24HR;WEDNESDAY 24HR;THURSDAY 24HR;FRIDAY 24HR;SATURDAY 24HR;SUNDAY 24HR;
JACKSON,JACKSON CITY,ANDREA MURAY,"161 W MICHIGAN AVE,JACKSON,MI,49201",MONDAY 24HR;TUESDAY 24HR;WEDNESDAY 24HR;THURSDAY 24HR;FRIDAY 24HR;SATURDAY 24HR;SUNDAY 24HR;
JACKSON,JACKSON CITY,ANDREA MURAY,"400 E. NORTH STREET,NIXON PARK PARKING LOT,JACKSON,MI,49201",MONDAY 24HR;TUESDAY 24HR;WEDNESDAY 24HR;THURSDAY 24HR;FRIDAY 24HR;SATURDAY 24HR;SUNDAY 24HR;
JACKSON,LEONI TOWNSHIP,CINDY NORRIS,"913 FIFTH STREET,MICHIGAN CENTER,MI,49254",MONDAY 24HR;TUESDAY 24HR;WEDNESDAY 24HR;THURSDAY 24HR;FRIDAY 24HR;SATURDAY 24HR;SUNDAY 24HR;
JACKSON,LEONI TOWNSHIP,CINDY NORRIS,"913 FIFTH STREET,MICHIGAN CENTER,MI,49254",MONDAY 24HR;TUESDAY 24HR;WEDNESDAY 24HR;THURSDAY 24HR;FRIDAY 24HR;SATURDAY 24HR;SUNDAY 24HR;
JACKSON,LIBERTY TOWNSHIP,DEBBIE JACOBSON,"101 W. Liberty Rd,Clarklake,MI,49234",24/7
JACKSON,NAPOLEON TOWNSHIP,TRACI SPRING,"NAPOLEON TOWNSHIP BUILDING,6755 BROOKLYN RD.,NAPOLEON,MI,49261",MONDAY 24HR;TUESDAY 24HR;WEDNESDAY 24HR;THURSDAY 24HR;FRIDAY 24HR;SATURDAY 24HR;SUNDAY 24HR;
JACKSON,NORVELL TOWNSHIP,SHARON PERO,"300 MILL ROAD,BROOKLYN,MI,49230",MONDAY 24HR;TUESDAY 24HR;WEDNESDAY 24HR;THURSDAY 24HR;FRIDAY 24HR;SATURDAY 24HR;SUNDAY 24HR;
JACKSON,PARMA TOWNSHIP,SARAH STANHAM,"16407 COMDON RD,ALBION,MI,49224",MONDAY 24HR;TUESDAY 24HR;WEDNESDAY 24HR;THURSDAY 24HR;FRIDAY 24HR;SATURDAY 24HR;SUNDAY 24HR;
JACKSON,PARMA TOWNSHIP,SARAH STANHAM,"16407 Comdon Road,North side of building,Albion,MI,49224",24/7
JACKSON,PULASKI TOWNSHIP,BOBBI RILEY,"12363 FOLKS RD.,HANOVER,MI,49241",MONDAY 24HR;TUESDAY 24HR;WEDNESDAY 24HR;THURSDAY 24HR;FRIDAY 24HR;SATURDAY 24HR;SUNDAY 24HR;
JACKSON,RIVES TOWNSHIP,KENDRA ADAMS,"348 E MAIN STREET,RIVES JUNCTION,MI,49277",MONDAY 24HR;TUESDAY 24HR;WEDNESDAY 24HR;THURSDAY 24HR;FRIDAY 24HR;SATURDAY 24HR;SUNDAY 24HR;
JACKSON,SANDSTONE TOWNSHIP,KIMBERLY BRITTEN,"7940 COUNTY FARM RD.,PARMA,MI,49269",MONDAY 24HR;TUESDAY 24HR;WEDNESDAY 24HR;THURSDAY 24HR;FRIDAY 24HR;SATURDAY 24HR;SUNDAY 24HR;
JACKSON,SPRING ARBOR TOWNSHIP,PATRICIA BUSH,"107 E. MAIN STREET,(IN DRIVEWAY),SPRING ARBOR,MI,49283",MONDAY 24HR;TUESDAY 24HR;WEDNESDAY 24HR;THURSDAY 24HR;FRIDAY 24HR;SATURDAY 24HR;SUNDAY 24HR;
JACKSON,SPRINGPORT TOWNSHIP,JACLYN RIEHLE,"101 E MAIN STREET,SPRINGPORT,MI,49284",MONDAY 24HR;TUESDAY 24HR;WEDNESDAY 24HR;THURSDAY 24HR;FRIDAY 24HR;SATURDAY 24HR;SUNDAY 24HR;
JACKSON,SUMMIT TOWNSHIP,MEGHAN DOBBEN,"2507 SPRING ARBOR RD,2507 SPRING ARBOR RD,MI,49203",MONDAY 24HR;TUESDAY 24HR;WEDNESDAY 24HR;THURSDAY 24HR;FRIDAY 24HR;SATURDAY 24HR;SUNDAY 24HR;
JACKSON,SUMMIT TOWNSHIP,MEGHAN DOBBEN,"2121 FERGUSON RD,JACKSON,MI,49203",MONDAY 24HR;TUESDAY 24HR;WEDNESDAY 24HR;THURSDAY 24HR;FRIDAY 24HR;SATURDAY 24HR;SUNDAY 24HR;
JACKSON,TOMPKINS TOWNSHIP,MELANIE CURRAN,"9999 TOMPKINS RD.,RIVES JUNCTION,MI,49277",MONDAY 24HR;TUESDAY 24HR;WEDNESDAY 24HR;THURSDAY 24HR;FRIDAY 24HR;SATURDAY 24HR;SUNDAY 24HR;
JACKSON,WATERLOO TOWNSHIP,WILLIAM RICHARDSON,"9773 MT HOPE RD,MUNITH,MI,49259",MONDAY 24HR;TUESDAY 24HR;WEDNESDAY 24HR;THURSDAY 24HR;FRIDAY 24HR;SATURDAY 24HR;SUNDAY 24HR;
KALAMAZOO,ALAMO TOWNSHIP,BARBARA VENEMA,"7901 N 6TH ST,KALAMAZOO,MI,49009",MONDAY 24HR;TUESDAY 24HR;WEDNESDAY 24HR;THURSDAY 24HR;FRIDAY 24HR;SATURDAY 24HR;SUNDAY 24HR;
KALAMAZOO,BRADY TOWNSHIP,REAGAN HUNTER,"13123 S. 24TH STREET,VICKSBURG,MI,49097",MONDAY 24HR;TUESDAY 24HR;WEDNESDAY 24HR;THURSDAY 24HR;FRIDAY 24HR;SATURDAY 24HR;SUNDAY 24HR;
KALAMAZOO,CHARLESTON TOWNSHIP,ALESE LEPERT,"1499 SOUTH 38TH STREET,GALESBURG,MI,49053",MONDAY 24HR;TUESDAY 24HR;WEDNESDAY 24HR;THURSDAY 24HR;FRIDAY 24HR;SATURDAY 24HR;SUNDAY 24HR;
KALAMAZOO,CLIMAX TOWNSHIP,SARAH DEBOER,"110 N. MAIN ST.,CLIMAX,MI,49034",MONDAY 24HR;TUESDAY 24HR;WEDNESDAY 24HR;THURSDAY 24HR;FRIDAY 24HR;SATURDAY 24HR;SUNDAY 24HR;
KALAMAZOO,COMSTOCK TOWNSHIP,AMBER LAWRENCE,"5858 KING HIGHWAY,KALAMAZOO,MI,49048",MONDAY 24HR;TUESDAY 24HR;WEDNESDAY 24HR;THURSDAY 24HR;FRIDAY 24HR;SATURDAY 24HR;SUNDAY 24HR;
KALAMAZOO,COOPER TOWNSHIP,DEANNA JANSSEN,"1590 WEST D AVE,KALAMAZOO,MI,49009",MONDAY 24HR;TUESDAY 24HR;WEDNESDAY 24HR;THURSDAY 24HR;FRIDAY 24HR;SATURDAY 24HR;SUNDAY 24HR;
KALAMAZOO,GALESBURG CITY,LISA MCNEES,"200 EAST MICHIGAN AVENUE,GALESBURG,MI,49053",MONDAY 24HR;TUESDAY 24HR;WEDNESDAY 24HR;THURSDAY 24HR;FRIDAY 24HR;SATURDAY 24HR;SUNDAY 24HR;
KALAMAZOO,KALAMAZOO CITY,SCOTT BORLING,"CITY OF KALAMAZOO PUBLIC SERVICES BUILDING,415 E. STOCKBRIDGE,KALAMAZOO,MI,49001",MONDAY 24HR;TUESDAY 24HR;WEDNESDAY 24HR;THURSDAY 24HR;FRIDAY 24HR;SATURDAY 24HR;SUNDAY 24HR;
KALAMAZOO,KALAMAZOO CITY,SCOTT BORLING,"DOUGLASS COMMUNITY ASSOCIATION,1000 W. PATERSON ST.,KALAMAZOO,MI,49007",MONDAY 24HR;TUESDAY 24HR;WEDNESDAY 24HR;THURSDAY 24HR;FRIDAY 24HR;SATURDAY 24HR;SUNDAY 24HR;
KALAMAZOO,KALAMAZOO CITY,SCOTT BORLING,"EASTSIDE COMMUNITY CENTER,1301 E. MAIN STREET,KALAMAZOO,MI,49048",MONDAY 24HR;TUESDAY 24HR;WEDNESDAY 24HR;THURSDAY 24HR;FRIDAY 24HR;SATURDAY 24HR;SUNDAY 24HR;
KALAMAZOO,KALAMAZOO CITY,SCOTT BORLING,"KALAMAZOO CITY HALL,241 W SOUTH ST,KALAMAZOO,MI,49007",MONDAY 24HR;TUESDAY 24HR;WEDNESDAY 24HR;THURSDAY 24HR;FRIDAY 24HR;SATURDAY 24HR;SUNDAY 24HR;
KALAMAZOO,KALAMAZOO CITY,SCOTT BORLING,"KALAMAZOO DEPT OF PUBLIC SAFETY - STATION 7,2331 PARKVIEW AVE,KALAMAZOO,MI,49008",MONDAY 24HR;TUESDAY 24HR;WEDNESDAY 24HR;THURSDAY 24HR;FRIDAY 24HR;SATURDAY 24HR;SUNDAY 24HR;
KALAMAZOO,KALAMAZOO TOWNSHIP,LISA MACKIE,"CHARTER TOWNSHIP OF KALAMAZOO,1720 RIVERVIEW DRIVE,KALAMAZOO,MI,49004",MONDAY 24HR;TUESDAY 24HR;WEDNESDAY 24HR;THURSDAY 24HR;FRIDAY 24HR;SATURDAY 24HR;SUNDAY 24HR;
KALAMAZOO,KALAMAZOO TOWNSHIP,LISA MACKIE,"WESTWOOD FIRE STATION,1310 NICHOLS RD,KALAMAZOO,MI,49006",MONDAY 24HR;TUESDAY 24HR;WEDNESDAY 24HR;THURSDAY 24HR;FRIDAY 24HR;SATURDAY 24HR;SUNDAY 24HR;
KALAMAZOO,OSHTEMO TOWNSHIP,DUSTY FARMER,"6407 PARKVIEW AVE,KALAMAZOO,MI,49009",MONDAY 24HR;TUESDAY 24HR;WEDNESDAY 24HR;THURSDAY 24HR;FRIDAY 24HR;SATURDAY 24HR;SUNDAY 24HR;
KALAMAZOO,OSHTEMO TOWNSHIP,DUSTY FARMER,"7275 WEST MAIN ST.,KALAMAZOO,MI,49009",MONDAY 24HR;TUESDAY 24HR;WEDNESDAY 24HR;THURSDAY 24HR;FRIDAY 24HR;SATURDAY 24HR;SUNDAY 24HR;
KALAMAZOO,OSHTEMO TOWNSHIP,DUSTY FARMER,"7275 WEST MAIN ST.,KALAMAZOO,MI,49009",MONDAY 8:00AM - 1:00PM AND 2:00PM - 5:00PM;TUESDAY 8:00AM - 1:00PM AND 2:00PM - 5:00PM;WEDNESDAY 8:00AM - 1:00PM AND 2:00PM - 5:00PM;THURSDAY 8:00AM - 1:00PM AND 2:00PM - 5:00PM;FRIDAY 8:00AM - 12:00PM AND 12:30PM - 1:00PM;
KALAMAZOO,PARCHMENT CITY,SHANNON STUTZ,"650 S RIVERVIEW,PARCHMENT,MI,49004",MONDAY 24HR;TUESDAY 24HR;WEDNESDAY 24HR;THURSDAY 24HR;FRIDAY 24HR;SATURDAY 24HR;SUNDAY 24HR;
KALAMAZOO,PAVILION CHARTER TOWNSHIP,KAREN SIEGWART,"7510 Q AVE E,SCOTTS,MI,49088",MONDAY 24HR;TUESDAY 24HR;WEDNESDAY 24HR;THURSDAY 24HR;FRIDAY 24HR;SATURDAY 24HR;SUNDAY 24HR;
KALAMAZOO,PORTAGE CITY,ERICA EKLOV,"6101 OAKLAND DRIVE,FIRE STATION #2,PORTAGE,MI,49024",MONDAY 24HR;TUESDAY 24HR;WEDNESDAY 24HR;THURSDAY 24HR;FRIDAY 24HR;SATURDAY 24HR;SUNDAY 24HR;
KALAMAZOO,PORTAGE CITY,ERICA EKLOV,"7900 SOUTH WESTNEDGE AVENUE,CITY HALL,PORTAGE,MI,49002",MONDAY 24HR;TUESDAY 24HR;WEDNESDAY 24HR;THURSDAY 24HR;FRIDAY 24HR;SATURDAY 24HR;SUNDAY 24HR;
KALAMAZOO,PORTAGE CITY,ERICA EKLOV,"8503 SPRINKLE ROAD,FIRE STATION #3,PORTAGE,MI,49002",MONDAY 24HR;TUESDAY 24HR;WEDNESDAY 24HR;THURSDAY 24HR;FRIDAY 24HR;SATURDAY 24HR;SUNDAY 24HR;
KALAMAZOO,PRAIRIE RONDE TOWNSHIP,DALE SMITH,"14050 S 6TH STREET,SCHOOLCRAFT,MI,49087",MONDAY 24HR;TUESDAY 24HR;WEDNESDAY 24HR;THURSDAY 24HR;FRIDAY 24HR;SATURDAY 24HR;SUNDAY 24HR;
KALAMAZOO,RICHLAND TOWNSHIP,TAMI PENNY,"7401 N 32ND ST,RICHLAND,MI,49083",MONDAY 24HR;TUESDAY 24HR;WEDNESDAY 24HR;THURSDAY 24HR;FRIDAY 24HR;SATURDAY 24HR;SUNDAY 24HR;
KALAMAZOO,ROSS TOWNSHIP,MARY STAGE,"12086 M-89,RICHLAND,MI,49083",MONDAY 24HR;TUESDAY 24HR;WEDNESDAY 24HR;THURSDAY 24HR;FRIDAY 24HR;SATURDAY 24HR;SUNDAY 24HR;
KALAMAZOO,SCHOOLCRAFT TOWNSHIP,ESKA BROWN,"50 EAST VW AVE,VICKSBURG,MI,49097",SATURDAY 8:00AM - 4:00PM;
KALAMAZOO,TEXAS TOWNSHIP,EMILY BEUTEL,"7227 W Q AVE,KALAMAZOO,MI,49009",MONDAY 24HR;TUESDAY 24HR;WEDNESDAY 24HR;THURSDAY 24HR;FRIDAY 24HR;SATURDAY 24HR;SUNDAY 24HR;
KALAMAZOO,WAKESHMA TOWNSHIP,MICHAEL FRY,"13988 SOUTH 42ND,FULTON,MI,49052",MONDAY 24HR;TUESDAY 24HR;WEDNESDAY 24HR;THURSDAY 24HR;FRIDAY 24HR;SATURDAY 24HR;SUNDAY 24HR;
KALKASKA,BEAR LAKE TOWNSHIP,DAWN DANNENBERG,"198 E. BEAR LAKE RD.SE,KALKASKA,MI,49646",MONDAY 24HR;TUESDAY 24HR;WEDNESDAY 24HR;THURSDAY 24HR;FRIDAY 24HR;SATURDAY 24HR;SUNDAY 24HR;
KALKASKA,BLUE LAKE TOWNSHIP,TRACY NICHOL,"10599 Twin Lake Rd NE,Mancelona,MI,49659",24/7
KALKASKA,BLUE LAKE TOWNSHIP,TRACY NICHOL,"10599 TWIN LAKE RD NE,BETWEEN THE OFFICE AND HALL DOORS,MANCELONA,MI,49659",MONDAY 24HR;TUESDAY 24HR;WEDNESDAY 24HR;THURSDAY 24HR;FRIDAY 24HR;SATURDAY 24HR;SUNDAY 24HR;
KALKASKA,BOARDMAN TOWNSHIP,TONYA HART,"4859 PINE ST,BOARDMAN TOWNSHIP,MI,49680",MONDAY 24HR;TUESDAY 24HR;WEDNESDAY 24HR;THURSDAY 24HR;FRIDAY 24HR;SATURDAY 24HR;SUNDAY 24HR;
KALKASKA,CLEARWATER TOWNSHIP,JENNY CORNEA,"5440 RIVER ST,RAPID CITY,MI,49676",MONDAY 24HR;TUESDAY 24HR;WEDNESDAY 24HR;THURSDAY 24HR;FRIDAY 24HR;SATURDAY 24HR;SUNDAY 24HR;
KALKASKA,COLDSPRINGS TOWNSHIP,DANIELLE STEIN-SEABOLT,"6515 COUNTY ROAD 571 NE,MANCELONA,MI,49659",MONDAY 24HR;TUESDAY 24HR;WEDNESDAY 24HR;THURSDAY 24HR;FRIDAY 24HR;SATURDAY 24HR;SUNDAY 24HR;
KALKASKA,EXCELSIOR TOWNSHIP,ANNIE WALLACE,"987 CO. RD. 571,KALKASKA,MI,49646",24/7
KALKASKA,GARFIELD TOWNSHIP,KENNETH NASON,"466 W SHARON RD,FIFE LAKE,MI,49633",MONDAY 24HR;TUESDAY 24HR;WEDNESDAY 24HR;THURSDAY 24HR;FRIDAY 24HR;SATURDAY 24HR;SUNDAY 24HR;
KALKASKA,KALKASKA TOWNSHIP,KRISTIE SWIKOSKI,"209 LAUREL STREET,KALKASKA,MI,49646",MONDAY 24HR;TUESDAY 24HR;WEDNESDAY 24HR;THURSDAY 24HR;FRIDAY 24HR;SATURDAY 24HR;SUNDAY 24HR;
KALKASKA,OLIVER TOWNSHIP,ALEXA SZYMCHACK ,"5472 KNISS RD,KALKASKA,MI,49646",MONDAY 24HR;TUESDAY 24HR;WEDNESDAY 24HR;THURSDAY 24HR;FRIDAY 24HR;SATURDAY 24HR;SUNDAY 24HR;
KALKASKA,ORANGE TOWNSHIP,ERIC HENDRICKS,"0028 BOARDMAN RD SW,SOUTH BOARDMAN,MI,49680",MONDAY 24HR;TUESDAY 24HR;WEDNESDAY 24HR;THURSDAY 24HR;FRIDAY 24HR;SATURDAY 24HR;SUNDAY 24HR;
KALKASKA,RAPID RIVER TOWNSHIP,VALERIE HANSEN,"1010 PHELPS ROAD,NEAR THE OFFICE ENTRANCE.,KALKASKA,MI,49646",MONDAY 24HR;TUESDAY 24HR;WEDNESDAY 24HR;THURSDAY 24HR;FRIDAY 24HR;SATURDAY 24HR;SUNDAY 24HR;
KALKASKA,SPRINGFIELD TOWNSHIP,JODI THAYER,"5253 INGERSOLL RD,FIFE LAKE,MI,49633",MONDAY 24HR;TUESDAY 24HR;WEDNESDAY 24HR;THURSDAY 24HR;FRIDAY 24HR;SATURDAY 24HR;SUNDAY 24HR;
KENT,ADA TOWNSHIP,JO DEMARCO,"7330 THORNAPPLE RIVER DR,ADA,MI,49301",MONDAY 24HR;TUESDAY 24HR;WEDNESDAY 24HR;THURSDAY 24HR;FRIDAY 24HR;SATURDAY 24HR;SUNDAY 24HR;
KENT,ALGOMA TOWNSHIP,TIM SPITLER,"10531 ALGOMA AVE NE,ROCKFORD,MI,49341",MONDAY 24HR;TUESDAY 24HR;WEDNESDAY 24HR;THURSDAY 24HR;FRIDAY 24HR;SATURDAY 24HR;SUNDAY 24HR;
KENT,ALPINE TOWNSHIP,CHRISTY MITCHELL,"5255 ALPINE AVE NW,COMSTOCK PARK,MI,49321",MONDAY 24HR;TUESDAY 24HR;WEDNESDAY 24HR;THURSDAY 24HR;FRIDAY 24HR;SATURDAY 24HR;SUNDAY 24HR;
KENT,BOWNE TOWNSHIP,KAREN HENDRICK,"8240 ALDEN NASH AVE SE,ALTO,MI,49302",MONDAY 24HR;TUESDAY 24HR;WEDNESDAY 24HR;THURSDAY 24HR;FRIDAY 24HR;SATURDAY 24HR;SUNDAY 24HR;
KENT,BYRON TOWNSHIP,PEGGY SATTLER,"2120 76TH ST. SW,BYRON CENTER,MI,49315",MONDAY 24HR;TUESDAY 24HR;WEDNESDAY 24HR;THURSDAY 24HR;FRIDAY 24HR;SATURDAY 24HR;SUNDAY 24HR;
KENT,BYRON TOWNSHIP,PEGGY SATTLER,"8085 BYRON CENTER AVE SW,BYRON CENTER,MI,49315",MONDAY 24HR;TUESDAY 24HR;WEDNESDAY 24HR;THURSDAY 24HR;FRIDAY 24HR;SATURDAY 24HR;SUNDAY 24HR;
KENT,CALEDONIA TOWNSHIP,JONI HENRY,"8196 BROADMOOR AVENUE SE,CALEDONIA,MI,49316",MONDAY 24HR;TUESDAY 24HR;WEDNESDAY 24HR;THURSDAY 24HR;FRIDAY 24HR;SATURDAY 24HR;SUNDAY 24HR;
KENT,CANNON TOWNSHIP,JIM ALLES,"6878 BELDING ROAD NE,ROCKFORD,MI,49341",MONDAY 24HR;TUESDAY 24HR;WEDNESDAY 24HR;THURSDAY 24HR;FRIDAY 24HR;SATURDAY 24HR;SUNDAY 24HR;
KENT,CASCADE TOWNSHIP,SUSAN B SLATER,"CASCADE LIBRARY,2870 JACKSMITH AVE SE,GRAND RAPIDS,MI,49546",MONDAY 24HR;TUESDAY 24HR;WEDNESDAY 24HR;THURSDAY 24HR;FRIDAY 24HR;SATURDAY 24HR;SUNDAY 24HR;
KENT,CASCADE TOWNSHIP,SUSAN B SLATER,"CASCADE TOWNSHIP HALL,5920 TAHOE DR SE,GRAND RAPIDS,MI,49546",MONDAY 24HR;TUESDAY 24HR;WEDNESDAY 24HR;THURSDAY 24HR;FRIDAY 24HR;SATURDAY 24HR;SUNDAY 24HR;
KENT,CEDAR SPRINGS CITY,APRIL DECESS,"DRIVE UP DROP BOX @ REAR OF BUILDING,66 S. MAIN STREET,CEDAR SPRINGS,MI,49319",MONDAY 24HR;TUESDAY 24HR;WEDNESDAY 24HR;THURSDAY 24HR;FRIDAY 24HR;SATURDAY 24HR;SUNDAY 24HR;
KENT,COURTLAND TOWNSHIP,SUSAN  HARTMAN,"7450 14 MILE RD,ROCKFORD,MI,49341",MONDAY 24HR;TUESDAY 24HR;WEDNESDAY 24HR;THURSDAY 24HR;FRIDAY 24HR;SATURDAY 24HR;SUNDAY 24HR;
KENT,EAST GRAND RAPIDS CITY,LORI PARMENTER,"750 LAKESIDE DRIVE SE,NEXT TO FRONT ENTRY DOORS,GRAND RAPIDS,MI,49506",MONDAY 24HR;TUESDAY 24HR;WEDNESDAY 24HR;THURSDAY 24HR;FRIDAY 24HR;SATURDAY 24HR;SUNDAY 24HR;
KENT,GAINES TOWNSHIP,MICHAEL BREW,"421 68TH STREET,CALEDONIA,MI,49316",MONDAY 24HR;TUESDAY 24HR;WEDNESDAY 24HR;THURSDAY 24HR;FRIDAY 24HR;SATURDAY 24HR;SUNDAY 24HR;
KENT,GAINES TOWNSHIP,MICHAEL BREW,"8555 KALAMAZOO AVE. SE,CALEDONIA,MI,49316",MONDAY 24HR;TUESDAY 24HR;WEDNESDAY 24HR;THURSDAY 24HR;FRIDAY 24HR;SATURDAY 24HR;SUNDAY 24HR;
KENT,GRAND RAPIDS CITY,JOEL HONDORP,"1017 LEONARD NW,GRAND RAPIDS,MI,49504",MONDAY 24HR;TUESDAY 24HR;WEDNESDAY 24HR;THURSDAY 24HR;FRIDAY 24HR;SATURDAY 24HR;SUNDAY 24HR;
KENT,GRAND RAPIDS CITY,JOEL HONDORP,"110 FOUNTAIN NE,GRAND RAPIDS,MI,49503",MONDAY 24HR;TUESDAY 24HR;WEDNESDAY 24HR;THURSDAY 24HR;FRIDAY 24HR;SATURDAY 24HR;SUNDAY 24HR;
KENT,GRAND RAPIDS CITY,JOEL HONDORP,"1150 GIDDINGS SE,GRAND RAPIDS,MI,49506",MONDAY 24HR;TUESDAY 24HR;WEDNESDAY 24HR;THURSDAY 24HR;FRIDAY 24HR;SATURDAY 24HR;SUNDAY 24HR;
KENT,GRAND RAPIDS CITY,JOEL HONDORP,"1201 MADISON SE,GRAND RAPIDS,MI,49507",MONDAY 24HR;TUESDAY 24HR;WEDNESDAY 24HR;THURSDAY 24HR;FRIDAY 24HR;SATURDAY 24HR;SUNDAY 24HR;
KENT,GRAND RAPIDS CITY,JOEL HONDORP,"1563 PLAINFIELD NE,GRAND RAPIDS,MI,49505",MONDAY 24HR;TUESDAY 24HR;WEDNESDAY 24HR;THURSDAY 24HR;FRIDAY 24HR;SATURDAY 24HR;SUNDAY 24HR;
KENT,GRAND RAPIDS CITY,JOEL HONDORP,"16 ELM STREET SW,GRAND RAPIDS,MI,49507",MONDAY 24HR;TUESDAY 24HR;WEDNESDAY 24HR;THURSDAY 24HR;FRIDAY 24HR;SATURDAY 24HR;SUNDAY 24HR;
KENT,GRAND RAPIDS CITY,JOEL HONDORP,"2025 LEONARD NE,GRAND RAPIDS,MI,49505",MONDAY 24HR;TUESDAY 24HR;WEDNESDAY 24HR;THURSDAY 24HR;FRIDAY 24HR;SATURDAY 24HR;SUNDAY 24HR;
KENT,GRAND RAPIDS CITY,JOEL HONDORP,"2350 EASTERN SE,GRAND RAPIDS,MI,49507",MONDAY 24HR;TUESDAY 24HR;WEDNESDAY 24HR;THURSDAY 24HR;FRIDAY 24HR;SATURDAY 24HR;SUNDAY 24HR;
KENT,GRAND RAPIDS CITY,JOEL HONDORP,"300 MONROE NW,GRAND RAPIDS,MI,49503",MONDAY 8:00AM - 5:00PM;TUESDAY 8:00AM - 5:00PM;WEDNESDAY 8:00AM - 5:00PM;THURSDAY 8:00AM - 5:00PM;FRIDAY 8:00AM - 5:00PM;
KENT,GRAND RAPIDS CITY,JOEL HONDORP,"300 OTTAWA NW,GRAND RAPIDS,MI,49503",MONDAY 24HR;TUESDAY 24HR;WEDNESDAY 24HR;THURSDAY 24HR;FRIDAY 24HR;SATURDAY 24HR;SUNDAY 24HR;
KENT,GRAND RAPIDS CITY,JOEL HONDORP,"713 BRIDGE NW,GRAND RAPIDS,MI,49504",MONDAY 24HR;TUESDAY 24HR;WEDNESDAY 24HR;THURSDAY 24HR;FRIDAY 24HR;SATURDAY 24HR;SUNDAY 24HR;
KENT,GRAND RAPIDS CHARTER TOWNSHIP,EDWARD ROBINETTE,"1836 EAST BELTLINE NE,CURBSIDE DROP BOX,GRAND RAPIDS,MI,49525",MONDAY 24HR;TUESDAY 24HR;WEDNESDAY 24HR;THURSDAY 24HR;FRIDAY 24HR;SATURDAY 24HR;
KENT,GRAND RAPIDS CHARTER TOWNSHIP,EDWARD ROBINETTE,"2728 3 MILE NE,GRAND RAPIDS,MI,49525",MONDAY 24HR;TUESDAY 24HR;WEDNESDAY 24HR;THURSDAY 24HR;FRIDAY 24HR;SATURDAY 24HR;
KENT,GRANDVILLE CITY,MICHELLE JESPERSEN,"3195 WILSON AVE SW,GRANDVILLE,MI,49418",MONDAY 24HR;TUESDAY 24HR;WEDNESDAY 24HR;THURSDAY 24HR;FRIDAY 24HR;SATURDAY 24HR;SUNDAY 24HR;
KENT,GRATTAN TOWNSHIP,OTTO MCNAUGHTON,"12050 OLD BELDING RD NE,BELDING,MI,48809",MONDAY 24HR;TUESDAY 24HR;WEDNESDAY 24HR;THURSDAY 24HR;FRIDAY 24HR;SATURDAY 24HR;SUNDAY 24HR;
KENT,KENTWOOD CITY,ANA JOSE,"355 48TH ST SE,KENTWOOD ACTIVITIES CENTER,KENTWOOD,MI,49548",MONDAY 24HR;TUESDAY 24HR;WEDNESDAY 24HR;THURSDAY 24HR;FRIDAY 24HR;SATURDAY 24HR;SUNDAY 24HR;
KENT,KENTWOOD CITY,ANA JOSE,"4151 EMBASSY DR SE,KENTWOOD FIRE STATION 2,KENTWOOD,MI,49546",MONDAY 24HR;TUESDAY 24HR;WEDNESDAY 24HR;THURSDAY 24HR;FRIDAY 24HR;SATURDAY 24HR;SUNDAY 24HR;
KENT,KENTWOOD CITY,ANA JOSE,"4900 BRETON AVE SE,KENTWOOD CITY HALL,KENTWOOD,MI,49508",MONDAY 24HR;TUESDAY 24HR;WEDNESDAY 24HR;THURSDAY 24HR;FRIDAY 24HR;SATURDAY 24HR;SUNDAY 24HR;
KENT,LOWELL CITY,SUSAN ULLERY,"301 E MAIN ST,LOWELL,MI,49331",MONDAY 24HR;TUESDAY 24HR;WEDNESDAY 24HR;THURSDAY 24HR;FRIDAY 24HR;
KENT,LOWELL TOWNSHIP,MONICA BURTT,"2910 ALDEN NASH SE,LOWELL,MI,49331",MONDAY 24HR;TUESDAY 24HR;WEDNESDAY 24HR;THURSDAY 24HR;FRIDAY 24HR;SATURDAY 24HR;SUNDAY 24HR;
KENT,NELSON TOWNSHIP,ANDREA CARR,"2 MAPLE ST,SAND LAKE,MI,49343",MONDAY 24HR;TUESDAY 24HR;WEDNESDAY 24HR;THURSDAY 24HR;FRIDAY 24HR;SATURDAY 24HR;SUNDAY 24HR;
KENT,OAKFIELD TOWNSHIP,JOSHUA  MCCREADY,"10300 14 MILE ROAD,ROCKFORD,MI,49341",MONDAY 24HR;TUESDAY 24HR;WEDNESDAY 24HR;THURSDAY 24HR;FRIDAY 24HR;SATURDAY 24HR;SUNDAY 24HR;
KENT,PLAINFIELD TOWNSHIP,STEVE MCKELLAR,"6161 BELMONT AVENUE NE,BELMONT,MI,49306",MONDAY 24HR;TUESDAY 24HR;WEDNESDAY 24HR;THURSDAY 24HR;FRIDAY 24HR;SATURDAY 24HR;SUNDAY 24HR;
KENT,PLAINFIELD TOWNSHIP,STEVE MCKELLAR,"2650 5 MILE RD NE,GRAND RAPIDS,MI,49525",MONDAY 24HR;TUESDAY 24HR;WEDNESDAY 24HR;THURSDAY 24HR;FRIDAY 24HR;SATURDAY 24HR;SUNDAY 24HR;
KENT,ROCKFORD CITY,KRIS MURPHY,"7 S MONROE ST,ROCKFORD,MI,49341",MONDAY 24HR;TUESDAY 24HR;WEDNESDAY 24HR;THURSDAY 24HR;FRIDAY 24HR;SATURDAY 24HR;SUNDAY 24HR;
KENT,SOLON TOWNSHIP,DOROTHY WILLOUGHBY,"15185 ALGOMA AVE,CEDAR SPRINGS,MI,49319",MONDAY 24HR;TUESDAY 24HR;WEDNESDAY 24HR;THURSDAY 24HR;FRIDAY 24HR;SATURDAY 24HR;SUNDAY 24HR;
KENT,SPARTA TOWNSHIP,MARCY SAVAGE,"160  E DIVISION ST,SPARTA,MI,49345",MONDAY 24HR;TUESDAY 24HR;WEDNESDAY 24HR;THURSDAY 24HR;FRIDAY 24HR;SATURDAY 24HR;SUNDAY 24HR;
KENT,SPENCER TOWNSHIP,LISA WRIGHT,"14960 MEDDLER AVE,GOWEN,MI,49326",MONDAY 24HR;TUESDAY 24HR;WEDNESDAY 24HR;THURSDAY 24HR;FRIDAY 24HR;SATURDAY 24HR;SUNDAY 24HR;
KENT,SPENCER TOWNSHIP,LISA WRIGHT,"14960 MEDDLER AVE,GOWEN,MI,49326",TUESDAY 8:30AM - 3:00PM;WEDNESDAY 8:30AM - 12:00PM;THURSDAY 8:30AM - 3:00PM;
KENT,TYRONE TOWNSHIP,DOLAN  BAIR,"28 E. MUSKEGON ST.,KENT CITY,MI,49330",MONDAY 24HR;TUESDAY 24HR;WEDNESDAY 24HR;THURSDAY 24HR;FRIDAY 24HR;SATURDAY 24HR;SUNDAY 24HR;
KENT,VERGENNES TOWNSHIP,SHANTELL FORD,"69 LINCOLN LAKE AVE NE,LOWELL,MI,49331",MONDAY 24HR;TUESDAY 24HR;WEDNESDAY 24HR;THURSDAY 24HR;FRIDAY 24HR;SATURDAY 24HR;SUNDAY 24HR;
KENT,WALKER CITY,DEBORAH GOUDY,"1470 3 MILE ROAD NW,WALKER,MI,49544",MONDAY 24HR;TUESDAY 24HR;WEDNESDAY 24HR;THURSDAY 24HR;FRIDAY 24HR;SATURDAY 24HR;SUNDAY 24HR;
KENT,WALKER CITY,DEBORAH GOUDY,"4243 REMEMBRANCE RD,WALKER,MI,49534",MONDAY 24HR;TUESDAY 24HR;WEDNESDAY 24HR;THURSDAY 24HR;FRIDAY 24HR;SATURDAY 24HR;SUNDAY 24HR;
KENT,WYOMING CITY,KELLI VANDENBERG,"1155 28TH ST SW,WYOMING,MI,49509",MONDAY 24HR;TUESDAY 24HR;WEDNESDAY 24HR;THURSDAY 24HR;FRIDAY 24HR;SATURDAY 24HR;SUNDAY 24HR;
KENT,WYOMING CITY,KELLI VANDENBERG,"1250 36TH ST,WYOMING,MI,49509",MONDAY 24HR;TUESDAY 24HR;WEDNESDAY 24HR;THURSDAY 24HR;FRIDAY 24HR;SATURDAY 24HR;SUNDAY 24HR;
KENT,WYOMING CITY,KELLI VANDENBERG,"1500 BURTON ST SW,WYOMING,MI,49509",MONDAY 24HR;TUESDAY 24HR;WEDNESDAY 24HR;THURSDAY 24HR;FRIDAY 24HR;SATURDAY 24HR;SUNDAY 24HR;
KENT,WYOMING CITY,KELLI VANDENBERG,"2300 GEZON PKWY,WYOMING,MI,49519",MONDAY 24HR;TUESDAY 24HR;WEDNESDAY 24HR;THURSDAY 24HR;FRIDAY 24HR;SATURDAY 24HR;SUNDAY 24HR;
KENT,WYOMING CITY,KELLI VANDENBERG,"4507 S. DIVISION AVE,WYOMING,MI,49548",MONDAY 24HR;TUESDAY 24HR;WEDNESDAY 24HR;THURSDAY 24HR;FRIDAY 24HR;SATURDAY 24HR;SUNDAY 24HR;
KEWEENAW,ALLOUEZ TOWNSHIP,JESSE PATRICK,"OUT FRONT AT THE TOWNSHIP OFFICE,102 SECOND STREET,MOHAWK,MI,49950",MONDAY 24HR;TUESDAY 24HR;WEDNESDAY 24HR;THURSDAY 24HR;FRIDAY 24HR;SATURDAY 24HR;SUNDAY 24HR;
KEWEENAW,ALLOUEZ TOWNSHIP,JESSE PATRICK,"OUT FRONT AT THE TOWNSHIP OFFICE,102 SECOND STREET,MOHAWK,MI,49950",MONDAY 24HR;TUESDAY 24HR;WEDNESDAY 24HR;THURSDAY 24HR;FRIDAY 24HR;SATURDAY 24HR;SUNDAY 24HR;
KEWEENAW,EAGLE HARBOR TOWNSHIP,JEANE OLSON,"321 CENTER STREET,EAGLE HARBOR,MI,49950",MONDAY 24HR;TUESDAY 24HR;WEDNESDAY 24HR;THURSDAY 24HR;FRIDAY 24HR;SATURDAY 24HR;SUNDAY 24HR;
KEWEENAW,HOUGHTON TOWNSHIP,LINDA PARADISO,"5059 4TH STREET,EAGLE RIVER,MI,49950",MONDAY 24HR;TUESDAY 24HR;WEDNESDAY 24HR;THURSDAY 24HR;FRIDAY 24HR;SATURDAY 24HR;SUNDAY 24HR;
KEWEENAW,SHERMAN TOWNSHIP,MELISSA DEXHEIMER,"8872 SECOND ST,GAY LOCATION,LAKE LINDEN,MI,49945",MONDAY 24HR;TUESDAY 24HR;WEDNESDAY 24HR;THURSDAY 24HR;FRIDAY 24HR;SATURDAY 24HR;SUNDAY 24HR;
LAKE,CHASE TOWNSHIP,ROMAYNE HOLLIS-RAINES,"8296 E US HIGHWAY 10,CHASE,MI,49623",MONDAY 24HR;TUESDAY 24HR;WEDNESDAY 24HR;THURSDAY 24HR;FRIDAY 24HR;SATURDAY 24HR;SUNDAY 24HR;
LAKE,CHERRY VALLEY TOWNSHIP,ANGIE GUYNN,"5850 S. KINGS HIGHWAY,CHASE,MI,49623",MONDAY 24HR;TUESDAY 24HR;WEDNESDAY 24HR;THURSDAY 24HR;FRIDAY 24HR;SATURDAY 24HR;SUNDAY 24HR;
LAKE,DOVER TOWNSHIP,COURTNEY HOUSEMAN,"8092 N. RAYMOND RD,TUSTIN,MI,49688",MONDAY 24HR;TUESDAY 24HR;WEDNESDAY 24HR;THURSDAY 24HR;FRIDAY 24HR;SATURDAY 24HR;SUNDAY 24HR;
LAKE,ELLSWORTH TOWNSHIP,BRITTANY CARLSON,"210 STATE STREET,LUTHER,MI,49656",MONDAY 24HR;TUESDAY 24HR;WEDNESDAY 24HR;THURSDAY 24HR;FRIDAY 24HR;SATURDAY 24HR;SUNDAY 24HR;
LAKE,LAKE TOWNSHIP,AMY RADEMAKER,"15580 S. STAR LAKE DRIVE,BALDWIN,MI,49304",MONDAY 24HR;TUESDAY 24HR;WEDNESDAY 24HR;THURSDAY 24HR;FRIDAY 24HR;SATURDAY 24HR;SUNDAY 24HR;
LAKE,NEWKIRK TOWNSHIP,CHERYL FULLERTON,"301 STATE STREET,LUTHER,MI,49656",MONDAY 9:00AM - 5:00PM;TUESDAY 9:00AM - 5:00PM;WEDNESDAY 9:00AM - 5:00PM;THURSDAY 9:00AM - 5:00PM;FRIDAY 9:00AM - 5:00PM;SATURDAY 9:00AM - 5:00PM;SUNDAY 9:00AM - 5:00PM;
LAKE,PEACOCK TOWNSHIP,ANN THOMAS,"4480 W 4 MILE ROAD,IRONS,MI,49644",MONDAY 24HR;TUESDAY 24HR;WEDNESDAY 24HR;THURSDAY 24HR;FRIDAY 24HR;SATURDAY 24HR;SUNDAY 24HR;
LAKE,PINORA TOWNSHIP,ASHLEY VISNER,"4032 S. DEER LAKE RD.,CHASE,MI,49623",MONDAY 24HR;TUESDAY 24HR;WEDNESDAY 24HR;THURSDAY 24HR;FRIDAY 24HR;SATURDAY 24HR;SUNDAY 24HR;
LAKE,PLEASANT PLAINS TOWNSHIP,PATRICK EVANS,"7333 S M37,BALDWIN,MI,49304",MONDAY 24HR;TUESDAY 24HR;WEDNESDAY 24HR;THURSDAY 24HR;FRIDAY 24HR;SATURDAY 24HR;SUNDAY 24HR;
LAKE,SAUBLE TOWNSHIP,GAIL RAAD,"8906 W. SIX MILE ROAD,IRONS,MI,49644",MONDAY 24HR;TUESDAY 24HR;WEDNESDAY 24HR;THURSDAY 24HR;FRIDAY 24HR;SATURDAY 24HR;SUNDAY 24HR;
LAKE,WEBBER TOWNSHIP,DEBORAH  HANES,"2286 W SPRINGTIME ST,BALDWIN,MI,49304",MONDAY 24HR;TUESDAY 24HR;WEDNESDAY 24HR;THURSDAY 24HR;FRIDAY 24HR;SATURDAY 24HR;
LAKE,YATES TOWNSHIP,BARBARA MCGREGORY,"6437 S NELSON RD,IDLEWILD,MI,49642",MONDAY 10:00AM - 2:00PM;TUESDAY 10:00AM - 2:00PM;WEDNESDAY 10:00AM - 2:00PM;THURSDAY 10:00AM - 2:00PM;
LAPEER,ALMONT TOWNSHIP,BONNIE KRAUSS,"819 N MAIN,ALMONT,MI,48003",MONDAY 24HR;TUESDAY 24HR;WEDNESDAY 24HR;THURSDAY 24HR;FRIDAY 24HR;SATURDAY 24HR;SUNDAY 24HR;
LAPEER,ARCADIA TOWNSHIP,KATIE PONIATOWSKI,"4900 SPENCER STREET,ATTICA,MI,48412",MONDAY 9:00AM - 3:00PM;WEDNESDAY 9:00AM - 3:00PM;
LAPEER,ATTICA TOWNSHIP,VALERIE SCHULTZ,"4350 PEPPERMILL RD,ATTICA,MI,48412",MONDAY 24HR;TUESDAY 24HR;WEDNESDAY 24HR;THURSDAY 24HR;FRIDAY 24HR;SATURDAY 24HR;SUNDAY 24HR;
LAPEER,BURLINGTON TOWNSHIP,VANESSA HUNT,"4548 MADISON ST,CLIFFORD,MI,48727",MONDAY 24HR;TUESDAY 24HR;WEDNESDAY 24HR;THURSDAY 24HR;FRIDAY 24HR;SATURDAY 24HR;SUNDAY 24HR;
LAPEER,BURNSIDE TOWNSHIP,BONNIE KONING,"7045 BURNSIDE RD,BROWN CITY,MI,48416",MONDAY 24HR;TUESDAY 24HR;WEDNESDAY 24HR;THURSDAY 24HR;FRIDAY 24HR;SATURDAY 24HR;SUNDAY 24HR;
LAPEER,DEERFIELD TOWNSHIP,DEBRA HARTLEY,"30 E. BURNSIDE RD,NORTH BRANCH,MI,48461",MONDAY 24HR;TUESDAY 24HR;WEDNESDAY 24HR;THURSDAY 24HR;FRIDAY 24HR;SATURDAY 24HR;SUNDAY 24HR;
LAPEER,DRYDEN TOWNSHIP,APRIL SMITH,"4849 DRYDEN RD.,DRYDEN,MI,48428",MONDAY 24HR;TUESDAY 24HR;WEDNESDAY 24HR;THURSDAY 24HR;FRIDAY 24HR;SATURDAY 24HR;SUNDAY 24HR;
LAPEER,ELBA TOWNSHIP,RENA FOUNTAIN,"4717 LIPPINCOTT,LAPEER,MI,48446",MONDAY 24HR;TUESDAY 24HR;WEDNESDAY 24HR;THURSDAY 24HR;FRIDAY 24HR;SATURDAY 24HR;SUNDAY 24HR;
LAPEER,GOODLAND TOWNSHIP,AMY NOLIN,"2374 N. VAN DYKE RD,IMLAY CITY,MI,48444",MONDAY 24HR;TUESDAY 24HR;WEDNESDAY 24HR;THURSDAY 24HR;FRIDAY 24HR;SATURDAY 24HR;SUNDAY 24HR;
LAPEER,HADLEY TOWNSHIP,JOYCE IVORY,"4293 PRATT RD.,HADLEY,MI,48440",MONDAY 24HR;TUESDAY 24HR;WEDNESDAY 24HR;THURSDAY 24HR;FRIDAY 24HR;SATURDAY 24HR;SUNDAY 24HR;
LAPEER,IMLAY TOWNSHIP,CARLA JEPSEN,"682 N Fairgrounds Rd,On front of the building.,Imlay City,MI,48444",24/7
LAPEER,IMLAY CITY CITY,DAWN SAWICKI-FRANZ,"150 N MAIN,IMLAY CITY,MI,48444",MONDAY 24HR;TUESDAY 24HR;WEDNESDAY 24HR;THURSDAY 24HR;FRIDAY 24HR;SATURDAY 24HR;SUNDAY 24HR;
LAPEER,LAPEER CITY,ROMONA SANCHEZ,"LAPEER CITY HALL - BY FRONT DOOR,576 LIBERTY PARK,LAPEER,MI,48446",MONDAY 24HR;TUESDAY 24HR;WEDNESDAY 24HR;THURSDAY 24HR;FRIDAY 24HR;SATURDAY 24HR;SUNDAY 24HR;
LAPEER,LAPEER CITY,ROMONA SANCHEZ,"LAPEER CITY HALL-BY BACK DOOR,576 LIBERTY PARK,LAPEER,MI,48446",MONDAY 24HR;TUESDAY 24HR;WEDNESDAY 24HR;THURSDAY 24HR;FRIDAY 24HR;SATURDAY 24HR;SUNDAY 24HR;
LAPEER,LAPEER TOWNSHIP,SAMANTHA KESLER,"1500 MORRIS ROAD,LAPEER,MI,48446",MONDAY 24HR;TUESDAY 24HR;WEDNESDAY 24HR;THURSDAY 24HR;FRIDAY 24HR;SATURDAY 24HR;SUNDAY 24HR;
LAPEER,MARATHON TOWNSHIP,MICHELLE COULTAS,"4575 PINE ST,COLUMBIAVILLE,MI,48421",MONDAY 24HR;TUESDAY 24HR;WEDNESDAY 24HR;THURSDAY 24HR;FRIDAY 24HR;SATURDAY 24HR;SUNDAY 24HR;
LAPEER,MAYFIELD TOWNSHIP,JULIE SCHLAUD,"1900 N SAGINAW ST,LAPEER,MI,48446",MONDAY 24HR;TUESDAY 24HR;WEDNESDAY 24HR;THURSDAY 24HR;FRIDAY 24HR;SATURDAY 24HR;SUNDAY 24HR;
LAPEER,METAMORA TOWNSHIP,SUZANNE CLARK,"730 W DRYDEN RD,METAMORA,MI,48455",MONDAY 24HR;TUESDAY 24HR;WEDNESDAY 24HR;THURSDAY 24HR;FRIDAY 24HR;SATURDAY 24HR;SUNDAY 24HR;
LAPEER,NORTH BRANCH TOWNSHIP,JOLENE KREINER,"6771 ELM STREET,NEXT TO THE FRONT ENTRANCE OF THE BUILDING.,NORTH BRANCH,MI,48461",MONDAY 24HR;TUESDAY 24HR;WEDNESDAY 24HR;THURSDAY 24HR;FRIDAY 24HR;SATURDAY 24HR;SUNDAY 24HR;
LAPEER,OREGON TOWNSHIP,MICHELLE OSIP,"2525 MARATHON,LAPEER,MI,48446",MONDAY 24HR;TUESDAY 24HR;WEDNESDAY 24HR;THURSDAY 24HR;FRIDAY 24HR;SATURDAY 24HR;SUNDAY 24HR;
LAPEER,RICH TOWNSHIP,TRICIA KESTER,"8482 NORTH LAPEER RD.,MAYVILLE,MI,48744",MONDAY 24HR;TUESDAY 24HR;WEDNESDAY 24HR;THURSDAY 24HR;FRIDAY 24HR;SATURDAY 24HR;SUNDAY 24HR;
LEELANAU,BINGHAM TOWNSHIP,SHANNON KORSON,"7171 S CENTER HWY,TRAVERSE CITY,MI,49684",MONDAY 24HR;TUESDAY 24HR;WEDNESDAY 24HR;THURSDAY 24HR;FRIDAY 24HR;SATURDAY 24HR;SUNDAY 24HR;
LEELANAU,CENTERVILLE TOWNSHIP,BETH (ELIZABETH) CHILES,"5001 S FRENCH ROAD,CEDAR,MI,49621",MONDAY 24HR;TUESDAY 24HR;WEDNESDAY 24HR;THURSDAY 24HR;FRIDAY 24HR;SATURDAY 24HR;SUNDAY 24HR;
LEELANAU,CLEVELAND TOWNSHIP,TRACY OLSEN,"955 W HARBOR HWY,MAPLE CITY,MI,49664",MONDAY 24HR;TUESDAY 24HR;WEDNESDAY 24HR;THURSDAY 24HR;FRIDAY 24HR;SATURDAY 24HR;SUNDAY 24HR;
LEELANAU,ELMWOOD TOWNSHIP,CONNIE PRESTON,"10090 E LINCOLN RD,TRAVERSE CITY,MI,49684",MONDAY 24HR;TUESDAY 24HR;WEDNESDAY 24HR;THURSDAY 24HR;FRIDAY 24HR;SATURDAY 24HR;SUNDAY 24HR;
LEELANAU,EMPIRE TOWNSHIP,MARGARET BACON,"10098 W. FRONT STREET,DROP BOX,EMPIRE,MI,49630",MONDAY 24HR;TUESDAY 24HR;WEDNESDAY 24HR;THURSDAY 24HR;FRIDAY 24HR;SATURDAY 24HR;SUNDAY 24HR;
LEELANAU,EMPIRE TOWNSHIP,MARGARET BACON,"10098 W. FRONT STREET,TOWNSHIP OFFICE DOOR MAIL SLOT,EMPIRE,MI,49630",MONDAY 24HR;TUESDAY 24HR;WEDNESDAY 24HR;THURSDAY 24HR;FRIDAY 24HR;SATURDAY 24HR;SUNDAY 24HR;
LEELANAU,GLEN ARBOR TOWNSHIP,PAMELA LAURETO,"6394 W WESTERN AVE,GLEN ARBOR,MI,49636",MONDAY 24HR;TUESDAY 24HR;WEDNESDAY 24HR;THURSDAY 24HR;FRIDAY 24HR;SATURDAY 24HR;SUNDAY 24HR;
LEELANAU,KASSON TOWNSHIP,DANA BOOMER,"10988 S. NEWMAN ROAD,MAPLE CITY,MI,49664",MONDAY 24HR;TUESDAY 24HR;WEDNESDAY 24HR;THURSDAY 24HR;FRIDAY 24HR;SATURDAY 24HR;
LEELANAU,LEELANAU TOWNSHIP,JESSICA WILSON,"119 E. NAGONABA ST.,NORTHPORT,MI,49670",MONDAY 24HR;TUESDAY 24HR;WEDNESDAY 24HR;THURSDAY 24HR;FRIDAY 24HR;SATURDAY 24HR;SUNDAY 24HR;
LEELANAU,LELAND TOWNSHIP,LISA BROOKFIELD,"489 W MAIN ST,LAKE LEELANAU,MI,49653",MONDAY 24HR;TUESDAY 24HR;WEDNESDAY 24HR;THURSDAY 24HR;FRIDAY 24HR;SATURDAY 24HR;SUNDAY 24HR;
LEELANAU,SOLON TOWNSHIP,SHIRLEY MIKOWSKI,"3028 E. SULLIVAN ST.,CEDAR,MI,49621",MONDAY 24HR;TUESDAY 24HR;WEDNESDAY 24HR;THURSDAY 24HR;FRIDAY 24HR;SATURDAY 24HR;SUNDAY 24HR;
LEELANAU,SUTTONS BAY TOWNSHIP,JEAN MOE,"95 W. FOURTH STREET,SUTTONS BAY,MI,49682",MONDAY 24HR;TUESDAY 24HR;WEDNESDAY 24HR;THURSDAY 24HR;FRIDAY 24HR;SATURDAY 24HR;SUNDAY 24HR;
LENAWEE,ADRIAN CITY,APRIL HAMANN,"135 E MAUMEE STREET,ADRIAN,MI,49221",MONDAY 24HR;TUESDAY 24HR;WEDNESDAY 24HR;THURSDAY 24HR;FRIDAY 24HR;SATURDAY 24HR;SUNDAY 24HR;
LENAWEE,ADRIAN TOWNSHIP,SARAH BUKU,"2907 TIPTON HWY,ADRIAN,MI,49221",MONDAY 24HR;TUESDAY 24HR;WEDNESDAY 24HR;THURSDAY 24HR;FRIDAY 24HR;SATURDAY 24HR;SUNDAY 24HR;
LENAWEE,BLISSFIELD TOWNSHIP,DIANN PAUL-WARNER,"177 W. BROOKE LANE,P.O. BOX 58,BLISSFIELD,MI,49228",MONDAY 24HR;TUESDAY 24HR;WEDNESDAY 24HR;THURSDAY 24HR;FRIDAY 24HR;SATURDAY 24HR;
LENAWEE,CAMBRIDGE TOWNSHIP,RICK RICHARDSON,"9990 WEST M-50,PO BOX 417,ONSTED,MI,49265",MONDAY 24HR;TUESDAY 24HR;WEDNESDAY 24HR;THURSDAY 24HR;FRIDAY 24HR;SATURDAY 24HR;SUNDAY 24HR;
LENAWEE,CLINTON TOWNSHIP,KIM SCOTT,"172 W. MICHIGAN AVE,DROP BOX BY FRONT DOOR ENTRANCE.,CLINTON,MI,49236",MONDAY 24HR;TUESDAY 24HR;WEDNESDAY 24HR;THURSDAY 24HR;FRIDAY 24HR;SATURDAY 24HR;SUNDAY 24HR;
LENAWEE,DOVER TOWNSHIP,AMBER SWANDER,"7712 W. CARLETON ROAD,CLAYTON,MI,49235",MONDAY 24HR;TUESDAY 24HR;WEDNESDAY 24HR;THURSDAY 24HR;FRIDAY 24HR;SATURDAY 24HR;SUNDAY 24HR;
LENAWEE,FAIRFIELD TOWNSHIP,DEBRA KELLER,"1023 PINE ST,JASPER,MI,49248",MONDAY 24HR;TUESDAY 24HR;WEDNESDAY 24HR;THURSDAY 24HR;FRIDAY 24HR;SATURDAY 24HR;SUNDAY 24HR;
LENAWEE,FRANKLIN TOWNSHIP,SUE WHITEHEAD,"3922 MONROE ROAD,TIPTON,MI,49287",MONDAY 24HR;TUESDAY 24HR;WEDNESDAY 24HR;THURSDAY 24HR;FRIDAY 24HR;SATURDAY 24HR;SUNDAY 24HR;
LENAWEE,HUDSON CITY,JEANIENE MCCLELLAN,"121 N Church St,Hudson,MI,49247",24/7
LENAWEE,HUDSON TOWNSHIP,MARCY GRIFFIN,"14900 CARLETON RD,HUDSON,MI,49247",MONDAY 24HR;TUESDAY 24HR;WEDNESDAY 24HR;THURSDAY 24HR;FRIDAY 24HR;SATURDAY 24HR;SUNDAY 24HR;
LENAWEE,MACON TOWNSHIP,JULIA DE JONGHE MARSHALL,"8320 CLINTON-MACON RD.,CLINTON,MI,49236",MONDAY 24HR;TUESDAY 24HR;WEDNESDAY 24HR;THURSDAY 24HR;FRIDAY 24HR;SATURDAY 24HR;SUNDAY 24HR;
LENAWEE,MADISON CHARTER TOWNSHIP,JANET MODEN,"3804 S. ADRIAN HWY.,BUSINESS OFFICE  HOURS ARE 8:00 AM TO 4:30 PM M-F,ADRIAN,,MI,49221",MONDAY 24HR;TUESDAY 24HR;WEDNESDAY 24HR;THURSDAY 24HR;FRIDAY 24HR;SATURDAY 24HR;SUNDAY 24HR;
LENAWEE,MEDINA TOWNSHIP,SYLVIA DAMON,"13450 LIME CREEK ROAD,MORENICI,MI,49256",MONDAY 24HR;TUESDAY 24HR;WEDNESDAY 24HR;THURSDAY 24HR;FRIDAY 24HR;SATURDAY 24HR;SUNDAY 24HR;
LENAWEE,MORENCI CITY,JEFF BELL,"118 ORCHARD ST,MORENCI,MI,49256",MONDAY 24HR;TUESDAY 24HR;WEDNESDAY 24HR;THURSDAY 24HR;FRIDAY 24HR;SATURDAY 24HR;SUNDAY 24HR;
LENAWEE,OGDEN TOWNSHIP,LEANDRA BRYAN,"10128 PENCE HWY,BLISSFIELD,MI,49228",MONDAY 24HR;TUESDAY 24HR;WEDNESDAY 24HR;THURSDAY 24HR;FRIDAY 24HR;SATURDAY 24HR;SUNDAY 24HR;
LENAWEE,PALMYRA TOWNSHIP,CHRISTINE WHITED,"6490 PALMYRA RD.,PALMYRA,MI,49268",MONDAY 24HR;TUESDAY 24HR;WEDNESDAY 24HR;THURSDAY 24HR;FRIDAY 24HR;SATURDAY 24HR;SUNDAY 24HR;
LENAWEE,RAISIN TOWNSHIP,SUSAN BUNCH,"5525 S OCCIDENTAL HWY,TECUMSEH,MI,49286",MONDAY 24HR;TUESDAY 24HR;WEDNESDAY 24HR;THURSDAY 24HR;FRIDAY 24HR;SATURDAY 24HR;SUNDAY 24HR;
LENAWEE,RIDGEWAY TOWNSHIP,LORA FELDKAMP,"103 W. CHICAGO BLVD,BRITTON,MI,49229",MONDAY 24HR;TUESDAY 24HR;WEDNESDAY 24HR;THURSDAY 24HR;FRIDAY 24HR;SATURDAY 24HR;SUNDAY 24HR;
LENAWEE,RIGA TOWNSHIP,NATALIE THOMPSON,"7817 RIGA HWY,RIGA,MI,49276",MONDAY 24HR;TUESDAY 24HR;WEDNESDAY 24HR;THURSDAY 24HR;FRIDAY 24HR;SATURDAY 24HR;SUNDAY 24HR;
LENAWEE,ROLLIN TOWNSHIP,IRMA DAVID,"730 MANITOU RD.,MANITOU BEACH,MI,49253",MONDAY 24HR;TUESDAY 24HR;WEDNESDAY 24HR;THURSDAY 24HR;FRIDAY 24HR;SATURDAY 24HR;SUNDAY 24HR;
LENAWEE,ROME TOWNSHIP,ROBIN ROBERTSON,"9212,WOERNER RD,ONSTED,MI,49265",MONDAY 24HR;TUESDAY 24HR;WEDNESDAY 24HR;THURSDAY 24HR;FRIDAY 24HR;SATURDAY 24HR;
LENAWEE,SENECA TOWNSHIP,ALLISON OTT,"8709 SENECA HWY,MORENCI,MI,49256",MONDAY 24HR;TUESDAY 24HR;WEDNESDAY 24HR;THURSDAY 24HR;FRIDAY 24HR;SATURDAY 24HR;SUNDAY 24HR;
LENAWEE,TECUMSEH CITY,TONYA MILLER,"309 E. CHICAGO BLVD.,TECUMSEH,MI,49286",MONDAY 24HR;TUESDAY 24HR;WEDNESDAY 24HR;THURSDAY 24HR;FRIDAY 24HR;SATURDAY 24HR;SUNDAY 24HR;
LENAWEE,TECUMSEH TOWNSHIP,RITA ROTH,"9500 TECUMSEH CLINTON HWY,TECUMSEH,MI,49286",MONDAY 24HR;TUESDAY 24HR;WEDNESDAY 24HR;THURSDAY 24HR;FRIDAY 24HR;SATURDAY 24HR;SUNDAY 24HR;
LENAWEE,WOODSTOCK TOWNSHIP,ASHLEY WILSON,"6486 DEVILS LAKE HWY,TOWNSHIP,MI,49220",MONDAY 24HR;TUESDAY 24HR;WEDNESDAY 24HR;THURSDAY 24HR;FRIDAY 24HR;SATURDAY 24HR;SUNDAY 24HR;
LIVINGSTON,BRIGHTON CITY,TARA BROWN,"200 N 1ST STREET,BRIGHTON,MI,48116",MONDAY 24HR;TUESDAY 24HR;WEDNESDAY 24HR;THURSDAY 24HR;FRIDAY 24HR;SATURDAY 24HR;SUNDAY 24HR;
LIVINGSTON,BRIGHTON CITY,TARA BROWN,"200 N 1ST STREET,BRIGHTON,MI,48116",MONDAY 24HR;TUESDAY 24HR;WEDNESDAY 24HR;THURSDAY 24HR;FRIDAY 24HR;SATURDAY 24HR;SUNDAY 24HR;
LIVINGSTON,BRIGHTON CHARTER TOWNSHIP,JOSEPH RIKER,"1580 S OLD US 23,STATION 32 FIRE STATION,BRIGHTON,MI,48114",MONDAY 24HR;TUESDAY 24HR;WEDNESDAY 24HR;THURSDAY 24HR;FRIDAY 24HR;SATURDAY 24HR;SUNDAY 24HR;
LIVINGSTON,BRIGHTON CHARTER TOWNSHIP,JOSEPH RIKER,"4363 BUNO ROAD,BRIGHTON TOWNSHIP HALL,BRIGHTON,MI,48114",MONDAY 24HR;TUESDAY 24HR;WEDNESDAY 24HR;THURSDAY 24HR;FRIDAY 24HR;SATURDAY 24HR;SUNDAY 24HR;
LIVINGSTON,BRIGHTON CHARTER TOWNSHIP,JOSEPH RIKER,"4363 BUNO ROAD,BRIGHTON TOWNSHIP HALL,BRIGHTON,MI,48114",MONDAY 24HR;TUESDAY 24HR;WEDNESDAY 24HR;THURSDAY 24HR;FRIDAY 24HR;SATURDAY 24HR;SUNDAY 24HR;
LIVINGSTON,COHOCTAH TOWNSHIP,BARB FEAR,"10518 N ANTCLIFF RD,FOWLERVILLE,MI,48836",MONDAY 24HR;TUESDAY 24HR;WEDNESDAY 24HR;THURSDAY 24HR;FRIDAY 24HR;SATURDAY 24HR;SUNDAY 24HR;
LIVINGSTON,CONWAY TOWNSHIP,TARA FOOTE,"8015 N FOWLERVILLE ROAD,FOWLERVILLE,MI,48836",MONDAY 24HR;TUESDAY 24HR;WEDNESDAY 24HR;THURSDAY 24HR;FRIDAY 24HR;SATURDAY 24HR;SUNDAY 24HR;
LIVINGSTON,DEERFIELD TOWNSHIP,TONY RISHER,"4492 CENTER ROAD,LINDEN,MI,48451",MONDAY 24HR;TUESDAY 24HR;WEDNESDAY 24HR;THURSDAY 24HR;FRIDAY 24HR;SATURDAY 24HR;SUNDAY 24HR;
LIVINGSTON,GENOA TOWNSHIP,RICK SOUCY,"2911 DORR ROAD,BRIGHTON,MI,48116",MONDAY 24HR;TUESDAY 24HR;WEDNESDAY 24HR;THURSDAY 24HR;FRIDAY 24HR;SATURDAY 24HR;SUNDAY 24HR;
LIVINGSTON,GENOA TOWNSHIP,RICK SOUCY,"1315 CHILSON RD,HOWELL,MI,48843",MONDAY 24HR;TUESDAY 24HR;WEDNESDAY 24HR;THURSDAY 24HR;FRIDAY 24HR;SATURDAY 24HR;SUNDAY 24HR;
LIVINGSTON,GREEN OAK TOWNSHIP,DEBRA MCKENZIE,"10001 SILVER LAKE RD,BRIGHTON,MI,48116",MONDAY 24HR;TUESDAY 24HR;WEDNESDAY 24HR;THURSDAY 24HR;FRIDAY 24HR;SATURDAY 24HR;SUNDAY 24HR;
LIVINGSTON,GREEN OAK TOWNSHIP,DEBRA MCKENZIE,"11411 GRAND RIVER,BRIGHTON,MI,48116",MONDAY 24HR;TUESDAY 24HR;WEDNESDAY 24HR;THURSDAY 24HR;FRIDAY 24HR;SATURDAY 24HR;SUNDAY 24HR;
LIVINGSTON,HAMBURG TOWNSHIP,MICHAEL DOLAN,"3666 M-36,HAMBURG TWP FIRE STATION #11,PINCKNEY,MI,48169",MONDAY 24HR;TUESDAY 24HR;WEDNESDAY 24HR;THURSDAY 24HR;FRIDAY 24HR;SATURDAY 24HR;SUNDAY 24HR;
LIVINGSTON,HAMBURG TOWNSHIP,MICHAEL DOLAN,"10405 MERRILL ROAD,END OF THE SIDEWALK LEADING TO THE TOWNSHIP HALL,WHITMORE LAKE,MI,48189",MONDAY 24HR;TUESDAY 24HR;WEDNESDAY 24HR;THURSDAY 24HR;FRIDAY 24HR;SATURDAY 24HR;SUNDAY 24HR;
LIVINGSTON,HAMBURG TOWNSHIP,MICHAEL DOLAN,"10405 MERRILL ROAD,TOWNSHIP HALL LOBBY,WHITMORE LAKE,MI,48189",MONDAY 7:30AM - 5:30PM;TUESDAY 7:30AM - 5:30PM;WEDNESDAY 7:30AM - 5:30PM;THURSDAY 7:30AM - 5:30PM;
LIVINGSTON,HANDY TOWNSHIP,LAURA EISELE,"135 N GRAND AVE,PO BOX 189,FOWLERVILLE,MI,48836",MONDAY 24HR;TUESDAY 24HR;WEDNESDAY 24HR;THURSDAY 24HR;FRIDAY 24HR;SATURDAY 24HR;SUNDAY 24HR;
LIVINGSTON,HARTLAND TOWNSHIP,LARRY CIOFU,"2655 CLARK RD.,HARTLAND,MI,48353",MONDAY 24HR;TUESDAY 24HR;WEDNESDAY 24HR;THURSDAY 24HR;FRIDAY 24HR;SATURDAY 24HR;SUNDAY 24HR;
LIVINGSTON,HOWELL CITY,DEANNA ROBSON,"611 E. GRAND RIVER AVE,OUTSIDE FRONT ENTRANCE OF CITY HALL,HOWELL,MI,48843",MONDAY 24HR;TUESDAY 24HR;WEDNESDAY 24HR;THURSDAY 24HR;FRIDAY 24HR;SATURDAY 24HR;SUNDAY 24HR;
LIVINGSTON,HOWELL TOWNSHIP,SUSAN DAUS,"3525 BYRON RD,HOWELL,MI,48855",MONDAY 24HR;TUESDAY 24HR;WEDNESDAY 24HR;THURSDAY 24HR;FRIDAY 24HR;SATURDAY 24HR;SUNDAY 24HR;
LIVINGSTON,IOSCO TOWNSHIP,JULIE DAILEY,"2050 BRADLEY RD.,WEBBERVILLE,MI,48892",MONDAY 24HR;TUESDAY 24HR;WEDNESDAY 24HR;THURSDAY 24HR;FRIDAY 24HR;SATURDAY 24HR;SUNDAY 24HR;
LIVINGSTON,MARION TOWNSHIP,TAMMY L. BEAL,"2877 WEST COON LAKE ROAD,DRIVE-BY DROP BOX,HOWELL,MI,48843",MONDAY 24HR;TUESDAY 24HR;WEDNESDAY 24HR;THURSDAY 24HR;FRIDAY 24HR;SATURDAY 24HR;SUNDAY 24HR;
LIVINGSTON,MARION TOWNSHIP,TAMMY L. BEAL,"2877 WEST COON LAKE ROAD,MAIL DROP BOX,HOWELL,MI,48843",MONDAY 24HR;TUESDAY 24HR;WEDNESDAY 24HR;THURSDAY 24HR;FRIDAY 24HR;SATURDAY 24HR;SUNDAY 24HR;
LIVINGSTON,OCEOLA TOWNSHIP,JAIME CLAY,"1577 N LATSON,HOWELL,MI,48843",MONDAY 24HR;TUESDAY 24HR;WEDNESDAY 24HR;THURSDAY 24HR;FRIDAY 24HR;SATURDAY 24HR;SUNDAY 24HR;
LIVINGSTON,PUTNAM TOWNSHIP,VALERIE NIEMIEC,"3280 W. M-36,PINCKNEY,MI,48169",MONDAY 24HR;TUESDAY 24HR;WEDNESDAY 24HR;THURSDAY 24HR;FRIDAY 24HR;SATURDAY 24HR;SUNDAY 24HR;
LIVINGSTON,PUTNAM TOWNSHIP,VALERIE NIEMIEC,"3280 W. M-36,INSIDE UNLOCKED FOYER.,PINCKNEY,MI,48169",MONDAY 24HR;TUESDAY 24HR;WEDNESDAY 24HR;THURSDAY 24HR;FRIDAY 24HR;SATURDAY 24HR;SUNDAY 24HR;
LIVINGSTON,TYRONE TOWNSHIP,PAMELA MOUGHLER,"8420 RUNYAN LAKE RD,FENTON,MI,48430",MONDAY 24HR;TUESDAY 24HR;WEDNESDAY 24HR;THURSDAY 24HR;FRIDAY 24HR;SATURDAY 24HR;SUNDAY 24HR;
LIVINGSTON,UNADILLA TOWNSHIP,LINDA TOPPING,"126 WEBB STREET,GREGORY,MICHIGAN,MI,48137",MONDAY 24HR;TUESDAY 24HR;WEDNESDAY 24HR;THURSDAY 24HR;FRIDAY 24HR;SATURDAY 24HR;SUNDAY 24HR;
LUCE,MCMILLAN TOWNSHIP,MARIE MCNAMARA,"405 NEWBERRY AVENUE,NEWBERRY,MI,49868",MONDAY 24HR;TUESDAY 24HR;WEDNESDAY 24HR;THURSDAY 24HR;FRIDAY 24HR;SATURDAY 24HR;SUNDAY 24HR;
MACKINAC,BREVORT TOWNSHIP,KAYE MATELSKI,"1941 CHURCH ROAD,MORAN,MI,49760",MONDAY 24HR;TUESDAY 24HR;WEDNESDAY 24HR;THURSDAY 24HR;FRIDAY 24HR;SATURDAY 24HR;SUNDAY 24HR;
MACKINAC,CLARK TOWNSHIP,LINDA SHERLUND,"207 N. Blind Line Road,On outside of building.,Cedarville,MI,49719",24/7
MACKINAC,MORAN TOWNSHIP,KRISTINE R VALLIER,"W1362 US-2,ST. IGNACE,MI,49781",MONDAY 24HR;TUESDAY 24HR;WEDNESDAY 24HR;THURSDAY 24HR;FRIDAY 24HR;SATURDAY 24HR;SUNDAY 24HR;
MACKINAC,ST IGNACE CITY,ANDREA INSLEY,"396 N STATE STREET,DRIVE-UP DROP BOX.,ST. IGNACE,MI,49781",MONDAY 24HR;TUESDAY 24HR;WEDNESDAY 24HR;THURSDAY 24HR;FRIDAY 24HR;SATURDAY 24HR;SUNDAY 24HR;
MACKINAC,ST IGNACE CITY,ANDREA INSLEY,"396 N STATE STREET,INSIDE HANDICAP ENTRANCE BREEZEWAY,ST. IGNACE,MI,49781",MONDAY 24HR;TUESDAY 24HR;WEDNESDAY 24HR;THURSDAY 24HR;FRIDAY 24HR;SATURDAY 24HR;SUNDAY 24HR;
MACKINAC,ST IGNACE TOWNSHIP,SHERI OJA,"2980 MACKINAC TRL,SAINT IGNACE,MI,49781",MONDAY 7:00AM - 8:00PM;TUESDAY 7:00AM - 8:00PM;WEDNESDAY 7:00AM - 8:00PM;THURSDAY 7:00AM - 8:00PM;FRIDAY 7:00AM - 8:00PM;SATURDAY 7:00AM - 8:00PM;SUNDAY 7:00AM - 8:00PM;
MACKINAC,ST IGNACE TOWNSHIP,SHERI OJA,"N4298 GORMAN RD,SAINT IGNACE,MI,49781",MONDAY 24HR;TUESDAY 24HR;WEDNESDAY 24HR;THURSDAY 24HR;FRIDAY 24HR;SATURDAY 24HR;
MACOMB,ARMADA TOWNSHIP,MARY K SWIACKI,"23121 EAST MAIN,ARMADA,MI,48005",MONDAY 24HR;TUESDAY 24HR;WEDNESDAY 24HR;THURSDAY 24HR;FRIDAY 24HR;SATURDAY 24HR;SUNDAY 24HR;
MACOMB,BRUCE TOWNSHIP,SUSAN KRAFT,"223 E GATES,ROMEO,MI,48065",MONDAY 24HR;TUESDAY 24HR;WEDNESDAY 24HR;THURSDAY 24HR;FRIDAY 24HR;SATURDAY 24HR;SUNDAY 24HR;
MACOMB,CENTER LINE CITY,JANICE POCKRANDT,"7070 E. TEN MILE,CENTER LINE,MI,48015",MONDAY 24HR;TUESDAY 24HR;WEDNESDAY 24HR;THURSDAY 24HR;FRIDAY 24HR;SATURDAY 24HR;SUNDAY 24HR;
MACOMB,CHESTERFIELD TOWNSHIP,CINDY BERRY,"26001  22 MILE RD.,CHESTERFIELD,MI,48051",MONDAY 24HR;TUESDAY 24HR;WEDNESDAY 24HR;THURSDAY 24HR;FRIDAY 24HR;SATURDAY 24HR;SUNDAY 24HR;
MACOMB,CHESTERFIELD TOWNSHIP,CINDY BERRY,"33991 23 MILE RD.,CHESTERFIELD,MI,48047",MONDAY 24HR;TUESDAY 24HR;WEDNESDAY 24HR;THURSDAY 24HR;FRIDAY 24HR;SATURDAY 24HR;SUNDAY 24HR;
MACOMB,CHESTERFIELD TOWNSHIP,CINDY BERRY,"48400 SUGARBUSH RD,CHESTERFIELD,MI,48047",MONDAY 24HR;TUESDAY 24HR;WEDNESDAY 24HR;THURSDAY 24HR;FRIDAY 24HR;SATURDAY 24HR;SUNDAY 24HR;
MACOMB,CHESTERFIELD TOWNSHIP,CINDY BERRY,"47275 SUGARBUSH RD.,CHESTERFIELD TOWNSHIP,MI,48047",MONDAY 24HR;TUESDAY 24HR;WEDNESDAY 24HR;THURSDAY 24HR;FRIDAY 24HR;SATURDAY 24HR;SUNDAY 24HR;
MACOMB,CLINTON TOWNSHIP,KIM MELTZER,"CIVIC CENTER,40700 ROMEO PLANK RD.,CLINTON TOWNSHIP,MI,48038",MONDAY 24HR;TUESDAY 24HR;WEDNESDAY 24HR;THURSDAY 24HR;FRIDAY 24HR;SATURDAY 24HR;SUNDAY 24HR;
MACOMB,CLINTON TOWNSHIP,KIM MELTZER,"FIRE STATION 1,1129 S GRATIOT AVE,CLINTON TOWNSHIP,MI,48035",MONDAY 24HR;TUESDAY 24HR;WEDNESDAY 24HR;THURSDAY 24HR;FRIDAY 24HR;SATURDAY 24HR;SUNDAY 24HR;
MACOMB,CLINTON TOWNSHIP,KIM MELTZER,"FIRE STATION 2,21250 15 MILE ROAD,CLINTON TOWNSHIP,MI,48035",MONDAY 24HR;TUESDAY 24HR;WEDNESDAY 24HR;THURSDAY 24HR;FRIDAY 24HR;SATURDAY 24HR;SUNDAY 24HR;
MACOMB,CLINTON TOWNSHIP,KIM MELTZER,"FIRE STATION 5,43800 ELIZABETH ST,CLINTON TOWNSHIP,MI,48036",MONDAY 24HR;TUESDAY 24HR;WEDNESDAY 24HR;THURSDAY 24HR;FRIDAY 24HR;SATURDAY 24HR;SUNDAY 24HR;
MACOMB,CLINTON TOWNSHIP,KIM MELTZER,"HERITAGE ESTATES,15430 18 MILE RD,CLINTON TOWNSHIP,MI,48038",MONDAY 24HR;TUESDAY 24HR;WEDNESDAY 24HR;THURSDAY 24HR;FRIDAY 24HR;SATURDAY 24HR;SUNDAY 24HR;
MACOMB,CLINTON TOWNSHIP,KIM MELTZER,"POLICE DEPARTMENT,37985 GROESBECK HWY,CLINTON TOWNSHIP,MI,48036",MONDAY 24HR;TUESDAY 24HR;WEDNESDAY 24HR;THURSDAY 24HR;FRIDAY 24HR;SATURDAY 24HR;SUNDAY 24HR;
MACOMB,EASTPOINTE CITY,ROBIN UNDERWOOD,".,15875 OAK STREET,EASTPOINTE,MI,48021",MONDAY 24HR;TUESDAY 24HR;WEDNESDAY 24HR;THURSDAY 24HR;FRIDAY 24HR;SATURDAY 24HR;SUNDAY 24HR;
MACOMB,EASTPOINTE CITY,ROBIN UNDERWOOD,"23200 GRATIOT AVE,EASTPOINTE,MI,48021",MONDAY 24HR;TUESDAY 24HR;WEDNESDAY 24HR;THURSDAY 24HR;FRIDAY 24HR;SATURDAY 24HR;SUNDAY 24HR;
MACOMB,FRASER CITY,AUGUST GITSCHLAG,"33000 GARFIELD,FRASER,MI,48026",MONDAY 24HR;TUESDAY 24HR;WEDNESDAY 24HR;THURSDAY 24HR;FRIDAY 24HR;SATURDAY 24HR;SUNDAY 24HR;
MACOMB,HARRISON TOWNSHIP,ADAM WIT,"26980 BALLARD,HARRISON TOWNSHIP,MI,48045",MONDAY 24HR;TUESDAY 24HR;WEDNESDAY 24HR;THURSDAY 24HR;FRIDAY 24HR;SATURDAY 24HR;SUNDAY 24HR;
MACOMB,HARRISON TOWNSHIP,ADAM WIT,"38151 LANSE CREUSE ST,HARRISON TOWNSHIP,MI,48045",MONDAY 24HR;TUESDAY 24HR;WEDNESDAY 24HR;THURSDAY 24HR;FRIDAY 24HR;SATURDAY 24HR;SUNDAY 24HR;
MACOMB,LENOX TOWNSHIP,MICHELLE GURLEY,"63775 GRATIOT AVE,LENOX,MI,48050",MONDAY 24HR;TUESDAY 24HR;WEDNESDAY 24HR;THURSDAY 24HR;FRIDAY 24HR;SATURDAY 24HR;SUNDAY 24HR;
MACOMB,MACOMB TOWNSHIP,KRISTI POZZI,"FIRE STATION #3,47711 NORTH AVE.,MACOMB,MI,48042",MONDAY 24HR;TUESDAY 24HR;WEDNESDAY 24HR;THURSDAY 24HR;FRIDAY 24HR;SATURDAY 24HR;SUNDAY 24HR;
MACOMB,MACOMB TOWNSHIP,KRISTI POZZI,"PITCHFORD PARK,49625 ROMEO PLANK RD,MACOMB,MI,48044",MONDAY 24HR;TUESDAY 24HR;WEDNESDAY 24HR;THURSDAY 24HR;FRIDAY 24HR;SATURDAY 24HR;SUNDAY 24HR;
MACOMB,MACOMB TOWNSHIP,KRISTI POZZI,"SENIOR CENTER,51210 ALMA DR.,MACOMB,MI,48042",MONDAY 24HR;TUESDAY 24HR;WEDNESDAY 24HR;THURSDAY 24HR;FRIDAY 24HR;SATURDAY 24HR;SUNDAY 24HR;
MACOMB,MACOMB TOWNSHIP,KRISTI POZZI,"TOWN HALL,54111 BROUGHTON RD,MACOMB,MI,48042",MONDAY 24HR;TUESDAY 24HR;WEDNESDAY 24HR;THURSDAY 24HR;FRIDAY 24HR;SATURDAY 24HR;SUNDAY 24HR;
MACOMB,MACOMB TOWNSHIP,KRISTI POZZI,"WALDENBURG PARK,19225 21 MILE RD,MACOMB,MI,48044",MONDAY 24HR;TUESDAY 24HR;WEDNESDAY 24HR;THURSDAY 24HR;FRIDAY 24HR;SATURDAY 24HR;SUNDAY 24HR;
MACOMB,MOUNT CLEMENS CITY,CATHLEEN  MARTIN,"58 ORCHARD,MOUNT CLEMENS,MI,48043",MONDAY 24HR;TUESDAY 24HR;WEDNESDAY 24HR;THURSDAY 24HR;FRIDAY 24HR;SATURDAY 24HR;SUNDAY 24HR;
MACOMB,MOUNT CLEMENS CITY,CATHLEEN  MARTIN,"ONE CROCKER BOULEVARD,MOUNT CLEMENS,MI,48043",MONDAY 24HR;TUESDAY 24HR;WEDNESDAY 24HR;THURSDAY 24HR;FRIDAY 24HR;SATURDAY 24HR;SUNDAY 24HR;
MACOMB,NEW BALTIMORE CITY,MARCELLA SHINSKA,"36535 Green Street,New Baltimore,MI,48047",24/7
MACOMB,RAY TOWNSHIP,LORI R LASCOE,"64255 WOLCOTT,RAY,MI,48096",MONDAY 24HR;TUESDAY 24HR;WEDNESDAY 24HR;THURSDAY 24HR;FRIDAY 24HR;SATURDAY 24HR;SUNDAY 24HR;
MACOMB,RICHMOND CITY,HEATHER MCCALLISTER,"36725 Division Road,Richmond,MI,48062",24/7
MACOMB,RICHMOND CITY,HEATHER MCCALLISTER,"RICHMOND CITY HALL LOBBY,36725 DIVISION ROAD,RICHMOND,MI,48062",MONDAY 24HR;TUESDAY 24HR;WEDNESDAY 24HR;THURSDAY 24HR;FRIDAY 24HR;SATURDAY 24HR;SUNDAY 24HR;
MACOMB,RICHMOND TOWNSHIP,CATHERINE  LAFONTAINE,"34900 SCHOOL SECTION,RICHMOND TOWNSHIP,MI,48062",MONDAY 24HR;TUESDAY 24HR;WEDNESDAY 24HR;THURSDAY 24HR;FRIDAY 24HR;SATURDAY 24HR;SUNDAY 24HR;
MACOMB,ROSEVILLE CITY,JENNIFER A. ZELMANSKI,"29777 GRATIOT,ROSEVILLE,MI,48066",MONDAY 24HR;TUESDAY 24HR;WEDNESDAY 24HR;THURSDAY 24HR;FRIDAY 24HR;SATURDAY 24HR;SUNDAY 24HR;
MACOMB,ROSEVILLE CITY,JENNIFER A. ZELMANSKI,"29777 GRATIOT,ROSEVILLE,MI,48066",MONDAY 24HR;TUESDAY 24HR;WEDNESDAY 24HR;THURSDAY 24HR;FRIDAY 24HR;SATURDAY 24HR;SUNDAY 24HR;
MACOMB,ROSEVILLE CITY,JENNIFER A. ZELMANSKI,"29777 GRATIOT,ROSEVILLE,MI,48066",MONDAY 24HR;TUESDAY 24HR;WEDNESDAY 24HR;THURSDAY 24HR;FRIDAY 24HR;SATURDAY 24HR;SUNDAY 24HR;
MACOMB,ST CLAIR SHORES CITY,ABRIAL J. BARRETT,"BLOSSOM HEATH INN,24800 JEFFERSON AVENUE,ST. CLAIR SHORES,MI,48080",MONDAY 24HR;TUESDAY 24HR;WEDNESDAY 24HR;THURSDAY 24HR;FRIDAY 24HR;SATURDAY 24HR;SUNDAY 24HR;
MACOMB,ST CLAIR SHORES CITY,ABRIAL J. BARRETT,"CITY HALL - FRONT CIRCLE DRIVE,27600 JEFFERSON AVENUE,ST. CLAIR SHORES,MI,48081",MONDAY 24HR;TUESDAY 24HR;WEDNESDAY 24HR;THURSDAY 24HR;FRIDAY 24HR;SATURDAY 24HR;SUNDAY 24HR;
MACOMB,ST CLAIR SHORES CITY,ABRIAL J. BARRETT,"CITY HALL - REAR ENTRANCE,27600 JEFFERSON AVENUE,ST. CLAIR SHORES,MI,48081",MONDAY 24HR;TUESDAY 24HR;WEDNESDAY 24HR;THURSDAY 24HR;FRIDAY 24HR;SATURDAY 24HR;SUNDAY 24HR;
MACOMB,ST CLAIR SHORES CITY,ABRIAL J. BARRETT,"ST. CLAIR SHORES CIVIC ARENA,20000 STEPHENS ROAD,ST. CLAIR SHORES,MI,48080",MONDAY 24HR;TUESDAY 24HR;WEDNESDAY 24HR;THURSDAY 24HR;FRIDAY 24HR;SATURDAY 24HR;SUNDAY 24HR;
MACOMB,ST CLAIR SHORES CITY,ABRIAL J. BARRETT,"ST. CLAIR SHORES GOLF COURSE,22185 MASONIC,ST. CLAIR SHORES,MI,48082",MONDAY 24HR;TUESDAY 24HR;WEDNESDAY 24HR;THURSDAY 24HR;FRIDAY 24HR;SATURDAY 24HR;SUNDAY 24HR;
MACOMB,ST CLAIR SHORES CITY,ABRIAL J. BARRETT,"VETERANS MEMORIAL PARK MAIN PARKING LOT,32400 JEFFERSON AVENUE,ST. CLAIR SHORES,MI,48082",MONDAY 24HR;TUESDAY 24HR;WEDNESDAY 24HR;THURSDAY 24HR;FRIDAY 24HR;SATURDAY 24HR;SUNDAY 24HR;
MACOMB,SHELBY CHARTER TOWNSHIP,STANLEY T GROT,"14975 21 MILE ROAD,SHELBY TOWNSHIP,MI,48315",MONDAY 24HR;TUESDAY 24HR;WEDNESDAY 24HR;THURSDAY 24HR;FRIDAY 24HR;SATURDAY 24HR;SUNDAY 24HR;
MACOMB,SHELBY CHARTER TOWNSHIP,STANLEY T GROT,"4101 RIVER BENDS DRIVE,SHELBY TOWNSHIP,MI,48317",MONDAY 24HR;TUESDAY 24HR;WEDNESDAY 24HR;THURSDAY 24HR;FRIDAY 24HR;SATURDAY 24HR;SUNDAY 24HR;
MACOMB,SHELBY CHARTER TOWNSHIP,STANLEY T GROT,"52700 VAN DYKE,SHELBY TOWNSHIP,MI,48316",MONDAY 8:30AM - 5:00PM;TUESDAY 8:30AM - 5:00PM;WEDNESDAY 8:30AM - 5:00PM;THURSDAY 8:30AM - 5:00PM;FRIDAY 8:30AM - 5:00PM;
MACOMB,SHELBY CHARTER TOWNSHIP,STANLEY T GROT,"52700 VAN DYKE,SHELBY TWP,MI,48316",MONDAY 24HR;TUESDAY 24HR;WEDNESDAY 24HR;THURSDAY 24HR;FRIDAY 24HR;SATURDAY 24HR;SUNDAY 24HR;
MACOMB,SHELBY CHARTER TOWNSHIP,STANLEY T GROT,"52700 VAN DYKE,SHELBY TWP,MI,48316",MONDAY 24HR;TUESDAY 24HR;WEDNESDAY 24HR;THURSDAY 24HR;FRIDAY 24HR;SATURDAY 24HR;SUNDAY 24HR;
MACOMB,STERLING HEIGHTS CITY,MELANIE D RYSKA,"SENIOR CENTER,40200 UTICA ROAD,STERING HEIGHTS,MI,48313",MONDAY 24HR;TUESDAY 24HR;WEDNESDAY 24HR;THURSDAY 24HR;FRIDAY 24HR;SATURDAY 24HR;SUNDAY 24HR;
MACOMB,STERLING HEIGHTS CITY,MELANIE D RYSKA,"CITY CLERK OFFICE,40555 UTICA ROAD,STERLING HEIGHTS,MI,48313",MONDAY 8:30AM - 5:00PM;TUESDAY 8:30AM - 5:00PM;WEDNESDAY 8:30AM - 5:00PM;THURSDAY 8:30AM - 5:00PM;FRIDAY 8:30AM - 5:00PM;
MACOMB,STERLING HEIGHTS CITY,MELANIE D RYSKA,"DELIA DOG PARK (FORMERLY FIRE STATION #5),41801 RYAN RD,STERLING HEIGHTS,MI,48314",MONDAY 24HR;TUESDAY 24HR;WEDNESDAY 24HR;THURSDAY 24HR;FRIDAY 24HR;SATURDAY 24HR;SUNDAY 24HR;
MACOMB,STERLING HEIGHTS CITY,MELANIE D RYSKA,"FIRE STATION #2,12825 19 MILE RD,STERLING HEIGHTS,MI,48313",MONDAY 24HR;TUESDAY 24HR;WEDNESDAY 24HR;THURSDAY 24HR;FRIDAY 24HR;SATURDAY 24HR;SUNDAY 24HR;
MACOMB,STERLING HEIGHTS CITY,MELANIE D RYSKA,"FIRE STATION #3,5250 15 MILE RD,STERLING HEIGHTS,MI,48310",MONDAY 24HR;TUESDAY 24HR;WEDNESDAY 24HR;THURSDAY 24HR;FRIDAY 24HR;SATURDAY 24HR;SUNDAY 24HR;
MACOMB,STERLING HEIGHTS CITY,MELANIE D RYSKA,"FIRE STATION #4,12850 15 MILE RD,STERLING HEIGHTS,MI,48312",MONDAY 24HR;TUESDAY 24HR;WEDNESDAY 24HR;THURSDAY 24HR;FRIDAY 24HR;SATURDAY 24HR;SUNDAY 24HR;
MACOMB,STERLING HEIGHTS CITY,MELANIE D RYSKA,"POLICE STATION,40333 DODGE PARK RD,STERLING HEIGHTS,MI,48313",MONDAY 24HR;TUESDAY 24HR;WEDNESDAY 24HR;THURSDAY 24HR;FRIDAY 24HR;SATURDAY 24HR;SUNDAY 24HR;
MACOMB,STERLING HEIGHTS CITY,MELANIE D RYSKA,"TEMPORARILY OUT OF SERVICE - NATURE PRESERVE,2460 DOBRY DRIVE,STERLING HEIGHTS,MI,48314",MONDAY 24HR;TUESDAY 24HR;WEDNESDAY 24HR;THURSDAY 24HR;FRIDAY 24HR;SATURDAY 24HR;SUNDAY 24HR;
MACOMB,UTICA CITY,LORI COOKE,"7550 AUBURN ROAD,UTICA,MI,48317",MONDAY 24HR;TUESDAY 24HR;WEDNESDAY 24HR;THURSDAY 24HR;FRIDAY 24HR;SATURDAY 24HR;SUNDAY 24HR;
MACOMB,WARREN CITY,SONJA BUFFA,"BUSCH BRANCH LIBRARY,23333 RYAN,WARREN,MI,48091",MONDAY 24HR;TUESDAY 24HR;WEDNESDAY 24HR;THURSDAY 24HR;FRIDAY 24HR;SATURDAY 24HR;SUNDAY 24HR;
MACOMB,WARREN CITY,SONJA BUFFA,"CITY HALL,1 CITY SQUARE,WARREN,MI,48093",MONDAY 24HR;TUESDAY 24HR;WEDNESDAY 24HR;THURSDAY 24HR;FRIDAY 24HR;SATURDAY 24HR;SUNDAY 24HR;
MACOMB,WARREN CITY,SONJA BUFFA,"CITY HALL,1 CITY SQUARE,WARREN,MI,48093",MONDAY 24HR;TUESDAY 24HR;WEDNESDAY 24HR;THURSDAY 24HR;FRIDAY 24HR;SATURDAY 24HR;SUNDAY 24HR;
MACOMB,WARREN CITY,SONJA BUFFA,"CITY HALL CLERKS OFFICE,1 CITY SQUARE SUITE 205,WARREN,MI,48093",MONDAY 8:30AM - 5:00PM;TUESDAY 8:30AM - 5:00PM;WEDNESDAY 8:30AM - 5:00PM;THURSDAY 8:30AM - 5:00PM;FRIDAY 8:30AM - 5:00PM;
MACOMB,WARREN CITY,SONJA BUFFA,"CIVIC CENTER SOUTH,23345 VAN DYKE AVE,WARREN,MI,48091",MONDAY 24HR;TUESDAY 24HR;WEDNESDAY 24HR;THURSDAY 24HR;FRIDAY 24HR;SATURDAY 24HR;SUNDAY 24HR;
MACOMB,WARREN CITY,SONJA BUFFA,"STILWELL MANOR,26600 BURG ROAD,WARREN,MI,48089",MONDAY 24HR;TUESDAY 24HR;WEDNESDAY 24HR;THURSDAY 24HR;FRIDAY 24HR;SATURDAY 24HR;SUNDAY 24HR;
MACOMB,WARREN CITY,SONJA BUFFA,"WARREN COMMUNITY CENTER,5460 ARDEN,WARREN,MI,48092",MONDAY 24HR;TUESDAY 24HR;WEDNESDAY 24HR;THURSDAY 24HR;FRIDAY 24HR;SATURDAY 24HR;SUNDAY 24HR;
MACOMB,WARREN CITY,SONJA BUFFA,"WWTP,32360 WARKOP AVE,WARREN,MI,48093",MONDAY 24HR;TUESDAY 24HR;WEDNESDAY 24HR;THURSDAY 24HR;FRIDAY 24HR;SATURDAY 24HR;SUNDAY 24HR;
MACOMB,WASHINGTON TOWNSHIP,AUDREY BROWN,"57900 VAN DYKE AVE.,LOCATED AT NORTH END OF TOWNSHIP HALL DRIVEWAY,WASHINGTON,MI,48094",MONDAY 24HR;TUESDAY 24HR;WEDNESDAY 24HR;THURSDAY 24HR;FRIDAY 24HR;SATURDAY 24HR;SUNDAY 24HR;
MACOMB,WASHINGTON TOWNSHIP,AUDREY BROWN,"11285 30 MILE RD.,WASHINGTON TWP,MI,48094",MONDAY 24HR;TUESDAY 24HR;WEDNESDAY 24HR;THURSDAY 24HR;FRIDAY 24HR;SATURDAY 24HR;SUNDAY 24HR;
MANISTEE,ARCADIA TOWNSHIP,TRACY CATLIN,"3422 LAKE STREET,ARCADIA,MI,49611",MONDAY 24HR;TUESDAY 24HR;WEDNESDAY 24HR;THURSDAY 24HR;FRIDAY 24HR;SATURDAY 24HR;SUNDAY 24HR;
MANISTEE,BEAR LAKE TOWNSHIP,DEANNA PATTISON,"7771 LAKE ST,BEAR LAKE,MI,49614",MONDAY 24HR;TUESDAY 24HR;WEDNESDAY 24HR;THURSDAY 24HR;FRIDAY 24HR;SATURDAY 24HR;SUNDAY 24HR;
MANISTEE,BROWN TOWNSHIP,DEBORAH KNUTSON,"8233 COATES HWY,MANISTEE,MI,49660",MONDAY 24HR;TUESDAY 24HR;WEDNESDAY 24HR;THURSDAY 24HR;FRIDAY 24HR;SATURDAY 24HR;SUNDAY 24HR;
MANISTEE,CLEON TOWNSHIP,AMY HERRST,"16632 IMHOFF DR,COPEMISH,MI,49625",MONDAY 24HR;TUESDAY 24HR;WEDNESDAY 24HR;THURSDAY 24HR;FRIDAY 24HR;SATURDAY 24HR;SUNDAY 24HR;
MANISTEE,DICKSON TOWNSHIP,CARISSA  SMITH,"14270 COATES HWY,BRETHREN,MI,49619",MONDAY 24HR;TUESDAY 24HR;WEDNESDAY 24HR;THURSDAY 24HR;FRIDAY 24HR;SATURDAY 24HR;SUNDAY 24HR;
MANISTEE,FILER TOWNSHIP,SHIRLEY BALL,"2505 FILER CITY ROAD,MANISTEE,MI,49660",MONDAY 24HR;TUESDAY 24HR;WEDNESDAY 24HR;THURSDAY 24HR;FRIDAY 24HR;SATURDAY 24HR;SUNDAY 24HR;
MANISTEE,MANISTEE CITY,HEATHER PEFLEY,"70 MAPLE ST,MANISTEE,MI,49660",MONDAY 24HR;TUESDAY 24HR;WEDNESDAY 24HR;THURSDAY 24HR;FRIDAY 24HR;SATURDAY 24HR;SUNDAY 24HR;
MANISTEE,MANISTEE TOWNSHIP,DIANNE TAYLOR,"410 HOLDEN STREET,MANISTEE,MI,49660",MONDAY 24HR;TUESDAY 24HR;WEDNESDAY 24HR;THURSDAY 24HR;FRIDAY 24HR;SATURDAY 24HR;SUNDAY 24HR;
MANISTEE,MAPLE GROVE TOWNSHIP,FRAN BELDO,"9208 KAUKO ST.,KALEVA,MI,49645",MONDAY 24HR;TUESDAY 24HR;WEDNESDAY 24HR;THURSDAY 24HR;FRIDAY 24HR;SATURDAY 24HR;SUNDAY 24HR;
MANISTEE,MAPLE GROVE TOWNSHIP,FRAN BELDO,"9208 KAUKO ST.,P.O.  BOX 48,KALEVA,MI,49645",MONDAY 24HR;TUESDAY 24HR;WEDNESDAY 24HR;THURSDAY 24HR;FRIDAY 24HR;SATURDAY 24HR;
MANISTEE,MAPLE GROVE TOWNSHIP,FRAN BELDO,"9208 KAUKO ST.,P.O.  BOX 48,KALEVA,MI,49645",MONDAY 24HR;TUESDAY 24HR;WEDNESDAY 24HR;THURSDAY 24HR;FRIDAY 24HR;SATURDAY 24HR;
MANISTEE,MARILLA TOWNSHIP,MISTY CUDNEY,"9991 MARILLA RD,COPEMISH,MI,49625",MONDAY 24HR;TUESDAY 24HR;WEDNESDAY 24HR;THURSDAY 24HR;FRIDAY 24HR;SATURDAY 24HR;SUNDAY 24HR;
MANISTEE,NORMAN TOWNSHIP,STARR DANIELS,"1273 S SEAMAN ROAD,WELLSTON,MI,49689",MONDAY 24HR;TUESDAY 24HR;WEDNESDAY 24HR;THURSDAY 24HR;FRIDAY 24HR;SATURDAY 24HR;SUNDAY 24HR;
MANISTEE,ONEKAMA TOWNSHIP,JENNIFER SMELTZER,"5435 MAIN ST,SIDE DOOR OF THE TOWNSHIP HALL,ONEKAMA,MI,49675",MONDAY 24HR;TUESDAY 24HR;WEDNESDAY 24HR;THURSDAY 24HR;FRIDAY 24HR;SATURDAY 24HR;SUNDAY 24HR;
MANISTEE,PLEASANTON TOWNSHIP,CAROL MERRILL,"8958 LUMLEY ROAD,BEAR LAKE,MI,49614",MONDAY 24HR;TUESDAY 24HR;WEDNESDAY 24HR;THURSDAY 24HR;FRIDAY 24HR;SATURDAY 24HR;SUNDAY 24HR;
MANISTEE,SPRINGDALE TOWNSHIP,PENNY NELSON,"14992 GLOVERS LAKE ROAD,BEAR LAKE,MI,49614",MONDAY 24HR;TUESDAY 24HR;WEDNESDAY 24HR;THURSDAY 24HR;FRIDAY 24HR;SATURDAY 24HR;SUNDAY 24HR;
MANISTEE,STRONACH TOWNSHIP,LORI GERBER,"2471 MAIN STREET RR3,MANISTEE,MI,49660",MONDAY 24HR;TUESDAY 24HR;WEDNESDAY 24HR;THURSDAY 24HR;FRIDAY 24HR;SATURDAY 24HR;SUNDAY 24HR;
MARQUETTE,CHOCOLAY TOWNSHIP,MAX ENGLE,"5010 US 41 S,MARQUETTE,MI,49855",MONDAY 24HR;TUESDAY 24HR;WEDNESDAY 24HR;THURSDAY 24HR;FRIDAY 24HR;SATURDAY 24HR;SUNDAY 24HR;
MARQUETTE,ELY TOWNSHIP,GLENN WING,"1555 COUNTY ROAD 496,ISHPEMING,MI,49849",MONDAY 24HR;TUESDAY 24HR;WEDNESDAY 24HR;THURSDAY 24HR;FRIDAY 24HR;SATURDAY 24HR;SUNDAY 24HR;
MARQUETTE,EWING TOWNSHIP,CINDY HAAS,"2500 W MAPLE RIDGE 37TH RD,ROCK,MI,49880",MONDAY 24HR;TUESDAY 24HR;WEDNESDAY 24HR;THURSDAY 24HR;FRIDAY 24HR;SATURDAY 24HR;SUNDAY 24HR;
MARQUETTE,FORSYTH TOWNSHIP,RONALD LAUREN,"44 N JOHNSON LAKE RD,GWINN,MI,49841",MONDAY 24HR;TUESDAY 24HR;WEDNESDAY 24HR;THURSDAY 24HR;FRIDAY 24HR;SATURDAY 24HR;SUNDAY 24HR;
MARQUETTE,ISHPEMING CITY,EMILIE STACK,"100 E. DIVISION STREET,ISHPEMING,MI,49849",MONDAY 24HR;TUESDAY 24HR;WEDNESDAY 24HR;THURSDAY 24HR;FRIDAY 24HR;SATURDAY 24HR;SUNDAY 24HR;
MARQUETTE,ISHPEMING TOWNSHIP,NICOLE HYRY,"1575 US HIGHWAY 41,ISHPEMING,MI,49849",MONDAY 24HR;TUESDAY 24HR;WEDNESDAY 24HR;THURSDAY 24HR;FRIDAY 24HR;SATURDAY 24HR;SUNDAY 24HR;
MARQUETTE,MARQUETTE CITY,KYLE WHITNEY,"CITY HALL,300 W. BARAGA AVENUE,MARQUETTE,MI,49855",MONDAY 24HR;TUESDAY 24HR;WEDNESDAY 24HR;THURSDAY 24HR;FRIDAY 24HR;SATURDAY 24HR;SUNDAY 24HR;
MARQUETTE,MARQUETTE CITY,KYLE WHITNEY,"LAKEVIEW ARENA,401 E. FAIR AVENUE,MARQUETTE,MI,49855",MONDAY 24HR;TUESDAY 24HR;WEDNESDAY 24HR;THURSDAY 24HR;FRIDAY 24HR;SATURDAY 24HR;SUNDAY 24HR;
MARQUETTE,MARQUETTE CITY,KYLE WHITNEY,"MUNICIPAL SERVICE CENTER,1100 WRIGHT STREET,MARQUETTE,MI,49855",MONDAY 24HR;TUESDAY 24HR;WEDNESDAY 24HR;THURSDAY 24HR;FRIDAY 24HR;SATURDAY 24HR;SUNDAY 24HR;
MARQUETTE,MARQUETTE TOWNSHIP,RANDY RITARI,"1000 COMMERCE DRIVE,MARQUETTE,MI,49855",MONDAY 24HR;TUESDAY 24HR;WEDNESDAY 24HR;THURSDAY 24HR;FRIDAY 24HR;SATURDAY 24HR;SUNDAY 24HR;
MARQUETTE,MICHIGAMME TOWNSHIP,KATHI HANSON,"202 W MAIN STREET,MICHIGAMME,MI,49861",MONDAY 24HR;TUESDAY 24HR;WEDNESDAY 24HR;THURSDAY 24HR;FRIDAY 24HR;SATURDAY 24HR;SUNDAY 24HR;
MARQUETTE,NEGAUNEE CITY,JUDITH IWANSKI,"319 W Case St,Negaunee,MI,49866",24/7
MARQUETTE,NEGAUNEE TOWNSHIP,RACHEL SERTICH,"42 E STATE HWY M35,NEGAUNEE,MI,49866",MONDAY 24HR;TUESDAY 24HR;WEDNESDAY 24HR;THURSDAY 24HR;FRIDAY 24HR;SATURDAY 24HR;SUNDAY 24HR;
MARQUETTE,RICHMOND TOWNSHIP,ETHEL SUNDBERG,"100 SMITH ST,BOX 35,PALMER,MI,49871",
MARQUETTE,SANDS TOWNSHIP,CAROLYN KERKELA,"987 S. STATE HIGHWAY M553,GWINN,MI,49841",MONDAY 24HR;TUESDAY 24HR;WEDNESDAY 24HR;THURSDAY 24HR;FRIDAY 24HR;SATURDAY 24HR;SUNDAY 24HR;
MARQUETTE,SKANDIA TOWNSHIP,MARILYN KETO,"224 KREIGER DR,PO BOX 48,74110,MI,49885",MONDAY 24HR;TUESDAY 24HR;WEDNESDAY 24HR;THURSDAY 24HR;FRIDAY 24HR;SATURDAY 24HR;SUNDAY 24HR;
MARQUETTE,TILDEN TOWNSHIP,DEBBIE PELLOW,"3145 COUNTY ROAD PG,TO THE RIGHT OF TOWNSHIP HALL MAIN DOOR ON POST.,ISHPEMING,MI,49849",MONDAY 24HR;TUESDAY 24HR;WEDNESDAY 24HR;THURSDAY 24HR;FRIDAY 24HR;SATURDAY 24HR;SUNDAY 24HR;
MARQUETTE,TURIN TOWNSHIP,PRISCILLA BRUNNGRAEBER,"17430 HWY M-35,ROCK,MI,49880",MONDAY 24HR;TUESDAY 24HR;WEDNESDAY 24HR;THURSDAY 24HR;FRIDAY 24HR;SATURDAY 24HR;SUNDAY 24HR;
MARQUETTE,WEST BRANCH TOWNSHIP,JANE TAYLOR,"1016 COUNTY ROAD 545 NORTH,SKANDIA,MI,49885",MONDAY 24HR;TUESDAY 24HR;WEDNESDAY 24HR;THURSDAY 24HR;FRIDAY 24HR;SATURDAY 24HR;SUNDAY 24HR;
MASON,AMBER TOWNSHIP,THERESA ROHDE,"171 S. AMBER RD.,SCOTTVILLE,MI,49454",MONDAY 24HR;TUESDAY 24HR;WEDNESDAY 24HR;THURSDAY 24HR;FRIDAY 24HR;SATURDAY 24HR;SUNDAY 24HR;
MASON,BRANCH TOWNSHIP,KIMBERLY TENNEY,"6532 EAST US 10,WALHALLA,MI,49458",MONDAY 24HR;TUESDAY 24HR;WEDNESDAY 24HR;THURSDAY 24HR;FRIDAY 24HR;SATURDAY 24HR;SUNDAY 24HR;
MASON,CUSTER TOWNSHIP,RACHEL BENDELE,"1950 E US HWY 10,CUSTER,MI,49405",MONDAY 24HR;TUESDAY 24HR;WEDNESDAY 24HR;THURSDAY 24HR;FRIDAY 24HR;SATURDAY 24HR;SUNDAY 24HR;
MASON,EDEN TOWNSHIP,JOANN PUGH,"3369 E HAWLEY RD.,CUSTER,MI,49405",MONDAY 24HR;TUESDAY 24HR;WEDNESDAY 24HR;THURSDAY 24HR;FRIDAY 24HR;SATURDAY 24HR;SUNDAY 24HR;
MASON,FREE SOIL TOWNSHIP,LYNDA PAPES,"FREE SOIL TOWNSHIP HALL,2691 E MICHIGAN ST,FREE SOIL,MI,49411",MONDAY 24HR;TUESDAY 24HR;WEDNESDAY 24HR;THURSDAY 24HR;FRIDAY 24HR;SATURDAY 24HR;SUNDAY 24HR;
MASON,GRANT TOWNSHIP,MARY JO JANOWIAK,"835 W HOAGUE ROAD,MANISTEE,MI,49660",MONDAY 24HR;TUESDAY 24HR;WEDNESDAY 24HR;THURSDAY 24HR;FRIDAY 24HR;SATURDAY 24HR;SUNDAY 24HR;
MASON,HAMLIN TOWNSHIP,SHEILA GENTER,"3775 N JEBAVY DR,LUDINGTON,MI,49431",MONDAY 24HR;TUESDAY 24HR;WEDNESDAY 24HR;THURSDAY 24HR;FRIDAY 24HR;SATURDAY 24HR;SUNDAY 24HR;
MASON,LOGAN TOWNSHIP,JOHN KAMPFSCHULTE,"LOGAN TOWNSHIP CLERK,7698 E. WASHINGTON RD.,BRANCH,MI,49402",MONDAY 24HR;TUESDAY 24HR;WEDNESDAY 24HR;THURSDAY 24HR;FRIDAY 24HR;SATURDAY 24HR;SUNDAY 24HR;
MASON,LUDINGTON CITY,DEBORAH L. LUSKIN,"400 S HARRISON ST,LUDINGTON,MI,49431",MONDAY 24HR;TUESDAY 24HR;WEDNESDAY 24HR;THURSDAY 24HR;FRIDAY 24HR;SATURDAY 24HR;SUNDAY 24HR;
MASON,MEADE TOWNSHIP,KIRSTIN VANDEVOORDE,"5435 E FREE SOIL,FREE SOIL,MI,49411",MONDAY 24HR;TUESDAY 24HR;WEDNESDAY 24HR;THURSDAY 24HR;FRIDAY 24HR;SATURDAY 24HR;SUNDAY 24HR;
MASON,PERE MARQUETTE CHARTER TWP,RACHELLE ENBODY,"1699 S. PERE MARQUETTE HIGHWAY,LUDINGTON,MI,49431",MONDAY 24HR;TUESDAY 24HR;WEDNESDAY 24HR;THURSDAY 24HR;FRIDAY 24HR;SATURDAY 24HR;SUNDAY 24HR;
MASON,RIVERTON TOWNSHIP,CINDY GERBERS,"535 W KISTLER RD,SCOTTVILLE,MI,49454",MONDAY 24HR;TUESDAY 24HR;WEDNESDAY 24HR;THURSDAY 24HR;FRIDAY 24HR;SATURDAY 24HR;SUNDAY 24HR;
MASON,SCOTTVILLE CITY,SHAREEN EDMONDSON,"105 N MAIN ST,SCOTTVILLE,MI,49454",MONDAY 24HR;TUESDAY 24HR;WEDNESDAY 24HR;THURSDAY 24HR;FRIDAY 24HR;SATURDAY 24HR;
MASON,SHERIDAN TOWNSHIP,MARLYNN GULEMBO,"6407 E DEWEY RD,FOUNTAIN,MI,49410",MONDAY 24HR;TUESDAY 24HR;WEDNESDAY 24HR;THURSDAY 24HR;FRIDAY 24HR;SATURDAY 24HR;SUNDAY 24HR;
MASON,SHERMAN TOWNSHIP,KURT D. LUBBEN,"3854 MAIN STREET,FOUNTAIN,MI,49410",MONDAY 24HR;TUESDAY 24HR;WEDNESDAY 24HR;THURSDAY 24HR;FRIDAY 24HR;SATURDAY 24HR;
MASON,SUMMIT TOWNSHIP,KAY DEANDA,"4879 W DEREN RD,LUDINGTON,MI,49431",MONDAY 24HR;TUESDAY 24HR;WEDNESDAY 24HR;THURSDAY 24HR;FRIDAY 24HR;SATURDAY 24HR;SUNDAY 24HR;
MASON,VICTORY TOWNSHIP,SARAH GRABOWSKI,"4411 N STILES RD,SCOTTVILLE,MI,49454",MONDAY 24HR;TUESDAY 24HR;WEDNESDAY 24HR;THURSDAY 24HR;FRIDAY 24HR;SATURDAY 24HR;SUNDAY 24HR;
MECOSTA,AETNA TOWNSHIP,BEVERLY MCLAUGHLIN,"196 N CASS STREET,MORLEY,MI,49336",MONDAY 24HR;TUESDAY 24HR;WEDNESDAY 24HR;THURSDAY 24HR;FRIDAY 24HR;SATURDAY 24HR;SUNDAY 24HR;
MECOSTA,BIG RAPIDS CITY,KAREN MANOSKI,"226 N. MICHIGAN AVENUE,BIG RAPIDS,MI,49307",MONDAY 24HR;TUESDAY 24HR;WEDNESDAY 24HR;THURSDAY 24HR;FRIDAY 24HR;SATURDAY 24HR;SUNDAY 24HR;
MECOSTA,BIG RAPIDS CITY,KAREN MANOSKI,"226 N. MICHIGAN AVENUE,BIG RAPIDS,MI,49307",MONDAY 8:00AM - 5:00PM;TUESDAY 8:00AM - 5:00PM;WEDNESDAY 8:00AM - 5:00PM;THURSDAY 8:00AM - 5:00PM;FRIDAY 8:00AM - 5:00PM;
MECOSTA,BIG RAPIDS TOWNSHIP,HANNAH SAEZ,"14212 NORTHLAND DR,BIG RAPIDS,MI,49307",MONDAY 24HR;TUESDAY 24HR;WEDNESDAY 24HR;THURSDAY 24HR;FRIDAY 24HR;SATURDAY 24HR;SUNDAY 24HR;
MECOSTA,CHIPPEWA TOWNSHIP,KRISTIN LYTLE,"10467 - 19 MILE RD,CHIPPEWA LAKE,MI,49320",MONDAY 24HR;TUESDAY 24HR;WEDNESDAY 24HR;THURSDAY 24HR;FRIDAY 24HR;SATURDAY 24HR;SUNDAY 24HR;
MECOSTA,COLFAX TOWNSHIP,SUSAN OLSON,"14428 157TH AVENUE,BIG RAPIDS,MI,49307",MONDAY 24HR;TUESDAY 24HR;WEDNESDAY 24HR;THURSDAY 24HR;FRIDAY 24HR;SATURDAY 24HR;SUNDAY 24HR;
MECOSTA,DEERFIELD TOWNSHIP,MICHELLE LEWIS,"396 4TH ST,MORLEY,MI,49336",MONDAY 24HR;TUESDAY 24HR;WEDNESDAY 24HR;THURSDAY 24HR;FRIDAY 24HR;SATURDAY 24HR;SUNDAY 24HR;
MECOSTA,FORK TOWNSHIP,ROBERTA HAZEN,"3265 20 MILE RD,BARRYTON,MI,49305",MONDAY 24HR;TUESDAY 24HR;WEDNESDAY 24HR;THURSDAY 24HR;FRIDAY 24HR;SATURDAY 24HR;SUNDAY 24HR;
MECOSTA,GRANT TOWNSHIP,LISA CRANNEY,"15081 20 MILE ROAD,BIG RAPIDS,MI,49307",MONDAY 24HR;TUESDAY 24HR;WEDNESDAY 24HR;THURSDAY 24HR;FRIDAY 24HR;SATURDAY 24HR;SUNDAY 24HR;
MECOSTA,GREEN TOWNSHIP,CORRI RIEBOW,"21431 NORTHLAND DR,PARIS,MI,49338",MONDAY 24HR;TUESDAY 24HR;WEDNESDAY 24HR;THURSDAY 24HR;FRIDAY 24HR;SATURDAY 24HR;SUNDAY 24HR;
MECOSTA,HINTON TOWNSHIP,RUTH PETERSEN,"9022 3 MILE RD,LAKEVIEW,MI,48850",MONDAY 24HR;TUESDAY 24HR;WEDNESDAY 24HR;THURSDAY 24HR;FRIDAY 24HR;SATURDAY 24HR;SUNDAY 24HR;
MECOSTA,MARTINY TOWNSHIP,CONNIE GRANT,"15051 110TH. AVE.,RODNEY,MI,49342",MONDAY 24HR;TUESDAY 24HR;WEDNESDAY 24HR;THURSDAY 24HR;FRIDAY 24HR;SATURDAY 24HR;SUNDAY 24HR;
MECOSTA,MECOSTA TOWNSHIP,STEPHANIE MCNEAL,"19729 11 MILE RD.,BIG RAPIDS,MI,49307",MONDAY 24HR;TUESDAY 24HR;WEDNESDAY 24HR;THURSDAY 24HR;FRIDAY 24HR;SATURDAY 24HR;SUNDAY 24HR;
MECOSTA,MILLBROOK TOWNSHIP,KAYE WISNER,"3015 JACKSON ROAD,BLANCHARD,MI,49310",MONDAY 24HR;TUESDAY 24HR;WEDNESDAY 24HR;THURSDAY 24HR;FRIDAY 24HR;SATURDAY 24HR;SUNDAY 24HR;
MECOSTA,MORTON TOWNSHIP,CAMIE COURTRIGHT,"290 West Main Street,Mecosta,MI,49332",24/7
MECOSTA,SHERIDAN TOWNSHIP,BRIDGET HAHN,"15020 30TH AVENUE,REMUS,MI,49340",MONDAY 24HR;TUESDAY 24HR;WEDNESDAY 24HR;THURSDAY 24HR;FRIDAY 24HR;SATURDAY 24HR;SUNDAY 24HR;
MECOSTA,WHEATLAND TOWNSHIP,KIM THIEL,"201 S SHERIDAN AVE,REMUS,MI,49340",MONDAY 24HR;TUESDAY 24HR;WEDNESDAY 24HR;THURSDAY 24HR;FRIDAY 24HR;SATURDAY 24HR;SUNDAY 24HR;
MECOSTA,WHEATLAND TOWNSHIP,KIM THIEL,"201 S SHERIDAN AVE.,REMUS,MI,49340",MONDAY 24HR;TUESDAY 24HR;WEDNESDAY 24HR;THURSDAY 24HR;FRIDAY 24HR;SATURDAY 24HR;SUNDAY 24HR;
MENOMINEE,DAGGETT TOWNSHIP,EDITH VINCENT,"S101 RAILROAD STREET,DAGGETT,MI,49821",MONDAY 24HR;TUESDAY 24HR;WEDNESDAY 24HR;THURSDAY 24HR;FRIDAY 24HR;SATURDAY 24HR;SUNDAY 24HR;
MENOMINEE,GOURLEY TOWNSHIP,IVY NETZEL,"N13830 COUNTY ROAD 551,WILSON,MI,49896",MONDAY 24HR;TUESDAY 24HR;WEDNESDAY 24HR;THURSDAY 24HR;FRIDAY 24HR;SATURDAY 24HR;SUNDAY 24HR;
MENOMINEE,LAKE TOWNSHIP,MISTY BOTTKOL,"N8109 COUNTY ROAD 577,STEPHENSON,MI,49887",MONDAY 24HR;TUESDAY 24HR;WEDNESDAY 24HR;THURSDAY 24HR;FRIDAY 24HR;SATURDAY 24HR;SUNDAY 24HR;
MENOMINEE,MELLEN TOWNSHIP,JESSIKA THOUNE,"W5631 CO RD 342,WALLACE,MI,49893",MONDAY 24HR;TUESDAY 24HR;WEDNESDAY 24HR;THURSDAY 24HR;FRIDAY 24HR;SATURDAY 24HR;SUNDAY 24HR;
MENOMINEE,MENOMINEE CITY,KATHLEEN BROFKA,"2511 10TH STREET,MENOMINEE,MI,46858",MONDAY 24HR;TUESDAY 24HR;WEDNESDAY 24HR;THURSDAY 24HR;FRIDAY 24HR;SATURDAY 24HR;SUNDAY 24HR;
MENOMINEE,MENOMINEE TOWNSHIP,MICHAEL ARMBRUST,"N2283 O-1 DRIVE,MENOMINEE,MI,49858",MONDAY 24HR;TUESDAY 24HR;WEDNESDAY 24HR;THURSDAY 24HR;FRIDAY 24HR;SATURDAY 24HR;SUNDAY 24HR;
MENOMINEE,NADEAU TOWNSHIP,NICK KASBOHM,"403 N US HIGHWAY 41,MENOMINEE COUNTY,MI,49812",MONDAY 24HR;TUESDAY 24HR;WEDNESDAY 24HR;THURSDAY 24HR;FRIDAY 24HR;SATURDAY 24HR;
MENOMINEE,SPALDING TOWNSHIP,CONNIE WELLS,"N15881 PINE STREET,POWERS,MI,49874",MONDAY 24HR;TUESDAY 24HR;WEDNESDAY 24HR;THURSDAY 24HR;FRIDAY 24HR;SATURDAY 24HR;SUNDAY 24HR;
MENOMINEE,STEPHENSON CITY,KARMA TESSMER,"STEPHENSON CITY HALL,W628 SAMUEL STREET,STEPHENSON,MI,49887",MONDAY 24HR;TUESDAY 24HR;WEDNESDAY 24HR;THURSDAY 24HR;FRIDAY 24HR;SATURDAY 24HR;SUNDAY 24HR;
MENOMINEE,STEPHENSON TOWNSHIP,DAN CARLSON,"S325 RAILROAD STREET,STEPHENSON,MI,49887",MONDAY 24HR;TUESDAY 24HR;WEDNESDAY 24HR;THURSDAY 24HR;FRIDAY 24HR;SATURDAY 24HR;SUNDAY 24HR;
MIDLAND,COLEMAN CITY,TAMMY GOFFNETT,"201 EAST RAILWAY ST,IN FRONT OF BUILDING BY FLAG POLE,COLEMAN,MI,48618",MONDAY 24HR;TUESDAY 24HR;WEDNESDAY 24HR;THURSDAY 24HR;FRIDAY 24HR;SATURDAY 24HR;SUNDAY 24HR;
MIDLAND,EDENVILLE TOWNSHIP,KIMBERLEA HAUSER,"467 MOORE ST,PO BOX 24,EDENVILLE,MI,48620",MONDAY 24HR;TUESDAY 24HR;WEDNESDAY 24HR;THURSDAY 24HR;FRIDAY 24HR;SATURDAY 24HR;SUNDAY 24HR;
MIDLAND,GENEVA TOWNSHIP,KERRY BERTHUME,"3146 W BARDEN RD,COLEMAN,MI,48618",MONDAY 24HR;TUESDAY 24HR;WEDNESDAY 24HR;THURSDAY 24HR;FRIDAY 24HR;SATURDAY 24HR;SUNDAY 24HR;
MIDLAND,GREENDALE TOWNSHIP,RUTH KNAPP,"4750 WEST ISABELLA ROAD,4750 WEST ISABELLA ROAD,SHEPHERD,MI,48883",MONDAY 24HR;TUESDAY 24HR;WEDNESDAY 24HR;THURSDAY 24HR;FRIDAY 24HR;SATURDAY 24HR;SUNDAY 24HR;
MIDLAND,HOMER TOWNSHIP,TODD LEE,"522 N. HOMER,MIDLAND,MI,48640",MONDAY 24HR;TUESDAY 24HR;WEDNESDAY 24HR;THURSDAY 24HR;FRIDAY 24HR;SATURDAY 24HR;SUNDAY 24HR;
MIDLAND,HOPE TOWNSHIP,CAROL COYLE,"5244 N. HOPE RD,HOPE,MI,48628",MONDAY 24HR;TUESDAY 24HR;WEDNESDAY 24HR;THURSDAY 24HR;FRIDAY 24HR;SATURDAY 24HR;SUNDAY 24HR;
MIDLAND,INGERSOLL TOWNSHIP,MARY ELLEN KEEL,"4183 S. SMITH CROSSING,WHITE MAIL BOX NEXT TO GARAGE,FREELAND,MI,48623",MONDAY 24HR;TUESDAY 24HR;WEDNESDAY 24HR;THURSDAY 24HR;FRIDAY 24HR;SATURDAY 24HR;SUNDAY 24HR;
MIDLAND,INGERSOLL TOWNSHIP,MARY ELLEN KEEL,"3026 S. SASSE ROAD,INGERSOLL TOWNSHIP HALL,MIDLAND,MI,48640",MONDAY 24HR;TUESDAY 24HR;WEDNESDAY 24HR;THURSDAY 24HR;FRIDAY 24HR;SATURDAY 24HR;SUNDAY 24HR;
MIDLAND,JASPER TOWNSHIP,KRISTINA DEBOLT,"5595 W KENT RD,ST LOUIS,MI,48880",MONDAY 24HR;TUESDAY 24HR;WEDNESDAY 24HR;THURSDAY 24HR;FRIDAY 24HR;SATURDAY 24HR;SUNDAY 24HR;
MIDLAND,JEROME TOWNSHIP,GIL BERNIER,"737 W. BEAMISH RD.,SANFORD,MI,48657",MONDAY 24HR;TUESDAY 24HR;WEDNESDAY 24HR;THURSDAY 24HR;FRIDAY 24HR;SATURDAY 24HR;SUNDAY 24HR;
MIDLAND,LARKIN TOWNSHIP,GREYDON KOELLMANN,"3027 N JEFFERSON AVE,MIDLAND,MI,48642",MONDAY 24HR;TUESDAY 24HR;WEDNESDAY 24HR;THURSDAY 24HR;FRIDAY 24HR;SATURDAY 24HR;SUNDAY 24HR;
MIDLAND,LEE TOWNSHIP,LAURA DAWSON,"1485 W.OLSON RD.,MIDLAND,MI,48640",MONDAY 24HR;TUESDAY 24HR;WEDNESDAY 24HR;THURSDAY 24HR;FRIDAY 24HR;SATURDAY 24HR;SUNDAY 24HR;
MIDLAND,LINCOLN TOWNSHIP,STEVE KING,"1882 N. HOPE RD.,MIDLAND,MI,48642",MONDAY 24HR;TUESDAY 24HR;WEDNESDAY 24HR;THURSDAY 24HR;FRIDAY 24HR;SATURDAY 24HR;
MIDLAND,MIDLAND CITY,LACEY TODD,"333 W. ELLSWORTH STREET,MIDLAND,MI,48640",MONDAY 24HR;TUESDAY 24HR;WEDNESDAY 24HR;THURSDAY 24HR;FRIDAY 24HR;SATURDAY 24HR;SUNDAY 24HR;
MIDLAND,MIDLAND CITY,LACEY TODD,"405 FAST ICE DR,MIDLAND,MI,48642",MONDAY 24HR;TUESDAY 24HR;WEDNESDAY 24HR;THURSDAY 24HR;FRIDAY 24HR;SATURDAY 24HR;SUNDAY 24HR;
MIDLAND,MIDLAND CITY,LACEY TODD,"6603 BARSTOW DR,MIDLAND,MI,48642",MONDAY 24HR;TUESDAY 24HR;WEDNESDAY 24HR;THURSDAY 24HR;FRIDAY 24HR;SATURDAY 24HR;SUNDAY 24HR;
MIDLAND,MIDLAND TOWNSHIP,SHELLY L ARMSTRONG-MILLER,"1030 S POSEYVILLE RD,MIDLAND,MI,48640",MONDAY 24HR;TUESDAY 24HR;WEDNESDAY 24HR;THURSDAY 24HR;FRIDAY 24HR;SATURDAY 24HR;SUNDAY 24HR;
MIDLAND,MILLS TOWNSHIP,KIM SWEET,"3480 E. SHEARER ROAD,MIDLAND,MI,48642",MONDAY 24HR;TUESDAY 24HR;WEDNESDAY 24HR;THURSDAY 24HR;FRIDAY 24HR;SATURDAY 24HR;SUNDAY 24HR;
MIDLAND,MOUNT HALEY TOWNSHIP,KAREN RADOSA,"3012 S. HOMER ROAD,MERRILL,MI,48637",
MIDLAND,PORTER TOWNSHIP,MARIANNE CORBAT,"4029 S. 9 MILE RD,BRECKENRIDGE,MI,48615",
MIDLAND,WARREN TOWNSHIP,LINDA S. ANTHONY,"4506 W. BAKER ROAD,COLEMAN,MI,48618",MONDAY 24HR;TUESDAY 24HR;WEDNESDAY 24HR;THURSDAY 24HR;FRIDAY 24HR;SATURDAY 24HR;SUNDAY 24HR;
MISSAUKEE,AETNA TOWNSHIP,LINDA BROWN,"2950 E. KELLY RD.,FALMOUTH,MI,49632",MONDAY 24HR;TUESDAY 24HR;WEDNESDAY 24HR;THURSDAY 24HR;FRIDAY 24HR;SATURDAY 24HR;SUNDAY 24HR;
MISSAUKEE,BLOOMFIELD TOWNSHIP,CHERRIE PARK,"9592 W ARNOLD ROAD,MANTON,MI,49663",MONDAY 24HR;TUESDAY 24HR;WEDNESDAY 24HR;THURSDAY 24HR;FRIDAY 24HR;SATURDAY 24HR;SUNDAY 24HR;
MISSAUKEE,CALDWELL TOWNSHIP,SHELLEY SLOAT,"7313 W RHOBY RD. LAKE CITY, MI  49651,LOCATION:  CLERKS RESIDENCE- RIGHT BY THE GARAGE,LAKE CITY,MI,49651",MONDAY 24HR;TUESDAY 24HR;WEDNESDAY 24HR;THURSDAY 24HR;FRIDAY 24HR;SATURDAY 24HR;SUNDAY 24HR;
MISSAUKEE,ENTERPRISE TOWNSHIP,K LYNN POPE,"9022 E BURNS ROAD,MERRITT,MI,49667",MONDAY 24HR;TUESDAY 24HR;WEDNESDAY 24HR;THURSDAY 24HR;FRIDAY 24HR;SATURDAY 24HR;SUNDAY 24HR;
MISSAUKEE,FOREST TOWNSHIP,LEANN VOKES,"1181 N. DECKER RD,LAKE CITY,MI,49651",MONDAY 24HR;TUESDAY 24HR;WEDNESDAY 24HR;THURSDAY 24HR;FRIDAY 24HR;SATURDAY 24HR;SUNDAY 24HR;
MISSAUKEE,HOLLAND TOWNSHIP,DONNA BODE,"6978E. FINKLE RDD,FALMOUTH,MI,49632",MONDAY 24HR;TUESDAY 24HR;WEDNESDAY 24HR;THURSDAY 24HR;FRIDAY 24HR;SATURDAY 24HR;SUNDAY 24HR;
MISSAUKEE,LAKE TOWNSHIP,KORINDA WINKELMANN,"8105 W Kelly Rd,Lake City,MI,49651",24/7
MISSAUKEE,MCBAIN CITY,PAULA DYKHOUSE,"9478 S MOREY ROAD,MCBAIN,MI,49657",MONDAY 24HR;TUESDAY 24HR;WEDNESDAY 24HR;THURSDAY 24HR;FRIDAY 24HR;SATURDAY 24HR;SUNDAY 24HR;
MISSAUKEE,NORWICH TOWNSHIP,HEATHER KLEIN,"4551 E MOORESTOWN RD,LAKE CITY,MI,49651",MONDAY 24HR;TUESDAY 24HR;WEDNESDAY 24HR;THURSDAY 24HR;FRIDAY 24HR;SATURDAY 24HR;SUNDAY 24HR;
MISSAUKEE,PIONEER TOWNSHIP,KAREN EMOND,"2914 WEST MOORESTOWN ROAD,LAKE CITY,MI,49651",MONDAY 24HR;TUESDAY 24HR;WEDNESDAY 24HR;THURSDAY 24HR;FRIDAY 24HR;SATURDAY 24HR;SUNDAY 24HR;
MISSAUKEE,REEDER TOWNSHIP,ANN ROBERTS,"2970 W KELLY RD,LAKE CITY,MI,49651",MONDAY 24HR;TUESDAY 24HR;WEDNESDAY 24HR;THURSDAY 24HR;FRIDAY 24HR;SATURDAY 24HR;SUNDAY 24HR;
MISSAUKEE,RICHLAND TOWNSHIP,SARAH LUTKE,"9698 W CAVANAUGH RD,MC BAIN,MI,49657",MONDAY 24HR;TUESDAY 24HR;WEDNESDAY 24HR;THURSDAY 24HR;FRIDAY 24HR;SATURDAY 24HR;SUNDAY 24HR;
MISSAUKEE,RIVERSIDE TOWNSHIP,JILL GEESEMAN,"2900 W GEERS ROAD,MCBAIN,MI,49657",MONDAY 24HR;TUESDAY 24HR;WEDNESDAY 24HR;THURSDAY 24HR;FRIDAY 24HR;SATURDAY 24HR;SUNDAY 24HR;
MISSAUKEE,WEST BRANCH TOWNSHIP,YVONNE AHRENS,"2860 E WALKER RD,WEST BRANCH TOWNSHIP HALL,LAKE CITY,MI,49651",MONDAY 24HR;TUESDAY 24HR;WEDNESDAY 24HR;THURSDAY 24HR;FRIDAY 24HR;SATURDAY 24HR;SUNDAY 24HR;
MONROE,ASH TOWNSHIP,JENNIFER WILLIS,"1677 READY RD,CARLETON,MI,48117",MONDAY 24HR;TUESDAY 24HR;WEDNESDAY 24HR;THURSDAY 24HR;FRIDAY 24HR;SATURDAY 24HR;SUNDAY 24HR;
MONROE,BEDFORD TOWNSHIP,TRUDY HERSHBERGER,"WEST DEAN ROAD,ACROSS FROM THE LAMBERTVILLE FIRE STATION,LAMBERTVILLE,MI,48144",MONDAY 24HR;TUESDAY 24HR;WEDNESDAY 24HR;THURSDAY 24HR;FRIDAY 24HR;SATURDAY 24HR;SUNDAY 24HR;
MONROE,BEDFORD TOWNSHIP,TRUDY HERSHBERGER,"8100 JACKMAN ROAD,AT TOWNSHIP GOVERNMENT CENTER,TEMPERANCE,MI,48182",MONDAY 24HR;TUESDAY 24HR;WEDNESDAY 24HR;THURSDAY 24HR;FRIDAY 24HR;SATURDAY 24HR;SUNDAY 24HR;
MONROE,BERLIN TOWNSHIP,DENISE SOVEY-MEYER,"8000 SWAN VIEW,NEWPORT,MI,48166",MONDAY 24HR;TUESDAY 24HR;WEDNESDAY 24HR;THURSDAY 24HR;FRIDAY 24HR;SATURDAY 24HR;SUNDAY 24HR;
MONROE,DUNDEE TOWNSHIP,KARLA ZIESMER,"DUNDEE TOWNSHIP HALL,179 MAIN STREET,DUNDEE,MI,48131",MONDAY 24HR;TUESDAY 24HR;WEDNESDAY 24HR;THURSDAY 24HR;FRIDAY 24HR;SATURDAY 24HR;SUNDAY 24HR;
MONROE,ERIE TOWNSHIP,KIMBERLY COUSINO,"2065 ERIE RD,ERIE,MI,48133",MONDAY 24HR;TUESDAY 24HR;WEDNESDAY 24HR;THURSDAY 24HR;FRIDAY 24HR;SATURDAY 24HR;SUNDAY 24HR;
MONROE,EXETER TOWNSHIP,CHRISTINA BOGOSKI,"6158 Scofield Rd,Maybee,MI,48159",24/7
MONROE,FRENCHTOWN TOWNSHIP,KYLE T. BRYANT,"2744 VIVIAN RD.,MONROE,MI,48162",MONDAY 24HR;TUESDAY 24HR;WEDNESDAY 24HR;THURSDAY 24HR;FRIDAY 24HR;SATURDAY 24HR;SUNDAY 24HR;
MONROE,FRENCHTOWN TOWNSHIP,KYLE T. BRYANT,"2744 VIVIAN RD.,MONROE,MI,48162",MONDAY 24HR;TUESDAY 24HR;WEDNESDAY 24HR;THURSDAY 24HR;FRIDAY 24HR;SATURDAY 24HR;
MONROE,IDA TOWNSHIP,TERA SHAFFER,"3016 LEWIS AVENUE,IDA,MI,48140",MONDAY 24HR;TUESDAY 24HR;WEDNESDAY 24HR;THURSDAY 24HR;FRIDAY 24HR;SATURDAY 24HR;SUNDAY 24HR;
MONROE,LA SALLE TOWNSHIP,LADEANA MORR,"4111 LAPLAISANCE ROAD,LA SALLE,MI,48145",MONDAY 24HR;TUESDAY 24HR;WEDNESDAY 24HR;THURSDAY 24HR;FRIDAY 24HR;SATURDAY 24HR;SUNDAY 24HR;
MONROE,LONDON TOWNSHIP,ANITA STRAUB,"13613 TUTTLEHILL RD,MILAN,MI,48160",MONDAY 24HR;TUESDAY 24HR;WEDNESDAY 24HR;THURSDAY 24HR;FRIDAY 24HR;SATURDAY 24HR;SUNDAY 24HR;
MONROE,LUNA PIER CITY,CHARLIE BOYCE,"4357 BUCKEYE STREET,LUNA PIER,MI,48157",MONDAY 24HR;TUESDAY 24HR;WEDNESDAY 24HR;THURSDAY 24HR;FRIDAY 24HR;SATURDAY 24HR;SUNDAY 24HR;
MONROE,MILAN TOWNSHIP,STEPHANIE KOZAR,"16444 CONE RD,INSIDE VESTIBULE,MILAN,MI,48160",MONDAY 24HR;TUESDAY 24HR;WEDNESDAY 24HR;THURSDAY 24HR;FRIDAY 24HR;SATURDAY 24HR;SUNDAY 24HR;
MONROE,MONROE CITY,MICHELLE J LAVOY,"120 E FIRST ST,CITY HALL PARKING LOT,MONROE,MI,48161",MONDAY 24HR;TUESDAY 24HR;WEDNESDAY 24HR;THURSDAY 24HR;FRIDAY 24HR;SATURDAY 24HR;SUNDAY 24HR;
MONROE,MONROE CITY,MICHELLE J LAVOY,"1755 N CUSTER RD,MONROE,MI,48162",MONDAY 24HR;TUESDAY 24HR;WEDNESDAY 24HR;THURSDAY 24HR;FRIDAY 24HR;SATURDAY 24HR;SUNDAY 24HR;
MONROE,MONROE CITY,MICHELLE J LAVOY,"911 E 3RD ST,MONROE,MI,48161",MONDAY 24HR;TUESDAY 24HR;WEDNESDAY 24HR;THURSDAY 24HR;FRIDAY 24HR;SATURDAY 24HR;SUNDAY 24HR;
MONROE,MONROE TOWNSHIP,CHRISTINA SMITH,"4925 E. Dunbar Rd.,Outside main entrance.,Monroe,MI,48161",24/7
MONROE,PETERSBURG CITY,JENNIFER DOUGHTY,"24 E CENTER STREET,PETERSBURG,MI,49270",MONDAY 24HR;TUESDAY 24HR;WEDNESDAY 24HR;THURSDAY 24HR;FRIDAY 24HR;SATURDAY 24HR;SUNDAY 24HR;
MONROE,RAISINVILLE TOWNSHIP,BRENDA FETTERLY,"96 IDA-MAYBEE ROAD,MONROE,MI,48161",MONDAY 24HR;TUESDAY 24HR;WEDNESDAY 24HR;THURSDAY 24HR;FRIDAY 24HR;SATURDAY 24HR;SUNDAY 24HR;
MONROE,SUMMERFIELD TOWNSHIP,ALEXA KOLBE,"15 E. CENTER STREET,PETERSBURG,MI,49270",MONDAY 24HR;TUESDAY 24HR;WEDNESDAY 24HR;THURSDAY 24HR;FRIDAY 24HR;SATURDAY 24HR;SUNDAY 24HR;
MONROE,WHITEFORD TOWNSHIP,CHRISTINE BISCHOFF,"8000 YANKEE ROAD  SUITE 100,INSIDE BUILDING IN THE WALL DROP BOX,OTTAWA LAKE,MI,49267",MONDAY 7:00AM - 5:00PM;TUESDAY 7:00AM - 5:00PM;WEDNESDAY 7:00AM - 5:00PM;THURSDAY 7:00AM - 5:00PM;FRIDAY 7:00AM - 5:00PM;
MONROE,WHITEFORD TOWNSHIP,CHRISTINE BISCHOFF,"9244 WHITEFORD CENTER ROAD,OTTAWA LAKE,MI,49267",MONDAY 24HR;TUESDAY 24HR;WEDNESDAY 24HR;THURSDAY 24HR;FRIDAY 24HR;SATURDAY 24HR;SUNDAY 24HR;
MONTCALM,BELVIDERE TOWNSHIP,SHEILA SMITH,"107 VESTA STREET,SIX LAKES,MI,48886",MONDAY 24HR;TUESDAY 24HR;WEDNESDAY 24HR;THURSDAY 24HR;FRIDAY 24HR;SATURDAY 24HR;SUNDAY 24HR;
MONTCALM,BLOOMER TOWNSHIP,TARA CHAPKO,"9890 E. CARSON CITY RD,CARSON CITY,MI,48811",MONDAY 24HR;TUESDAY 24HR;WEDNESDAY 24HR;THURSDAY 24HR;FRIDAY 24HR;SATURDAY 24HR;SUNDAY 24HR;
MONTCALM,BUSHNELL TOWNSHIP,LOUISE BELYOU,"2983 E BOYER RD/ PO BOX 6,FENWICK,MI,48834",MONDAY 24HR;TUESDAY 24HR;WEDNESDAY 24HR;THURSDAY 24HR;FRIDAY 24HR;SATURDAY 24HR;SUNDAY 24HR;
MONTCALM,CARSON CITY CITY,JONI JEGLA,"652 N. WILLIAMS,P O BOX 340,CARSON CITY,MI,48811",MONDAY 24HR;TUESDAY 24HR;WEDNESDAY 24HR;THURSDAY 24HR;FRIDAY 24HR;SATURDAY 24HR;SUNDAY 24HR;
MONTCALM,CATO TOWNSHIP,GINGER IMHOFF,"309 LINCOLN AVE.,LAKEVIEW,MI,48850",MONDAY 24HR;TUESDAY 24HR;WEDNESDAY 24HR;THURSDAY 24HR;FRIDAY 24HR;SATURDAY 24HR;SUNDAY 24HR;
MONTCALM,CRYSTAL TOWNSHIP,PATTY BAKER-MAREK,"217 W PARK STREET,PO BOX 358,CRYSTAL,MI,48818",MONDAY 24HR;TUESDAY 24HR;WEDNESDAY 24HR;THURSDAY 24HR;FRIDAY 24HR;SATURDAY 24HR;SUNDAY 24HR;
MONTCALM,DAY TOWNSHIP,KRYSTI PERKINS,"2085 MAIN ST,MCBRIDE,MI,48852",MONDAY 24HR;TUESDAY 24HR;WEDNESDAY 24HR;THURSDAY 24HR;FRIDAY 24HR;SATURDAY 24HR;SUNDAY 24HR;
MONTCALM,DOUGLASS TOWNSHIP,HOLLY HUFF,"3521 W McBride Rd,East side of building between door and window,Stanton,MI,48888",24/7
MONTCALM,EUREKA TOWNSHIP,LINDA RUWERSMA,"9322 SW GREENVILLE ROAD,GREENVILLE,MI,48838",MONDAY 24HR;TUESDAY 24HR;WEDNESDAY 24HR;THURSDAY 24HR;FRIDAY 24HR;SATURDAY 24HR;SUNDAY 24HR;
MONTCALM,EVERGREEN TOWNSHIP,KELLI GREENHOE,"3044 E. Sidney Rd,Sheridan,MI,48884",24/7
MONTCALM,FAIRPLAIN TOWNSHIP,STACIE PRIBBLE,"8383 GROW RD.,GREENVILLE,MI,48838",MONDAY 24HR;TUESDAY 24HR;WEDNESDAY 24HR;THURSDAY 24HR;FRIDAY 24HR;SATURDAY 24HR;SUNDAY 24HR;
MONTCALM,FERRIS TOWNSHIP,TAMMY CARTER,"3011 N CRYSTAL RD,VESTABURG,MI,48891",MONDAY 24HR;TUESDAY 24HR;WEDNESDAY 24HR;THURSDAY 24HR;FRIDAY 24HR;SATURDAY 24HR;SUNDAY 24HR;
MONTCALM,GREENVILLE CITY,KRISSI BROTT,"411 S LAFAYETTE ST,GREENVILLE,MI,48838",MONDAY 24HR;TUESDAY 24HR;WEDNESDAY 24HR;THURSDAY 24HR;FRIDAY 24HR;SATURDAY 24HR;SUNDAY 24HR;
MONTCALM,GREENVILLE CITY,KRISSI BROTT,"411 S LAYFAYETTE ST,GREENVILLE,MI,48838",MONDAY 24HR;TUESDAY 24HR;WEDNESDAY 24HR;THURSDAY 24HR;FRIDAY 24HR;SATURDAY 24HR;SUNDAY 24HR;
MONTCALM,GREENVILLE CITY,KRISSI BROTT,"411 S LAYFAYETTE ST,GREENVILLE,MI,48838",MONDAY 8:00AM - 5:00PM;TUESDAY 8:00AM - 6:00PM;WEDNESDAY 8:00AM - 5:00PM;THURSDAY 8:00AM - 5:00PM;FRIDAY 8:00AM - 1:00PM;
MONTCALM,HOME TOWNSHIP,LEAH TURNBULL,"1251 E. M-46,EDMORE,MI,48829",MONDAY 24HR;TUESDAY 24HR;WEDNESDAY 24HR;THURSDAY 24HR;FRIDAY 24HR;SATURDAY 24HR;SUNDAY 24HR;
MONTCALM,MAPLE VALLEY TOWNSHIP,ANDI KNAPP,"4662 BAILEY ROAD,PO BOX 56,CORAL,MI,49322",MONDAY 24HR;TUESDAY 24HR;WEDNESDAY 24HR;THURSDAY 24HR;FRIDAY 24HR;SATURDAY 24HR;SUNDAY 24HR;
MONTCALM,MONTCALM TOWNSHIP,CHRISTINE FOLEY,"1880 S GREENVILLE RD,GREENVILLE,MI,48838",MONDAY 24HR;TUESDAY 24HR;WEDNESDAY 24HR;THURSDAY 24HR;FRIDAY 24HR;SATURDAY 24HR;SUNDAY 24HR;
MONTCALM,PIERSON TOWNSHIP,SARA BURKHOLDER,"21156 W. CANNONSVILLE RD,PIERSON,MI,49339",MONDAY 24HR;TUESDAY 24HR;WEDNESDAY 24HR;THURSDAY 24HR;FRIDAY 24HR;SATURDAY 24HR;SUNDAY 24HR;
MONTCALM,PINE TOWNSHIP,MARLA SPRAGUE,"7900 SECOND ST,STANTON,MI,48888",MONDAY 24HR;TUESDAY 24HR;WEDNESDAY 24HR;THURSDAY 24HR;FRIDAY 24HR;SATURDAY 24HR;SUNDAY 24HR;
MONTCALM,REYNOLDS TOWNSHIP,ROBIN SHOLTY,"1200 S. ENSLEY ST.,HOWARD CITY,MI,49329",MONDAY 24HR;TUESDAY 24HR;WEDNESDAY 24HR;THURSDAY 24HR;FRIDAY 24HR;SATURDAY 24HR;SUNDAY 24HR;
MONTCALM,SIDNEY TOWNSHIP,CARRIE WILLS,"3019 S GROW RD,SIDNEY,MI,48885",MONDAY 24HR;TUESDAY 24HR;WEDNESDAY 24HR;THURSDAY 24HR;FRIDAY 24HR;SATURDAY 24HR;SUNDAY 24HR;
MONTCALM,STANTON CITY,SARAH JOHNSON,"225 S CAMBURN ST,STANTON,MI,48888",MONDAY 24HR;TUESDAY 24HR;WEDNESDAY 24HR;THURSDAY 24HR;FRIDAY 24HR;SATURDAY 24HR;SUNDAY 24HR;
MONTCALM,WINFIELD TOWNSHIP,CAROLESUE CHASE-STOUT,"9429 ELM ST,HOWARD CITY (AMBLE),MI,49329",MONDAY 24HR;TUESDAY 24HR;WEDNESDAY 24HR;THURSDAY 24HR;FRIDAY 24HR;SATURDAY 24HR;SUNDAY 24HR;
MONTMORENCY,ALBERT TOWNSHIP,SANDY RAFFIN,"ALBERT TOWNSHIP HALL, 4360 HANSON,LEWISTON,MI,49756",MONDAY 24HR;TUESDAY 24HR;WEDNESDAY 24HR;THURSDAY 24HR;FRIDAY 24HR;SATURDAY 24HR;SUNDAY 24HR;
MONTMORENCY,BRILEY TOWNSHIP,GORDON GREEN,"12423 JEROME ST.,ATLANTA,MI,49709",MONDAY 24HR;TUESDAY 24HR;WEDNESDAY 24HR;THURSDAY 24HR;FRIDAY 24HR;SATURDAY 24HR;SUNDAY 24HR;
MONTMORENCY,HILLMAN TOWNSHIP,KELLI ABLEIDINGER,"24220 VETERANS MEMORIAL,HILLMAN,MI,49746",MONDAY 24HR;TUESDAY 24HR;WEDNESDAY 24HR;THURSDAY 24HR;FRIDAY 24HR;SATURDAY 24HR;SUNDAY 24HR;
MONTMORENCY,LOUD TOWNSHIP,ROBIN CHINAVARE,"3882 M 33,ATLANTA,MI,49709",MONDAY 24HR;TUESDAY 24HR;WEDNESDAY 24HR;THURSDAY 24HR;FRIDAY 24HR;SATURDAY 24HR;SUNDAY 24HR;
MONTMORENCY,MONTMORENCY TOWNSHIP,CONNIE BRANDT,"20841 N CO RD 459,HILLMAN,MI,49746",MONDAY 24HR;TUESDAY 24HR;WEDNESDAY 24HR;THURSDAY 24HR;FRIDAY 24HR;SATURDAY 24HR;SUNDAY 24HR;
MONTMORENCY,VIENNA TOWNSHIP,ELAINE DIXON,"2734 M-32,ATLANTA,MI,49709",MONDAY 24HR;TUESDAY 24HR;WEDNESDAY 24HR;THURSDAY 24HR;FRIDAY 24HR;SATURDAY 24HR;
MUSKEGON,BLUE LAKE TOWNSHIP,JEFFERY ABRAM,"1491 OWASIPPE ROAD,TWIN LAKE,MI,49457",MONDAY 24HR;TUESDAY 24HR;WEDNESDAY 24HR;THURSDAY 24HR;FRIDAY 24HR;SATURDAY 24HR;SUNDAY 24HR;
MUSKEGON,CASNOVIA TOWNSHIP,CARRIE MARLATT,"245 S CANADA RD,CASNOVIA,MI,49318",MONDAY 24HR;TUESDAY 24HR;WEDNESDAY 24HR;THURSDAY 24HR;FRIDAY 24HR;SATURDAY 24HR;SUNDAY 24HR;
MUSKEGON,CEDAR CREEK TOWNSHIP,HEATHER DELIMATA,"6556 SWEETER RD,TWIN LAKE,MI,49457",MONDAY 24HR;TUESDAY 24HR;WEDNESDAY 24HR;THURSDAY 24HR;FRIDAY 24HR;SATURDAY 24HR;SUNDAY 24HR;
MUSKEGON,DALTON TOWNSHIP,AMY BROWN,"1616 E RILEY THOMPSON ROAD,ATTACHED TO EXTERIOR OF HALL.,MUSKEGON,MI,49445",MONDAY 24HR;TUESDAY 24HR;WEDNESDAY 24HR;THURSDAY 24HR;FRIDAY 24HR;SATURDAY 24HR;SUNDAY 24HR;
MUSKEGON,EGELSTON TOWNSHIP,KRISTA RITCHARD,"5428 East Apple Avenue,Muskegon,MI,49442",24/7
MUSKEGON,FRUITLAND TOWNSHIP,ALEXA STEFFES,"4545 NESTROM RD,WHITEHALL,MI,49461",MONDAY 24HR;TUESDAY 24HR;WEDNESDAY 24HR;THURSDAY 24HR;FRIDAY 24HR;SATURDAY 24HR;SUNDAY 24HR;
MUSKEGON,FRUITPORT TOWNSHIP,ANDREA ANDERSON,"5865 AIRLINE RD,FRUITPORT,MI,49415",MONDAY 24HR;TUESDAY 24HR;WEDNESDAY 24HR;THURSDAY 24HR;FRIDAY 24HR;SATURDAY 24HR;SUNDAY 24HR;
MUSKEGON,HOLTON TOWNSHIP,CANDY MURAT,"6511 HOLTON WHITEHALL ROAD,HOLTON,MI,49425",MONDAY 24HR;TUESDAY 24HR;WEDNESDAY 24HR;THURSDAY 24HR;FRIDAY 24HR;SATURDAY 24HR;SUNDAY 24HR;
MUSKEGON,LAKETON TOWNSHIP,CHRISTINA ACHTERHOFF,"2735 W. GILES ROAD,MUSKEGON,MI,49445",MONDAY 24HR;TUESDAY 24HR;WEDNESDAY 24HR;THURSDAY 24HR;FRIDAY 24HR;SATURDAY 24HR;SUNDAY 24HR;
MUSKEGON,MONTAGUE CITY,KELLY MARKLEY,"8778 FERRY STREET (FRONT ENTRANCE),MONTAGUE,MI,49437",MONDAY 24HR;TUESDAY 24HR;WEDNESDAY 24HR;THURSDAY 24HR;FRIDAY 24HR;SATURDAY 24HR;SUNDAY 24HR;
MUSKEGON,MONTAGUE TOWNSHIP,DREW ROESLER,"8915 WHITBECK RD,MONTAGUE,MI,49437",
MUSKEGON,MOORLAND TOWNSHIP,ROSE SPOELMAN,"12416 EAST APPLE AVENUE,DROPBOX IS IN EAST OFFICE DOOR,RAVENNA,MI,49451",MONDAY 24HR;TUESDAY 24HR;WEDNESDAY 24HR;THURSDAY 24HR;FRIDAY 24HR;SATURDAY 24HR;SUNDAY 24HR;
MUSKEGON,MUSKEGON CITY,ANN MARIE MEISCH,"1477 MARQUETTE AVENUE,BETWEEN KRAFT AND CRESTON,MUSKEGON,MI,49442",MONDAY 24HR;TUESDAY 24HR;WEDNESDAY 24HR;THURSDAY 24HR;FRIDAY 24HR;SATURDAY 24HR;SUNDAY 24HR;
MUSKEGON,MUSKEGON CITY,ANN MARIE MEISCH,"1836 ROBINSON STREET,LAKETON AVENUE & LAKESHORE DRIVE,MUSKEGON,MI,49441",MONDAY 24HR;TUESDAY 24HR;WEDNESDAY 24HR;THURSDAY 24HR;FRIDAY 24HR;SATURDAY 24HR;SUNDAY 24HR;
MUSKEGON,MUSKEGON CITY,ANN MARIE MEISCH,"933 TERRACE STREET (DROP BOX @ 980 JEFFERSON),CORNER OF JEFFERSON ST & MUSKEGON AVE,MUSKEGON,MI,49440",MONDAY 24HR;TUESDAY 24HR;WEDNESDAY 24HR;THURSDAY 24HR;FRIDAY 24HR;SATURDAY 24HR;SUNDAY 24HR;
MUSKEGON,MUSKEGON CITY,ANN MARIE MEISCH,"MUSKEGON CITY HALL, 933 TERRACE STREET,INSIDE LOBBY AT WALTON ST. ENTRANCE,MUSKEGON,MI,49440",MONDAY 24HR;TUESDAY 24HR;WEDNESDAY 24HR;THURSDAY 24HR;FRIDAY 24HR;SATURDAY 24HR;SUNDAY 24HR;
MUSKEGON,MUSKEGON TOWNSHIP,CARRIE WESTBROOK,"1699 N GETTY ST,MUSKEGON,MI,49445",MONDAY 24HR;TUESDAY 24HR;WEDNESDAY 24HR;THURSDAY 24HR;FRIDAY 24HR;SATURDAY 24HR;SUNDAY 24HR;
MUSKEGON,MUSKEGON TOWNSHIP,CARRIE WESTBROOK,"1990 E. APPLE AVE.,MUSKEGON,MI,49442",MONDAY 24HR;TUESDAY 24HR;WEDNESDAY 24HR;THURSDAY 24HR;FRIDAY 24HR;SATURDAY 24HR;SUNDAY 24HR;
MUSKEGON,NORTH MUSKEGON CITY,TAYLOR HOBBY,"1102 RUDDIMAN DR,NORTH MUSKEGON,MI,49445",
MUSKEGON,NORTON SHORES CITY,RACHEL PAVLICH,"NORTON SHORES CITY HALL,4814 HENRY STREET,NORTON SHORES,MI,49441",MONDAY 24HR;TUESDAY 24HR;WEDNESDAY 24HR;THURSDAY 24HR;FRIDAY 24HR;SATURDAY 24HR;SUNDAY 24HR;
MUSKEGON,NORTON SHORES CITY,RACHEL PAVLICH,"NORTON SHORES LIBRARY,705 SEMINOLE,NORTON SHORES,MI,49441",MONDAY 24HR;TUESDAY 24HR;WEDNESDAY 24HR;THURSDAY 24HR;FRIDAY 24HR;SATURDAY 24HR;SUNDAY 24HR;
MUSKEGON,RAVENNA TOWNSHIP,PENNY SHERMAN,"3770 BLACKMER RD,RAVENNA,MI,49451",MONDAY 24HR;TUESDAY 24HR;WEDNESDAY 24HR;THURSDAY 24HR;FRIDAY 24HR;SATURDAY 24HR;SUNDAY 24HR;
MUSKEGON,ROOSEVELT PARK CITY,ALISON JOHNSON,"900 OAK RIDGE RD,CITY HALL EAST PARKING LOT DRIVE UP DROP BOX,ROOSEVELT PARK,MI,49441",MONDAY 24HR;TUESDAY 24HR;WEDNESDAY 24HR;THURSDAY 24HR;FRIDAY 24HR;SATURDAY 24HR;SUNDAY 24HR;
MUSKEGON,ROOSEVELT PARK CITY,ALISON JOHNSON,"900 OAK RIDGE RD,CITY HALL FRONT DOOR DROP BOX,ROOSEVELT PARK,MI,49441",MONDAY 24HR;TUESDAY 24HR;WEDNESDAY 24HR;THURSDAY 24HR;FRIDAY 24HR;SATURDAY 24HR;SUNDAY 24HR;
MUSKEGON,SULLIVAN TOWNSHIP,HEATHER BROWN,"8138 HTS. RAVENNA RD.,RIGHT OUTSIDE THE ENTRANCE DOOR,RAVENNA,MI,49451",MONDAY 24HR;TUESDAY 24HR;WEDNESDAY 24HR;THURSDAY 24HR;FRIDAY 24HR;SATURDAY 24HR;SUNDAY 24HR;
MUSKEGON,WHITEHALL CITY,BRENDA BOURDON,"405 E. COLBY STREET,WHITEHALL,MI,49461",MONDAY 24HR;TUESDAY 24HR;WEDNESDAY 24HR;THURSDAY 24HR;FRIDAY 24HR;SATURDAY 24HR;SUNDAY 24HR;
MUSKEGON,WHITEHALL TOWNSHIP,ILENE NICHOLS,"7644 DURHAM ROAD,WHITEHALL,MI,49461",MONDAY 24HR;TUESDAY 24HR;WEDNESDAY 24HR;THURSDAY 24HR;FRIDAY 24HR;SATURDAY 24HR;SUNDAY 24HR;
MUSKEGON,WHITE RIVER TOWNSHIP,JULIE GOERICKE,"7386 POST RD,MONTAGUE,MI,49437",MONDAY 24HR;TUESDAY 24HR;WEDNESDAY 24HR;THURSDAY 24HR;FRIDAY 24HR;SATURDAY 24HR;SUNDAY 24HR;
MUSKEGON,WHITE RIVER TOWNSHIP,JULIE GOERICKE,"7386 POST ROAD,MONTAGUE,MI,49437",MONDAY 24HR;TUESDAY 24HR;WEDNESDAY 24HR;THURSDAY 24HR;FRIDAY 24HR;SATURDAY 24HR;SUNDAY 24HR;
NEWAYGO,ASHLAND TOWNSHIP,SHELLY BOEREMA,"2019 W 120TH STREET,GRANT,MI,49327",MONDAY 24HR;TUESDAY 24HR;WEDNESDAY 24HR;THURSDAY 24HR;FRIDAY 24HR;SATURDAY 24HR;SUNDAY 24HR;
NEWAYGO,BARTON TOWNSHIP,CHERYL DUKAVAS,"7860 E 17 MILE RD,REED CITY,MI,49677",MONDAY A;TUESDAY A;WEDNESDAY A;THURSDAY A;FRIDAY A;
NEWAYGO,BEAVER TOWNSHIP,PENNY HERNANDEZ,"8628 10 MILE RD,BITELY,MI,49309",MONDAY 24HR;TUESDAY 24HR;WEDNESDAY 24HR;THURSDAY 24HR;FRIDAY 24HR;SATURDAY 24HR;SUNDAY 24HR;
NEWAYGO,BIG PRAIRIE TOWNSHIP,JUDITH BAKER,"5160 S. CROTON-HARDY DR. NEWAYGO,NEWAYGO,MI,49337",
NEWAYGO,BIG PRAIRIE TOWNSHIP,JUDITH BAKER,"2815 S. ELM AVE.,WHITE CLOUD,MI,49349",
NEWAYGO,BRIDGETON TOWNSHIP,ANN MARIE KOSSEN-PRIDDY,"11830 WARNER AVE.,GRANT,MI,49327",MONDAY 24HR;TUESDAY 24HR;WEDNESDAY 24HR;THURSDAY 24HR;FRIDAY 24HR;SATURDAY 24HR;SUNDAY 24HR;
NEWAYGO,BROOKS TOWNSHIP,JENNIFER BADGERO,"490 QUARTERLINE,NEWAYGO,MI,49337",MONDAY 24HR;TUESDAY 24HR;WEDNESDAY 24HR;THURSDAY 24HR;FRIDAY 24HR;SATURDAY 24HR;SUNDAY 24HR;
NEWAYGO,CROTON TOWNSHIP,DEBBRA WRIGHT,"5833 E. DIVISION ST.,NEWAYGO,MI,49337",MONDAY 24HR;TUESDAY 24HR;WEDNESDAY 24HR;THURSDAY 24HR;FRIDAY 24HR;SATURDAY 24HR;SUNDAY 24HR;
NEWAYGO,DAYTON TOWNSHIP,MARY JO KEITH,"3215  S STONE ROAD,FREMONT,MI,49412",MONDAY 24HR;TUESDAY 24HR;WEDNESDAY 24HR;THURSDAY 24HR;FRIDAY 24HR;SATURDAY 24HR;SUNDAY 24HR;
NEWAYGO,DENVER TOWNSHIP,NICKI MCWILLIAMS,"130 ADAMS ROAD,HESPERIA,MI,49421",MONDAY 24HR;TUESDAY 24HR;WEDNESDAY 24HR;THURSDAY 24HR;FRIDAY 24HR;SATURDAY 24HR;SUNDAY 24HR;
NEWAYGO,ENSLEY TOWNSHIP,CYNTHIA HARWOOD,"7163 E 120th St,Sand Lake,MI,49343",24/7
NEWAYGO,EVERETT TOWNSHIP,PAMELA CHAFFEE,"1516 E. 8TH STREET,WHITE CLOUD,MI,49349",MONDAY 24HR;TUESDAY 24HR;WEDNESDAY 24HR;THURSDAY 24HR;FRIDAY 24HR;SATURDAY 24HR;SUNDAY 24HR;
NEWAYGO,FREMONT CITY,PATTI RAIDER,"101 E MAIN STREET,FREMONT,MI,49412",MONDAY 24HR;TUESDAY 24HR;WEDNESDAY 24HR;THURSDAY 24HR;FRIDAY 24HR;SATURDAY 24HR;SUNDAY 24HR;
NEWAYGO,GARFIELD TOWNSHIP,KRISTIN MELVIN,"7190 BINGHAM AVE,NEWAYGO,MI,49337",MONDAY 24HR;TUESDAY 24HR;WEDNESDAY 24HR;THURSDAY 24HR;FRIDAY 24HR;SATURDAY 24HR;SUNDAY 24HR;
NEWAYGO,GOODWELL TOWNSHIP,LEONA HARVEY,"2465 N CYPRESS AVE,WHITE CLOUD,MI,49349",MONDAY 24HR;TUESDAY 24HR;WEDNESDAY 24HR;THURSDAY 24HR;FRIDAY 24HR;SATURDAY 24HR;SUNDAY 24HR;
NEWAYGO,GRANT CITY,LORI GARDNER,"280 S MAPLE ST,GRANT,MI,49327",MONDAY 24HR;TUESDAY 24HR;WEDNESDAY 24HR;THURSDAY 24HR;FRIDAY 24HR;SATURDAY 24HR;SUNDAY 24HR;
NEWAYGO,GRANT TOWNSHIP,GLADYS VELTKAMP,"1617 E. 120TH STREET,GRANT,MI,49327",MONDAY 24HR;TUESDAY 24HR;WEDNESDAY 24HR;THURSDAY 24HR;FRIDAY 24HR;
NEWAYGO,LILLEY TOWNSHIP,FRANCES  NELSON,"10767 N PROSPECT,BITELY,MI,49309",MONDAY 24HR;TUESDAY 24HR;WEDNESDAY 24HR;THURSDAY 24HR;FRIDAY 24HR;SATURDAY 24HR;SUNDAY 24HR;
NEWAYGO,LINCOLN TOWNSHIP,JACKIE  BULSON,"1988 N WISNER,WHITE CLOUD,MI,49349",MONDAY 24HR;TUESDAY 24HR;WEDNESDAY 24HR;THURSDAY 24HR;FRIDAY 24HR;SATURDAY 24HR;SUNDAY 24HR;
NEWAYGO,MERRILL TOWNSHIP,CHRISTINE BERTHUME,"1585 11 MILE ROAD,BITELY,MI,49309",
NEWAYGO,MONROE TOWNSHIP,GABRIELA URBANE,"4141 E FILMORE,WHITE CLOUD,MI,49349",MONDAY 24HR;TUESDAY 24HR;WEDNESDAY 24HR;THURSDAY 24HR;FRIDAY 24HR;SATURDAY 24HR;SUNDAY 24HR;
NEWAYGO,NEWAYGO CITY,KIM GOODIN,"28 STATE RD,OUTSIDE MAIN ENTRANCE OF CITY HALL BY PARKING LOT,NEWAYGO,MI,49337",MONDAY 24HR;TUESDAY 24HR;WEDNESDAY 24HR;THURSDAY 24HR;FRIDAY 24HR;SATURDAY 24HR;SUNDAY 24HR;
NEWAYGO,NORWICH TOWNSHIP,STACIE LANGWORTHY,"7213 N. CYPRESS,BIG RAPIDS,MI,49307",MONDAY 24HR;TUESDAY 24HR;WEDNESDAY 24HR;THURSDAY 24HR;FRIDAY 24HR;SATURDAY 24HR;SUNDAY 24HR;
NEWAYGO,SHERIDAN CHARTER TOWNSHIP,MARGARET KOLK,"6360 S Township Parkway,Slot in building which drops into a locked box.,Fremont,MI,49412",24/7
NEWAYGO,SHERMAN TOWNSHIP,JAMIE KUKAL,"2168 S WISNER AVE,FREMONT,MI,49412",MONDAY 24HR;TUESDAY 24HR;WEDNESDAY 24HR;THURSDAY 24HR;FRIDAY 24HR;SATURDAY 24HR;SUNDAY 24HR;
NEWAYGO,WHITE CLOUD CITY,KELLI ARNOLD,"12 N CHARLES,WHITE CLOUD,MI,49349",MONDAY 24HR;TUESDAY 24HR;WEDNESDAY 24HR;THURSDAY 24HR;FRIDAY 24HR;SATURDAY 24HR;SUNDAY 24HR;
NEWAYGO,WILCOX TOWNSHIP,ERICA POZAS,"1795 N. EVERGREEN DR,WHITE CLOUD,MI,49349",MONDAY 24HR;TUESDAY 24HR;WEDNESDAY 24HR;THURSDAY 24HR;FRIDAY 24HR;SATURDAY 24HR;SUNDAY 24HR;
OAKLAND,ADDISON TOWNSHIP,PAULINE BENNETT,"1440 ROCHESTER RD,LEONARD,MI,48367",MONDAY 24HR;TUESDAY 24HR;WEDNESDAY 24HR;THURSDAY 24HR;FRIDAY 24HR;SATURDAY 24HR;SUNDAY 24HR;
OAKLAND,AUBURN HILLS CITY,LAURA M PIERCE,"1500 BROWN RD,AT THE DPW FACILITY,AUBURN HILLS,MI,48326",MONDAY 24HR;TUESDAY 24HR;WEDNESDAY 24HR;THURSDAY 24HR;FRIDAY 24HR;SATURDAY 24HR;SUNDAY 24HR;
OAKLAND,AUBURN HILLS CITY,LAURA M PIERCE,"1827 N. SQUIRREL RD,ATTACHED TO CITY HALL BUILDING,AUBURN HILLS,MI,48326",MONDAY 24HR;TUESDAY 24HR;WEDNESDAY 24HR;THURSDAY 24HR;FRIDAY 24HR;SATURDAY 24HR;SUNDAY 24HR;
OAKLAND,AUBURN HILLS CITY,LAURA M PIERCE,"1827 N. SQUIRREL RD,INSIDE CITY HALL,AUBURN HILLS,MI,48326",MONDAY 8:00AM - 5:00PM;TUESDAY 8:00AM - 5:00PM;WEDNESDAY 8:00AM - 5:00PM;THURSDAY 8:00AM - 5:00PM;FRIDAY 8:00AM - 5:00PM;
OAKLAND,AUBURN HILLS CITY,LAURA M PIERCE,"1827 N. SQUIRREL RD,LOCATED IN PARKING LOT 2,AUBURN HILLS,MI,48326",MONDAY 24HR;TUESDAY 24HR;WEDNESDAY 24HR;THURSDAY 24HR;FRIDAY 24HR;SATURDAY 24HR;SUNDAY 24HR;
OAKLAND,BERKLEY CITY,VICTORIA MITCHELL,"3338 COOLIDGE HIGHWAY,BERKLEY,MI,48072",MONDAY 24HR;TUESDAY 24HR;WEDNESDAY 24HR;THURSDAY 24HR;FRIDAY 24HR;SATURDAY 24HR;SUNDAY 24HR;
OAKLAND,BIRMINGHAM CITY,ALEXANDRIA BINGHAM,"151 MARTIN,BIRMINGHAM,MI,48009",MONDAY 24HR;TUESDAY 24HR;WEDNESDAY 24HR;THURSDAY 24HR;FRIDAY 24HR;SATURDAY 24HR;SUNDAY 24HR;
OAKLAND,BIRMINGHAM CITY,ALEXANDRIA BINGHAM,"151 MARTIN STREET,BIRMINGHAM,MI,48009",MONDAY 24HR;TUESDAY 24HR;WEDNESDAY 24HR;THURSDAY 24HR;FRIDAY 24HR;SATURDAY 24HR;SUNDAY 24HR;
OAKLAND,BIRMINGHAM CITY,ALEXANDRIA BINGHAM,"572 S ADAMS RD,BIRMINGHAM,MI,48009",MONDAY 24HR;TUESDAY 24HR;WEDNESDAY 24HR;THURSDAY 24HR;FRIDAY 24HR;SATURDAY 24HR;SUNDAY 24HR;
OAKLAND,BIRMINGHAM CITY,ALEXANDRIA BINGHAM,"CLERK'S OFFICE, 151 MARTIN STREET,BIRMINGHAM,MI,48009",MONDAY 8:00AM - 5:00PM;TUESDAY 8:00AM - 5:00PM;WEDNESDAY 8:00AM - 5:00PM;THURSDAY 8:00AM - 5:00PM;FRIDAY 8:00AM - 5:00PM;
OAKLAND,BLOOMFIELD TOWNSHIP,MARTIN BROOK,"LOBBY DROP BOX,4200 TELEGRAPH ROAD,BLOOMFIELD HILLS,MI,48302",MONDAY 24HR;TUESDAY 24HR;WEDNESDAY 24HR;THURSDAY 24HR;FRIDAY 24HR;SATURDAY 24HR;SUNDAY 24HR;
OAKLAND,BLOOMFIELD TOWNSHIP,MARTIN BROOK,"DRIVE UP DROP BOX,1101 WESTVIEW ROAD,BLOOMFIELD TOWNSHIP,MI,48302",MONDAY 24HR;TUESDAY 24HR;WEDNESDAY 24HR;THURSDAY 24HR;FRIDAY 24HR;SATURDAY 24HR;SUNDAY 24HR;
OAKLAND,BLOOMFIELD TOWNSHIP,MARTIN BROOK,"DRIVE UP DROP BOX,4200 TELEGRAPH ROAD,BLOOMFIELD TOWNSHIP,MI,48302",MONDAY 24HR;TUESDAY 24HR;WEDNESDAY 24HR;THURSDAY 24HR;FRIDAY 24HR;SATURDAY 24HR;SUNDAY 24HR;
OAKLAND,BLOOMFIELD TOWNSHIP,MARTIN BROOK,"WALK UP DROP BOX,3595 BRADWAY BLV,BLOOMFIELD TOWNSHIP,MI,48301",MONDAY 24HR;TUESDAY 24HR;WEDNESDAY 24HR;THURSDAY 24HR;FRIDAY 24HR;SATURDAY 24HR;SUNDAY 24HR;
OAKLAND,BLOOMFIELD HILLS CITY,AMY BURTON,"45 E LONG LAKE ROAD,BLOOMFIELD HILLS,MI,48304",MONDAY 24HR;TUESDAY 24HR;WEDNESDAY 24HR;THURSDAY 24HR;FRIDAY 24HR;SATURDAY 24HR;SUNDAY 24HR;
OAKLAND,BRANDON TOWNSHIP,ROSELYN BLAIR,"395 MILL ST.,ORTONVILLE,MI,48462",MONDAY 24HR;TUESDAY 24HR;WEDNESDAY 24HR;THURSDAY 24HR;FRIDAY 24HR;SATURDAY 24HR;SUNDAY 24HR;
OAKLAND,CLAWSON CITY,VINCE SMITH,"425 NORTH MAIN STREET,CLAWSON,MI,48017",MONDAY 24HR;TUESDAY 24HR;WEDNESDAY 24HR;THURSDAY 24HR;FRIDAY 24HR;SATURDAY 24HR;SUNDAY 24HR;
OAKLAND,COMMERCE TOWNSHIP,MELISSA CREECH,"2009 TOWNSHIP DRIVE,COMMERCE TOWNSHIP,MI,48390",MONDAY 24HR;TUESDAY 24HR;WEDNESDAY 24HR;THURSDAY 24HR;FRIDAY 24HR;SATURDAY 24HR;SUNDAY 24HR;
OAKLAND,COMMERCE TOWNSHIP,MELISSA CREECH,"180 E. COMMERCE ROAD,COMMERCE TWP,MI,48382",MONDAY 24HR;TUESDAY 24HR;WEDNESDAY 24HR;THURSDAY 24HR;FRIDAY 24HR;SATURDAY 24HR;SUNDAY 24HR;
OAKLAND,COMMERCE TOWNSHIP,MELISSA CREECH,"2401 GLENGARY,COMMERCE TWP,MI,48382",MONDAY 24HR;TUESDAY 24HR;WEDNESDAY 24HR;THURSDAY 24HR;FRIDAY 24HR;SATURDAY 24HR;SUNDAY 24HR;
OAKLAND,FARMINGTON CITY,MEAGHAN BACHMAN,"23600 LIBERTY - WEST CIRCLE DRIVE,FARMINGTON,MI,48335",MONDAY 24HR;TUESDAY 24HR;WEDNESDAY 24HR;THURSDAY 24HR;FRIDAY 24HR;SATURDAY 24HR;SUNDAY 24HR;
OAKLAND,FARMINGTON CITY,MEAGHAN BACHMAN,"23600 LIBERTY STREET- EAST ENTRANCE SIDEWALK,FARMINGTON, MI 48336,MI,48335",MONDAY 24HR;TUESDAY 24HR;WEDNESDAY 24HR;THURSDAY 24HR;FRIDAY 24HR;SATURDAY 24HR;SUNDAY 24HR;
OAKLAND,FARMINGTON HILLS CITY,CARLY LINDAHL,"31655 11 MILE RD,DRIVE-UP DROP BOX IN FRONT OF THE POLICE STATION,FARMINGTON HILLS,MI,48336",MONDAY 24HR;TUESDAY 24HR;WEDNESDAY 24HR;THURSDAY 24HR;FRIDAY 24HR;SATURDAY 24HR;SUNDAY 24HR;
OAKLAND,FARMINGTON HILLS CITY,CARLY LINDAHL,"COSTICK ACTIVITIES CENTER,28600 11 MILE RD,FARMINGTON HILLS,MI,48336",MONDAY 24HR;TUESDAY 24HR;WEDNESDAY 24HR;THURSDAY 24HR;FRIDAY 24HR;SATURDAY 24HR;SUNDAY 24HR;
OAKLAND,FARMINGTON HILLS CITY,CARLY LINDAHL,"DEPARTMENT OF PUBLIC WORKS,27245 HALSTED RD,FARMINGTON HILLS,MI,48336",MONDAY 24HR;TUESDAY 24HR;WEDNESDAY 24HR;THURSDAY 24HR;FRIDAY 24HR;SATURDAY 24HR;SUNDAY 24HR;
OAKLAND,FARMINGTON HILLS CITY,CARLY LINDAHL,"FIRE STATION #1,35725 9 MILE RD,FARMINGTON HILLS,MI,48335",MONDAY 24HR;TUESDAY 24HR;WEDNESDAY 24HR;THURSDAY 24HR;FRIDAY 24HR;SATURDAY 24HR;SUNDAY 24HR;
OAKLAND,FARMINGTON HILLS CITY,CARLY LINDAHL,"FIRE STATION #3,29260 GRAND RIVER AVE,FARMINGTON HILLS,MI,48336",MONDAY 24HR;TUESDAY 24HR;WEDNESDAY 24HR;THURSDAY 24HR;FRIDAY 24HR;SATURDAY 24HR;SUNDAY 24HR;
OAKLAND,FERNDALE CITY,DEAN LENT,"221 W TROY STREET,FERNDALE,MI,48220",MONDAY 24HR;TUESDAY 24HR;WEDNESDAY 24HR;THURSDAY 24HR;FRIDAY 24HR;SATURDAY 24HR;
OAKLAND,FERNDALE CITY,DEAN LENT,"300 E. 9 MILE ROAD,FERNDALE,MI,48220",MONDAY 24HR;TUESDAY 24HR;WEDNESDAY 24HR;THURSDAY 24HR;FRIDAY 24HR;SATURDAY 24HR;
OAKLAND,GROVELAND TOWNSHIP,JENELL KELLER,"4695 GRANGE HALL ROAD,HOLLY,MI,48442",MONDAY 24HR;TUESDAY 24HR;WEDNESDAY 24HR;THURSDAY 24HR;FRIDAY 24HR;SATURDAY 24HR;SUNDAY 24HR;
OAKLAND,HAZEL PARK CITY,LISA MAYO,"111 E. NINE MILE RD.,HAZEL PARK,MI,48030",MONDAY 24HR;TUESDAY 24HR;WEDNESDAY 24HR;THURSDAY 24HR;FRIDAY 24HR;SATURDAY 24HR;SUNDAY 24HR;
OAKLAND,HAZEL PARK CITY,LISA MAYO,"620 W. WOODWARD HEIGHTS,HAZEL PARK,MI,48030",MONDAY 24HR;TUESDAY 24HR;WEDNESDAY 24HR;THURSDAY 24HR;FRIDAY 24HR;SATURDAY 24HR;SUNDAY 24HR;
OAKLAND,HIGHLAND TOWNSHIP,"TAMI FLOWERS, MIPMC","205 N. JOHN ST,HIGHLAND,MI,48357",MONDAY 24HR;TUESDAY 24HR;WEDNESDAY 24HR;THURSDAY 24HR;FRIDAY 24HR;SATURDAY 24HR;SUNDAY 24HR;
OAKLAND,HIGHLAND TOWNSHIP,"TAMI FLOWERS, MIPMC","205 N. JOHN ST,HIGHLAND,MI,48357",MONDAY 24HR;TUESDAY 24HR;WEDNESDAY 24HR;THURSDAY 24HR;FRIDAY 24HR;SATURDAY 24HR;SUNDAY 24HR;
OAKLAND,HIGHLAND TOWNSHIP,"TAMI FLOWERS, MIPMC","2550 E. WARDLOW,HIGHLAND,MI,48356",MONDAY 24HR;TUESDAY 24HR;WEDNESDAY 24HR;THURSDAY 24HR;FRIDAY 24HR;SATURDAY 24HR;SUNDAY 24HR;
OAKLAND,HOLLY TOWNSHIP,KARIN WINCHESTER,"102 CIVIC DR.,HOLLY,MI,48442",MONDAY 24HR;TUESDAY 24HR;WEDNESDAY 24HR;THURSDAY 24HR;FRIDAY 24HR;SATURDAY 24HR;SUNDAY 24HR;
OAKLAND,HUNTINGTON WOODS CITY,HEIDI BARCKHOLTZ,"26815 SCOTIA,HUNTINGTON WOODS,MI,48070",MONDAY 24HR;TUESDAY 24HR;WEDNESDAY 24HR;THURSDAY 24HR;FRIDAY 24HR;SATURDAY 24HR;SUNDAY 24HR;
OAKLAND,HUNTINGTON WOODS CITY,HEIDI BARCKHOLTZ,"26815 SCOTIA RD,HUNTINGTON WOODS,MI,48070",MONDAY 24HR;TUESDAY 24HR;WEDNESDAY 24HR;THURSDAY 24HR;FRIDAY 24HR;SATURDAY 24HR;SUNDAY 24HR;
OAKLAND,HUNTINGTON WOODS CITY,HEIDI BARCKHOLTZ,"26815 SCOTIA RD,CITY HALL LOBBY/FRONT COUNTER,HUNTINGTON WOODS,MI,48070",MONDAY 8:30AM - 4:30PM;TUESDAY 8:30AM - 4:30PM;WEDNESDAY 8:30AM - 4:30PM;THURSDAY 8:30AM - 4:30PM;FRIDAY 8:30AM - 4:30PM;
OAKLAND,INDEPENDENCE TOWNSHIP,CARI NEUBECK,"CLERK COUNTER,6483 WALDON CENTER DRIVE,CLARKSTON,MI,48346",MONDAY 7:00AM - 5:30PM;TUESDAY 7:00AM - 5:30PM;WEDNESDAY 7:00AM - 5:30PM;THURSDAY 7:00AM - 5:30PM;
OAKLAND,INDEPENDENCE TOWNSHIP,CARI NEUBECK,"DRIVE-UP,5241 MAYBEE ROAD,CLARKSTON,MI,48346",MONDAY 24HR;TUESDAY 24HR;WEDNESDAY 24HR;THURSDAY 24HR;FRIDAY 24HR;SATURDAY 24HR;SUNDAY 24HR;
OAKLAND,INDEPENDENCE TOWNSHIP,CARI NEUBECK,"DRIVE-UP,6483 WALDON CENTER DRIVE,CLARKSTON,MI,48346",MONDAY 24HR;TUESDAY 24HR;WEDNESDAY 24HR;THURSDAY 24HR;FRIDAY 24HR;SATURDAY 24HR;SUNDAY 24HR;
OAKLAND,INDEPENDENCE TOWNSHIP,CARI NEUBECK,"WALK-UP,6500 CITATION DR,CLARKSTON,MI,48346",MONDAY 24HR;TUESDAY 24HR;WEDNESDAY 24HR;THURSDAY 24HR;FRIDAY 24HR;SATURDAY 24HR;SUNDAY 24HR;
OAKLAND,INDEPENDENCE TOWNSHIP,CARI NEUBECK,"WALK-UP LOCATED AT WEST ENTRANCE OF TOWNHALL,6483 WALDON CENTER DRIVE,CLARKSTON,MI,48346",MONDAY 24HR;TUESDAY 24HR;WEDNESDAY 24HR;THURSDAY 24HR;FRIDAY 24HR;SATURDAY 24HR;SUNDAY 24HR;
OAKLAND,KEEGO HARBOR CITY,STACY GOODALL,"2025 BEECHMONT ST,2025 BEECHMONT STREET,KEEGO HARBOR,MI,48320",MONDAY 24HR;TUESDAY 24HR;WEDNESDAY 24HR;THURSDAY 24HR;FRIDAY 24HR;SATURDAY 24HR;SUNDAY 24HR;
OAKLAND,LAKE ANGELUS CITY,SARAH RAZZAQUE,"45 GALLOGLY ROAD,LAKE ANGELUS,MI,48326",MONDAY 24HR;TUESDAY 24HR;WEDNESDAY 24HR;THURSDAY 24HR;FRIDAY 24HR;SATURDAY 24HR;SUNDAY 24HR;
OAKLAND,LATHRUP VILLAGE CITY,ALISA EMANUEL,"27400 SOUTHFIELD RD,LATHRUP VILLAGE,MI,48076",MONDAY 24HR;TUESDAY 24HR;WEDNESDAY 24HR;THURSDAY 24HR;FRIDAY 24HR;SATURDAY 24HR;SUNDAY 24HR;
OAKLAND,LYON TOWNSHIP,MICHELE  CASH,"58000 GRAND RIVER AVE.,NEW HUDSON,MI,48165",MONDAY 24HR;TUESDAY 24HR;WEDNESDAY 24HR;THURSDAY 24HR;FRIDAY 24HR;SATURDAY 24HR;
OAKLAND,LYON TOWNSHIP,MICHELE  CASH,"FIRE STATION 2,56675 TEN MILE RD,SOUTH LYON,MI,48178",MONDAY 24HR;TUESDAY 24HR;WEDNESDAY 24HR;THURSDAY 24HR;FRIDAY 24HR;SATURDAY 24HR;
OAKLAND,MADISON HEIGHTS CITY,MARY DALEY,"CITY HALL - NORTH PARKING LOT,300 W 13 MILE RD,MADISON HEIGHTS,MI,48071",MONDAY 24HR;TUESDAY 24HR;WEDNESDAY 24HR;THURSDAY 24HR;FRIDAY 24HR;SATURDAY 24HR;SUNDAY 24HR;
OAKLAND,MADISON HEIGHTS CITY,MARY DALEY,"FIRE STATION #2,26339 JOHN R,MADISON HEIGHTS,MI,48071",MONDAY 24HR;TUESDAY 24HR;WEDNESDAY 24HR;THURSDAY 24HR;FRIDAY 24HR;SATURDAY 24HR;SUNDAY 24HR;
OAKLAND,MILFORD TOWNSHIP,HOLLY BRANDT,"1100 ATLANTIC STREET,MILFORD,MI,48381",MONDAY 24HR;TUESDAY 24HR;WEDNESDAY 24HR;THURSDAY 24HR;FRIDAY 24HR;SATURDAY 24HR;SUNDAY 24HR;
OAKLAND,MILFORD TOWNSHIP,HOLLY BRANDT,"325 W HURON,MILFORD,MI,48381",MONDAY 24HR;TUESDAY 24HR;WEDNESDAY 24HR;THURSDAY 24HR;FRIDAY 24HR;SATURDAY 24HR;SUNDAY 24HR;
OAKLAND,NORTHVILLE CITY,MICHAELA KLEEHAMMER,"NORTHVILLE CITY HALL,215 W MAIN ST,NORTHVLLE,MI,48167",MONDAY 24HR;TUESDAY 24HR;WEDNESDAY 24HR;THURSDAY 24HR;FRIDAY 24HR;SATURDAY 24HR;SUNDAY 24HR;
OAKLAND,NOVI CITY,CORTNEY HANSON,"42785 9 MILE ROAD,NOVI,MI,48375",MONDAY 24HR;TUESDAY 24HR;WEDNESDAY 24HR;THURSDAY 24HR;FRIDAY 24HR;SATURDAY 24HR;SUNDAY 24HR;
OAKLAND,NOVI CITY,CORTNEY HANSON,"45175 TEN MILE ROAD,(CLERK'S COUNTER),NOVI,MI,48375",MONDAY 8:00AM - 5:00PM;TUESDAY 8:00AM - 5:00PM;WEDNESDAY 8:00AM - 5:00PM;THURSDAY 8:00AM - 5:00PM;FRIDAY 8:00AM - 5:00PM;
OAKLAND,NOVI CITY,CORTNEY HANSON,"45175 TEN MILE ROAD,(IN ATRIUM),NOVI,MI,48375",MONDAY 8:00AM - 5:00PM;TUESDAY 8:00AM - 5:00PM;WEDNESDAY 8:00AM - 5:00PM;THURSDAY 8:00AM - 5:00PM;FRIDAY 8:00AM - 5:00PM;
OAKLAND,NOVI CITY,CORTNEY HANSON,"45175 TEN MILE ROAD,(PARKING LOT),NOVI,MI,48375",MONDAY 24HR;TUESDAY 24HR;WEDNESDAY 24HR;THURSDAY 24HR;FRIDAY 24HR;SATURDAY 24HR;SUNDAY 24HR;
OAKLAND,NOVI CITY,CORTNEY HANSON,"45175 TEN MILE ROAD,SIDEWALK AT MAIN ENTRANCE,NOVI,MI,48375",MONDAY 24HR;TUESDAY 24HR;WEDNESDAY 24HR;THURSDAY 24HR;FRIDAY 24HR;SATURDAY 24HR;SUNDAY 24HR;
OAKLAND,NOVI CITY,CORTNEY HANSON,"49375 W. 10 MILE ROAD,NOVI,MI,48374",MONDAY 24HR;TUESDAY 24HR;WEDNESDAY 24HR;THURSDAY 24HR;FRIDAY 24HR;SATURDAY 24HR;SUNDAY 24HR;
OAKLAND,NOVI CITY,CORTNEY HANSON,"601 S. LAKE DRIVE,NOVI,MI,48377",MONDAY 24HR;TUESDAY 24HR;WEDNESDAY 24HR;THURSDAY 24HR;FRIDAY 24HR;SATURDAY 24HR;SUNDAY 24HR;
OAKLAND,NOVI TOWNSHIP,JANEEN CRITTENDEN,"44150 COTTISFORD ST,NORTHVILLE,MI,48167",MONDAY 24HR;TUESDAY 24HR;WEDNESDAY 24HR;THURSDAY 24HR;FRIDAY 24HR;SATURDAY 24HR;SUNDAY 24HR;
OAKLAND,OAKLAND CHARTER TOWNSHIP,KAREN REILLY,"1888 N. ROCHESTER RD.,ROCHESTER,MI,48363",MONDAY 24HR;TUESDAY 24HR;WEDNESDAY 24HR;THURSDAY 24HR;FRIDAY 24HR;SATURDAY 24HR;SUNDAY 24HR;
OAKLAND,OAKLAND CHARTER TOWNSHIP,KAREN REILLY,"4393 COLLINS ROAD,ROCHESTER,MI,48306",MONDAY 24HR;TUESDAY 24HR;WEDNESDAY 24HR;THURSDAY 24HR;FRIDAY 24HR;SATURDAY 24HR;SUNDAY 24HR;
OAKLAND,OAK PARK CITY,ED NORRIS,"14000 OAK PARK BLVD,OAK PARK,MI,48237",MONDAY 24HR;TUESDAY 24HR;WEDNESDAY 24HR;THURSDAY 24HR;FRIDAY 24HR;SATURDAY 24HR;SUNDAY 24HR;
OAKLAND,ORCHARD LAKE VILLAGE CITY,NANCY MOROGI,"3955 ORCHARD LAKE RD.,ORCHARD LAKE,MI,48323",MONDAY 24HR;TUESDAY 24HR;WEDNESDAY 24HR;THURSDAY 24HR;FRIDAY 24HR;SATURDAY 24HR;SUNDAY 24HR;
OAKLAND,ORION TOWNSHIP,JULIA DALRYMPLE,"ORION RECREATION CENTER,3800 S. BALDWIN RD.,LAKE ORION,MI,48359",MONDAY 24HR;TUESDAY 24HR;WEDNESDAY 24HR;THURSDAY 24HR;FRIDAY 24HR;SATURDAY 24HR;SUNDAY 24HR;
OAKLAND,ORION TOWNSHIP,JULIA DALRYMPLE,"ORION TOWNSHIP MUNICIPAL COMPLEX,2323 JOSLYN RD,LAKE ORION,MI,48360",MONDAY 24HR;TUESDAY 24HR;WEDNESDAY 24HR;THURSDAY 24HR;FRIDAY 24HR;SATURDAY 24HR;SUNDAY 24HR;
OAKLAND,ORION TOWNSHIP,JULIA DALRYMPLE,"VILLAGE OF LAKE ORION,21 EAST CHURCH ST.,LAKE ORION,MI,48362",MONDAY 24HR;TUESDAY 24HR;WEDNESDAY 24HR;THURSDAY 24HR;FRIDAY 24HR;SATURDAY 24HR;SUNDAY 24HR;
OAKLAND,OXFORD TOWNSHIP,CURTIS WRIGHT,"22 W. BURDICK STREET,OXFORD,MI,48371",MONDAY 24HR;TUESDAY 24HR;WEDNESDAY 24HR;THURSDAY 24HR;FRIDAY 24HR;SATURDAY 24HR;SUNDAY 24HR;
OAKLAND,OXFORD TOWNSHIP,CURTIS WRIGHT,"300 DUNLAP ROAD,OXFORD,MI,48371",MONDAY 24HR;TUESDAY 24HR;WEDNESDAY 24HR;THURSDAY 24HR;FRIDAY 24HR;SATURDAY 24HR;SUNDAY 24HR;
OAKLAND,PLEASANT RIDGE CITY,KERSTEN EMSLEY,"23925 WOODWARD AVENUE,PLEASANT RIDGE,MI,48069",MONDAY 24HR;TUESDAY 24HR;WEDNESDAY 24HR;THURSDAY 24HR;FRIDAY 24HR;SATURDAY 24HR;SUNDAY 24HR;
OAKLAND,PONTIAC CITY,GARLAND DOYLE,"BOWENS CENTER,52 BAGLEY,PONTIAC,MI,48341",MONDAY 24HR;TUESDAY 24HR;WEDNESDAY 24HR;THURSDAY 24HR;FRIDAY 24HR;SATURDAY 24HR;SUNDAY 24HR;
OAKLAND,PONTIAC CITY,GARLAND DOYLE,"CITY HALL,47450 WOODWARD,PONTIAC,MI,48342",MONDAY 24HR;TUESDAY 24HR;WEDNESDAY 24HR;THURSDAY 24HR;FRIDAY 24HR;SATURDAY 24HR;SUNDAY 24HR;
OAKLAND,PONTIAC CITY,GARLAND DOYLE,"RUTH PETERSON CENTER,990 JOSLYN,PONTIAC,MI,48340",MONDAY 24HR;TUESDAY 24HR;WEDNESDAY 24HR;THURSDAY 24HR;FRIDAY 24HR;SATURDAY 24HR;SUNDAY 24HR;
OAKLAND,PONTIAC CITY,GARLAND DOYLE,"WATERFORD REGIONAL FIRE DEPARTMENT STATION 9,787 W. HURON 48341,PONTIAC,MI,48340",MONDAY 24HR;TUESDAY 24HR;WEDNESDAY 24HR;THURSDAY 24HR;FRIDAY 24HR;SATURDAY 24HR;SUNDAY 24HR;
OAKLAND,ROCHESTER CITY,BRIAN DANNUNZIO,"400 SIXTH STREET,ROCHESTER,MI,48307",MONDAY 24HR;TUESDAY 24HR;WEDNESDAY 24HR;THURSDAY 24HR;FRIDAY 24HR;SATURDAY 24HR;SUNDAY 24HR;
OAKLAND,ROCHESTER HILLS CITY,LEANNE SCOTT,"1000 ROCHESTER HILLS DR,ROCHESTER HILLS,MI,48309",MONDAY 24HR;TUESDAY 24HR;WEDNESDAY 24HR;THURSDAY 24HR;FRIDAY 24HR;SATURDAY 24HR;SUNDAY 24HR;
OAKLAND,ROCHESTER HILLS CITY,LEANNE SCOTT,"1400 E. HAMLIN RD,ROCHESTER HILLS,MI,48307",MONDAY 24HR;TUESDAY 24HR;WEDNESDAY 24HR;THURSDAY 24HR;FRIDAY 24HR;SATURDAY 24HR;SUNDAY 24HR;
OAKLAND,ROCHESTER HILLS CITY,LEANNE SCOTT,"3200 W. TIENKEN RD,ROCHESTER HILLS,MI,48306",MONDAY 24HR;TUESDAY 24HR;WEDNESDAY 24HR;THURSDAY 24HR;FRIDAY 24HR;SATURDAY 24HR;SUNDAY 24HR;
OAKLAND,ROCHESTER HILLS CITY,LEANNE SCOTT,"750 BARCLAY CIRCLE,ROCHESTER HILLS,MI,48307",MONDAY 24HR;TUESDAY 24HR;WEDNESDAY 24HR;THURSDAY 24HR;FRIDAY 24HR;SATURDAY 24HR;SUNDAY 24HR;
OAKLAND,ROSE TOWNSHIP,DEBBIE MILLER,"9080 MASON STREET,HOLLY,MI,48442",MONDAY 24HR;TUESDAY 24HR;WEDNESDAY 24HR;THURSDAY 24HR;FRIDAY 24HR;SATURDAY 24HR;SUNDAY 24HR;
OAKLAND,ROYAL OAK CITY,MELANIE HALAS,"1403 LEXINGTON BLVD,ROYAL OAK,MI,48073",MONDAY 24HR;TUESDAY 24HR;WEDNESDAY 24HR;THURSDAY 24HR;FRIDAY 24HR;SATURDAY 24HR;SUNDAY 24HR;
OAKLAND,ROYAL OAK CITY,MELANIE HALAS,"203 S TROY STREET,ROYAL OAK,MI,48067",MONDAY 24HR;TUESDAY 24HR;WEDNESDAY 24HR;THURSDAY 24HR;FRIDAY 24HR;SATURDAY 24HR;SUNDAY 24HR;
OAKLAND,ROYAL OAK CITY,MELANIE HALAS,"203 S TROY STREET,ROYAL OAK,MI,48067",MONDAY 24HR;TUESDAY 24HR;WEDNESDAY 24HR;THURSDAY 24HR;FRIDAY 24HR;SATURDAY 24HR;SUNDAY 24HR;
OAKLAND,ROYAL OAK CITY,MELANIE HALAS,"203 S. TROY ST.,ROYAL OAK,MI,48067",MONDAY 8:00AM - 4:30PM;TUESDAY 8:00AM - 4:30PM;WEDNESDAY 8:00AM - 4:30PM;THURSDAY 8:00AM - 4:30PM;FRIDAY 8:00AM - 12:00PM;
OAKLAND,ROYAL OAK CITY,MELANIE HALAS,"450 W 11 MILE RD,ROYAL OAK,MI,48067",MONDAY 24HR;TUESDAY 24HR;WEDNESDAY 24HR;THURSDAY 24HR;FRIDAY 24HR;SATURDAY 24HR;SUNDAY 24HR;
OAKLAND,ROYAL OAK TOWNSHIP,GWENDOLYN TURNER,"20800 WYOMING,COMMUNITY ROOM,FERNDALE,MI,48220",MONDAY 24HR;TUESDAY 24HR;WEDNESDAY 24HR;THURSDAY 24HR;FRIDAY 24HR;SATURDAY 24HR;SUNDAY 24HR;
OAKLAND,ROYAL OAK TOWNSHIP,GWENDOLYN TURNER,"21131 GARDENLANE,FERNDALE,MI,48220",MONDAY 24HR;TUESDAY 24HR;WEDNESDAY 24HR;THURSDAY 24HR;FRIDAY 24HR;SATURDAY 24HR;
OAKLAND,SOUTHFIELD CITY,GABI GROSSBARD,"25753 W. 9 MILE RD.,SOUTHFIELD,MI,48033",MONDAY 24HR;TUESDAY 24HR;WEDNESDAY 24HR;THURSDAY 24HR;FRIDAY 24HR;SATURDAY 24HR;SUNDAY 24HR;
OAKLAND,SOUTHFIELD CITY,GABI GROSSBARD,"26000 EVERGREEN,SOUTHFIELD,MI,48037",MONDAY 24HR;TUESDAY 24HR;WEDNESDAY 24HR;THURSDAY 24HR;FRIDAY 24HR;SATURDAY 24HR;SUNDAY 24HR;
OAKLAND,SOUTHFIELD CITY,GABI GROSSBARD,"26000 EVERGREEN RD,SOUTHFIELD,MI,48037",MONDAY 24HR;TUESDAY 24HR;WEDNESDAY 24HR;THURSDAY 24HR;FRIDAY 24HR;SATURDAY 24HR;SUNDAY 24HR;
OAKLAND,SOUTHFIELD CITY,GABI GROSSBARD,"26000 EVERGREEN RD,SOUTHFIELD,MI,48037",MONDAY 8:00AM - 5:00PM;TUESDAY 8:00AM - 5:00PM;WEDNESDAY 8:00AM - 5:00PM;THURSDAY 8:00AM - 5:00PM;FRIDAY 8:00AM - 5:00PM;
OAKLAND,SOUTHFIELD CITY,GABI GROSSBARD,"26000 EVERGREEN RD,SOUTHFIELD,MI,48076",MONDAY 24HR;TUESDAY 24HR;WEDNESDAY 24HR;THURSDAY 24HR;FRIDAY 24HR;SATURDAY 24HR;SUNDAY 24HR;
OAKLAND,SOUTHFIELD CITY,GABI GROSSBARD,"26300 EVERGREEN RD,SOUTHFIELD,MI,48037",MONDAY 24HR;TUESDAY 24HR;WEDNESDAY 24HR;THURSDAY 24HR;FRIDAY 24HR;SATURDAY 24HR;SUNDAY 24HR;
OAKLAND,SOUTHFIELD CITY,GABI GROSSBARD,"27725 GREENFIELD,OAKLAND COUNTY HEALTH DEPARTMENT,SOUTHFIELD,MI,48076",MONDAY 24HR;TUESDAY 24HR;WEDNESDAY 24HR;THURSDAY 24HR;FRIDAY 24HR;SATURDAY 24HR;SUNDAY 24HR;
OAKLAND,SOUTHFIELD TOWNSHIP,EILEEN GIESBRECHT,"18550 W 13 MILE ROAD,BEVERLY HILLS,MI,48025",MONDAY 24HR;TUESDAY 24HR;WEDNESDAY 24HR;THURSDAY 24HR;FRIDAY 24HR;SATURDAY 24HR;SUNDAY 24HR;
OAKLAND,SOUTHFIELD TOWNSHIP,EILEEN GIESBRECHT,"18550 WEST 13 MILE RD,BEVERLY HILLS,MI,48025",MONDAY 8:30AM - 5:00PM;TUESDAY 8:30AM - 5:00PM;WEDNESDAY 8:30AM - 5:00PM;THURSDAY 8:30AM - 5:00PM;FRIDAY 8:30AM - 5:00PM;
OAKLAND,SOUTH LYON CITY,LISA DEATON,"214 W LAKE STREET,SOUTH LYON,MI,48178",MONDAY 24HR;TUESDAY 24HR;WEDNESDAY 24HR;THURSDAY 24HR;FRIDAY 24HR;SATURDAY 24HR;SUNDAY 24HR;
OAKLAND,SOUTH LYON CITY,LISA DEATON,"335 SOUTH WARREN,SOUTH LYON,MI,48178",MONDAY 24HR;TUESDAY 24HR;WEDNESDAY 24HR;THURSDAY 24HR;FRIDAY 24HR;SATURDAY 24HR;SUNDAY 24HR;
OAKLAND,SPRINGFIELD TOWNSHIP,SEAN R. MILLER,"12000 DAVISBURG RD,DAVISBURG,MI,48350",MONDAY 24HR;TUESDAY 24HR;WEDNESDAY 24HR;THURSDAY 24HR;FRIDAY 24HR;SATURDAY 24HR;SUNDAY 24HR;
OAKLAND,SYLVAN LAKE CITY,MEGGAN BROWN,"1820 INVERNESS,SIDE ENTRANCE OF CITY HALL,SYLVAN LAKE,MI,48320",MONDAY 24HR;TUESDAY 24HR;WEDNESDAY 24HR;THURSDAY 24HR;FRIDAY 24HR;SATURDAY 24HR;SUNDAY 24HR;
OAKLAND,TROY CITY,M AILEEN DICKSON,"TROY CITY HALL EAST ENTRANCE,500 W. BIG BEAVER RD.,TROY,MI,48084",MONDAY 24HR;TUESDAY 24HR;WEDNESDAY 24HR;THURSDAY 24HR;FRIDAY 24HR;SATURDAY 24HR;SUNDAY 24HR;
OAKLAND,TROY CITY,M AILEEN DICKSON,"TROY CITY HALL WEST SIDE DRIVE-UP,500 W. BIG BEAVER RD.,TROY,MI,48084",MONDAY 24HR;TUESDAY 24HR;WEDNESDAY 24HR;THURSDAY 24HR;FRIDAY 24HR;SATURDAY 24HR;SUNDAY 24HR;
OAKLAND,TROY CITY,M AILEEN DICKSON,"TROY COMMUNITY CENTER SOUTH ENTRANCE,3179 LIVERNOIS RD.,TROY,MI,48084",MONDAY 24HR;TUESDAY 24HR;WEDNESDAY 24HR;THURSDAY 24HR;FRIDAY 24HR;SATURDAY 24HR;SUNDAY 24HR;
OAKLAND,TROY CITY,M AILEEN DICKSON,"TROY PUBLIC LIBRARY,510 W. BIG BEAVER RD.,TROY,MI,48084",MONDAY 24HR;TUESDAY 24HR;WEDNESDAY 24HR;THURSDAY 24HR;FRIDAY 24HR;SATURDAY 24HR;SUNDAY 24HR;
OAKLAND,TROY CITY,M AILEEN DICKSON,"TROY PUBLIC WORKS DEPARTMENT,4693 ROCHESTER ROAD,TROY,MI,48085",MONDAY 24HR;TUESDAY 24HR;WEDNESDAY 24HR;THURSDAY 24HR;FRIDAY 24HR;SATURDAY 24HR;SUNDAY 24HR;
OAKLAND,WALLED LAKE CITY,JENNIFER  STUART,"1499 E. WEST MAPLE ROAD,WALLED LAKE,MI,48390",MONDAY 24HR;TUESDAY 24HR;WEDNESDAY 24HR;THURSDAY 24HR;FRIDAY 24HR;SATURDAY 24HR;SUNDAY 24HR;
OAKLAND,WALLED LAKE CITY,JENNIFER  STUART,"1499 E. WEST MAPLE ROAD,WALLED LAKE,MI,48390",MONDAY 24HR;TUESDAY 24HR;WEDNESDAY 24HR;THURSDAY 24HR;FRIDAY 24HR;SATURDAY 24HR;SUNDAY 24HR;
OAKLAND,WATERFORD TOWNSHIP,GARY ALLISON,"HESS-HATHAWAY PARK,825 S WILLIAMS LAKE ROAD,WATERFORD,MI,48327",MONDAY 24HR;TUESDAY 24HR;WEDNESDAY 24HR;THURSDAY 24HR;FRIDAY 24HR;SATURDAY 24HR;SUNDAY 24HR;
OAKLAND,WATERFORD TOWNSHIP,GARY ALLISON,"TOWNSHIP HALL - REAR PARKING LOT,5200 CIVIC CENTER DRIVE,WATERFORD,MI,48329",MONDAY 24HR;TUESDAY 24HR;WEDNESDAY 24HR;THURSDAY 24HR;FRIDAY 24HR;SATURDAY 24HR;SUNDAY 24HR;
OAKLAND,WATERFORD TOWNSHIP,GARY ALLISON,"WATERFORD FIRE STATION,4596 W WALTON BLVD,WATERFORD,MI,48329",MONDAY 24HR;TUESDAY 24HR;WEDNESDAY 24HR;THURSDAY 24HR;FRIDAY 24HR;SATURDAY 24HR;SUNDAY 24HR;
OAKLAND,WATERFORD TOWNSHIP,GARY ALLISON,"WATERFORD PARKS & RECREATION - LEGGETT CENTER,3621 PONTIAC LAKE ROAD,WATERFORD,MI,48328",MONDAY 24HR;TUESDAY 24HR;WEDNESDAY 24HR;THURSDAY 24HR;FRIDAY 24HR;SATURDAY 24HR;SUNDAY 24HR;
OAKLAND,WATERFORD TOWNSHIP,GARY ALLISON,"TOWNSHIP HALL - FRONT PARKING LOT,5200 CIVIC CENTER DRIVE,WATERFORD TOWNSHIP,MI,48329",MONDAY 24HR;TUESDAY 24HR;WEDNESDAY 24HR;THURSDAY 24HR;FRIDAY 24HR;SATURDAY 24HR;SUNDAY 24HR;
OAKLAND,WEST BLOOMFIELD TOWNSHIP,DEBBIE BINDER,"WBSD ADMIN BUILDING PARKING LOT,5810 COMMERECE RD,WEST BLOOMFIELD,MI,48324",MONDAY 24HR;TUESDAY 24HR;WEDNESDAY 24HR;THURSDAY 24HR;FRIDAY 24HR;SATURDAY 24HR;SUNDAY 24HR;
OAKLAND,WEST BLOOMFIELD TOWNSHIP,DEBBIE BINDER,"WEST BLOOMFIELD CONNECT SENIOR CENTER,33230 W 14 MILE RD,WEST BLOOMFIELD,MI,48322",MONDAY 24HR;TUESDAY 24HR;WEDNESDAY 24HR;THURSDAY 24HR;FRIDAY 24HR;SATURDAY 24HR;SUNDAY 24HR;
OAKLAND,WEST BLOOMFIELD TOWNSHIP,DEBBIE BINDER,"WEST BLOOMFIELD TOWNSHIP HALL,4550 WALNUT LAKE RD,WEST BLOOMFIELD,MI,48323",MONDAY 24HR;TUESDAY 24HR;WEDNESDAY 24HR;THURSDAY 24HR;FRIDAY 24HR;SATURDAY 24HR;SUNDAY 24HR;
OAKLAND,WEST BLOOMFIELD TOWNSHIP,DEBBIE BINDER,"WEST BLOOMFIELD TOWNSHIP HALL,4550 WALNUT LAKE RD,WEST BLOOMFIELD,MI,48323",MONDAY 24HR;TUESDAY 24HR;WEDNESDAY 24HR;THURSDAY 24HR;FRIDAY 24HR;SATURDAY 24HR;SUNDAY 24HR;
OAKLAND,WHITE LAKE TOWNSHIP,ANTHONY L. NOBLE,"DUBLIN COMMUNITY CENTER,685 UNION LAKE RD,WHITE LAKE,MI,48383",MONDAY 24HR;TUESDAY 24HR;WEDNESDAY 24HR;THURSDAY 24HR;FRIDAY 24HR;SATURDAY 24HR;SUNDAY 24HR;
OAKLAND,WHITE LAKE TOWNSHIP,ANTHONY L. NOBLE,"WHITE LAKE TOWNSHIP HALL,7525 HIGHLAND RD,WHITE LAKE,MI,48383",MONDAY 24HR;TUESDAY 24HR;WEDNESDAY 24HR;THURSDAY 24HR;FRIDAY 24HR;SATURDAY 24HR;SUNDAY 24HR;
OAKLAND,WIXOM CITY,CRYSTAL OPALKO,"49045 PONTIAC TRAIL,DRIVE UP BOX,WIXOM,MI,48393",MONDAY 24HR;TUESDAY 24HR;WEDNESDAY 24HR;THURSDAY 24HR;FRIDAY 24HR;SATURDAY 24HR;SUNDAY 24HR;
OCEANA,BENONA TOWNSHIP,MARGIE SHAW,"7169 W. Baker Rd.,Both doors have drop boxes.,Shelby,MI,49455",24/7
OCEANA,CLAYBANKS TOWNSHIP,MARK KUTCHES,"7577 W. 36TH AVE,NEW ERA,MI,49446",MONDAY 24HR;TUESDAY 24HR;WEDNESDAY 24HR;THURSDAY 24HR;FRIDAY 24HR;SATURDAY 24HR;SUNDAY 24HR;
OCEANA,COLFAX TOWNSHIP,JONI GERARD,"5594 N 192ND,WALKERVILLE,MI,49459",MONDAY 24HR;TUESDAY 24HR;WEDNESDAY 24HR;THURSDAY 24HR;FRIDAY 24HR;SATURDAY 24HR;SUNDAY 24HR;
OCEANA,CRYSTAL TOWNSHIP,BETHANY SEYMOUR,"1499 EAST HAMMETT RD,HART,MI,49420",MONDAY 24HR;TUESDAY 24HR;WEDNESDAY 24HR;THURSDAY 24HR;FRIDAY 24HR;SATURDAY 24HR;SUNDAY 24HR;
OCEANA,ELBRIDGE TOWNSHIP,STEPHANIE VAN SICKLE,"2266 E POLK RD,HART,MI,49420",MONDAY 24HR;TUESDAY 24HR;WEDNESDAY 24HR;THURSDAY 24HR;FRIDAY 24HR;SATURDAY 24HR;SUNDAY 24HR;
OCEANA,FERRY TOWNSHIP,CHRIS ERNST,"3222 GREEN ST,SHELBY,MI,49455",MONDAY A;TUESDAY A;WEDNESDAY A;THURSDAY A;FRIDAY A;
OCEANA,GOLDEN TOWNSHIP,RACHEL ITEEN,"5527 FOX RD,MEARS,MI,49436",MONDAY 24HR;TUESDAY 24HR;WEDNESDAY 24HR;THURSDAY 24HR;FRIDAY 24HR;SATURDAY 24HR;SUNDAY 24HR;
OCEANA,GRANT TOWNSHIP,CAROL SISSON,"7140 SOUTH OCEANA DRIVE,ROTHBURY,MI,49452",MONDAY 24HR;TUESDAY 24HR;WEDNESDAY 24HR;THURSDAY 24HR;FRIDAY 24HR;SATURDAY 24HR;SUNDAY 24HR;
OCEANA,GREENWOOD TOWNSHIP,LINDA HUNT,"5589 200TH AVE.,HESPERIA,MI,49421",MONDAY 24HR;TUESDAY 24HR;WEDNESDAY 24HR;THURSDAY 24HR;FRIDAY 24HR;SATURDAY 24HR;SUNDAY 24HR;
OCEANA,HART CITY,KARLA SWIHART,"407 STATE ST.,HART,MI,49420",MONDAY 24HR;TUESDAY 24HR;WEDNESDAY 24HR;THURSDAY 24HR;FRIDAY 24HR;SATURDAY 24HR;SUNDAY 24HR;
OCEANA,LEAVITT TOWNSHIP,NAOMI OOMEN,"2401 N 184TH AVE.,WALKERVILLE,MI,49459",MONDAY 24HR;TUESDAY 24HR;WEDNESDAY 24HR;THURSDAY 24HR;FRIDAY 24HR;SATURDAY 24HR;SUNDAY 24HR;
OCEANA,NEWFIELD TOWNSHIP,NANCY L CONLEY,"3890 198TH AVE.,HESPERIA,HESPERIA,MI,49421",MONDAY 24HR;TUESDAY 24HR;WEDNESDAY 24HR;THURSDAY 24HR;FRIDAY 24HR;SATURDAY 24HR;
OCEANA,OTTO TOWNSHIP,PATRICIA BUDDE,"5458 128TH AVENUE,ROTHBURY,MI,49452",MONDAY 24HR;TUESDAY 24HR;WEDNESDAY 24HR;THURSDAY 24HR;FRIDAY 24HR;SATURDAY 24HR;SUNDAY 24HR;
OCEANA,PENTWATER TOWNSHIP,MAUREEN MURPHY,"500 N. HANCOCK ST,OUTSIDE DROP BOX,PENTWATER,MI,49449",MONDAY 24HR;TUESDAY 24HR;WEDNESDAY 24HR;THURSDAY 24HR;FRIDAY 24HR;SATURDAY 24HR;SUNDAY 24HR;
OCEANA,SHELBY TOWNSHIP,CATHY ANDERSON,"204 N MICHIGAN AVE,SHELBY,MI,49455",MONDAY 24HR;TUESDAY 24HR;WEDNESDAY 24HR;THURSDAY 24HR;FRIDAY 24HR;SATURDAY 24HR;SUNDAY 24HR;
OCEANA,WEARE TOWNSHIP,DEBRA GUSTAFSON,"6506 N OCEANA DR,HART,MI,49420",MONDAY 24HR;TUESDAY 24HR;WEDNESDAY 24HR;THURSDAY 24HR;FRIDAY 24HR;SATURDAY 24HR;SUNDAY 24HR;
OGEMAW,CHURCHILL TOWNSHIP,LYNN KAVALUNAS,"2211 RIFLE RIVER TRAIL,CLERK'S HOME,WEST BRANCH,MI,48661",MONDAY 24HR;TUESDAY 24HR;WEDNESDAY 24HR;THURSDAY 24HR;FRIDAY 24HR;SATURDAY 24HR;SUNDAY 24HR;
OGEMAW,CUMMING TOWNSHIP,JANICE FRITZ,"751 N MORRISON RD,WEST  BRANCH,MI,48661",MONDAY 24HR;TUESDAY 24HR;WEDNESDAY 24HR;THURSDAY 24HR;FRIDAY 24HR;SATURDAY 24HR;SUNDAY 24HR;
OGEMAW,EDWARDS TOWNSHIP,KOREY KRIPLI,"3601 WICKES ROAD,WEST BRANCH,MI,48661",MONDAY 24HR;TUESDAY 24HR;WEDNESDAY 24HR;THURSDAY 24HR;FRIDAY 24HR;SATURDAY 24HR;SUNDAY 24HR;
OGEMAW,FOSTER TOWNSHIP,LEANNA GOODRICH,"1968 CLEAR LAKE ROAD,WEST BRANCH,MI,48661",MONDAY 24HR;TUESDAY 24HR;WEDNESDAY 24HR;THURSDAY 24HR;FRIDAY 24HR;SATURDAY 24HR;SUNDAY 24HR;
OGEMAW,GOODAR TOWNSHIP,LARRY MC NENLY,"4471 COUNTY LINE RD. PO BOX 100,SOUTH BRANCH,MI,48761",MONDAY 24HR;TUESDAY 24HR;WEDNESDAY 24HR;THURSDAY 24HR;FRIDAY 24HR;SATURDAY 24HR;SUNDAY 24HR;
OGEMAW,HILL TOWNSHIP,LORIE WILLIAMS,"4985 TOWNHALL ROAD,HALE,MI,48739",MONDAY 24HR;TUESDAY 24HR;WEDNESDAY 24HR;THURSDAY 24HR;FRIDAY 24HR;SATURDAY 24HR;SUNDAY 24HR;
OGEMAW,HORTON TOWNSHIP,KAREN HOWARD,"2120 RAU RD,WEST BRANCH,MI,48661",MONDAY 24HR;TUESDAY 24HR;WEDNESDAY 24HR;THURSDAY 24HR;FRIDAY 24HR;SATURDAY 24HR;SUNDAY 24HR;
OGEMAW,KLACKING TOWNSHIP,REBECCA WARD,"405 NORTH CAMPBELL ROAD,WEST BRANCH,MI,48661",MONDAY 24HR;TUESDAY 24HR;WEDNESDAY 24HR;THURSDAY 24HR;FRIDAY 24HR;SATURDAY 24HR;SUNDAY 24HR;
OGEMAW,LOGAN TOWNSHIP,NICHOLAS CLARK,"4507 E. M-55,PRESCOTT,MI,48756",MONDAY 24HR;TUESDAY 24HR;WEDNESDAY 24HR;THURSDAY 24HR;FRIDAY 24HR;SATURDAY 24HR;SUNDAY 24HR;
OGEMAW,MILLS TOWNSHIP,JACKIE ALLEN,"5170 RIFLE RIVER TRAIL,ALGER,MI,48610",MONDAY 24HR;TUESDAY 24HR;WEDNESDAY 24HR;THURSDAY 24HR;FRIDAY 24HR;SATURDAY 24HR;SUNDAY 24HR;
OGEMAW,OGEMAW TOWNSHIP,TRACY TURNER,"1990 S GRAY RD,WEST BRANCH,MI,48661",MONDAY 24HR;TUESDAY 24HR;WEDNESDAY 24HR;THURSDAY 24HR;FRIDAY 24HR;SATURDAY 24HR;SUNDAY 24HR;
OGEMAW,RICHLAND TOWNSHIP,DAWN  A JOHNSON,"5624 MCLEAN RD,PRESCOTT,MI,48756",MONDAY 24HR;TUESDAY 24HR;WEDNESDAY 24HR;THURSDAY 24HR;FRIDAY 24HR;SATURDAY 24HR;
OGEMAW,ROSE TOWNSHIP,APRIL KANGAS,"3380 LUPTON RD,LUPTON,MI,48653",MONDAY 24HR;TUESDAY 24HR;WEDNESDAY 24HR;THURSDAY 24HR;FRIDAY 24HR;SATURDAY 24HR;SUNDAY 24HR;
OGEMAW,ROSE CITY CITY,JENNIFER HURLEY,"410 NORTH WILLIAMS STREET,ROSE CITY,MI,48654",MONDAY 24HR;TUESDAY 24HR;WEDNESDAY 24HR;THURSDAY 24HR;FRIDAY 24HR;SATURDAY 24HR;SUNDAY 24HR;
OGEMAW,WEST BRANCH CITY,LORI ANN CLOVER-GAMBREL,"121 N FOURTH ST,WEST BRANCH,MI,48661",MONDAY 24HR;TUESDAY 24HR;WEDNESDAY 24HR;THURSDAY 24HR;FRIDAY 24HR;SATURDAY 24HR;SUNDAY 24HR;
OGEMAW,WEST BRANCH TOWNSHIP,JEREMY  HICKMOTT ,"1705 SOUTH FAIRVIEW ROAD,WEST BRANCH,MI,48661",MONDAY 24HR;TUESDAY 24HR;WEDNESDAY 24HR;THURSDAY 24HR;FRIDAY 24HR;SATURDAY 24HR;SUNDAY 24HR;
ONTONAGON,BERGLAND TOWNSHIP,BOBBI FERGUSON,"101 PINE STREET,PO BOX 326,BEGLAND,MI,49910",MONDAY 24HR;TUESDAY 24HR;WEDNESDAY 24HR;THURSDAY 24HR;FRIDAY 24HR;SATURDAY 24HR;SUNDAY 24HR;
ONTONAGON,CARP LAKE TOWNSHIP,NANCY REATH,"17 MAIN STREET,WHITE PINE,MI,49971",MONDAY 24HR;TUESDAY 24HR;WEDNESDAY 24HR;THURSDAY 24HR;FRIDAY 24HR;SATURDAY 24HR;SUNDAY 24HR;
ONTONAGON,GREENLAND TOWNSHIP,CORRIE KAARTO,"1502 MASS AVE,MASS CITY,MI,49948",MONDAY 24HR;TUESDAY 24HR;WEDNESDAY 24HR;THURSDAY 24HR;FRIDAY 24HR;SATURDAY 24HR;SUNDAY 24HR;
ONTONAGON,HAIGHT TOWNSHIP,STEVE AHO,"9040 US HWY 45,BRUCE CROSSING,MI,49912",MONDAY 24HR;TUESDAY 24HR;WEDNESDAY 24HR;THURSDAY 24HR;FRIDAY 24HR;SATURDAY 24HR;SUNDAY 24HR;
ONTONAGON,INTERIOR TOWNSHIP,WADE BOAN,"140 DIVISION ST.,TROUT CREEK,MI,49967",MONDAY 24HR;TUESDAY 24HR;WEDNESDAY 24HR;THURSDAY 24HR;FRIDAY 24HR;SATURDAY 24HR;SUNDAY 24HR;
ONTONAGON,MCMILLAN TOWNSHIP,KAY RICHTER,"MCMILLAN TOWNSHIP OFFICE,109 S. CEDAR STREET,EWEN,MI,49925",MONDAY 24HR;TUESDAY 24HR;WEDNESDAY 24HR;THURSDAY 24HR;FRIDAY 24HR;SATURDAY 24HR;SUNDAY 24HR;
ONTONAGON,ONTONAGON TOWNSHIP,PAM CHABOT,"311 N STEEL ST,311 N STEEL ST,ONTONAGON,MI,49953",MONDAY 24HR;TUESDAY 24HR;WEDNESDAY 24HR;THURSDAY 24HR;FRIDAY 24HR;SATURDAY 24HR;SUNDAY 24HR;
ONTONAGON,ROCKLAND TOWNSHIP,BRITTANY PREISS,"101 NATIONAL AVE,ROCKLAND,MI,49960",MONDAY 24HR;TUESDAY 24HR;WEDNESDAY 24HR;THURSDAY 24HR;FRIDAY 24HR;SATURDAY 24HR;SUNDAY 24HR;
ONTONAGON,STANNARD TOWNSHIP,CRYSTAL SMITH,"STANNARD TOWNSHIP HALL,14927 M 28,BRUCE CROSSING,MI,49912",MONDAY 24HR;TUESDAY 24HR;WEDNESDAY 24HR;THURSDAY 24HR;FRIDAY 24HR;SATURDAY 24HR;SUNDAY 24HR;
OSCEOLA,BURDELL TOWNSHIP,NICOLE SIKKEMA,"310 S. NEILSON ST.,TUSTIN,MI,49688",MONDAY 24HR;TUESDAY 24HR;WEDNESDAY 24HR;THURSDAY 24HR;FRIDAY 24HR;SATURDAY 24HR;SUNDAY 24HR;
OSCEOLA,CEDAR TOWNSHIP,CLARK MARY,"9115 170TH AVE,TOWNSHIP HALL,REED CITY,MI,49677",MONDAY 24HR;TUESDAY 24HR;WEDNESDAY 24HR;THURSDAY 24HR;FRIDAY 24HR;SATURDAY 24HR;SUNDAY 24HR;
OSCEOLA,EVART CITY,ANDREA GRUPIDO,"200 S MAIN STREET,CURBSIDE IN PARKING LOT,EVART,MI,49631",MONDAY 24HR;TUESDAY 24HR;WEDNESDAY 24HR;THURSDAY 24HR;FRIDAY 24HR;SATURDAY 24HR;SUNDAY 24HR;
OSCEOLA,EVART CITY,ANDREA GRUPIDO,"200 S. MAIN STREET,CITY HALL LOBBY,EVART,MI,49631",MONDAY 7:00AM - 5:00PM;TUESDAY 7:00AM - 5:00PM;WEDNESDAY 7:00AM - 5:00PM;THURSDAY 7:00AM - 5:00PM;
OSCEOLA,EVART TOWNSHIP,DENISE CUSTER,"327 S MAIN ST,EVART,MI,49631",MONDAY 24HR;TUESDAY 24HR;WEDNESDAY 24HR;THURSDAY 24HR;FRIDAY 24HR;SATURDAY 24HR;
OSCEOLA,EVART TOWNSHIP,DENISE CUSTER,"8745 HERSEY RD,EVART,MI,49631",MONDAY 24HR;TUESDAY 24HR;WEDNESDAY 24HR;THURSDAY 24HR;FRIDAY 24HR;SATURDAY 24HR;
OSCEOLA,HARTWICK TOWNSHIP,SHELLEY MUCZYNSKI,"TOWNSHIP HALL,9042 15 MILE RD,EVART,MI,49631",MONDAY 24HR;TUESDAY 24HR;WEDNESDAY 24HR;THURSDAY 24HR;FRIDAY 24HR;SATURDAY 24HR;
OSCEOLA,HERSEY TOWNSHIP,JENNIFER VERDI-STIEG,"HERSEY TWP. HALL,108 S. MAIN ST.,HERSEY,MI,49639",MONDAY 24HR;TUESDAY 24HR;WEDNESDAY 24HR;THURSDAY 24HR;FRIDAY 24HR;SATURDAY 24HR;SUNDAY 24HR;
OSCEOLA,HIGHLAND TOWNSHIP,LARISSA AVERY,"9472  23 MILE  RD,MARION,MI,49665",MONDAY 24HR;TUESDAY 24HR;WEDNESDAY 24HR;THURSDAY 24HR;FRIDAY 24HR;SATURDAY 24HR;SUNDAY 24HR;
OSCEOLA,LE ROY TOWNSHIP,STACIE DVONCH,"101 BEVINS STREET,LE ROY,MI,49655",MONDAY 24HR;TUESDAY 24HR;WEDNESDAY 24HR;THURSDAY 24HR;FRIDAY 24HR;SATURDAY 24HR;SUNDAY 24HR;
OSCEOLA,LINCOLN TOWNSHIP,SHERRY BLACKRICK,"20920 9 MILE RD.,REED CITY,MI,49677",MONDAY 24HR;TUESDAY 24HR;WEDNESDAY 24HR;THURSDAY 24HR;FRIDAY 24HR;SATURDAY 24HR;SUNDAY 24HR;
OSCEOLA,MARION TOWNSHIP,CONNIE ZUIDERVEEN,"315 N CARLAND,MARION,MI,49665",MONDAY 24HR;TUESDAY 24HR;WEDNESDAY 24HR;THURSDAY 24HR;FRIDAY 24HR;SATURDAY 24HR;SUNDAY 24HR;
OSCEOLA,MIDDLE BRANCH TOWNSHIP,RICHIELENE BEEBE,"2963 15 MILE ROAD,MARION,MI,49665",MONDAY 24HR;TUESDAY 24HR;WEDNESDAY 24HR;THURSDAY 24HR;FRIDAY 24HR;SATURDAY 24HR;SUNDAY 24HR;
OSCEOLA,ORIENT TOWNSHIP,MARK SOCHOCKI,"2972 30TH AVE,SEARS,MI,49679",MONDAY 24HR;TUESDAY 24HR;WEDNESDAY 24HR;THURSDAY 24HR;FRIDAY 24HR;SATURDAY 24HR;SUNDAY 24HR;
OSCEOLA,OSCEOLA TOWNSHIP,JENNY ROUNDS,"732 W 7TH ST,EVART,MI,49631",MONDAY 24HR;TUESDAY 24HR;WEDNESDAY 24HR;THURSDAY 24HR;FRIDAY 24HR;SATURDAY 24HR;SUNDAY 24HR;
OSCEOLA,REED CITY CITY,CHASTITY EADS,"227 E. LINCOLN AVE,REED CITY,MI,49677",MONDAY 24HR;TUESDAY 24HR;WEDNESDAY 24HR;THURSDAY 24HR;FRIDAY 24HR;SATURDAY 24HR;
OSCEOLA,RICHMOND TOWNSHIP,LINDA STIEG,"21717 HOWARD STREET,REED CITY,MI,49677",MONDAY 24HR;TUESDAY 24HR;WEDNESDAY 24HR;THURSDAY 24HR;FRIDAY 24HR;SATURDAY 24HR;
OSCEOLA,ROSE LAKE TOWNSHIP,VICKY SCHAEFER,"16879 140TH AVE,LEROY,MI,49655",MONDAY 24HR;TUESDAY 24HR;WEDNESDAY 24HR;THURSDAY 24HR;FRIDAY 24HR;SATURDAY 24HR;SUNDAY 24HR;
OSCEOLA,SHERMAN TOWNSHIP,BETHANY BOLDUC,"14625 20 MILE ROAD,TUSTIN,MI,49688",MONDAY 24HR;TUESDAY 24HR;WEDNESDAY 24HR;THURSDAY 24HR;FRIDAY 24HR;SATURDAY 24HR;SUNDAY 24HR;
OSCEOLA,SHERMAN TOWNSHIP,BETHANY BOLDUC,"14929 21 MILE ROAD,TUSTIN,MI,49688",MONDAY 24HR;TUESDAY 24HR;WEDNESDAY 24HR;THURSDAY 24HR;FRIDAY 24HR;SATURDAY 24HR;SUNDAY 24HR;
OSCEOLA,SYLVAN TOWNSHIP,TERRY PRITCHARD,"4866 SYLVAN RD,EVART,MI,49631",MONDAY 24HR;TUESDAY 24HR;WEDNESDAY 24HR;THURSDAY 24HR;FRIDAY 24HR;SATURDAY 24HR;SUNDAY 24HR;
OSCODA,BIG CREEK TOWNSHIP,LORI WYMAN,"1175 RYNO RD,LUZERNE,MI,48636",MONDAY 24HR;TUESDAY 24HR;WEDNESDAY 24HR;THURSDAY 24HR;FRIDAY 24HR;SATURDAY 24HR;SUNDAY 24HR;
OSCODA,COMINS TOWNSHIP,AMANDA BARAJAS,"1651 N. ABBE ROAD,FAIRVIEW,MI,48621",MONDAY 24HR;TUESDAY 24HR;WEDNESDAY 24HR;THURSDAY 24HR;FRIDAY 24HR;SATURDAY 24HR;SUNDAY 24HR;
OSCODA,ELMER TOWNSHIP,MICHELLE HOFFMAN,"863 W. KITTLE RD.,MIO,MI,48647",MONDAY 24HR;TUESDAY 24HR;WEDNESDAY 24HR;THURSDAY 24HR;FRIDAY 24HR;SATURDAY 24HR;SUNDAY 24HR;
OSCODA,GREENWOOD TOWNSHIP,AMY LAKE,"4030 Williams Road,Lewiston,MI,49756",24/7
OSCODA,MENTOR TOWNSHIP,STEPHANIE HALL,"216 E 10th St,Mio,MI,48647",24/7
OTSEGO,BAGLEY TOWNSHIP,COLLEEN GELOW,"TOWNSHIP HALL,GAYLORD,MI,49735",MONDAY 24HR;TUESDAY 24HR;WEDNESDAY 24HR;THURSDAY 24HR;FRIDAY 24HR;SATURDAY 24HR;SUNDAY 24HR;
OTSEGO,CHARLTON TOWNSHIP,GEORGE PEWINSKI,"10900 M32 East,Johannesburg,MI,49751",24/7
OTSEGO,CHESTER TOWNSHIP,MELISSA SZYMANSKI,"1737 BIG LAKE ROAD,GAYLORD,MI,49735",
OTSEGO,CORWITH TOWNSHIP,DEBBIE WHITMAN,"8170 MILL STREET,VANDERBILT,MI,49795",MONDAY 24HR;TUESDAY 24HR;WEDNESDAY 24HR;THURSDAY 24HR;FRIDAY 24HR;SATURDAY 24HR;SUNDAY 24HR;
OTSEGO,DOVER TOWNSHIP,JANET KWAPIS,"2985 MARQUARDT ROAD,GAYLORD,MI,49735",MONDAY 24HR;TUESDAY 24HR;WEDNESDAY 24HR;THURSDAY 24HR;FRIDAY 24HR;SATURDAY 24HR;SUNDAY 24HR;
OTSEGO,ELMIRA TOWNSHIP,SUSAN SCHAEDIG,"2035 MT JACK ROAD,ELMIRA,MI,49730",MONDAY 24HR;TUESDAY 24HR;WEDNESDAY 24HR;THURSDAY 24HR;FRIDAY 24HR;SATURDAY 24HR;SUNDAY 24HR;
OTSEGO,ELMIRA TOWNSHIP,SUSAN SCHAEDIG,"7252 ALBA ROAD,GAYLORD,MI,49735",MONDAY 7:00AM - 9:00PM;TUESDAY 7:00AM - 9:00PM;WEDNESDAY 7:00AM - 9:00PM;THURSDAY 7:00AM - 9:00PM;FRIDAY 7:00AM - 9:00PM;SATURDAY 7:00AM - 9:00PM;SUNDAY 7:00AM - 9:00PM;
OTSEGO,GAYLORD CITY,ANDREA BOGUTH,"305 E MAIN STREET,305 E MAIN STREET,GAYLORD,MI,49735",MONDAY 24HR;TUESDAY 24HR;WEDNESDAY 24HR;THURSDAY 24HR;FRIDAY 24HR;SATURDAY 24HR;SUNDAY 24HR;
OTSEGO,HAYES TOWNSHIP,RICHARD ROSS,"71 HAYES TOWER RD,GAYLORD,MI,49735",MONDAY 24HR;TUESDAY 24HR;WEDNESDAY 24HR;THURSDAY 24HR;FRIDAY 24HR;SATURDAY 24HR;SUNDAY 24HR;
OTSEGO,LIVINGSTON TOWNSHIP,ELIZABETH MENCH,"3218 OLD 27 N,GAYLORD,MI,49735",MONDAY 24HR;TUESDAY 24HR;WEDNESDAY 24HR;THURSDAY 24HR;FRIDAY 24HR;SATURDAY 24HR;SUNDAY 24HR;
OTSEGO,OTSEGO LAKE TOWNSHIP,MARY BROWN,"10616 SOUTH OLD 27,GAYLORD,MI,49735",MONDAY 24HR;TUESDAY 24HR;WEDNESDAY 24HR;THURSDAY 24HR;FRIDAY 24HR;SATURDAY 24HR;SUNDAY 24HR;
OTTAWA,ALLENDALE TOWNSHIP,JODY HANSEN,"6175 LIBRARY LANE,ALLENDALE,MI,49401",MONDAY 24HR;TUESDAY 24HR;WEDNESDAY 24HR;THURSDAY 24HR;FRIDAY 24HR;SATURDAY 24HR;SUNDAY 24HR;
OTTAWA,ALLENDALE TOWNSHIP,JODY HANSEN,"6676 LAKE MICHIGAN DRIVE,ALLENDALE,MI,49401",MONDAY 24HR;TUESDAY 24HR;WEDNESDAY 24HR;THURSDAY 24HR;FRIDAY 24HR;SATURDAY 24HR;SUNDAY 24HR;
OTTAWA,BLENDON TOWNSHIP,ROBIN OVERWAY,"7161 72ND AVE,HUDSONVILLE,MI,49426",MONDAY 24HR;TUESDAY 24HR;WEDNESDAY 24HR;THURSDAY 24HR;FRIDAY 24HR;SATURDAY 24HR;SUNDAY 24HR;
OTTAWA,CHESTER TOWNSHIP,HELEN DIETRICH,"3509 Sehler St.,Conklin,MI,49403",24/7
OTTAWA,COOPERSVILLE CITY,KIMBERLY BORGMAN,"289 DANFORTH STREET,COOPERSVILLE,MI,49404",MONDAY 24HR;TUESDAY 24HR;WEDNESDAY 24HR;THURSDAY 24HR;FRIDAY 24HR;SATURDAY 24HR;SUNDAY 24HR;
OTTAWA,CROCKERY TOWNSHIP,KATHY BUCHANAN,"17431 112TH AVE,NUNICA,MI,49448",MONDAY 24HR;TUESDAY 24HR;WEDNESDAY 24HR;THURSDAY 24HR;FRIDAY 24HR;SATURDAY 24HR;SUNDAY 24HR;
OTTAWA,FERRYSBURG CITY,AMBER SCHANER,"17520 RIDGE AVE,SPRING LAKE,MI,49456",MONDAY 24HR;TUESDAY 24HR;WEDNESDAY 24HR;THURSDAY 24HR;FRIDAY 24HR;SATURDAY 24HR;SUNDAY 24HR;
OTTAWA,GEORGETOWN TOWNSHIP,KELLY KUIPER,"1415 44TH ST.,GRANDVILLE,MI,49418",MONDAY 24HR;TUESDAY 24HR;WEDNESDAY 24HR;THURSDAY 24HR;FRIDAY 24HR;SATURDAY 24HR;SUNDAY 24HR;
OTTAWA,GEORGETOWN TOWNSHIP,KELLY KUIPER,"7480 36TH AVE.,HUDSONVILLE,MI,49426",MONDAY 24HR;TUESDAY 24HR;WEDNESDAY 24HR;THURSDAY 24HR;FRIDAY 24HR;SATURDAY 24HR;SUNDAY 24HR;
OTTAWA,GEORGETOWN TOWNSHIP,KELLY KUIPER,"1525 BALDWIN ST.,JENISON,MI,49428",MONDAY 24HR;TUESDAY 24HR;WEDNESDAY 24HR;THURSDAY 24HR;FRIDAY 24HR;SATURDAY 24HR;SUNDAY 24HR;
OTTAWA,GRAND HAVEN CITY,MARIA BOERSMA,"519 WASHINGTON AVE,GRAND HAVEN,MI,49417",MONDAY 24HR;TUESDAY 24HR;WEDNESDAY 24HR;THURSDAY 24HR;FRIDAY 24HR;SATURDAY 24HR;SUNDAY 24HR;
OTTAWA,GRAND HAVEN CITY,MARIA BOERSMA,"519 WASHINGTON AVE,GRAND HAVEN,MI,49417",MONDAY 24HR;TUESDAY 24HR;WEDNESDAY 24HR;THURSDAY 24HR;FRIDAY 24HR;SATURDAY 24HR;SUNDAY 24HR;
OTTAWA,GRAND HAVEN TOWNSHIP,LAURIE LARSEN,"13300 168TH AVENUE,GRAND HAVEN,MI,49417",MONDAY 24HR;TUESDAY 24HR;WEDNESDAY 24HR;THURSDAY 24HR;FRIDAY 24HR;SATURDAY 24HR;SUNDAY 24HR;
OTTAWA,HOLLAND CITY,BRENDA KATERBERG,"270 S. RIVER AVE.,CITY HALL,HOLLAND,MI,49423",MONDAY 24HR;TUESDAY 24HR;WEDNESDAY 24HR;THURSDAY 24HR;FRIDAY 24HR;SATURDAY 24HR;SUNDAY 24HR;
OTTAWA,HOLLAND CITY,BRENDA KATERBERG,"625 HASTINGS AVENUE,HBPW,HOLLAND,MI,49423",MONDAY 24HR;TUESDAY 24HR;WEDNESDAY 24HR;THURSDAY 24HR;FRIDAY 24HR;SATURDAY 24HR;SUNDAY 24HR;
OTTAWA,HOLLAND TOWNSHIP,MICHAEL DALMAN,"131 RILEY ST DRIVE UP,HOLLAND,MI,49424",MONDAY 24HR;TUESDAY 24HR;WEDNESDAY 24HR;THURSDAY 24HR;FRIDAY 24HR;SATURDAY 24HR;SUNDAY 24HR;
OTTAWA,HOLLAND TOWNSHIP,MICHAEL DALMAN,"353 NORTH 120TH DRIVE UP NORTH OF PARKING LOT,HOLLAND,MI,49424",MONDAY 24HR;TUESDAY 24HR;WEDNESDAY 24HR;THURSDAY 24HR;FRIDAY 24HR;SATURDAY 24HR;SUNDAY 24HR;
OTTAWA,HOLLAND TOWNSHIP,MICHAEL DALMAN,"353 NORTH 120TH INSIDE WEST ENTRANCE,HOLLAND,MI,49424",MONDAY 24HR;TUESDAY 24HR;WEDNESDAY 24HR;THURSDAY 24HR;FRIDAY 24HR;SATURDAY 24HR;SUNDAY 24HR;
OTTAWA,HUDSONVILLE CITY,JILL GRUPPEN,"3275 CENTRAL BLVD,HUDSONVILLE,MI,49426",MONDAY 24HR;TUESDAY 24HR;WEDNESDAY 24HR;THURSDAY 24HR;FRIDAY 24HR;SATURDAY 24HR;SUNDAY 24HR;
OTTAWA,JAMESTOWN TOWNSHIP,CANDY DEHAAN,"2380 Riley Street,Hudsonville,MI,49426",24/7
OTTAWA,OLIVE TOWNSHIP,LONA BRONKEMA,"6480 136TH AVENUE,HOLLAND,MI,49424",MONDAY 24HR;TUESDAY 24HR;WEDNESDAY 24HR;THURSDAY 24HR;FRIDAY 24HR;SATURDAY 24HR;SUNDAY 24HR;
OTTAWA,PARK TOWNSHIP,JOAN ZEERIP,"52 152ND AVE,HOLLAND,MI,49424",MONDAY 24HR;TUESDAY 24HR;WEDNESDAY 24HR;THURSDAY 24HR;FRIDAY 24HR;SATURDAY 24HR;SUNDAY 24HR;
OTTAWA,PARK TOWNSHIP,JOAN ZEERIP,"644 SOUTH 160TH AVENUE,HOLLAND,MI,49423",MONDAY 24HR;TUESDAY 24HR;WEDNESDAY 24HR;THURSDAY 24HR;FRIDAY 24HR;SATURDAY 24HR;SUNDAY 24HR;
OTTAWA,POLKTON TOWNSHIP,JAMIE TEN BRINK,"6900 ARTHUR ST,COOPERSVILLE,MI,49404",MONDAY 24HR;TUESDAY 24HR;WEDNESDAY 24HR;THURSDAY 24HR;FRIDAY 24HR;SATURDAY 24HR;SUNDAY 24HR;
OTTAWA,PORT SHELDON TOWNSHIP,MEREDITH HEMMEKE,"16201 PORT SHELDON ST,WEST OLIVE,MI,49460",MONDAY 24HR;TUESDAY 24HR;WEDNESDAY 24HR;THURSDAY 24HR;FRIDAY 24HR;SATURDAY 24HR;SUNDAY 24HR;
OTTAWA,ROBINSON TOWNSHIP,VICTORIA SUND,"12010 120TH AVE,GRAND HAVEN,MI,49417",MONDAY 24HR;TUESDAY 24HR;WEDNESDAY 24HR;THURSDAY 24HR;FRIDAY 24HR;SATURDAY 24HR;SUNDAY 24HR;
OTTAWA,SPRING LAKE TOWNSHIP,CATHY PAVICK,"101 S BUCHANAN ST,SPRING LAKE,MI,49456",MONDAY 24HR;TUESDAY 24HR;WEDNESDAY 24HR;THURSDAY 24HR;FRIDAY 24HR;SATURDAY 24HR;SUNDAY 24HR;
OTTAWA,TALLMADGE TOWNSHIP,KARINA ROLLENHAGEN,"O-1451 LEONARD ST.,GRAND RAPIDS,MI,49534",MONDAY 24HR;TUESDAY 24HR;WEDNESDAY 24HR;THURSDAY 24HR;FRIDAY 24HR;SATURDAY 24HR;SUNDAY 24HR;
OTTAWA,WRIGHT TOWNSHIP,THERESA FRANK,"1565 JACKSON ST,MARNE,MI,49435",MONDAY 24HR;TUESDAY 24HR;WEDNESDAY 24HR;THURSDAY 24HR;FRIDAY 24HR;SATURDAY 24HR;SUNDAY 24HR;
OTTAWA,ZEELAND CITY,KRISTI DEVERNEY,"21 S. ELM STREET,DRIVE UP BEHIND CITY HALL - BLACK,ZEELAND,MI,49464",MONDAY 24HR;TUESDAY 24HR;WEDNESDAY 24HR;THURSDAY 24HR;FRIDAY 24HR;SATURDAY 24HR;SUNDAY 24HR;
OTTAWA,ZEELAND TOWNSHIP,BRIAN VANDUSSEN,"6582 BYRON RD,ZEELAND,MI,49464",MONDAY 24HR;TUESDAY 24HR;WEDNESDAY 24HR;THURSDAY 24HR;FRIDAY 24HR;SATURDAY 24HR;SUNDAY 24HR;
PRESQUE ISLE,ALLIS TOWNSHIP,TERESA SPLAN,"20018 W. 638 HWY,ONAWAY,MI,49765",MONDAY 24HR;TUESDAY 24HR;WEDNESDAY 24HR;THURSDAY 24HR;FRIDAY 24HR;SATURDAY 24HR;SUNDAY 24HR;
PRESQUE ISLE,BEARINGER TOWNSHIP,FRANCES  KLINE,"21425 BLUFFS HWY,ONAWAY,MI,49765",MONDAY 24HR;TUESDAY 24HR;WEDNESDAY 24HR;THURSDAY 24HR;FRIDAY 24HR;SATURDAY 24HR;SUNDAY 24HR;
PRESQUE ISLE,BELKNAP TOWNSHIP,DANIELLE WIRGAU,"3503 PETERSVILLE RD,ROGERS CITY,MI,49779",MONDAY 24HR;TUESDAY 24HR;WEDNESDAY 24HR;THURSDAY 24HR;FRIDAY 24HR;SATURDAY 24HR;SUNDAY 24HR;
PRESQUE ISLE,BISMARCK TOWNSHIP,SHELBY J. SCHWIESOW,"7662 CLAUS RD.,HAWKS,MI,49743",MONDAY 24HR;TUESDAY 24HR;WEDNESDAY 24HR;THURSDAY 24HR;FRIDAY 24HR;SATURDAY 24HR;SUNDAY 24HR;
PRESQUE ISLE,CASE TOWNSHIP,ERIN LEACH,"5561 MAIN STREET,SUITE 5,MILLERSBURG,MI,49759",MONDAY 24HR;TUESDAY 24HR;WEDNESDAY 24HR;THURSDAY 24HR;FRIDAY 24HR;SATURDAY 24HR;SUNDAY 24HR;
PRESQUE ISLE,KRAKOW TOWNSHIP,ELAINE M. MISIAK,"12470 NORTH GRAND LAKE HWY,POSEN,MI,49776",MONDAY 24HR;TUESDAY 24HR;WEDNESDAY 24HR;THURSDAY 24HR;FRIDAY 24HR;SATURDAY 24HR;SUNDAY 24HR;
PRESQUE ISLE,METZ TOWNSHIP,NANCY KANDOW,"METZ TOWNSHIP HALL,9385 COUNTY ROAD 441,POSEN,MI,49776",MONDAY 24HR;TUESDAY 24HR;WEDNESDAY 24HR;THURSDAY 24HR;FRIDAY 24HR;SATURDAY 24HR;SUNDAY 24HR;
PRESQUE ISLE,MOLTKE TOWNSHIP,EDIE KERR,"5928 M 68 HWY,ROGERS CITY,MI,49779",
PRESQUE ISLE,NORTH ALLIS TOWNSHIP,BOBBI NORTHCOTT,"1940 M 211 RD,ONAWAY,MI,49765",MONDAY 24HR;TUESDAY 24HR;WEDNESDAY 24HR;THURSDAY 24HR;FRIDAY 24HR;SATURDAY 24HR;SUNDAY 24HR;
PRESQUE ISLE,OCQUEOC TOWNSHIP,PAMELA S. SCHAEDIG,"14101 N. ALLIS HWY,OCQUEOC TOWNSHIP,MILLERSBURG,MI,49759",MONDAY 24HR;TUESDAY 24HR;WEDNESDAY 24HR;THURSDAY 24HR;FRIDAY 24HR;SATURDAY 24HR;SUNDAY 24HR;
PRESQUE ISLE,ONAWAY CITY,CRYSTAL  VEAL,"20774 STATE STREET,ONAWAY,MI,49765",MONDAY 24HR;TUESDAY 24HR;WEDNESDAY 24HR;THURSDAY 24HR;FRIDAY 24HR;SATURDAY 24HR;SUNDAY 24HR;
PRESQUE ISLE,POSEN TOWNSHIP,ELIZABETH WOZNIAK,"10813 MICHIGAN AVE,POSEN,MI,49776",MONDAY 24HR;TUESDAY 24HR;WEDNESDAY 24HR;THURSDAY 24HR;FRIDAY 24HR;SATURDAY 24HR;SUNDAY 24HR;
PRESQUE ISLE,PRESQUE ISLE TOWNSHIP,KATE SZYDLOWSKI,"12653 E. GRAND LAKE ROAD,PRESQUE,MI,49777",MONDAY 24HR;TUESDAY 24HR;WEDNESDAY 24HR;THURSDAY 24HR;FRIDAY 24HR;SATURDAY 24HR;SUNDAY 24HR;
PRESQUE ISLE,PULAWSKI TOWNSHIP,REBECCA STRZELECKI,"5025 DARGA HWY,POSEN,MI,49776",MONDAY 24HR;TUESDAY 24HR;WEDNESDAY 24HR;THURSDAY 24HR;FRIDAY 24HR;SATURDAY 24HR;SUNDAY 24HR;
PRESQUE ISLE,ROGERS TOWNSHIP,KARI RYAN,"2442 COUNTY ROAD 451,ROGERS CITY,MI,49779",MONDAY 24HR;TUESDAY 24HR;WEDNESDAY 24HR;THURSDAY 24HR;FRIDAY 24HR;SATURDAY 24HR;SUNDAY 24HR;
PRESQUE ISLE,ROGERS CITY CITY,TERRI L KOSS,"CLERK 193 E MICHIGAN AVE,ROGERS CITY,MI,49779",MONDAY 24HR;TUESDAY 24HR;WEDNESDAY 24HR;THURSDAY 24HR;FRIDAY 24HR;SATURDAY 24HR;SUNDAY 24HR;
ROSCOMMON,AU SABLE TOWNSHIP,RONALD WATSON JR,"9181,N KENO ROAD,ST HELEN,MI,48656",MONDAY 24HR;TUESDAY 24HR;WEDNESDAY 24HR;THURSDAY 24HR;FRIDAY 24HR;SATURDAY 24HR;SUNDAY 24HR;
ROSCOMMON,BACKUS TOWNSHIP,THERESA DOWNEY,"3888 S. MAPLE VALLEY ROAD,SAINT HELEN,MI,48656",MONDAY 24HR;TUESDAY 24HR;WEDNESDAY 24HR;THURSDAY 24HR;FRIDAY 24HR;SATURDAY 24HR;SUNDAY 24HR;
ROSCOMMON,DENTON TOWNSHIP,THERESA WAGNER,"2565 S GLADWIN ROAD,BOX IS TO LEFT OF FRONT ENTRY DOOR.,PRUDENVILLE,MI,48651",MONDAY 24HR;TUESDAY 24HR;WEDNESDAY 24HR;THURSDAY 24HR;FRIDAY 24HR;SATURDAY 24HR;SUNDAY 24HR;
ROSCOMMON,GERRISH TOWNSHIP,MICHELLE SQUIRES,"2997 E HIGGINS LAKE DRIVE,ROSCOMMON,MI,48653",MONDAY 24HR;TUESDAY 24HR;WEDNESDAY 24HR;THURSDAY 24HR;FRIDAY 24HR;SATURDAY 24HR;SUNDAY 24HR;
ROSCOMMON,HIGGINS TOWNSHIP,MAGGIE BORGULA,"700 S 5TH ST,ROSCOMMON,MI,48653",MONDAY 24HR;TUESDAY 24HR;WEDNESDAY 24HR;THURSDAY 24HR;FRIDAY 24HR;SATURDAY 24HR;SUNDAY 24HR;
ROSCOMMON,LAKE TOWNSHIP,ANDREA GRABOWSKI,"1380 MICHELSON RD,HOUGHTON LAKE,MI,48629",MONDAY 24HR;TUESDAY 24HR;WEDNESDAY 24HR;THURSDAY 24HR;FRIDAY 24HR;SATURDAY 24HR;SUNDAY 24HR;
ROSCOMMON,LYON TOWNSHIP,GREGORY PEARN,"7851 W. HIGGINS LAKE DR,ROSCOMMON,MI,48653",MONDAY 24HR;TUESDAY 24HR;WEDNESDAY 24HR;THURSDAY 24HR;FRIDAY 24HR;SATURDAY 24HR;
ROSCOMMON,MARKEY TOWNSHIP,SHERYL TUSSEY,"7400 E HOUGHTON LAKE DR,HOUGHTON LAKE,MI,48629",MONDAY 24HR;TUESDAY 24HR;WEDNESDAY 24HR;THURSDAY 24HR;FRIDAY 24HR;SATURDAY 24HR;SUNDAY 24HR;
ROSCOMMON,NESTER TOWNSHIP,MARYANNE WICK,"7855 S. MAPLE VALLEY RD,ST. HELEN,MI,48656",MONDAY 24HR;TUESDAY 24HR;WEDNESDAY 24HR;THURSDAY 24HR;FRIDAY 24HR;SATURDAY 24HR;SUNDAY 24HR;
ROSCOMMON,RICHFIELD TOWNSHIP,CAROLYN MINTON,"1410 N SAINT HELEN ROAD,SAINT HELEN,MI,48656",MONDAY 24HR;TUESDAY 24HR;WEDNESDAY 24HR;THURSDAY 24HR;FRIDAY 24HR;SATURDAY 24HR;SUNDAY 24HR;
ROSCOMMON,ROSCOMMON TOWNSHIP,CARIE A MILBURN,"8555 KNAPP ROAD,HOUGHTON LAKE,MI,48629",MONDAY 24HR;TUESDAY 24HR;WEDNESDAY 24HR;THURSDAY 24HR;FRIDAY 24HR;SATURDAY 24HR;SUNDAY 24HR;
SAGINAW,ALBEE TOWNSHIP,MARY SAYLES,"ALBEE TOWNSHIP OFFICE 10645 EAST RD,BURT,MI,48417",MONDAY 24HR;TUESDAY 24HR;WEDNESDAY 24HR;THURSDAY 24HR;FRIDAY 24HR;SATURDAY 24HR;SUNDAY 24HR;
SAGINAW,BIRCH RUN TOWNSHIP,HEIDI MARTINUS,"8425 MAIN ST.,BIRCH RUN,MI,48415",MONDAY 24HR;TUESDAY 24HR;WEDNESDAY 24HR;THURSDAY 24HR;FRIDAY 24HR;SATURDAY 24HR;SUNDAY 24HR;
SAGINAW,BIRCH RUN TOWNSHIP,HEIDI MARTINUS,"8425 MAIN ST.,NEXT TO EMPLOYEE ENTRANCE,BIRCH RUN,MI,48415",MONDAY 24HR;TUESDAY 24HR;WEDNESDAY 24HR;THURSDAY 24HR;FRIDAY 24HR;SATURDAY 24HR;SUNDAY 24HR;
SAGINAW,BLUMFIELD TOWNSHIP,LISA ROETHLISBERGER,"1175 W VASSAR RD,REESE,MI,48757",MONDAY 24HR;TUESDAY 24HR;WEDNESDAY 24HR;THURSDAY 24HR;FRIDAY 24HR;SATURDAY 24HR;SUNDAY 24HR;
SAGINAW,BRADY TOWNSHIP,BEVERLY WENZLICK,"16020 W PEET RD,OAKLEY,MI,48649",MONDAY 24HR;TUESDAY 24HR;WEDNESDAY 24HR;THURSDAY 24HR;FRIDAY 24HR;SATURDAY 24HR;SUNDAY 24HR;
SAGINAW,BRANT TOWNSHIP,THERESA MORRIS,"11012 S HEMLOCK RD,BRANT,MI,48614",MONDAY 24HR;TUESDAY 24HR;WEDNESDAY 24HR;THURSDAY 24HR;FRIDAY 24HR;SATURDAY 24HR;SUNDAY 24HR;
SAGINAW,BRIDGEPORT TOWNSHIP,EDDIE FOXX,"6204 DIXIE HWY.,BRIDGEPORT,MI,48722",MONDAY A;TUESDAY 8:30AM - 5:00PM;WEDNESDAY A;THURSDAY A;FRIDAY A;
SAGINAW,BRIDGEPORT TOWNSHIP,EDDIE FOXX,"6740 DIXIE HIGHWAY,BRIDGEPORT,MI,48722",MONDAY 24HR;TUESDAY 24HR;WEDNESDAY 24HR;THURSDAY 24HR;FRIDAY 24HR;SATURDAY 24HR;SUNDAY 24HR;
SAGINAW,CARROLLTON TOWNSHIP,JERRY FRITZ,"1645 MAPLERIDGE,SAGINAW,MI,48604",MONDAY 24HR;TUESDAY 24HR;WEDNESDAY 24HR;THURSDAY 24HR;FRIDAY 24HR;SATURDAY 24HR;SUNDAY 24HR;
SAGINAW,CHESANING TOWNSHIP,DANIEL HIMSTEDT,"1025 W. BRADY,CHESANING,MI,48616",MONDAY 24HR;TUESDAY 24HR;WEDNESDAY 24HR;THURSDAY 24HR;FRIDAY 24HR;SATURDAY 24HR;SUNDAY 24HR;
SAGINAW,FRANKENMUTH CITY,ANGELIC ZIZUMBO,"240 W GENESEE,FRANKENMUTH,MI,48734",MONDAY 24HR;TUESDAY 24HR;WEDNESDAY 24HR;THURSDAY 24HR;FRIDAY 24HR;SATURDAY 24HR;SUNDAY 24HR;
SAGINAW,FRANKENMUTH CITY,ANGELIC ZIZUMBO,"240 W. GENESEE STREET,FRANKENMUTH,MI,48734",MONDAY 24HR;TUESDAY 24HR;WEDNESDAY 24HR;THURSDAY 24HR;FRIDAY 24HR;SATURDAY 24HR;SUNDAY 24HR;
SAGINAW,FRANKENMUTH TOWNSHIP,LUCI VALONE,"240 W GENESSE ST,FOYER,FRANKENMUTH,MI,48734",MONDAY 24HR;TUESDAY 24HR;WEDNESDAY 24HR;THURSDAY 24HR;FRIDAY 24HR;SATURDAY 24HR;SUNDAY 24HR;
SAGINAW,FREMONT TOWNSHIP,ERNEST DELEMEESTER JR,"FREMONT TWP HALL 5980 S. HEMLOCK ROAD,FRONT VESTIBULE INSIDE HALL MAIN ENTRANCE,HEMLOCK,MI,48626",MONDAY 24HR;TUESDAY 24HR;WEDNESDAY 24HR;THURSDAY 24HR;FRIDAY 24HR;SATURDAY 24HR;SUNDAY 24HR;
SAGINAW,JAMES TOWNSHIP,KIMBERLY BELL,"6060 SWAN CREEK,SAGINAW,MI,48609",MONDAY 24HR;TUESDAY 24HR;WEDNESDAY 24HR;THURSDAY 24HR;FRIDAY 24HR;SATURDAY 24HR;SUNDAY 24HR;
SAGINAW,JONESFIELD TOWNSHIP,KARI CLARK,"149 N. MIDLAND ST.,MERRILL,MI,48637",MONDAY 24HR;TUESDAY 24HR;WEDNESDAY 24HR;THURSDAY 24HR;FRIDAY 24HR;SATURDAY 24HR;SUNDAY 24HR;
SAGINAW,KOCHVILLE TOWNSHIP,KEVIN MACHATA,"5851 MACKINAW ROAD,SAGINAW,MI,48604",MONDAY 24HR;TUESDAY 24HR;WEDNESDAY 24HR;THURSDAY 24HR;FRIDAY 24HR;SATURDAY 24HR;SUNDAY 24HR;
SAGINAW,LAKEFIELD TOWNSHIP,MICHAEL  SLODOWSKI,"21050 LAKEFIELD RD,MERRILL,MI,48637",MONDAY A;TUESDAY A;WEDNESDAY A;THURSDAY A;FRIDAY A;
SAGINAW,MAPLE GROVE TOWNSHIP,TISH YAROS,"17010 LINCOLN RD,NEW LOTHROP,MI,48460",MONDAY 24HR;TUESDAY 24HR;WEDNESDAY 24HR;THURSDAY 24HR;FRIDAY 24HR;SATURDAY 24HR;SUNDAY 24HR;
SAGINAW,MARION TOWNSHIP,TRAVIS  STRASEL,"10925 S. MERRILL RD,BRANT,MI,48614",MONDAY 24HR;TUESDAY 24HR;WEDNESDAY 24HR;THURSDAY 24HR;FRIDAY 24HR;
SAGINAW,RICHLAND TOWNSHIP,RENEE R HERHOLD,"1180 NORTH HEMLOCK ROAD,HEMLOCK,MI,48626",MONDAY 24HR;TUESDAY 24HR;WEDNESDAY 24HR;THURSDAY 24HR;FRIDAY 24HR;SATURDAY 24HR;SUNDAY 24HR;
SAGINAW,SAGINAW CITY,KRISTINE BOLZMAN,"231 S. WATER ST,SAGINAW,MI,48607",MONDAY 24HR;TUESDAY 24HR;WEDNESDAY 24HR;THURSDAY 24HR;FRIDAY 24HR;SATURDAY 24HR;SUNDAY 24HR;
SAGINAW,SAGINAW CITY,KRISTINE BOLZMAN,"CITY HALL,1315 S WASHINGTON AVENUE - BACK PARKING LOT,SAGINAW,MI,48601",MONDAY 24HR;TUESDAY 24HR;WEDNESDAY 24HR;THURSDAY 24HR;FRIDAY 24HR;SATURDAY 24HR;SUNDAY 24HR;
SAGINAW,SAGINAW CITY,KRISTINE BOLZMAN,"FINANCIAL PLUS CREDIT UNION,1837 BAGLEY STREET - USE ROBERTS STREET ENTRANCE,SAGINAW,MI,48601",MONDAY 24HR;TUESDAY 24HR;WEDNESDAY 24HR;THURSDAY 24HR;FRIDAY 24HR;SATURDAY 24HR;SUNDAY 24HR;
SAGINAW,SAGINAW CITY,KRISTINE BOLZMAN,"FORDNEY PARK,GRATIOT AVENUE ENTRANCE,SAGINAW,MI,48602",MONDAY 24HR;TUESDAY 24HR;WEDNESDAY 24HR;THURSDAY 24HR;FRIDAY 24HR;SATURDAY 24HR;SUNDAY 24HR;
SAGINAW,SAGINAW TOWNSHIP,LISA INGRAM,"155 N CENTER,SAGINAW,MI,48638",MONDAY 24HR;TUESDAY 24HR;WEDNESDAY 24HR;THURSDAY 24HR;FRIDAY 24HR;SATURDAY 24HR;SUNDAY 24HR;
SAGINAW,SAGINAW TOWNSHIP,LISA INGRAM,"3211 MCCARTY,SAGINAW,MI,48603",MONDAY 24HR;TUESDAY 24HR;WEDNESDAY 24HR;THURSDAY 24HR;FRIDAY 24HR;SATURDAY 24HR;SUNDAY 24HR;
SAGINAW,SAGINAW TOWNSHIP,LISA INGRAM,"4980 SHATTUCK RD,SAGINAW,MI,48603",MONDAY 24HR;TUESDAY 24HR;WEDNESDAY 24HR;THURSDAY 24HR;FRIDAY 24HR;SATURDAY 24HR;SUNDAY 24HR;
SAGINAW,ST CHARLES TOWNSHIP,REGINA SMITH,"1003 N Saginaw St,Slot on exterior of building.,St. Charles,MI,48655",24/7
SAGINAW,SPAULDING TOWNSHIP,MARK SEAMON,"5025 EAST ROAD,SAGINAW,MI,48601",MONDAY 24HR;TUESDAY 24HR;WEDNESDAY 24HR;THURSDAY 24HR;FRIDAY 24HR;SATURDAY 24HR;SUNDAY 24HR;
SAGINAW,SWAN CREEK TOWNSHIP,LEON LARSEN,"11415 LAKEFIELD RD.,ST. CHARLES,MI,48655",MONDAY 24HR;TUESDAY 24HR;WEDNESDAY 24HR;THURSDAY 24HR;FRIDAY 24HR;SATURDAY 24HR;SUNDAY 24HR;
SAGINAW,SWAN CREEK TOWNSHIP,LEON LARSEN,"11415 LAKEFIELD RD.,ST.CHARLES,MI,48655",MONDAY 24HR;TUESDAY 24HR;WEDNESDAY 24HR;THURSDAY 24HR;FRIDAY 24HR;SATURDAY 24HR;SUNDAY 24HR;
SAGINAW,TAYMOUTH TOWNSHIP,NADINE BOSLEY,"4343 E BIRCH RUN RD,BIRCH RUN,MI,48415",MONDAY A;TUESDAY A;WEDNESDAY A;THURSDAY A;FRIDAY A;
SAGINAW,THOMAS TOWNSHIP,KATIE MCDONALD,"249 N MILLER RD,SAGINAW,MI,48609",MONDAY 24HR;TUESDAY 24HR;WEDNESDAY 24HR;THURSDAY 24HR;FRIDAY 24HR;SATURDAY 24HR;SUNDAY 24HR;
SAGINAW,TITTABAWASSEE TOWNSHIP,DONALD HEMGESBERG,"145 S. 2ND STREET,FREELAND,MI,48623",MONDAY 24HR;TUESDAY 24HR;WEDNESDAY 24HR;THURSDAY 24HR;FRIDAY 24HR;SATURDAY 24HR;SUNDAY 24HR;
SAGINAW,ZILWAUKEE CITY,RICHARD DELONG,"319 TITTABAWASSEE,SAGINAW,MI,48604",MONDAY 24HR;TUESDAY 24HR;WEDNESDAY 24HR;THURSDAY 24HR;FRIDAY 24HR;SATURDAY 24HR;SUNDAY 24HR;
SAGINAW,ZILWAUKEE TOWNSHIP,TINA GUTIERREZ,"6189 SHERMAN RD,SAGINAW,MI,48604",MONDAY 24HR;TUESDAY 24HR;WEDNESDAY 24HR;THURSDAY 24HR;FRIDAY 24HR;SATURDAY 24HR;SUNDAY 24HR;
ST CLAIR,ALGONAC CITY,LISA BORGACZ,"805 ST. CLAIR RIVER DRIVE,ALGONAC,MI,48001",MONDAY 24HR;TUESDAY 24HR;WEDNESDAY 24HR;THURSDAY 24HR;FRIDAY 24HR;SATURDAY 24HR;SUNDAY 24HR;
ST CLAIR,BERLIN TOWNSHIP,KAREN KLOS,"740 CAPAC ROAD,ALLENTON,MI,48002",MONDAY 24HR;TUESDAY 24HR;WEDNESDAY 24HR;THURSDAY 24HR;FRIDAY 24HR;SATURDAY 24HR;SUNDAY 24HR;
ST CLAIR,BROCKWAY TOWNSHIP,CHERYL WADSWORTH,"7645 SAYLES RD.,BROCKWAY,MI,48097",MONDAY 24HR;TUESDAY 24HR;WEDNESDAY 24HR;THURSDAY 24HR;FRIDAY 24HR;SATURDAY 24HR;SUNDAY 24HR;
ST CLAIR,BURTCHVILLE TOWNSHIP,ROBERT BAILEY,"4000 BURTCH ROAD,BURTCHVILLE,MI,48059",MONDAY 24HR;TUESDAY 24HR;WEDNESDAY 24HR;THURSDAY 24HR;FRIDAY 24HR;SATURDAY 24HR;SUNDAY 24HR;
ST CLAIR,CASCO TOWNSHIP,JENNIFER  ANDERSEN,"4512 MELDRUM ROAD,DRIVE UP DROP BOX,CASCO,MI,48064",MONDAY 24HR;TUESDAY 24HR;WEDNESDAY 24HR;THURSDAY 24HR;FRIDAY 24HR;SATURDAY 24HR;SUNDAY 24HR;
ST CLAIR,CHINA TOWNSHIP,SHARON MARTIN,"4560 INDIAN TRAIL,CHINA,MI,48054",MONDAY 24HR;TUESDAY 24HR;WEDNESDAY 24HR;THURSDAY 24HR;FRIDAY 24HR;SATURDAY 24HR;SUNDAY 24HR;
ST CLAIR,CLAY TOWNSHIP,TANYA HOGAN,"4710 POINTE TREMBLE,CLAY TOWNSHIP,MI,48001",MONDAY 24HR;TUESDAY 24HR;WEDNESDAY 24HR;THURSDAY 24HR;FRIDAY 24HR;SATURDAY 24HR;SUNDAY 24HR;
ST CLAIR,CLYDE TOWNSHIP,STACEY SMITH,"3350 VINCENT ROAD,NORTH STREET,MI,48049",MONDAY 24HR;TUESDAY 24HR;WEDNESDAY 24HR;THURSDAY 24HR;FRIDAY 24HR;SATURDAY 24HR;SUNDAY 24HR;
ST CLAIR,COLUMBUS TOWNSHIP,ANGIE BIRINGER,"1732 BAUMAN,COLUMBUS,MI,48063",MONDAY 24HR;TUESDAY 24HR;WEDNESDAY 24HR;THURSDAY 24HR;FRIDAY 24HR;SATURDAY 24HR;SUNDAY 24HR;
ST CLAIR,COTTRELLVILLE TOWNSHIP,ANGELA BRELINSKI,"7008 MARSH RD,COTTRELLVILLE TOWNSHIP,MI,48039",MONDAY 24HR;TUESDAY 24HR;WEDNESDAY 24HR;THURSDAY 24HR;FRIDAY 24HR;SATURDAY 24HR;SUNDAY 24HR;
ST CLAIR,EAST CHINA TOWNSHIP,SANDRA  SMITH ,"5111 River Road,East China,MI,48054",24/7
ST CLAIR,EAST CHINA TOWNSHIP,SANDRA  SMITH ,"5111 RIVER ROAD,EAST CHINA,MI,48054",MONDAY 24HR;TUESDAY 24HR;WEDNESDAY 24HR;THURSDAY 24HR;FRIDAY 24HR;SATURDAY 24HR;SUNDAY 24HR;
ST CLAIR,EMMETT TOWNSHIP,STEPHANIE JACKSON,"11100 DUNNIGAN RD,EMMETT,MI,48022",MONDAY 24HR;TUESDAY 24HR;WEDNESDAY 24HR;THURSDAY 24HR;FRIDAY 24HR;SATURDAY 24HR;SUNDAY 24HR;
ST CLAIR,FORT GRATIOT TOWNSHIP,ROBERT BUECHLER,"3720 KEEWAHDIN ROAD,FORT GRATIOT,MI,48059",MONDAY 24HR;TUESDAY 24HR;WEDNESDAY 24HR;THURSDAY 24HR;FRIDAY 24HR;SATURDAY 24HR;SUNDAY 24HR;
ST CLAIR,GRANT TOWNSHIP,NANCY SHARUM,"7942 WILDCAT ROAD,JEDDO,MI,48032",MONDAY 24HR;TUESDAY 24HR;WEDNESDAY 24HR;THURSDAY 24HR;FRIDAY 24HR;SATURDAY 24HR;SUNDAY 24HR;
ST CLAIR,GREENWOOD TOWNSHIP,SONYA OBRIEN,"9025 YALE ROAD,GREENWOOD,MI,48006",MONDAY 24HR;TUESDAY 24HR;WEDNESDAY 24HR;THURSDAY 24HR;FRIDAY 24HR;SATURDAY 24HR;SUNDAY 24HR;
ST CLAIR,IRA TOWNSHIP,JEAN CORBAT,"7085 MELDRUM ROAD,FAIR HAVEN,MI,48023",MONDAY 24HR;TUESDAY 24HR;WEDNESDAY 24HR;THURSDAY 24HR;FRIDAY 24HR;SATURDAY 24HR;SUNDAY 24HR;
ST CLAIR,IRA TOWNSHIP,JEAN CORBAT,"7085 MELDRUM ROAD,FAIR HAVEN,MI,48023",MONDAY 7:00AM - 12:00PM AND 1:00PM - 5:00PM;TUESDAY 7:00AM - 12:00PM AND 1:00PM - 5:00PM;WEDNESDAY 7:00AM - 12:00PM AND 1:00PM - 5:00PM;THURSDAY 7:00AM - 12:00PM AND 1:00PM - 5:00PM;
ST CLAIR,KENOCKEE TOWNSHIP,JENNIFER FRANCEK,"4200 KILGORE RD,AVOCA,MI,48006",MONDAY 24HR;TUESDAY 24HR;WEDNESDAY 24HR;THURSDAY 24HR;FRIDAY 24HR;SATURDAY 24HR;SUNDAY 24HR;
ST CLAIR,KIMBALL TOWNSHIP,BECKY WRUBEL,"2160 WADHAMS ROAD,KIMBALL,MI,48074",MONDAY 24HR;TUESDAY 24HR;WEDNESDAY 24HR;THURSDAY 24HR;FRIDAY 24HR;SATURDAY 24HR;SUNDAY 24HR;
ST CLAIR,LYNN TOWNSHIP,ANNETTE FERRETT,"13995 YALE RD.,LYNN TOWNSHIP,MI,48097",MONDAY 24HR;TUESDAY 24HR;WEDNESDAY 24HR;THURSDAY 24HR;FRIDAY 24HR;SATURDAY 24HR;SUNDAY 24HR;
ST CLAIR,MARINE CITY CITY,JASON BELL,"260 SOUTH PARKER STREET,MARINE CITY,MI,48039",MONDAY 24HR;TUESDAY 24HR;WEDNESDAY 24HR;THURSDAY 24HR;FRIDAY 24HR;SATURDAY 24HR;SUNDAY 24HR;
ST CLAIR,MARYSVILLE CITY,RENE' STOIA,"1255 DELAWARE AVE,MARYSVILLE,MI,48040",MONDAY 24HR;TUESDAY 24HR;WEDNESDAY 24HR;THURSDAY 24HR;FRIDAY 24HR;SATURDAY 24HR;SUNDAY 24HR;
MACOMB,MEMPHIS CITY,DONNA JANSSENS,"80375 MAIN STREET,MEMPHIS,MI,48041",MONDAY 24HR;TUESDAY 24HR;WEDNESDAY 24HR;THURSDAY 24HR;FRIDAY 24HR;SATURDAY 24HR;SUNDAY 24HR;
ST CLAIR,MUSSEY TOWNSHIP,MONICA STANDEL,"4331 CAPAC RD,CAPAC,MI,48014",MONDAY 24HR;TUESDAY 24HR;WEDNESDAY 24HR;THURSDAY 24HR;FRIDAY 24HR;SATURDAY 24HR;SUNDAY 24HR;
ST CLAIR,PORT HURON CITY,CYNDEE JONSECK,"100 MCMORRAN BOULEVARD,NORTH PARKING LOT,PORT HURON,MI,48060",MONDAY 24HR;TUESDAY 24HR;WEDNESDAY 24HR;THURSDAY 24HR;FRIDAY 24HR;SATURDAY 24HR;SUNDAY 24HR;
ST CLAIR,PORT HURON CITY,CYNDEE JONSECK,"1400 - 10TH STREET,PORT HURON FIRE STATION #1,PORT HURON,MI,48060",MONDAY 24HR;TUESDAY 24HR;WEDNESDAY 24HR;THURSDAY 24HR;FRIDAY 24HR;SATURDAY 24HR;SUNDAY 24HR;
ST CLAIR,PORT HURON CITY,CYNDEE JONSECK,"2829 ARMOUR STREET,PALMER PARK REC CENTER,PORT HURON,MI,48060",MONDAY 24HR;TUESDAY 24HR;WEDNESDAY 24HR;THURSDAY 24HR;FRIDAY 24HR;SATURDAY 24HR;SUNDAY 24HR;
ST CLAIR,PORT HURON TOWNSHIP,BENITA E DAVIS,"3800 LAPEER RD,PORT HURON,MI,48060",MONDAY 24HR;TUESDAY 24HR;WEDNESDAY 24HR;THURSDAY 24HR;FRIDAY 24HR;SATURDAY 24HR;SUNDAY 24HR;
ST CLAIR,RILEY TOWNSHIP,PATRICIA GONDERT,"13042 BELLE RIVER RD,RILEY,MI,48041",MONDAY 24HR;TUESDAY 24HR;WEDNESDAY 24HR;THURSDAY 24HR;FRIDAY 24HR;SATURDAY 24HR;SUNDAY 24HR;
ST CLAIR,ST CLAIR CITY,ANNETTE STURDY,"547 N. Carney Drive,N/A,St Clair,MI,48079",24/7
ST CLAIR,ST CLAIR TOWNSHIP,BONNIE DINARDO,"1539 S BARTLETT RD,SAINT CLAIR,MI,48079",MONDAY 24HR;TUESDAY 24HR;WEDNESDAY 24HR;THURSDAY 24HR;FRIDAY 24HR;SATURDAY 24HR;SUNDAY 24HR;
ST CLAIR,WALES TOWNSHIP,CYNTHIA BOBCEAN,"1372 WALES CENTER ROAD,WALES,MI,48027",MONDAY 24HR;TUESDAY 24HR;WEDNESDAY 24HR;THURSDAY 24HR;FRIDAY 24HR;SATURDAY 24HR;SUNDAY 24HR;
ST CLAIR,YALE CITY,ASHLEY ALDEA,"111 WEST MECHANIC ST,YALE,MI,48097",MONDAY 8:30AM - 4:30PM;TUESDAY 8:30AM - 4:30PM;WEDNESDAY 8:00AM - 4:30PM;THURSDAY 8:30AM - 12:00PM;FRIDAY 8:30AM - 4:30PM;
ST JOSEPH,BURR OAK TOWNSHIP,ASHLEY GARL,"208 W. FRONT ST,BURR OAK,MI,49030",MONDAY 24HR;TUESDAY 24HR;WEDNESDAY 24HR;THURSDAY 24HR;FRIDAY 24HR;SATURDAY 24HR;SUNDAY 24HR;
ST JOSEPH,COLON TOWNSHIP,NATALIE A. WYANT,"132 N. BLACKSTONE AVENUE,COLON,MI,49040",MONDAY 24HR;TUESDAY 24HR;WEDNESDAY 24HR;THURSDAY 24HR;FRIDAY 24HR;SATURDAY 24HR;SUNDAY 24HR;
ST JOSEPH,CONSTANTINE TOWNSHIP,MARCIA SKELTON,"67125 US 131 BUS RT,CONSTANTINE,MI,49042",MONDAY 24HR;TUESDAY 24HR;WEDNESDAY 24HR;THURSDAY 24HR;FRIDAY 24HR;SATURDAY 24HR;SUNDAY 24HR;
ST JOSEPH,FABIUS TOWNSHIP,CAROL WILKINS,"13108 BROADWAY RD,THREE RIVERS,MI,49093",MONDAY 24HR;TUESDAY 24HR;WEDNESDAY 24HR;THURSDAY 24HR;FRIDAY 24HR;SATURDAY 24HR;SUNDAY 24HR;
ST JOSEPH,FAWN RIVER TOWNSHIP,AMMARA KANJANAYOTHEE,"31194 FAWN RIVER RD.,STURGIS,MI,49091",MONDAY 24HR;TUESDAY 24HR;WEDNESDAY 24HR;THURSDAY 24HR;FRIDAY 24HR;SATURDAY 24HR;SUNDAY 24HR;
ST JOSEPH,FLORENCE TOWNSHIP,KAYLA MILLER,"64010 BURGENER RD, CONSTANTINE, MI 49042, USA,CONSTANTINE,MI,49042",MONDAY 24HR;TUESDAY 24HR;WEDNESDAY 24HR;THURSDAY 24HR;FRIDAY 24HR;SATURDAY 24HR;SUNDAY 24HR;
ST JOSEPH,FLOWERFIELD TOWNSHIP,TERESA IVES,"12020 M 216 HWY,MARCELLUS,MI,49067",MONDAY 24HR;TUESDAY 24HR;WEDNESDAY 24HR;THURSDAY 24HR;FRIDAY 24HR;SATURDAY 24HR;SUNDAY 24HR;
ST JOSEPH,LEONIDAS TOWNSHIP,JULIE CENSKE,"53312 FULTON RD,LEONIDAS,MI,49066",MONDAY 24HR;TUESDAY 24HR;WEDNESDAY 24HR;THURSDAY 24HR;FRIDAY 24HR;SATURDAY 24HR;SUNDAY 24HR;
ST JOSEPH,LOCKPORT TOWNSHIP,THERESA GHERNA-ANKNEY,"58982 HOLTOM RD,THREE RIVERS,MI,49093",MONDAY 24HR;TUESDAY 24HR;WEDNESDAY 24HR;THURSDAY 24HR;FRIDAY 24HR;SATURDAY 24HR;SUNDAY 24HR;
ST JOSEPH,MENDON TOWNSHIP,DONNA CUPP,"136 W. MAIN STREET,MENDON,MI,49072",MONDAY 24HR;TUESDAY 24HR;WEDNESDAY 24HR;THURSDAY 24HR;FRIDAY 24HR;SATURDAY 24HR;SUNDAY 24HR;
ST JOSEPH,MOTTVILLE TOWNSHIP,SHERRY MEDFORD,"68596 THOMAS RD,MOTTVILLE,MI,49099",MONDAY 24HR;TUESDAY 24HR;WEDNESDAY 24HR;THURSDAY 24HR;FRIDAY 24HR;SATURDAY 24HR;SUNDAY 24HR;
ST JOSEPH,NOTTAWA TOWNSHIP,BRET D LUTZ,"112 SOUTH CLARK STREET,CENTREVILLE,MI,49032",MONDAY 24HR;TUESDAY 24HR;WEDNESDAY 24HR;THURSDAY 24HR;FRIDAY 24HR;SATURDAY 24HR;SUNDAY 24HR;
ST JOSEPH,PARK TOWNSHIP,LARI J ROBERTS,"53640 PARKVILLE ROAD,THREE RIVERS,MI,49093",MONDAY 24HR;TUESDAY 24HR;WEDNESDAY 24HR;THURSDAY 24HR;FRIDAY 24HR;SATURDAY 24HR;SUNDAY 24HR;
ST JOSEPH,SHERMAN TOWNSHIP,PHYLLIS LUNG,"64962 BALK RD,STURGIS,MI,49091",MONDAY 24HR;TUESDAY 24HR;WEDNESDAY 24HR;THURSDAY 24HR;FRIDAY 24HR;SATURDAY 24HR;SUNDAY 24HR;
ST JOSEPH,STURGIS CITY,KENNETH RHODES,"130 N NOTTAWA STREET,STURGIS,MI,49091",MONDAY 24HR;TUESDAY 24HR;WEDNESDAY 24HR;THURSDAY 24HR;FRIDAY 24HR;SATURDAY 24HR;SUNDAY 24HR;
ST JOSEPH,STURGIS TOWNSHIP,MARK E.  BOWEN,"26015 US 12,STURGIS,MI,49091",MONDAY 24HR;TUESDAY 24HR;WEDNESDAY 24HR;THURSDAY 24HR;FRIDAY 24HR;SATURDAY 24HR;SUNDAY 24HR;
ST JOSEPH,THREE RIVERS CITY,LESLIE WILSON,"333 W MICHIGAN AVE,THREE RIVERS,MI,49093",MONDAY 24HR;TUESDAY 24HR;WEDNESDAY 24HR;THURSDAY 24HR;FRIDAY 24HR;SATURDAY 24HR;SUNDAY 24HR;
ST JOSEPH,WHITE PIGEON TOWNSHIP,LACIE PLETCHER,"16975 US 12,WHITE PIGEON,MI,49099",
SANILAC,ARGYLE TOWNSHIP,JENNIFER GRIFKA,"5018 UBLY RD,SNOVER,MI,48472",
SANILAC,AUSTIN TOWNSHIP,KAREN HEILIG,"8321 SOUTH UBLY ROAD,UBLY,MI,48475",MONDAY 24HR;TUESDAY 24HR;WEDNESDAY 24HR;THURSDAY 24HR;FRIDAY 24HR;SATURDAY 24HR;SUNDAY 24HR;
SANILAC,BRIDGEHAMPTON TOWNSHIP,MARY BOKACH,"491 NORTH RUTH ROAD,CARSONVILLE,MI,48419",MONDAY 24HR;TUESDAY 24HR;WEDNESDAY 24HR;THURSDAY 24HR;FRIDAY 24HR;SATURDAY 24HR;SUNDAY 24HR;
SANILAC,BROWN CITY CITY,STEPHANIE STIMSON,"4205 MAIN ST,BROWN CITY,MI,48416",MONDAY 24HR;TUESDAY 24HR;WEDNESDAY 24HR;THURSDAY 24HR;FRIDAY 24HR;SATURDAY 24HR;SUNDAY 24HR;
SANILAC,BUEL TOWNSHIP,TINA GORDON,"2565 HALL RD,P.O. BOX 131,CROSWELL,MI,48422",MONDAY 24HR;TUESDAY 24HR;WEDNESDAY 24HR;THURSDAY 24HR;FRIDAY 24HR;SATURDAY 24HR;SUNDAY 24HR;
SANILAC,CROSWELL CITY,ANDREA HOLBROOK,"100 N HOWARD AVE,CROSWELL,MI,48422",MONDAY 24HR;TUESDAY 24HR;WEDNESDAY 24HR;THURSDAY 24HR;FRIDAY 24HR;SATURDAY 24HR;SUNDAY 24HR;
SANILAC,CUSTER TOWNSHIP,NANCY RICH,"613 E.  FORESTER RD,SANDUSKY,MI,48471",MONDAY 24HR;TUESDAY 24HR;WEDNESDAY 24HR;THURSDAY 24HR;FRIDAY 24HR;SATURDAY 24HR;SUNDAY 24HR;
SANILAC,DELAWARE TOWNSHIP,MICHAEL ERDMAN,"7979 MAPLE GROVE,MINDEN CITY,MI,48456",MONDAY 24HR;TUESDAY 24HR;WEDNESDAY 24HR;THURSDAY 24HR;FRIDAY 24HR;SATURDAY 24HR;SUNDAY 24HR;
SANILAC,ELK TOWNSHIP,WANDA GRIFKA,"105 E GRIFFIN RD,DROP BOX,PECK,MI,48466",MONDAY 24HR;TUESDAY 24HR;WEDNESDAY 24HR;THURSDAY 24HR;FRIDAY 24HR;SATURDAY 24HR;SUNDAY 24HR;
SANILAC,ELK TOWNSHIP,WANDA GRIFKA,"29 E LAPEER ST,DROP BOX,PECK,MI,48466",MONDAY 24HR;TUESDAY 24HR;WEDNESDAY 24HR;THURSDAY 24HR;FRIDAY 24HR;SATURDAY 24HR;SUNDAY 24HR;
SANILAC,ELMER TOWNSHIP,HEATHER BAUMEISTER,"1045 WEST MILLER ROAD,SANDUSKY,MI,48471",MONDAY 24HR;TUESDAY 24HR;WEDNESDAY 24HR;THURSDAY 24HR;FRIDAY 24HR;SATURDAY 24HR;
SANILAC,EVERGREEN TOWNSHIP,RANDY SEVERANCE,"5514 SHABBONA RD,DECKER,MI,48426",MONDAY 24HR;TUESDAY 24HR;WEDNESDAY 24HR;THURSDAY 24HR;FRIDAY 24HR;SATURDAY 24HR;SUNDAY 24HR;
SANILAC,FLYNN TOWNSHIP,ROBERT VINANDE,"4934 BAILEY ROAD,BROWN CITY,MI,48416",MONDAY 24HR;TUESDAY 24HR;WEDNESDAY 24HR;THURSDAY 24HR;FRIDAY 24HR;SATURDAY 24HR;SUNDAY 24HR;
SANILAC,FORESTER TOWNSHIP,MARJORIE J. HOENICKE,"5680 DECKERVILLE ROAD,DECKERVILLE,MI,48427",MONDAY 24HR;TUESDAY 24HR;WEDNESDAY 24HR;THURSDAY 24HR;FRIDAY 24HR;SATURDAY 24HR;SUNDAY 24HR;
SANILAC,GREENLEAF TOWNSHIP,KAYLENE STINE,"6435 BAY CITY FORESTVILLE ROAD,CASS CITY,MI,48726",MONDAY 24HR;TUESDAY 24HR;WEDNESDAY 24HR;THURSDAY 24HR;FRIDAY 24HR;SATURDAY 24HR;SUNDAY 24HR;
SANILAC,LEXINGTON TOWNSHIP,KATHERINE PARADOSKI,"7227 HURON AVE,LEXINGTON,MI,48450",MONDAY 24HR;TUESDAY 24HR;WEDNESDAY 24HR;THURSDAY 24HR;FRIDAY 24HR;SATURDAY 24HR;SUNDAY 24HR;
SANILAC,MAPLE VALLEY TOWNSHIP,JANICE BARTLE,"6810 MOWERSON ROAD,BROWN CITY,MI,48416",MONDAY 24HR;TUESDAY 24HR;WEDNESDAY 24HR;THURSDAY 24HR;FRIDAY 24HR;SATURDAY 24HR;SUNDAY 24HR;
SANILAC,MARION TOWNSHIP,DEBBIE WILLIAMSON,"3451 MAIN STREET,DECKERVILLE,MI,48427",MONDAY 24HR;TUESDAY 24HR;WEDNESDAY 24HR;THURSDAY 24HR;FRIDAY 24HR;SATURDAY 24HR;SUNDAY 24HR;
SANILAC,MARLETTE CITY,REBECCA SLATER,"6436 Morris St.,Marlette,MI,48453",24/7
SANILAC,MINDEN TOWNSHIP,DARCY L LIPSKEY,"1657 MAIN STREET,MINDEN CITY,MI,48456",MONDAY 24HR;TUESDAY 24HR;WEDNESDAY 24HR;THURSDAY 24HR;FRIDAY 24HR;SATURDAY 24HR;SUNDAY 24HR;
SANILAC,MOORE TOWNSHIP,NAYSA HEILIG,"1536 MAIN ST,SNOVER,MI,48472",MONDAY 24HR;TUESDAY 24HR;WEDNESDAY 24HR;THURSDAY 24HR;FRIDAY 24HR;SATURDAY 24HR;
SANILAC,SANDUSKY CITY,LAURIE BURNS,"26 WEST SPEAKER,SANDUSKY,MI,48471",MONDAY 24HR;TUESDAY 24HR;WEDNESDAY 24HR;THURSDAY 24HR;FRIDAY 24HR;SATURDAY 24HR;SUNDAY 24HR;
SANILAC,SANILAC TOWNSHIP,SUZANNE SHAGENA,"20 N RIDGE ST,PORT SANILAC,MI,48469",MONDAY 24HR;TUESDAY 24HR;WEDNESDAY 24HR;THURSDAY 24HR;FRIDAY 24HR;SATURDAY 24HR;SUNDAY 24HR;
SANILAC,SPEAKER TOWNSHIP,MICHELLE BROWN,"7630 BROCKWAY ROAD,MELVIN,MI,48454",MONDAY 24HR;TUESDAY 24HR;WEDNESDAY 24HR;THURSDAY 24HR;FRIDAY 24HR;SATURDAY 24HR;SUNDAY 24HR;
SANILAC,WASHINGTON TOWNSHIP,NICK LIEN,"2520 HYDE ROAD,CARSONVILLE,MI,48419",MONDAY 24HR;TUESDAY 24HR;WEDNESDAY 24HR;THURSDAY 24HR;FRIDAY 24HR;SATURDAY 24HR;SUNDAY 24HR;
SANILAC,WATERTOWN TOWNSHIP,TAMMY J ROSS,"2630 S SANDUSKY RD,SANDUSKY,MI,48471",MONDAY 24HR;TUESDAY 24HR;WEDNESDAY 24HR;THURSDAY 24HR;FRIDAY 24HR;SATURDAY 24HR;SUNDAY 24HR;
SANILAC,WHEATLAND TOWNSHIP,SCOTT CAMERON,"4493 CHEVINGTON RD,DECKERVILLE,MI,48427",MONDAY 24HR;TUESDAY 24HR;WEDNESDAY 24HR;THURSDAY 24HR;FRIDAY 24HR;SATURDAY 24HR;SUNDAY 24HR;
SANILAC,WORTH TOWNSHIP,STEVEN KOVAC,"6903 LAKESHORE RD,LEXINGTON,MI,48450",MONDAY 24HR;TUESDAY 24HR;WEDNESDAY 24HR;THURSDAY 24HR;FRIDAY 24HR;SATURDAY 24HR;SUNDAY 24HR;
SCHOOLCRAFT,HIAWATHA TOWNSHIP,KELLY MATCHINSKI,"1595N STATE HIGHWAY M94,MANISTIQUE,MI,49854",MONDAY 24HR;TUESDAY 24HR;WEDNESDAY 24HR;THURSDAY 24HR;FRIDAY 24HR;SATURDAY 24HR;SUNDAY 24HR;
SCHOOLCRAFT,MANISTIQUE CITY,TAYLOR TREECE,"300 NORTH MAPLE STREET,MANISTIQUE,MI,49854",MONDAY 24HR;TUESDAY 24HR;WEDNESDAY 24HR;THURSDAY 24HR;FRIDAY 24HR;SATURDAY 24HR;SUNDAY 24HR;
SCHOOLCRAFT,MANISTIQUE TOWNSHIP,MELISSA WOOD,"616N RIVER ROAD,MANISTIQUE,MI,49854",MONDAY 24HR;TUESDAY 24HR;WEDNESDAY 24HR;THURSDAY 24HR;FRIDAY 24HR;SATURDAY 24HR;SUNDAY 24HR;
SHIAWASSEE,ANTRIM TOWNSHIP,RITA HOOLEY,"12014 S BANCROFT RD,MORRICE,MI,48857",MONDAY 24HR;TUESDAY 24HR;WEDNESDAY 24HR;THURSDAY 24HR;FRIDAY 24HR;SATURDAY 24HR;SUNDAY 24HR;
SHIAWASSEE,BENNINGTON TOWNSHIP,DONNA ASH,"5849 S. M-52,OWOSSO,MI,48867",
SHIAWASSEE,BURNS TOWNSHIP,SHIRLEY RILEY,"124 LEHRING RD.,BYRON,MI,48418",MONDAY 24HR;TUESDAY 24HR;WEDNESDAY 24HR;THURSDAY 24HR;FRIDAY 24HR;SATURDAY 24HR;SUNDAY 24HR;
SHIAWASSEE,CALEDONIA CHARTER TOWNSHIP,MARCY BRADY,"135 N. State Road,Owosso,MI,48867",24/7
SHIAWASSEE,CORUNNA CITY,JENNIFER LEPIOR,"402 N. SHIAWASSEE ST.,CORUNNA,MI,48817",MONDAY 24HR;TUESDAY 24HR;WEDNESDAY 24HR;THURSDAY 24HR;FRIDAY 24HR;SATURDAY 24HR;SUNDAY 24HR;
SHIAWASSEE,CORUNNA CITY,JENNIFER LEPIOR,"402 N. SHIAWASSEE ST.,CORUNNA,MI,48817",MONDAY 24HR;TUESDAY 24HR;WEDNESDAY 24HR;THURSDAY 24HR;FRIDAY 24HR;SATURDAY 24HR;SUNDAY 24HR;
SHIAWASSEE,DURAND CITY,MINDY MCKAY,"215 W. CLINTON ST.,DROP BOX LOCATED AT CURB IN CITY HALL PARKING LOT,DURAND,MI,48429",MONDAY 24HR;TUESDAY 24HR;WEDNESDAY 24HR;THURSDAY 24HR;FRIDAY 24HR;SATURDAY 24HR;SUNDAY 24HR;
SHIAWASSEE,FAIRFIELD TOWNSHIP,SONYA LATZ,"7988 W HENDERSON RD,ELSIE,MI,48831",MONDAY 24HR;TUESDAY 24HR;WEDNESDAY 24HR;THURSDAY 24HR;FRIDAY 24HR;SATURDAY 24HR;SUNDAY 24HR;
SHIAWASSEE,HAZELTON TOWNSHIP,KERRY KRUSKE,"7505 ORCHARD STREET,NEW LOTHROP,MI,48460",MONDAY 24HR;TUESDAY 24HR;WEDNESDAY 24HR;THURSDAY 24HR;FRIDAY 24HR;SATURDAY 24HR;SUNDAY 24HR;
SHIAWASSEE,LAINGSBURG CITY,KIM HAMILTON,"114 N WOOHULL,LAINGSBURG,MI,48848",MONDAY 24HR;TUESDAY 24HR;WEDNESDAY 24HR;THURSDAY 24HR;FRIDAY 24HR;SATURDAY 24HR;SUNDAY 24HR;
SHIAWASSEE,MIDDLEBURY TOWNSHIP,JAMIE ALDRICH,"7627 W M-21,OVID,MI,48866",MONDAY 24HR;TUESDAY 24HR;WEDNESDAY 24HR;THURSDAY 24HR;FRIDAY 24HR;SATURDAY 24HR;SUNDAY 24HR;
SHIAWASSEE,NEW HAVEN TOWNSHIP,COLLEEN HORTON,"2705 EASTON RD,OWOSSO,MI,48867",MONDAY 24HR;TUESDAY 24HR;WEDNESDAY 24HR;THURSDAY 24HR;FRIDAY 24HR;SATURDAY 24HR;SUNDAY 24HR;
SHIAWASSEE,OWOSSO CITY,AMY KOHAGEN,"301 W. MAIN STREET,PARKING LOT BEHIND CITY HALL,OWOSSO,MI,48867",MONDAY 24HR;TUESDAY 24HR;WEDNESDAY 24HR;THURSDAY 24HR;FRIDAY 24HR;SATURDAY 24HR;SUNDAY 24HR;
SHIAWASSEE,OWOSSO TOWNSHIP,PATRICIA SKVARENINA,"410 S. DELANEY ROAD,OWOSSO,MI,48867",MONDAY 24HR;TUESDAY 24HR;WEDNESDAY 24HR;THURSDAY 24HR;FRIDAY 24HR;SATURDAY 24HR;
SHIAWASSEE,OWOSSO TOWNSHIP,PATRICIA SKVARENINA,"410 S. DELANEY ROAD,OWOSSO,MI,48867",MONDAY 24HR;TUESDAY 24HR;WEDNESDAY 24HR;THURSDAY 24HR;FRIDAY 24HR;SATURDAY 24HR;
SHIAWASSEE,PERRY CITY,SHIRLEY SMITH,"203 W POLLY,PERRY,MI,48872",MONDAY 24HR;TUESDAY 24HR;WEDNESDAY 24HR;THURSDAY 24HR;FRIDAY 24HR;SATURDAY 24HR;
SHIAWASSEE,PERRY TOWNSHIP,VERONICA HOWARD,"2770 W. ELLSWORTH RD,PERRY,MI,48872",MONDAY 24HR;TUESDAY 24HR;WEDNESDAY 24HR;THURSDAY 24HR;FRIDAY 24HR;SATURDAY 24HR;SUNDAY 24HR;
SHIAWASSEE,RUSH TOWNSHIP,LINDA GRIGSBY,"202 S. WEST STREET,HENDERSON,MI,48841",MONDAY 24HR;TUESDAY 24HR;WEDNESDAY 24HR;THURSDAY 24HR;FRIDAY 24HR;SATURDAY 24HR;SUNDAY 24HR;
SHIAWASSEE,SCIOTA TOWNSHIP,JAMIE PARKER-WING,"3900 LELAND RD,PUBLIC AV DROPBOX,LAINGSBURG,MI,48848",MONDAY 24HR;TUESDAY 24HR;WEDNESDAY 24HR;THURSDAY 24HR;FRIDAY 24HR;SATURDAY 24HR;SUNDAY 24HR;
SHIAWASSEE,SHIAWASSEE TOWNSHIP,ADAM LAWRENCE,"3719 GRAND RIVER RD,BANCROFT,MI,48414",MONDAY 24HR;TUESDAY 24HR;WEDNESDAY 24HR;THURSDAY 24HR;FRIDAY 24HR;SATURDAY 24HR;SUNDAY 24HR;
SHIAWASSEE,VENICE TOWNSHIP,ALISSA SUMNER,"960 S New Lothrop Rd,Lennon,MI,48449",24/7
SHIAWASSEE,VENICE TOWNSHIP,ALISSA SUMNER,"960 S. NEW LOTHROP RD,LENNON,MI,48449",MONDAY 24HR;TUESDAY 24HR;WEDNESDAY 24HR;THURSDAY 24HR;FRIDAY 24HR;SATURDAY 24HR;SUNDAY 24HR;
SHIAWASSEE,VERNON TOWNSHIP,SUSAN BANNISTER,"6801 DURAND RD.,DURAND,MI,48429",MONDAY 24HR;TUESDAY 24HR;WEDNESDAY 24HR;THURSDAY 24HR;FRIDAY 24HR;SATURDAY 24HR;SUNDAY 24HR;
SHIAWASSEE,WOODHULL TOWNSHIP,CAROL MAIZE,"7315 BEARD RD,PERRY,MI,48872",MONDAY 24HR;TUESDAY 24HR;WEDNESDAY 24HR;THURSDAY 24HR;FRIDAY 24HR;SATURDAY 24HR;SUNDAY 24HR;
TUSCOLA,AKRON TOWNSHIP,JAMIE SCHUETTE,"4280 W. Bay City - Forestville Rd.,UNIONVILLE,MI,48767",24/7
TUSCOLA,ALMER TOWNSHIP,PEGGY REAVEY,"1310 CAMERON RD,CARO,MI,48723",MONDAY 24HR;TUESDAY 24HR;WEDNESDAY 24HR;THURSDAY 24HR;FRIDAY 24HR;SATURDAY 24HR;SUNDAY 24HR;
TUSCOLA,ARBELA TOWNSHIP,BETH ANN DUET,"8935 BIRCH RUN RD,MILLINGTON,MI,48746",MONDAY 24HR;TUESDAY 24HR;WEDNESDAY 24HR;THURSDAY 24HR;FRIDAY 24HR;SATURDAY 24HR;SUNDAY 24HR;
TUSCOLA,COLUMBIA TOWNSHIP,CHRISTINE KOLAR,"COLUMBIA TWP LIBRARY VESTEBULE/MAIN ENTRANCE,6456 CENTER STREET,UNIONVILLE,MI,48767",MONDAY 24HR;TUESDAY 24HR;WEDNESDAY 24HR;THURSDAY 24HR;FRIDAY 24HR;SATURDAY 24HR;SUNDAY 24HR;
TUSCOLA,DAYTON TOWNSHIP,SANDY WISEMAN,"4879 HURDS CORNER RD,MAYVILLE,MI,48744",MONDAY 24HR;TUESDAY 24HR;WEDNESDAY 24HR;THURSDAY 24HR;FRIDAY 24HR;SATURDAY 24HR;SUNDAY 24HR;
TUSCOLA,DENMARK TOWNSHIP,CHRISTOPHER ROGNER,"9386 W SAGINAW RD,RICHVILLE,MI,48758",MONDAY 24HR;TUESDAY 24HR;WEDNESDAY 24HR;THURSDAY 24HR;FRIDAY 24HR;SATURDAY 24HR;SUNDAY 24HR;
TUSCOLA,ELKLAND TOWNSHIP,HEATHER SEVERANCE,"6691 CHURCH ST.,CASS CITY,MI,48726",
TUSCOLA,ELLINGTON TOWNSHIP,SUZY ROCKWELL,"2753 E CARO ROAD,CARO,MI,48723",MONDAY 24HR;TUESDAY 24HR;WEDNESDAY 24HR;THURSDAY 24HR;FRIDAY 24HR;SATURDAY 24HR;SUNDAY 24HR;
TUSCOLA,ELMWOOD TOWNSHIP,MICHELLE HOPPE,"6437 LINCOLN ST,GAGETOWN,MI,48735",MONDAY 24HR;TUESDAY 24HR;WEDNESDAY 24HR;THURSDAY 24HR;FRIDAY 24HR;SATURDAY 24HR;SUNDAY 24HR;
TUSCOLA,FAIRGROVE TOWNSHIP,KATIE GEBHARDT,"5002 CENTER ST,FAIRGROVE,MI,48733",MONDAY 24HR;TUESDAY 24HR;WEDNESDAY 24HR;THURSDAY 24HR;FRIDAY 24HR;SATURDAY 24HR;SUNDAY 24HR;
TUSCOLA,FREMONT TOWNSHIP,AMY L. PRILL,"4850 MERTZ ROAD,MAYVILLE,MI,48744",MONDAY 24HR;TUESDAY 24HR;WEDNESDAY 24HR;THURSDAY 24HR;FRIDAY 24HR;SATURDAY 24HR;SUNDAY 24HR;
TUSCOLA,GILFORD TOWNSHIP,DIANE SPENCER,"6230 Gilford Rd.,Fairgrove,MI,48733",24/7
TUSCOLA,GILFORD TOWNSHIP,DIANE SPENCER,"GILFORD TOWNSHIP,6230 GILFORD ROAD,FAIRGROVE,MI,48733",MONDAY 24HR;TUESDAY 24HR;WEDNESDAY 24HR;THURSDAY 24HR;FRIDAY 24HR;SATURDAY 24HR;SUNDAY 24HR;
TUSCOLA,INDIANFIELDS TOWNSHIP,TERRY GAST,"1633 MERTZ,CARO,MI,48723",MONDAY 24HR;TUESDAY 24HR;WEDNESDAY 24HR;THURSDAY 24HR;FRIDAY 24HR;SATURDAY 24HR;SUNDAY 24HR;
TUSCOLA,INDIANFIELDS TOWNSHIP,TERRY GAST,"1633 MERTZ RD.,CARO,MI,48723",MONDAY 24HR;TUESDAY 24HR;WEDNESDAY 24HR;THURSDAY 24HR;FRIDAY 24HR;SATURDAY 24HR;SUNDAY 24HR;
TUSCOLA,INDIANFIELDS TOWNSHIP,TERRY GAST,"1633 MERTZ RD.,CARO,MI,48723",MONDAY 24HR;TUESDAY 24HR;WEDNESDAY 24HR;THURSDAY 24HR;FRIDAY 24HR;SATURDAY 24HR;SUNDAY 24HR;
TUSCOLA,JUNIATA TOWNSHIP,SARA PARROTT,"1971 S RINGLE ROAD,CARO,MI,48723",MONDAY 24HR;TUESDAY 24HR;WEDNESDAY 24HR;THURSDAY 24HR;FRIDAY 24HR;SATURDAY 24HR;SUNDAY 24HR;
TUSCOLA,KINGSTON TOWNSHIP,CARRIE GILLEY,"5943 HOWARD ST,DEFORD,MI,48729",
TUSCOLA,KOYLTON TOWNSHIP,MELISSA KELLY,"3655 ROSS ST,KINGSTON,MI,48741",MONDAY 24HR;TUESDAY 24HR;WEDNESDAY 24HR;THURSDAY 24HR;FRIDAY 24HR;SATURDAY 24HR;SUNDAY 24HR;
TUSCOLA,MILLINGTON TOWNSHIP,LORAH CAMERON,"8559 State Streeet,To the right of the Township entry door.,Millington,MI,48746",24/7
TUSCOLA,NOVESTA TOWNSHIP,PENNIE RIENAS,"3016 N. CEMETERY RD.,CASS CITY, MI.,MI,48726",MONDAY 24HR;TUESDAY 24HR;WEDNESDAY 24HR;THURSDAY 24HR;FRIDAY 24HR;SATURDAY 24HR;SUNDAY 24HR;
TUSCOLA,TUSCOLA TOWNSHIP,MICHELLE HICKS,"8561 Van Cleve Rd.,Vassar,MI,48768",24/7
TUSCOLA,VASSAR CITY,MERRI C LEMCKE,"287 E HURON AVE,VASSAR,MI,48768",MONDAY 24HR;TUESDAY 24HR;WEDNESDAY 24HR;THURSDAY 24HR;FRIDAY 24HR;SATURDAY 24HR;SUNDAY 24HR;
TUSCOLA,VASSAR TOWNSHIP,MONICA WHITBURN,"4470  W. SAGINAW RD,VASSAR,MI,48768",MONDAY 24HR;TUESDAY 24HR;WEDNESDAY 24HR;THURSDAY 24HR;FRIDAY 24HR;SATURDAY 24HR;SUNDAY 24HR;
TUSCOLA,WATERTOWN TOWNSHIP,MALISA PYLES,"9405 Foster St,Fostoria,MI,48435",24/7
TUSCOLA,WELLS TOWNSHIP,BONNIE HERGENREDER,"2190 FRANKFORD RD,CARO,MI,48723",MONDAY 24HR;TUESDAY 24HR;WEDNESDAY 24HR;THURSDAY 24HR;FRIDAY 24HR;SATURDAY 24HR;SUNDAY 24HR;
TUSCOLA,WISNER TOWNSHIP,PATRICK MULLIGAN,"7894 M25,AKRON,MI,48701",MONDAY 24HR;TUESDAY 24HR;WEDNESDAY 24HR;THURSDAY 24HR;FRIDAY 24HR;SATURDAY 24HR;SUNDAY 24HR;
VAN BUREN,ALMENA TOWNSHIP,SANDRA RICKLI,"27625 COUNTY ROAD 375,PAW PAW,MI,49079",MONDAY 24HR;TUESDAY 24HR;WEDNESDAY 24HR;THURSDAY 24HR;FRIDAY 24HR;SATURDAY 24HR;SUNDAY 24HR;
VAN BUREN,ANTWERP TOWNSHIP,CHANTEL REYNA,"24821 Front Ave,Mattawan,MI,49071",24/7
VAN BUREN,ARLINGTON TOWNSHIP,SUSAN WILSON,"52022 34TH AVENUE,BANGOR,MI,49013",MONDAY 24HR;TUESDAY 24HR;WEDNESDAY 24HR;THURSDAY 24HR;FRIDAY 24HR;SATURDAY 24HR;SUNDAY 24HR;
VAN BUREN,BANGOR CITY,SHELLY UMBANHOWAR,"257 W MONROE ST,BANGOR,MI,49013",MONDAY 24HR;TUESDAY 24HR;WEDNESDAY 24HR;THURSDAY 24HR;FRIDAY 24HR;SATURDAY 24HR;SUNDAY 24HR;
VAN BUREN,BANGOR TOWNSHIP,ANNETTE HOUDEK,"32550 CR 687,BANGOR,MI,49013",MONDAY 24HR;TUESDAY 24HR;WEDNESDAY 24HR;THURSDAY 24HR;FRIDAY 24HR;SATURDAY 24HR;SUNDAY 24HR;
VAN BUREN,BLOOMINGDALE TOWNSHIP,JENELLE ASHBROOK,"109 E. KALAMAZOO STREET,BLOOMINGDALE,MI,49026",MONDAY 24HR;TUESDAY 24HR;WEDNESDAY 24HR;THURSDAY 24HR;FRIDAY 24HR;SATURDAY 24HR;SUNDAY 24HR;
VAN BUREN,COLUMBIA TOWNSHIP,KARA HARTMANN,"53053 COUNTY ROAD 388,(DRIVE UP AT THE WEST CORNER OF THE HALL),GRAND JUNCTION,MI,49056",MONDAY 24HR;TUESDAY 24HR;WEDNESDAY 24HR;THURSDAY 24HR;FRIDAY 24HR;SATURDAY 24HR;SUNDAY 24HR;
VAN BUREN,COVERT TOWNSHIP,WEDNESDAY PRITCHARD,"73943 E LAKE ST,COVERT,MI,49043",MONDAY 24HR;TUESDAY 24HR;WEDNESDAY 24HR;THURSDAY 24HR;FRIDAY 24HR;SATURDAY 24HR;SUNDAY 24HR;
VAN BUREN,DECATUR TOWNSHIP,JULIE MCKEE,"103 E DELAWARE,DECATUR,MI,49045",MONDAY 24HR;TUESDAY 24HR;WEDNESDAY 24HR;THURSDAY 24HR;FRIDAY 24HR;SATURDAY 24HR;
VAN BUREN,GENEVA TOWNSHIP,BRANDIE RAINEY,"62127 CR 380,BANGOR,MI,49013",MONDAY 24HR;TUESDAY 24HR;WEDNESDAY 24HR;THURSDAY 24HR;FRIDAY 24HR;SATURDAY 24HR;SUNDAY 24HR;
VAN BUREN,GOBLES CITY,PAULA SIPES,"105 E MAIN ST,GOBLES,MI,49055",MONDAY 24HR;TUESDAY 24HR;WEDNESDAY 24HR;THURSDAY 24HR;FRIDAY 24HR;SATURDAY 24HR;SUNDAY 24HR;
VAN BUREN,HAMILTON TOWNSHIP,REBECCA MOTT,"52333 TERRITORIAL RD,DECATUR,MI,49045",MONDAY 24HR;TUESDAY 24HR;WEDNESDAY 24HR;THURSDAY 24HR;FRIDAY 24HR;SATURDAY 24HR;SUNDAY 24HR;
VAN BUREN,HARTFORD CITY,ROXANN RODNEY-ISBRECHT,"19 W MAIN STREET,19 TOWER DRIVE,HARTFORD,MI,49057",MONDAY 24HR;TUESDAY 24HR;WEDNESDAY 24HR;THURSDAY 24HR;FRIDAY 24HR;SATURDAY 24HR;SUNDAY 24HR;
VAN BUREN,HARTFORD TOWNSHIP,JULIE SWEET,"61310 COUNTY ROAD 687,HARTFORD,MI,49057",MONDAY 24HR;TUESDAY 24HR;WEDNESDAY 24HR;THURSDAY 24HR;FRIDAY 24HR;SATURDAY 24HR;SUNDAY 24HR;
VAN BUREN,KEELER TOWNSHIP,ANGIE SEXTON,"64151 TERRITORIAL RD. W.,HARTFORD,MI,49057",MONDAY 24HR;TUESDAY 24HR;WEDNESDAY 24HR;THURSDAY 24HR;FRIDAY 24HR;SATURDAY 24HR;SUNDAY 24HR;
VAN BUREN,LAWRENCE TOWNSHIP,TRACIE RINDFIELD,"411 N PAW PAW ST,LAWRENCE,MI,49064",MONDAY 24HR;TUESDAY 24HR;WEDNESDAY 24HR;THURSDAY 24HR;FRIDAY 24HR;SATURDAY 24HR;SUNDAY 24HR;
VAN BUREN,PAW PAW TOWNSHIP,REBECCA PAYNE,"114 N. GREMPS STREET,PAW PAW,MI,49079",MONDAY 24HR;TUESDAY 24HR;WEDNESDAY 24HR;THURSDAY 24HR;FRIDAY 24HR;SATURDAY 24HR;SUNDAY 24HR;
VAN BUREN,PINE GROVE TOWNSHIP,MICHELLE MEERT,"26520 CR 388,GREY BOX AT REAR ENTRANCE,GOBLES,MI,49055",MONDAY 24HR;TUESDAY 24HR;WEDNESDAY 24HR;THURSDAY 24HR;FRIDAY 24HR;SATURDAY 24HR;SUNDAY 24HR;
VAN BUREN,PORTER TOWNSHIP,HEATHER SMITH,"88040 M 40,LAWTON,MI,49065",MONDAY 24HR;TUESDAY 24HR;WEDNESDAY 24HR;THURSDAY 24HR;FRIDAY 24HR;SATURDAY 24HR;SUNDAY 24HR;
VAN BUREN,SOUTH HAVEN CITY,BRITTANY ABRAMS,"539 Phoenix St.,South Haven,MI,49090",24/7
VAN BUREN,SOUTH HAVEN TOWNSHIP,BRENDA BERTORELLI,"09761 BLUE STAR HIGHWAY,TOWNSHIP HALL,SOUTH HAVEN,MI,49090",MONDAY 24HR;TUESDAY 24HR;WEDNESDAY 24HR;THURSDAY 24HR;FRIDAY 24HR;SATURDAY 24HR;SUNDAY 24HR;
VAN BUREN,WAVERLY TOWNSHIP,STARR HOUSTON,"42114 M43 HWY,PAW PAW,MI,49079",MONDAY 24HR;TUESDAY 24HR;WEDNESDAY 24HR;THURSDAY 24HR;FRIDAY 24HR;SATURDAY 24HR;SUNDAY 24HR;
WASHTENAW,ANN ARBOR CITY,JACQUELINE BEAUDRY,"ANN ARBOR FIRE STATION #3 - VET'S PARK,2130 JACKSON AVENUE,ANN ARBOR,MI,48103",MONDAY 24HR;TUESDAY 24HR;WEDNESDAY 24HR;THURSDAY 24HR;FRIDAY 24HR;SATURDAY 24HR;SUNDAY 24HR;
WASHTENAW,ANN ARBOR CITY,JACQUELINE BEAUDRY,"ANN ARBOR FIRE STATION #5 - NORTH CAMPUS,1946 BEAL AVENUE,ANN ARBOR,MI,48105",MONDAY 24HR;TUESDAY 24HR;WEDNESDAY 24HR;THURSDAY 24HR;FRIDAY 24HR;SATURDAY 24HR;SUNDAY 24HR;
WASHTENAW,ANN ARBOR CITY,JACQUELINE BEAUDRY,"ANN ARBOR FIRE STATION #6 - BRIARWOOD MALL,1881 BRIARWOOD CIRCLE,ANN ARBOR,MI,48108",MONDAY 24HR;TUESDAY 24HR;WEDNESDAY 24HR;THURSDAY 24HR;FRIDAY 24HR;SATURDAY 24HR;SUNDAY 24HR;
WASHTENAW,ANN ARBOR CITY,JACQUELINE BEAUDRY,"ARROWWOOD HILLS COMMUNITY CENTER,2566 ARROWWOOD TRAIL,ANN ARBOR,MI,48105",MONDAY 24HR;TUESDAY 24HR;WEDNESDAY 24HR;THURSDAY 24HR;FRIDAY 24HR;SATURDAY 24HR;SUNDAY 24HR;
WASHTENAW,ANN ARBOR CITY,JACQUELINE BEAUDRY,"CITY HALL - OUTDOOR,301 E. HURON STREET,ANN ARBOR,MI,48104",MONDAY 24HR;TUESDAY 24HR;WEDNESDAY 24HR;THURSDAY 24HR;FRIDAY 24HR;SATURDAY 24HR;SUNDAY 24HR;
WASHTENAW,ANN ARBOR CITY,JACQUELINE BEAUDRY,"CITY HALL ANN STREET PARKING LOT,301 E. HURON STREET,ANN ARBOR,MI,48104",MONDAY 24HR;TUESDAY 24HR;WEDNESDAY 24HR;THURSDAY 24HR;FRIDAY 24HR;SATURDAY 24HR;SUNDAY 24HR;
WASHTENAW,ANN ARBOR CITY,JACQUELINE BEAUDRY,"CITY HALL HURON STREET PLAZA,301 E. HURON STREET,ANN ARBOR,MI,48104",MONDAY 24HR;TUESDAY 24HR;WEDNESDAY 24HR;THURSDAY 24HR;FRIDAY 24HR;SATURDAY 24HR;SUNDAY 24HR;
WASHTENAW,ANN ARBOR CITY,JACQUELINE BEAUDRY,"COBBLESTONE FARM,2781 PACKARD ROAD,ANN ARBOR,MI,48108",MONDAY 24HR;TUESDAY 24HR;WEDNESDAY 24HR;THURSDAY 24HR;FRIDAY 24HR;SATURDAY 24HR;SUNDAY 24HR;
WASHTENAW,ANN ARBOR CITY,JACQUELINE BEAUDRY,"HURON HILLS GOLF COURSE CLUBHOUSE,3465 E. HURON RIVER DRIVE,ANN ARBOR,MI,48104",MONDAY 24HR;TUESDAY 24HR;WEDNESDAY 24HR;THURSDAY 24HR;FRIDAY 24HR;SATURDAY 24HR;SUNDAY 24HR;
WASHTENAW,ANN ARBOR TOWNSHIP,KRISTINE BOLHUIS,"3792 PONTIAC TRAIL,ANN ARBOR,MI,48105",MONDAY 24HR;TUESDAY 24HR;WEDNESDAY 24HR;THURSDAY 24HR;FRIDAY 24HR;SATURDAY 24HR;SUNDAY 24HR;
WASHTENAW,AUGUSTA TOWNSHIP,KIMBERLY GONCZY,"8021 TALLADAY RD,WHITTAKER,MI,48190",MONDAY 24HR;TUESDAY 24HR;WEDNESDAY 24HR;THURSDAY 24HR;FRIDAY 24HR;SATURDAY 24HR;SUNDAY 24HR;
WASHTENAW,BRIDGEWATER TOWNSHIP,MICHELLE MCQUEER,"10990 CLINTON RD,MANCHESTER,MI,48158",MONDAY 24HR;TUESDAY 24HR;WEDNESDAY 24HR;THURSDAY 24HR;FRIDAY 24HR;SATURDAY 24HR;SUNDAY 24HR;
WASHTENAW,DEXTER TOWNSHIP,MICHELLE STAMBOULELLIS,"6880 Dexter-Pinckney Road,Dexter,MI,48130",24/7
WASHTENAW,FREEDOM TOWNSHIP,VALISA BRISTLE,"11508 PLEASANT LAKE ROAD,MANCHESTER,MI,48158",MONDAY 24HR;TUESDAY 24HR;WEDNESDAY 24HR;THURSDAY 24HR;FRIDAY 24HR;SATURDAY 24HR;SUNDAY 24HR;
WASHTENAW,LIMA TOWNSHIP,ANN KWASKE,"12172 JACKSON ROAD,DEXTER,MI,48130",MONDAY 24HR;TUESDAY 24HR;WEDNESDAY 24HR;THURSDAY 24HR;FRIDAY 24HR;SATURDAY 24HR;SUNDAY 24HR;
WASHTENAW,LODI TOWNSHIP,CHRISTINA SMITH,"3755 PLEASANT LAKE ROAD,ANN ARBOR,MI,48103",MONDAY 24HR;TUESDAY 24HR;WEDNESDAY 24HR;THURSDAY 24HR;FRIDAY 24HR;SATURDAY 24HR;SUNDAY 24HR;
WASHTENAW,LYNDON TOWNSHIP,LINDA REILLY,"17751 N. TERRITORIAL ROAD,CHELSEA,MI,48118",MONDAY 24HR;TUESDAY 24HR;WEDNESDAY 24HR;THURSDAY 24HR;FRIDAY 24HR;SATURDAY 24HR;SUNDAY 24HR;
WASHTENAW,MANCHESTER TOWNSHIP,DANELL PROCTOR,"275 S. Macomb St.,Manchester,MI,48158",24/7
WASHTENAW,MILAN CITY,LAVONNA WENZEL,"147 WABASH STREET,MILAN,MI,48160",MONDAY 24HR;TUESDAY 24HR;WEDNESDAY 24HR;THURSDAY 24HR;FRIDAY 24HR;SATURDAY 24HR;
WASHTENAW,NORTHFIELD TOWNSHIP,KATHLEEN M MANLEY,"8350 MAIN STREET,WHITMORE LAKE,MI,48189",MONDAY 24HR;TUESDAY 24HR;WEDNESDAY 24HR;THURSDAY 24HR;FRIDAY 24HR;SATURDAY 24HR;SUNDAY 24HR;
WASHTENAW,PITTSFIELD CHARTER TOWNSHIP,MICHELLE L. ANZALDI,"PITTSFIELD TOWNSHIP ADMINISTRATION BUILDING,6201 W. MICHIGAN AVE.,ANN ARBOR,MI,48108",MONDAY 24HR;TUESDAY 24HR;WEDNESDAY 24HR;THURSDAY 24HR;FRIDAY 24HR;SATURDAY 24HR;SUNDAY 24HR;
WASHTENAW,PITTSFIELD CHARTER TOWNSHIP,MICHELLE L. ANZALDI,"PITTSFIELD TOWNSHIP ADMINISTRATION BUILDING,6201 W. MICHIGAN AVE.,ANN ARBOR,MI,48108",MONDAY 24HR;TUESDAY 24HR;WEDNESDAY 24HR;THURSDAY 24HR;FRIDAY 24HR;SATURDAY 24HR;SUNDAY 24HR;
WASHTENAW,PITTSFIELD CHARTER TOWNSHIP,MICHELLE L. ANZALDI,"PITTSFIELD TOWNSHIP COMMUNITY CENTER,701 W ELLSWORTH,ANN ARBOR,MI,48108",MONDAY 24HR;TUESDAY 24HR;WEDNESDAY 24HR;THURSDAY 24HR;FRIDAY 24HR;SATURDAY 24HR;SUNDAY 24HR;
WASHTENAW,PITTSFIELD CHARTER TOWNSHIP,MICHELLE L. ANZALDI,"FIRE STATION #2/MONTIBELLAR PARKING LOT,4345 E ELLSWORTH,YPSILANTI,MI,48197",MONDAY 24HR;TUESDAY 24HR;WEDNESDAY 24HR;THURSDAY 24HR;FRIDAY 24HR;SATURDAY 24HR;SUNDAY 24HR;
WASHTENAW,SALEM TOWNSHIP,DEL WENSLEY,"9600 SIX MILE,SALEM TWP,MI,48175",MONDAY 24HR;TUESDAY 24HR;WEDNESDAY 24HR;THURSDAY 24HR;FRIDAY 24HR;SATURDAY 24HR;
WASHTENAW,SALINE CITY,TERRI ROYAL,"100 N. HARRIS ST.,CITY HALL PARKING LOT,SALINE,MI,48176",MONDAY 24HR;TUESDAY 24HR;WEDNESDAY 24HR;THURSDAY 24HR;FRIDAY 24HR;SATURDAY 24HR;SUNDAY 24HR;
WASHTENAW,SALINE CITY,TERRI ROYAL,"100 N. HARRIS STREET,DROP BOX IS LOCATED ON THE FRONT DESK OF CITY HALL,SALINE,MI,48176",MONDAY 8:30AM - 5:00PM;TUESDAY 8:30AM - 5:00PM;WEDNESDAY 8:30AM - 5:00PM;THURSDAY 8:30AM - 5:00PM;FRIDAY 8:30AM - 5:00PM;
WASHTENAW,SALINE CITY,TERRI ROYAL,"100 N.HARRIS ST,SALINE,MI,48176",MONDAY 24HR;TUESDAY 24HR;WEDNESDAY 24HR;THURSDAY 24HR;FRIDAY 24HR;SATURDAY 24HR;SUNDAY 24HR;
WASHTENAW,SALINE CITY,TERRI ROYAL,"114 E. MICHIGAN AVE,IN PARKING LOT BEHIND COMERICA BANK,SALINE,MI,48176",MONDAY 24HR;TUESDAY 24HR;WEDNESDAY 24HR;THURSDAY 24HR;FRIDAY 24HR;SATURDAY 24HR;SUNDAY 24HR;
WASHTENAW,SALINE TOWNSHIP,KELLY MARION,"4254 ARKONA RD,SALINE,MI,48176",MONDAY 24HR;TUESDAY 24HR;WEDNESDAY 24HR;THURSDAY 24HR;FRIDAY 24HR;SATURDAY 24HR;SUNDAY 24HR;
WASHTENAW,SCIO TOWNSHIP,JESSICA  FLINTOFT,"SCIO FOOD & PARTY STORE,6950 JACKSON ROAD,ANN ARBOR,MI,48103",MONDAY 24HR;TUESDAY 24HR;WEDNESDAY 24HR;THURSDAY 24HR;FRIDAY 24HR;SATURDAY 24HR;SUNDAY 24HR;
WASHTENAW,SCIO TOWNSHIP,JESSICA  FLINTOFT,"SCIO TOWNSHIP HALL,827 NORTH ZEEB ROAD,ANN ARBOR,MI,48103",MONDAY 24HR;TUESDAY 24HR;WEDNESDAY 24HR;THURSDAY 24HR;FRIDAY 24HR;SATURDAY 24HR;SUNDAY 24HR;
WASHTENAW,SHARON TOWNSHIP,MICHELLE MROCKO,"18010 W. PLEASANT LAKE RD,MANCHESTER,MI,48158",MONDAY 24HR;TUESDAY 24HR;WEDNESDAY 24HR;THURSDAY 24HR;FRIDAY 24HR;SATURDAY 24HR;SUNDAY 24HR;
WASHTENAW,SUPERIOR TOWNSHIP,ANGELA ROBINSON,"3040 N. PROSPECT,YPSILANTI,MI,48198",MONDAY 24HR;TUESDAY 24HR;WEDNESDAY 24HR;THURSDAY 24HR;FRIDAY 24HR;SATURDAY 24HR;SUNDAY 24HR;
WASHTENAW,SUPERIOR TOWNSHIP,ANGELA ROBINSON,"575 E. CLARK RD,YPSILANTI,MI,48198",MONDAY 24HR;TUESDAY 24HR;WEDNESDAY 24HR;THURSDAY 24HR;FRIDAY 24HR;SATURDAY 24HR;SUNDAY 24HR;
WASHTENAW,SYLVAN TOWNSHIP,DOUGLAS JACKSON,"18027 OLD U.S. 12,CHELSEA,MI,48118",MONDAY 24HR;TUESDAY 24HR;WEDNESDAY 24HR;THURSDAY 24HR;FRIDAY 24HR;SATURDAY 24HR;SUNDAY 24HR;
WASHTENAW,WEBSTER TOWNSHIP,TONIE  BROVONT,"5665 WEBSTER CHURCH RD,DEXTER,MI,48130",MONDAY 24HR;TUESDAY 24HR;WEDNESDAY 24HR;THURSDAY 24HR;FRIDAY 24HR;SATURDAY 24HR;SUNDAY 24HR;
WASHTENAW,YORK TOWNSHIP,KAYLEIGH ZUPI,"11560 STONY CREEK RD.,MILAN,MI,48160",MONDAY 24HR;TUESDAY 24HR;WEDNESDAY 24HR;THURSDAY 24HR;FRIDAY 24HR;SATURDAY 24HR;SUNDAY 24HR;
WASHTENAW,YPSILANTI CITY,TRACEY BOUDREAU,"1 SOUTH HURON,YPSILANTI,MI,48197",MONDAY 24HR;TUESDAY 24HR;WEDNESDAY 24HR;THURSDAY 24HR;FRIDAY 24HR;SATURDAY 24HR;SUNDAY 24HR;
WASHTENAW,YPSILANTI CITY,TRACEY BOUDREAU,"591 ARMSTRONG,YPSILANTI,MI,48197",MONDAY 24HR;TUESDAY 24HR;WEDNESDAY 24HR;THURSDAY 24HR;FRIDAY 24HR;SATURDAY 24HR;SUNDAY 24HR;
WASHTENAW,YPSILANTI CITY,TRACEY BOUDREAU,"900 OAKWOOD,YPSILANTI,MI,48197",MONDAY 24HR;TUESDAY 24HR;WEDNESDAY 24HR;THURSDAY 24HR;FRIDAY 24HR;SATURDAY 24HR;SUNDAY 24HR;
WASHTENAW,YPSILANTI TOWNSHIP,DEBBIE SWANSON,"20 S. HEWITT,YPSILANTI,MI,48197",MONDAY 24HR;TUESDAY 24HR;WEDNESDAY 24HR;THURSDAY 24HR;FRIDAY 24HR;SATURDAY 24HR;SUNDAY 24HR;
WASHTENAW,YPSILANTI TOWNSHIP,DEBBIE SWANSON,"2025 E. CLARK RD.,YPSILANTI,MI,48198",MONDAY 24HR;TUESDAY 24HR;WEDNESDAY 24HR;THURSDAY 24HR;FRIDAY 24HR;SATURDAY 24HR;SUNDAY 24HR;
WASHTENAW,YPSILANTI TOWNSHIP,DEBBIE SWANSON,"222 S. FORD BLVD,YPSILANTI,MI,48198",MONDAY 24HR;TUESDAY 24HR;WEDNESDAY 24HR;THURSDAY 24HR;FRIDAY 24HR;SATURDAY 24HR;SUNDAY 24HR;
WASHTENAW,YPSILANTI TOWNSHIP,DEBBIE SWANSON,"7200 S. HURON RIVER DR,YPSILANTI,MI,48197",MONDAY 24HR;TUESDAY 24HR;WEDNESDAY 24HR;THURSDAY 24HR;FRIDAY 24HR;SATURDAY 24HR;SUNDAY 24HR;
WAYNE,ALLEN PARK CITY,MICHAEL MIZZI,"15915 SOUTHFIELD ROAD,ALLEN PARK,MI,48101",MONDAY 24HR;TUESDAY 24HR;WEDNESDAY 24HR;THURSDAY 24HR;FRIDAY 24HR;SATURDAY 24HR;SUNDAY 24HR;
WAYNE,ALLEN PARK CITY,MICHAEL MIZZI,"8100 ALLEN ROAD,ALLEN PARK,MI,48101",MONDAY 24HR;TUESDAY 24HR;WEDNESDAY 24HR;THURSDAY 24HR;FRIDAY 24HR;SATURDAY 24HR;SUNDAY 24HR;
WAYNE,BELLEVILLE CITY,MICHELLE BELLINGHAM,"330 CHARLES ST,BELLEVILLE,MI,48111",MONDAY 24HR;TUESDAY 24HR;WEDNESDAY 24HR;THURSDAY 24HR;FRIDAY 24HR;SATURDAY 24HR;SUNDAY 24HR;
WAYNE,BROWNSTOWN TOWNSHIP,MAUREEN BRINKER,"21313 TELEGRAPH ROAD (LOBBY DROPBOX),BROWNSTOWN,MI,48183",MONDAY 7:00AM - 5:00PM;TUESDAY 7:00AM - 5:00PM;WEDNESDAY 7:00AM - 5:00PM;THURSDAY 7:00AM - 5:00PM;
WAYNE,BROWNSTOWN TOWNSHIP,MAUREEN BRINKER,"21313 TELEGRAPH ROAD (OFFICIAL BALLOT DROP BOX),BROWNSTOWN,MI,48183",MONDAY 24HR;TUESDAY 24HR;WEDNESDAY 24HR;THURSDAY 24HR;FRIDAY 24HR;SATURDAY 24HR;SUNDAY 24HR;
WAYNE,BROWNSTOWN TOWNSHIP,MAUREEN BRINKER,"21313 TELEGRAPH ROAD (WHITE AND BLUE DROPBOX),BROWNSTOWN,MI,48183",MONDAY 24HR;TUESDAY 24HR;WEDNESDAY 24HR;THURSDAY 24HR;FRIDAY 24HR;SATURDAY 24HR;SUNDAY 24HR;
WAYNE,BROWNSTOWN TOWNSHIP,MAUREEN BRINKER,"20385 GIBRALTAR ROAD,BROWSTOWN,MI,48183",MONDAY 24HR;TUESDAY 24HR;WEDNESDAY 24HR;THURSDAY 24HR;FRIDAY 24HR;SATURDAY 24HR;SUNDAY 24HR;
WAYNE,CANTON TOWNSHIP,MICHAEL SIEGRIST,"1150 S. CANTON CENTER,ADMINISTRATION BUILDING,CANTON,MI,48188",MONDAY 24HR;TUESDAY 24HR;WEDNESDAY 24HR;THURSDAY 24HR;FRIDAY 24HR;SATURDAY 24HR;SUNDAY 24HR;
WAYNE,CANTON TOWNSHIP,MICHAEL SIEGRIST,"1905 S HAGGERTY RD,MEDINA ACTIVITY CENTER,CANTON,MI,48188",MONDAY 24HR;TUESDAY 24HR;WEDNESDAY 24HR;THURSDAY 24HR;FRIDAY 24HR;SATURDAY 24HR;SUNDAY 24HR;
WAYNE,CANTON TOWNSHIP,MICHAEL SIEGRIST,"46000 SUMMIT PARKWAY,SUMMIT ON THE PARK,CANTON,MI,48188",MONDAY 24HR;TUESDAY 24HR;WEDNESDAY 24HR;THURSDAY 24HR;FRIDAY 24HR;SATURDAY 24HR;SUNDAY 24HR;
WAYNE,CANTON TOWNSHIP,MICHAEL SIEGRIST,"50400 CHERRY HILL ROAD,VILLAGE THEATER,CANTON,MI,48187",MONDAY 24HR;TUESDAY 24HR;WEDNESDAY 24HR;THURSDAY 24HR;FRIDAY 24HR;SATURDAY 24HR;SUNDAY 24HR;
WAYNE,CANTON TOWNSHIP,MICHAEL SIEGRIST,"7648 SHAW LANE,KOPPER PARK,CANTON,MI,48187",MONDAY 24HR;TUESDAY 24HR;WEDNESDAY 24HR;THURSDAY 24HR;FRIDAY 24HR;SATURDAY 24HR;SUNDAY 24HR;
WAYNE,DEARBORN CITY,GEORGE T DARANY,"CROWLEY PARK,2600 WESTWOOD ST,DEARBORN,MI,48124",MONDAY 24HR;TUESDAY 24HR;WEDNESDAY 24HR;THURSDAY 24HR;FRIDAY 24HR;SATURDAY 24HR;SUNDAY 24HR;
WAYNE,DEARBORN CITY,GEORGE T DARANY,"DEARBORN ADMINISTRATIVE CENTER,16901 MICHIGAN AVENUE,DEARBORN,MI,48126",MONDAY 24HR;TUESDAY 24HR;WEDNESDAY 24HR;THURSDAY 24HR;FRIDAY 24HR;SATURDAY 24HR;SUNDAY 24HR;
WAYNE,DEARBORN CITY,GEORGE T DARANY,"FORD FIELD PARK,22051 CHERRY HILL ST,DEARBORN,MI,48124",SATURDAY 7:00AM - 3:00PM;
WAYNE,DEARBORN CITY,GEORGE T DARANY,"HEMLOCK PARK,13355 HEMLOCK AVE,DEARBORN,MI,48126",MONDAY 24HR;TUESDAY 24HR;WEDNESDAY 24HR;THURSDAY 24HR;FRIDAY 24HR;SATURDAY 24HR;SUNDAY 24HR;
WAYNE,DEARBORN CITY,GEORGE T DARANY,"LAPEER PARK,10040 LAPEER PARK PATHWAY,DEARBORN,MI,48120",MONDAY 24HR;TUESDAY 24HR;WEDNESDAY 24HR;THURSDAY 24HR;FRIDAY 24HR;SATURDAY 24HR;SUNDAY 24HR;
WAYNE,DEARBORN CITY,GEORGE T DARANY,"LEVAGOOD PARK,801 N DENWOOD ST,DEARBORN,MI,48128",MONDAY 24HR;TUESDAY 24HR;WEDNESDAY 24HR;THURSDAY 24HR;FRIDAY 24HR;SATURDAY 24HR;SUNDAY 24HR;
WAYNE,DEARBORN HEIGHTS CITY,LYNNE SENIA,"CITY HALL,6045 FENTON,DEARBORN HEIGHTS,MI,48127",MONDAY 24HR;TUESDAY 24HR;WEDNESDAY 24HR;THURSDAY 24HR;FRIDAY 24HR;SATURDAY 24HR;SUNDAY 24HR;
WAYNE,DEARBORN HEIGHTS CITY,LYNNE SENIA,"CITY HALL - NIGHT DROP BOX,6045 FENTON,DEARBORN HEIGHTS,MI,48127",MONDAY 24HR;TUESDAY 24HR;WEDNESDAY 24HR;THURSDAY 24HR;FRIDAY 24HR;SATURDAY 24HR;SUNDAY 24HR;
WAYNE,DEARBORN HEIGHTS CITY,LYNNE SENIA,"JOHN F. KENNEDY JR. LIBRARY,24602 VAN BORN,DEARBORN HEIGHTS,MI,48125",MONDAY 24HR;TUESDAY 24HR;WEDNESDAY 24HR;THURSDAY 24HR;FRIDAY 24HR;SATURDAY 24HR;SUNDAY 24HR;
WAYNE,DEARBORN HEIGHTS CITY,LYNNE SENIA,"JUSTICE CENTER,25637 MICHIGAN AVENUE,DEARBORN HEIGHTS,MI,48125",MONDAY 24HR;TUESDAY 24HR;WEDNESDAY 24HR;THURSDAY 24HR;FRIDAY 24HR;SATURDAY 24HR;SUNDAY 24HR;
WAYNE,DEARBORN HEIGHTS CITY,LYNNE SENIA,"RICHARD A. YOUNG RECREATION CENTER,5400 MCKINLEY,DEARBORN HEIGHTS,MI,48125",MONDAY 24HR;TUESDAY 24HR;WEDNESDAY 24HR;THURSDAY 24HR;FRIDAY 24HR;SATURDAY 24HR;SUNDAY 24HR;
WAYNE,DETROIT CITY,JANICE WINFREY,"ADAMS BUTZEL RECREATION COMPLEX,10500 LYNDON ST.,DETROIT,MI,48238",MONDAY 24HR;TUESDAY 24HR;WEDNESDAY 24HR;THURSDAY 24HR;FRIDAY 24HR;SATURDAY 24HR;SUNDAY 24HR;
WAYNE,DETROIT CITY,JANICE WINFREY,"BALDUCK PARK,5271 CANYON ST.,DETROIT,MI,48236",MONDAY 24HR;TUESDAY 24HR;WEDNESDAY 24HR;THURSDAY 24HR;FRIDAY 24HR;SATURDAY 24HR;SUNDAY 24HR;
WAYNE,DETROIT CITY,JANICE WINFREY,"BETHANY LUTHERAN CHURCH,11475 E. OUTER DR.,DETROIT,MI,48224",MONDAY 24HR;TUESDAY 24HR;WEDNESDAY 24HR;THURSDAY 24HR;FRIDAY 24HR;SATURDAY 24HR;SUNDAY 24HR;
WAYNE,DETROIT CITY,JANICE WINFREY,"BUTZEL FAMILY RECREATION CENTER,7737 KERCHEVAL,DETROIT,MI,48214",MONDAY 24HR;TUESDAY 24HR;WEDNESDAY 24HR;THURSDAY 24HR;FRIDAY 24HR;SATURDAY 24HR;SUNDAY 24HR;
WAYNE,DETROIT CITY,JANICE WINFREY,"CITY CLERK'S OFFICE - CAYMC,2 WOODWARD AVE., SUITE 106,DETROIT,MI,48226",MONDAY 24HR;TUESDAY 24HR;WEDNESDAY 24HR;THURSDAY 24HR;FRIDAY 24HR;SATURDAY 24HR;SUNDAY 24HR;
WAYNE,DETROIT CITY,JANICE WINFREY,"CLARK PARK,1130 CLARK ST.,DETROIT,MI,48209",MONDAY 24HR;TUESDAY 24HR;WEDNESDAY 24HR;THURSDAY 24HR;FRIDAY 24HR;SATURDAY 24HR;SUNDAY 24HR;
WAYNE,DETROIT CITY,JANICE WINFREY,"CONSIDINE CENTER,8904 WOODWARD AVE.,DETROIT,MI,48202",MONDAY 24HR;TUESDAY 24HR;WEDNESDAY 24HR;THURSDAY 24HR;FRIDAY 24HR;SATURDAY 24HR;SUNDAY 24HR;
WAYNE,DETROIT CITY,JANICE WINFREY,"CROWELL COMMUNITY CENTER,16630 LAHSER RD.,DETROIT,MI,48219",MONDAY 24HR;TUESDAY 24HR;WEDNESDAY 24HR;THURSDAY 24HR;FRIDAY 24HR;SATURDAY 24HR;SUNDAY 24HR;
WAYNE,DETROIT CITY,JANICE WINFREY,"DAVISON SERVICE YARD,8221 W. DAVISON,DETROIT,MI,48238",MONDAY 24HR;TUESDAY 24HR;WEDNESDAY 24HR;THURSDAY 24HR;FRIDAY 24HR;SATURDAY 24HR;SUNDAY 24HR;
WAYNE,DETROIT CITY,JANICE WINFREY,"DEPARTMENT OF ELECTIONS,2978 W. GRAND BLVD,DETROIT,MI,48202",MONDAY 24HR;TUESDAY 24HR;WEDNESDAY 24HR;THURSDAY 24HR;FRIDAY 24HR;SATURDAY 24HR;SUNDAY 24HR;
WAYNE,DETROIT CITY,JANICE WINFREY,"EDISON LIBRARY,18400 JOY RD.,DETROIT,MI,48228",MONDAY 24HR;TUESDAY 24HR;WEDNESDAY 24HR;THURSDAY 24HR;FRIDAY 24HR;SATURDAY 24HR;SUNDAY 24HR;
WAYNE,DETROIT CITY,JANICE WINFREY,"FAITH TEMPLE,19000 CONANT,DETROIT,MI,48234",MONDAY 24HR;TUESDAY 24HR;WEDNESDAY 24HR;THURSDAY 24HR;FRIDAY 24HR;SATURDAY 24HR;SUNDAY 24HR;
WAYNE,DETROIT CITY,JANICE WINFREY,"FARWELL RECREATION CENTER,2711 E. OUTER DR.,DETROIT,MI,48234",MONDAY 24HR;TUESDAY 24HR;WEDNESDAY 24HR;THURSDAY 24HR;FRIDAY 24HR;SATURDAY 24HR;SUNDAY 24HR;
WAYNE,DETROIT CITY,JANICE WINFREY,"FRANKLIN LIBRARY,13651 E. MCNICHOLS,DETROIT,MI,48205",MONDAY 24HR;TUESDAY 24HR;WEDNESDAY 24HR;THURSDAY 24HR;FRIDAY 24HR;SATURDAY 24HR;SUNDAY 24HR;
WAYNE,DETROIT CITY,JANICE WINFREY,"GREATER CHRIST BAPTIST CHURCH,3544 IROQUOIS AVE.,DETROIT,MI,48214",MONDAY 24HR;TUESDAY 24HR;WEDNESDAY 24HR;THURSDAY 24HR;FRIDAY 24HR;SATURDAY 24HR;SUNDAY 24HR;
WAYNE,DETROIT CITY,JANICE WINFREY,"GREATER EMMANUEL INSTITUTIONAL COGIC,19190 SCHAEFER HWY.,DETROIT,MI,48235",MONDAY 24HR;TUESDAY 24HR;WEDNESDAY 24HR;THURSDAY 24HR;FRIDAY 24HR;SATURDAY 24HR;SUNDAY 24HR;
WAYNE,DETROIT CITY,JANICE WINFREY,"GREATER GRACE TEMPLE,23500 W. 7 MILE RD,DETROIT,MI,48219",MONDAY 24HR;TUESDAY 24HR;WEDNESDAY 24HR;THURSDAY 24HR;FRIDAY 24HR;SATURDAY 24HR;SUNDAY 24HR;
WAYNE,DETROIT CITY,JANICE WINFREY,"GREATER ST. PAUL,15325 GRATIOT AVE.,DETROIT,MI,48205",MONDAY 24HR;TUESDAY 24HR;WEDNESDAY 24HR;THURSDAY 24HR;FRIDAY 24HR;SATURDAY 24HR;SUNDAY 24HR;
WAYNE,DETROIT CITY,JANICE WINFREY,"HEILMANN COMMUNITY CENTER,19601 CRUSADE,DETROIT,MI,48205",MONDAY 24HR;TUESDAY 24HR;WEDNESDAY 24HR;THURSDAY 24HR;FRIDAY 24HR;SATURDAY 24HR;SUNDAY 24HR;
WAYNE,DETROIT CITY,JANICE WINFREY,"HORATIO WILLIAMS FOUNDATION,1010 ANTIETAM AVE.,DETROIT,MI,48207",MONDAY 24HR;TUESDAY 24HR;WEDNESDAY 24HR;THURSDAY 24HR;FRIDAY 24HR;SATURDAY 24HR;SUNDAY 24HR;
WAYNE,DETROIT CITY,JANICE WINFREY,"JESUS TABERNACLE CHURCH,11001 CHALMERS,DETROIT,MI,48213",MONDAY 24HR;TUESDAY 24HR;WEDNESDAY 24HR;THURSDAY 24HR;FRIDAY 24HR;SATURDAY 24HR;SUNDAY 24HR;
WAYNE,DETROIT CITY,JANICE WINFREY,"KEMENY RECREATION CENTER,2260 S. FORT ST.,DETROIT,MI,48217",MONDAY 24HR;TUESDAY 24HR;WEDNESDAY 24HR;THURSDAY 24HR;FRIDAY 24HR;SATURDAY 24HR;SUNDAY 24HR;
WAYNE,DETROIT CITY,JANICE WINFREY,"LIBERTY TEMPLE BAPTIST CHURCH - BALLOT BOX ONLY,17188 GREENFIELD RD. (NEAR 6 MILE/MCNICHOLS),DETROIT,MI,48235",MONDAY 24HR;TUESDAY 24HR;WEDNESDAY 24HR;THURSDAY 24HR;FRIDAY 24HR;SATURDAY 24HR;SUNDAY 24HR;
WAYNE,DETROIT CITY,JANICE WINFREY,"NORTH ROSEDALE PARK COMMUNITY HOUSE,18445 SCARSDALE ST. (NEAR PURITAN),DETROIT,MI,48223",MONDAY 24HR;TUESDAY 24HR;WEDNESDAY 24HR;THURSDAY 24HR;FRIDAY 24HR;SATURDAY 24HR;SUNDAY 24HR;
WAYNE,DETROIT CITY,JANICE WINFREY,"NORTHWEST ACTIVITIES CENTER,18100 MEYERS RD.,DETROIT,MI,48235",MONDAY 24HR;TUESDAY 24HR;WEDNESDAY 24HR;THURSDAY 24HR;FRIDAY 24HR;SATURDAY 24HR;SUNDAY 24HR;
WAYNE,DETROIT CITY,JANICE WINFREY,"PALMER PARK COMMUNITY CENTER,1121 MERRILL PLAISANCE ST.,DETROIT,MI,48203",MONDAY 24HR;TUESDAY 24HR;WEDNESDAY 24HR;THURSDAY 24HR;FRIDAY 24HR;SATURDAY 24HR;SUNDAY 24HR;
WAYNE,DETROIT CITY,JANICE WINFREY,"PERFECTING CHURCH,7616 E. NEVADA ST.,DETROIT,MI,48234",MONDAY 24HR;TUESDAY 24HR;WEDNESDAY 24HR;THURSDAY 24HR;FRIDAY 24HR;SATURDAY 24HR;SUNDAY 24HR;
WAYNE,DETROIT CITY,JANICE WINFREY,"PISTONS PERFORMANCE CENTER,690 AMSTERDAM ST. (AT SECOND AVE.),DETROIT,MI,48202",MONDAY 24HR;TUESDAY 24HR;WEDNESDAY 24HR;THURSDAY 24HR;FRIDAY 24HR;SATURDAY 24HR;SUNDAY 24HR;
WAYNE,DETROIT CITY,JANICE WINFREY,"RENAISSANCE BAPTIST CHURCH - BALLOT BOX ONLY,1045 E. GRAND BLVD. (NEAR E. FOREST),DETROIT,MI,48207",MONDAY 24HR;TUESDAY 24HR;WEDNESDAY 24HR;THURSDAY 24HR;FRIDAY 24HR;SATURDAY 24HR;SUNDAY 24HR;
WAYNE,DETROIT CITY,JANICE WINFREY,"ROUGE PARK GOLF COURSE  - BALLOT BOX ONLY,11701 BURT RD. (OUTER DR. & PLYMOUTH),DETROIT,MI,48228",MONDAY 24HR;TUESDAY 24HR;WEDNESDAY 24HR;THURSDAY 24HR;FRIDAY 24HR;SATURDAY 24HR;SUNDAY 24HR;
WAYNE,DETROIT CITY,JANICE WINFREY,"TINDAL ACTIVITY CENTER,10301 W. 7 MILE RD.,DETROIT,MI,48221",MONDAY 24HR;TUESDAY 24HR;WEDNESDAY 24HR;THURSDAY 24HR;FRIDAY 24HR;SATURDAY 24HR;SUNDAY 24HR;
WAYNE,DETROIT CITY,JANICE WINFREY,"UNITY BAPTIST CHURCH,7500 TIREMAN AVE.,DETROIT,MI,48204",MONDAY 24HR;TUESDAY 24HR;WEDNESDAY 24HR;THURSDAY 24HR;FRIDAY 24HR;SATURDAY 24HR;SUNDAY 24HR;
WAYNE,DETROIT CITY,JANICE WINFREY,"WCCCD DOWNTOWN,1001 W. FORT ST. (AT LAFAYETTE),DETROIT,MI,48226",MONDAY 24HR;TUESDAY 24HR;WEDNESDAY 24HR;THURSDAY 24HR;FRIDAY 24HR;SATURDAY 24HR;SUNDAY 24HR;
WAYNE,DETROIT CITY,JANICE WINFREY,"WCCCD EASTERN CAMPUS,5901 CONNER,DETROIT,MI,48213",MONDAY 24HR;TUESDAY 24HR;WEDNESDAY 24HR;THURSDAY 24HR;FRIDAY 24HR;SATURDAY 24HR;SUNDAY 24HR;
WAYNE,DETROIT CITY,JANICE WINFREY,"WCCCD NORTHWEST CAMPUS,8200 W. OUTER DR.,DETROIT,MI,48219",MONDAY 24HR;TUESDAY 24HR;WEDNESDAY 24HR;THURSDAY 24HR;FRIDAY 24HR;SATURDAY 24HR;SUNDAY 24HR;
WAYNE,DETROIT CITY,JANICE WINFREY,"WILLIAM FORD MEMORIAL CHURCH,16400 W. WARREN AVE.,DETROIT,MI,48228",MONDAY 24HR;TUESDAY 24HR;WEDNESDAY 24HR;THURSDAY 24HR;FRIDAY 24HR;SATURDAY 24HR;SUNDAY 24HR;
WAYNE,ECORSE CITY,KIMBERLY R. WHITSETT,"ECORSE CITY HALL,3869 W. JEFFERSON,ECORSE,MI,48229",MONDAY 24HR;TUESDAY 24HR;WEDNESDAY 24HR;THURSDAY 24HR;FRIDAY 24HR;SATURDAY 24HR;SUNDAY 24HR;
WAYNE,FLAT ROCK CITY,REBECCA BROGLEY,"25500 GIBRALTAR RD. (OUTSIDE CITY HALL),FLAT ROCK,MI,48134",MONDAY 24HR;TUESDAY 24HR;WEDNESDAY 24HR;THURSDAY 24HR;FRIDAY 24HR;SATURDAY 24HR;SUNDAY 24HR;
WAYNE,GARDEN CITY CITY,BRYAN SMITH,"1751 RADCLIFF STREET,SOUTH ENTRANCE OF RADCLIFF CENTER,GARDEN CITY,MI,48135",MONDAY 24HR;TUESDAY 24HR;WEDNESDAY 24HR;THURSDAY 24HR;FRIDAY 24HR;SATURDAY 24HR;SUNDAY 24HR;
WAYNE,GARDEN CITY CITY,BRYAN SMITH,"6000 MIDDLEBELT RD,N OF CITY HALL,GARDEN CITY,MI,48135",MONDAY 24HR;TUESDAY 24HR;WEDNESDAY 24HR;THURSDAY 24HR;FRIDAY 24HR;SATURDAY 24HR;SUNDAY 24HR;
WAYNE,GIBRALTAR CITY,KATHERINE TOMASIK,"29450 MUNRO AVE.,GIBRALTAR,MI,48173",MONDAY 24HR;TUESDAY 24HR;WEDNESDAY 24HR;THURSDAY 24HR;FRIDAY 24HR;SATURDAY 24HR;SUNDAY 24HR;
WAYNE,GROSSE ILE TOWNSHIP,JAMISON YAGER,"9601 GROH ROAD,GROSSE ILE,MI,48138",MONDAY 24HR;TUESDAY 24HR;WEDNESDAY 24HR;THURSDAY 24HR;FRIDAY 24HR;SATURDAY 24HR;SUNDAY 24HR;
WAYNE,GROSSE POINTE CITY,CHRISTOPHER M. HARDENBROOK,"17147 Maumee Ave,Grosse Pointe,MI,48230",24/7
WAYNE,GROSSE POINTE FARMS CITY,DERRICK KOZICKI,"90 KERBY ROAD,WHITE DROP BOX IN PARKING LOT BEHIND CITY HALL,GROSSE POINTE FARMS,MI,48236",MONDAY 24HR;TUESDAY 24HR;WEDNESDAY 24HR;THURSDAY 24HR;FRIDAY 24HR;SATURDAY 24HR;SUNDAY 24HR;
WAYNE,GROSSE POINTE PARK CITY,BRIDGETTE BOWDLER,"15115 E. JEFFERSON,GROSSE POINTE PARK,MI,48230",MONDAY 24HR;TUESDAY 24HR;WEDNESDAY 24HR;THURSDAY 24HR;FRIDAY 24HR;SATURDAY 24HR;SUNDAY 24HR;
WAYNE,GROSSE POINTE WOODS CITY,PAUL ANTOLIN,"20025 MACK PLAZA DR,GROSSE POINTE WOODS,MI,48236",MONDAY 24HR;TUESDAY 24HR;WEDNESDAY 24HR;THURSDAY 24HR;FRIDAY 24HR;SATURDAY 24HR;SUNDAY 24HR;
WAYNE,GROSSE POINTE WOODS CITY,PAUL ANTOLIN,"20025 MACK PLAZA DR.,GROSSE POINTE WOODS,MI,48236",MONDAY 8:30AM - 5:00PM;TUESDAY 8:30AM - 5:00PM;WEDNESDAY 8:30AM - 5:00PM;THURSDAY 8:30AM - 5:00PM;FRIDAY 8:30AM - 5:00PM;
WAYNE,GROSSE POINTE WOODS CITY,PAUL ANTOLIN,"20025 MACK PLAZA DRIVE,GROSSE POINTE WOODS,MI,48236",MONDAY 24HR;TUESDAY 24HR;WEDNESDAY 24HR;THURSDAY 24HR;FRIDAY 24HR;SATURDAY 24HR;SUNDAY 24HR;
WAYNE,HAMTRAMCK CITY,SAMI ELHADY,"3401 EVALINE ST,HAMTRAMCK,MI,48212",MONDAY 24HR;TUESDAY 24HR;WEDNESDAY 24HR;THURSDAY 24HR;FRIDAY 24HR;SATURDAY 24HR;SUNDAY 24HR;
WAYNE,HAMTRAMCK CITY,SAMI ELHADY,"3401 EVALINE ST,HAMTRAMCK,MI,48212",MONDAY 24HR;TUESDAY 24HR;WEDNESDAY 24HR;THURSDAY 24HR;FRIDAY 24HR;SATURDAY 24HR;SUNDAY 24HR;
WAYNE,HARPER WOODS CITY,LESLIE FRANK,"19617 HARPER AVENUE    ---- INSIDE LOBBY,ENTER ON HARPER,HARPER WOODS,MI,48225",MONDAY 24HR;TUESDAY 24HR;WEDNESDAY 24HR;THURSDAY 24HR;FRIDAY 24HR;SATURDAY 24HR;SUNDAY 24HR;
WAYNE,HARPER WOODS CITY,LESLIE FRANK,"19617 HARPER AVENUE   -   OUTSIDE,NEAR REAR ENTRANCE,HARPER WOODS,MI,48225",MONDAY 24HR;TUESDAY 24HR;WEDNESDAY 24HR;THURSDAY 24HR;FRIDAY 24HR;SATURDAY 24HR;SUNDAY 24HR;
WAYNE,HIGHLAND PARK CITY,BRENDA J GREEN,"MUNICIPAL PARKING LOT,ON CALIFORNIA ST.,HIGHLAND PARK,MI,48203",MONDAY 24HR;TUESDAY 24HR;WEDNESDAY 24HR;THURSDAY 24HR;FRIDAY 24HR;SATURDAY 24HR;SUNDAY 24HR;
WAYNE,HURON TOWNSHIP,JULIE M. MARTIN,"22950 HURON RIVER DR.,NEW BOSTON,MI,48164",
WAYNE,INKSTER CITY,GEORGINA HOLLIDAY,"2025 MIDDLEBELT,INKSTER,MI,48141",MONDAY 24HR;TUESDAY 24HR;WEDNESDAY 24HR;THURSDAY 24HR;FRIDAY 24HR;SATURDAY 24HR;SUNDAY 24HR;
WAYNE,INKSTER CITY,GEORGINA HOLLIDAY,"26215 TROWBRIDGE,INKSTER,MI,48141",MONDAY 24HR;TUESDAY 24HR;WEDNESDAY 24HR;THURSDAY 24HR;FRIDAY 24HR;SATURDAY 24HR;SUNDAY 24HR;
WAYNE,LINCOLN PARK CITY,KERRY KEHRER,"LINCOLN PARK CITY HALL,1355 SOUTHFIELD RD,LINCOLN PARK,MI,48146",MONDAY 24HR;TUESDAY 24HR;WEDNESDAY 24HR;THURSDAY 24HR;FRIDAY 24HR;SATURDAY 24HR;SUNDAY 24HR;
WAYNE,LINCOLN PARK CITY,KERRY KEHRER,"LINCOLN PARK COMMUNITY CENTER,3525 DIX,LINCOLN PARK,MI,48146",MONDAY 24HR;TUESDAY 24HR;WEDNESDAY 24HR;THURSDAY 24HR;FRIDAY 24HR;SATURDAY 24HR;SUNDAY 24HR;
WAYNE,LIVONIA CITY,LORI MILLER,"11999 NEWBURGH RD,NEWBURGH VILLAGE,LIVONIA,MI,48150",MONDAY 24HR;TUESDAY 24HR;WEDNESDAY 24HR;THURSDAY 24HR;FRIDAY 24HR;SATURDAY 24HR;SUNDAY 24HR;
WAYNE,LIVONIA CITY,LORI MILLER,"15100 HUBBARD DR,KIRKSEY RECREATION CENTER,LIVONIA,MI,48154",MONDAY 24HR;TUESDAY 24HR;WEDNESDAY 24HR;THURSDAY 24HR;FRIDAY 24HR;SATURDAY 24HR;SUNDAY 24HR;
WAYNE,LIVONIA CITY,LORI MILLER,"30100 WEST SEVEN MILE ROAD,SANDBURG LIBRARY,LIVONIA,MI,48152",MONDAY 24HR;TUESDAY 24HR;WEDNESDAY 24HR;THURSDAY 24HR;FRIDAY 24HR;SATURDAY 24HR;SUNDAY 24HR;
WAYNE,LIVONIA CITY,LORI MILLER,"33000 CIVIC CENTER DR,INSIDE CITY HALL AT SECURITY DESK,LIVONIA,MI,48154",MONDAY 8:30AM - 5:00PM;TUESDAY 8:30AM - 5:00PM;WEDNESDAY 8:30AM - 5:00PM;THURSDAY 8:30AM - 5:00PM;FRIDAY 8:30AM - 5:00PM;
WAYNE,LIVONIA CITY,LORI MILLER,"33000 CIVIC CENTER DRIVE,OFFICIAL BALLOT BOX,LIVONIA,MI,48154",MONDAY 24HR;TUESDAY 24HR;WEDNESDAY 24HR;THURSDAY 24HR;FRIDAY 24HR;SATURDAY 24HR;SUNDAY 24HR;
WAYNE,LIVONIA CITY,LORI MILLER,"33000 CIVIC CENTER DRIVE,RED MAILBOX IN FRONT OF CITY HALL,LIVONIA,MI,48154",MONDAY 24HR;TUESDAY 24HR;WEDNESDAY 24HR;THURSDAY 24HR;FRIDAY 24HR;SATURDAY 24HR;SUNDAY 24HR;
WAYNE,LIVONIA CITY,LORI MILLER,"36000 WEST SEVEN MILE ROAD,BICENTENNIAL PARK,LIVONIA,MI,48152",MONDAY 24HR;TUESDAY 24HR;WEDNESDAY 24HR;THURSDAY 24HR;FRIDAY 24HR;SATURDAY 24HR;SUNDAY 24HR;
WAYNE,LIVONIA CITY,LORI MILLER,"9999 HARRISON,CLEMENTS CIRCLE,LIVONIA,MI,48150",MONDAY 24HR;TUESDAY 24HR;WEDNESDAY 24HR;THURSDAY 24HR;FRIDAY 24HR;SATURDAY 24HR;SUNDAY 24HR;
WAYNE,MELVINDALE CITY,DAVID ZAJAC,"3100 OAKWOOD BLVD.,MELVINDALE,MI,48122",MONDAY 24HR;TUESDAY 24HR;WEDNESDAY 24HR;THURSDAY 24HR;FRIDAY 24HR;SATURDAY 24HR;SUNDAY 24HR;
WAYNE,NORTHVILLE TOWNSHIP,CYNTHIA L. JANKOWSKI,"40911 7 MILE RD,NORTHVILLE,MI,48168",MONDAY 24HR;TUESDAY 24HR;WEDNESDAY 24HR;THURSDAY 24HR;FRIDAY 24HR;SATURDAY 24HR;SUNDAY 24HR;
WAYNE,NORTHVILLE TOWNSHIP,CYNTHIA L. JANKOWSKI,"44405 6 MILE RD,NORTHVILLE,MI,48168",MONDAY 24HR;TUESDAY 24HR;WEDNESDAY 24HR;THURSDAY 24HR;FRIDAY 24HR;SATURDAY 24HR;SUNDAY 24HR;
WAYNE,PLYMOUTH CITY,MAUREEN BRODIE,"201 S MAIN,INSIDE,PLYMOUTH,MI,48170",MONDAY 24HR;TUESDAY 24HR;WEDNESDAY 24HR;THURSDAY 24HR;FRIDAY 24HR;SATURDAY 24HR;SUNDAY 24HR;
WAYNE,PLYMOUTH CITY,MAUREEN BRODIE,"201 S. MAIN,INSIDE,PLYMOUTH,MI,48170",MONDAY 8:00AM - 4:30PM;TUESDAY 8:00AM - 4:30PM;WEDNESDAY 8:00AM - 4:30PM;THURSDAY 8:00AM - 4:30PM;FRIDAY 8:00AM - 4:30PM;
WAYNE,PLYMOUTH TOWNSHIP,KIM GAEDEKE,"46555 PORT ST,PLYMOUTH,MI,48170",MONDAY 24HR;TUESDAY 24HR;WEDNESDAY 24HR;THURSDAY 24HR;FRIDAY 24HR;SATURDAY 24HR;SUNDAY 24HR;
WAYNE,PLYMOUTH TOWNSHIP,KIM GAEDEKE,"9955 N HAGGERTY RD,PLYMOUTH,MI,48170",MONDAY 24HR;TUESDAY 24HR;WEDNESDAY 24HR;THURSDAY 24HR;FRIDAY 24HR;SATURDAY 24HR;SUNDAY 24HR;
WAYNE,REDFORD TOWNSHIP,KARLA M. SANDERS,"CLAUDE ALLISON,18250 BEECH DALY ROAD,REDFORD,MI,48239",MONDAY 24HR;TUESDAY 24HR;WEDNESDAY 24HR;THURSDAY 24HR;FRIDAY 24HR;SATURDAY 24HR;SUNDAY 24HR;
WAYNE,REDFORD TOWNSHIP,KARLA M. SANDERS,"LEO SNAGE PUBLIC SERVICE BLDG.,12200 BEECH DALY ROAD,REDFORD,MI,48239",MONDAY 24HR;TUESDAY 24HR;WEDNESDAY 24HR;THURSDAY 24HR;FRIDAY 24HR;SATURDAY 24HR;SUNDAY 24HR;
WAYNE,REDFORD TOWNSHIP,KARLA M. SANDERS,"REDFORD TOWN HALL,15145 BEECH DALY ROAD,REDFORD,MI,48240",MONDAY 24HR;TUESDAY 24HR;WEDNESDAY 24HR;THURSDAY 24HR;FRIDAY 24HR;SATURDAY 24HR;SUNDAY 24HR;
WAYNE,RIVER ROUGE CITY,PATRICIA H JOHNSON,"10600 W. JEFFERSON,RIVER ROUGE,MI,48218",MONDAY 24HR;TUESDAY 24HR;WEDNESDAY 24HR;THURSDAY 24HR;FRIDAY 24HR;SATURDAY 24HR;
WAYNE,RIVERVIEW CITY,CHERRY LAWSON,"14100 CIVIC PARK DRIVE,RIVERVIEW,MI,48193",MONDAY 24HR;TUESDAY 24HR;WEDNESDAY 24HR;THURSDAY 24HR;FRIDAY 24HR;SATURDAY 24HR;SUNDAY 24HR;
WAYNE,ROCKWOOD CITY,KAITLYN BURGER,"32409 FORT ROAD,ROCKWOOD,MI,48173",MONDAY 24HR;TUESDAY 24HR;WEDNESDAY 24HR;THURSDAY 24HR;FRIDAY 24HR;SATURDAY 24HR;SUNDAY 24HR;
WAYNE,ROMULUS CITY,ELLEN  CRAIG-BRAGG,"11111 WAYNE ROAD,DRIVE-UP BOX LOCATED IN FRONT OF CITY HALL.,ROMULUS,MI,48174",MONDAY 24HR;TUESDAY 24HR;WEDNESDAY 24HR;THURSDAY 24HR;FRIDAY 24HR;SATURDAY 24HR;SUNDAY 24HR;
WAYNE,ROMULUS CITY,ELLEN  CRAIG-BRAGG,"36525 BIBBINS ST,ROMULUS SENIOR CENTER  - DRIVE UP BOX,ROMULUS,MI,48174",MONDAY 24HR;TUESDAY 24HR;WEDNESDAY 24HR;THURSDAY 24HR;FRIDAY 24HR;SATURDAY 24HR;SUNDAY 24HR;
WAYNE,ROMULUS CITY,ELLEN  CRAIG-BRAGG,"CITY CLERK'S OFFICE (LOWER LEVEL) DROP BOX,11111 WAYNE ROAD,ROMULUS,MI,48174",MONDAY 8:00AM - 4:00PM;TUESDAY 8:00AM - 4:00PM;WEDNESDAY 8:00AM - 4:00PM;THURSDAY 8:00AM - 4:00PM;FRIDAY 8:00AM - 4:00PM;
WAYNE,SOUTHGATE CITY,JANICE M FERENCZ,"14400 DIX TOLEDO RD,SOUTHGATE,MI,48195",MONDAY 24HR;TUESDAY 24HR;WEDNESDAY 24HR;THURSDAY 24HR;FRIDAY 24HR;SATURDAY 24HR;SUNDAY 24HR;
WAYNE,SOUTHGATE CITY,JANICE M FERENCZ,"14400 DIX TOLEDO RD,SOUTHGATE,MI,48195",MONDAY 9:00AM - 12:00PM AND 1:00PM - 4:00PM;TUESDAY 9:00AM - 12:00PM AND 1:00PM - 4:00PM;WEDNESDAY 9:00AM - 12:00PM AND 1:00PM - 4:00PM;THURSDAY 9:00AM - 12:00PM AND 1:00PM - 4:00PM;FRIDAY 9:00AM - 12:00PM AND 1:00PM - 4:00PM;
WAYNE,SOUTHGATE CITY,JANICE M FERENCZ,"14700 REAUME PARKWAY,SOUTHGATE,MI,48195",MONDAY 24HR;TUESDAY 24HR;WEDNESDAY 24HR;THURSDAY 24HR;FRIDAY 24HR;SATURDAY 24HR;SUNDAY 24HR;
WAYNE,SUMPTER TOWNSHIP,DONALD LAPORTE,"23465 SUMPTER RD,BELLEVILLE,MI,48111",MONDAY 24HR;TUESDAY 24HR;WEDNESDAY 24HR;THURSDAY 24HR;FRIDAY 24HR;SATURDAY 24HR;SUNDAY 24HR;
WAYNE,SUMPTER TOWNSHIP,DONALD LAPORTE,"23480 SUMPTER RD,BACK PARKING LOT,BELLEVILLE,MI,48111",MONDAY 24HR;TUESDAY 24HR;WEDNESDAY 24HR;THURSDAY 24HR;FRIDAY 24HR;SATURDAY 24HR;SUNDAY 24HR;
WAYNE,SUMPTER TOWNSHIP,DONALD LAPORTE,"23480 SUMPTER RD,NEAR FRONT ENTRANCE DOOR,BELLEVILLE,MI,48111",MONDAY 24HR;TUESDAY 24HR;WEDNESDAY 24HR;THURSDAY 24HR;FRIDAY 24HR;SATURDAY 24HR;SUNDAY 24HR;
WAYNE,TAYLOR CITY,CYNTHIA  BOWER,"CITY HALL,23555 GODDARD,TAYLOR,MI,48180",MONDAY 24HR;TUESDAY 24HR;WEDNESDAY 24HR;THURSDAY 24HR;FRIDAY 24HR;SATURDAY 24HR;SUNDAY 24HR;
WAYNE,TAYLOR CITY,CYNTHIA  BOWER,"DEPARTMENT OF PUBLIC WORKS (DPW),25605 NORTHLINE,TAYLOR,MI,48180",MONDAY 24HR;TUESDAY 24HR;WEDNESDAY 24HR;THURSDAY 24HR;FRIDAY 24HR;SATURDAY 24HR;SUNDAY 24HR;
WAYNE,TAYLOR CITY,CYNTHIA  BOWER,"INSIDE CITY HALL LOBBY,23555 GODDARD,TAYLOR,MI,48180",MONDAY 9:00AM - 5:00PM;TUESDAY 9:00AM - 5:00PM;WEDNESDAY 9:00AM - 5:00PM;THURSDAY 9:00AM - 5:00PM;FRIDAY 9:00AM - 5:00PM;
WAYNE,TAYLOR CITY,CYNTHIA  BOWER,"SENIOR CENTER,6750 TROY,TAYLOR,MI,48180",MONDAY 24HR;TUESDAY 24HR;WEDNESDAY 24HR;THURSDAY 24HR;FRIDAY 24HR;SATURDAY 24HR;SUNDAY 24HR;
WAYNE,TAYLOR CITY,CYNTHIA  BOWER,"TAYLOR LIBRARY,12303 PARDEE,TAYLOR,MI,48180",MONDAY 24HR;TUESDAY 24HR;WEDNESDAY 24HR;THURSDAY 24HR;FRIDAY 24HR;SATURDAY 24HR;SUNDAY 24HR;
WAYNE,TRENTON CITY,DEBRA DEVITT,"TRENTON CITY HALL,2800 THIRD STREET,TRENTON,MI,48183",MONDAY 24HR;TUESDAY 24HR;WEDNESDAY 24HR;THURSDAY 24HR;FRIDAY 24HR;SATURDAY 24HR;SUNDAY 24HR;
WAYNE,TRENTON CITY,DEBRA DEVITT,"WESTFIELD ACTIVITIES CENTER,2700 WESTFIELD RD,TRENTON,MI,48183",MONDAY 24HR;TUESDAY 24HR;WEDNESDAY 24HR;THURSDAY 24HR;FRIDAY 24HR;SATURDAY 24HR;SUNDAY 24HR;
WAYNE,VAN BUREN TOWNSHIP,LEON WRIGHT,"45400 HULL ROAD,VAN BUREN TOWNSHIP,MI,48111",MONDAY 24HR;TUESDAY 24HR;WEDNESDAY 24HR;THURSDAY 24HR;FRIDAY 24HR;SATURDAY 24HR;SUNDAY 24HR;
WAYNE,VAN BUREN TOWNSHIP,LEON WRIGHT,"46425 TYLER ROAD,VAN BUREN TOWNSHIP,MI,48111",MONDAY 24HR;TUESDAY 24HR;WEDNESDAY 24HR;THURSDAY 24HR;FRIDAY 24HR;SATURDAY 24HR;SUNDAY 24HR;
WAYNE,WAYNE CITY,TINA M. PARNELL,"3355 S. WAYNE RD.,WAYNE,MI,48184",MONDAY 24HR;TUESDAY 24HR;WEDNESDAY 24HR;THURSDAY 24HR;FRIDAY 24HR;SATURDAY 24HR;SUNDAY 24HR;
WAYNE,WESTLAND CITY,SHANNON INMAN,"28801 ANNAPOLIS AVE,WESTLAND,MI,48186",MONDAY 24HR;TUESDAY 24HR;WEDNESDAY 24HR;THURSDAY 24HR;FRIDAY 24HR;SATURDAY 24HR;SUNDAY 24HR;
WAYNE,WESTLAND CITY,SHANNON INMAN,"32150 DORSEY STREET,WESTLAND,MI,48186",MONDAY 24HR;TUESDAY 24HR;WEDNESDAY 24HR;THURSDAY 24HR;FRIDAY 24HR;SATURDAY 24HR;SUNDAY 24HR;
WAYNE,WESTLAND CITY,SHANNON INMAN,"36300 WARREN RD.,LOBBY,WESTLAND,MI,48185",MONDAY 9:00AM - 5:00PM;TUESDAY 9:00AM - 5:00PM;WEDNESDAY 9:00AM - 5:00PM;THURSDAY 9:00AM - 5:00PM;FRIDAY 9:00AM - 5:00PM;
WAYNE,WESTLAND CITY,SHANNON INMAN,"36300 WARREN ROAD,CLERK'S OFFICE FRONT COUNTER,WESTLAND,MI,48185",MONDAY 9:00AM - 5:00PM;TUESDAY 9:00AM - 5:00PM;WEDNESDAY 9:00AM - 5:00PM;THURSDAY 9:00AM - 5:00PM;FRIDAY 9:00AM - 5:00PM;
WAYNE,WESTLAND CITY,SHANNON INMAN,"36300 WARREN ROAD,EAST END OF PARKING LOT,WESTLAND,MI,48185",MONDAY 24HR;TUESDAY 24HR;WEDNESDAY 24HR;THURSDAY 24HR;FRIDAY 24HR;SATURDAY 24HR;SUNDAY 24HR;
WAYNE,WESTLAND CITY,SHANNON INMAN,"37091 MARQUETTE ROAD,WESTLAND,MI,48185",MONDAY 24HR;TUESDAY 24HR;WEDNESDAY 24HR;THURSDAY 24HR;FRIDAY 24HR;SATURDAY 24HR;SUNDAY 24HR;
WAYNE,WESTLAND CITY,SHANNON INMAN,"37200 PALMER ROAD,WESTLAND,MI,48186",MONDAY 24HR;TUESDAY 24HR;WEDNESDAY 24HR;THURSDAY 24HR;FRIDAY 24HR;SATURDAY 24HR;SUNDAY 24HR;
WAYNE,WESTLAND CITY,SHANNON INMAN,"7300 N MERRIMAN ROAD,WESTLAND,MI,48185",MONDAY 24HR;TUESDAY 24HR;WEDNESDAY 24HR;THURSDAY 24HR;FRIDAY 24HR;SATURDAY 24HR;SUNDAY 24HR;
WAYNE,WOODHAVEN CITY,KRISTIE KEENE,"21869 WEST ROAD,PARKING LOT BY THE UNITED STATES POSTAL BOXES,WOODHAVEN,MI,48183",MONDAY 24HR;TUESDAY 24HR;WEDNESDAY 24HR;THURSDAY 24HR;FRIDAY 24HR;SATURDAY 24HR;SUNDAY 24HR;
WAYNE,WYANDOTTE CITY,MARY PILON,"2015 BIDDLE,WYANDOTTE,MI,48192",MONDAY 24HR;TUESDAY 24HR;WEDNESDAY 24HR;THURSDAY 24HR;FRIDAY 24HR;SATURDAY 24HR;SUNDAY 24HR;
WAYNE,WYANDOTTE CITY,MARY PILON,"3200 BIDDLE AVENUE,WYANDOTTE,MI,48192",MONDAY 24HR;TUESDAY 24HR;WEDNESDAY 24HR;THURSDAY 24HR;FRIDAY 24HR;SATURDAY 24HR;SUNDAY 24HR;
WEXFORD,ANTIOCH TOWNSHIP,DARBY TERPSTRA,"4490 N. 19 RD.,MESICK,MI,49668",MONDAY 24HR;TUESDAY 24HR;WEDNESDAY 24HR;THURSDAY 24HR;FRIDAY 24HR;SATURDAY 24HR;SUNDAY 24HR;
WEXFORD,BOON TOWNSHIP,SHEILA PRATT,"204 MYRTLE ST.,BOON,MI,49618",MONDAY 24HR;TUESDAY 24HR;WEDNESDAY 24HR;THURSDAY 24HR;FRIDAY 24HR;SATURDAY 24HR;
WEXFORD,CADILLAC CITY,DIEGO NAVARRO,"200 N. LAKE ST.,CADILLAC,MI,49601",MONDAY 24HR;TUESDAY 24HR;WEDNESDAY 24HR;THURSDAY 24HR;FRIDAY 24HR;SATURDAY 24HR;SUNDAY 24HR;
WEXFORD,CEDAR CREEK TOWNSHIP,ELIZABETH EDWARDS,"2530 N. 41 1/2 RD.,MANTON,MI,49663",MONDAY 24HR;TUESDAY 24HR;WEDNESDAY 24HR;THURSDAY 24HR;FRIDAY 24HR;
WEXFORD,CHERRY GROVE TOWNSHIP,MARCY HALL,"4830 E. M-55,Cadillac,MI,49601",24/7
WEXFORD,CLAM LAKE TOWNSHIP,SARA HURLEY,"8809 E. M-115,CADILLAC,MI,49601",MONDAY 24HR;TUESDAY 24HR;WEDNESDAY 24HR;THURSDAY 24HR;FRIDAY 24HR;SATURDAY 24HR;SUNDAY 24HR;
WEXFORD,COLFAX TOWNSHIP,BECKY STODDARD,"4960 N 31RD,MANTON,MI,49663",MONDAY 24HR;TUESDAY 24HR;WEDNESDAY 24HR;THURSDAY 24HR;FRIDAY 24HR;SATURDAY 24HR;SUNDAY 24HR;
WEXFORD,GREENWOOD TOWNSHIP,NANCY MOHLER,"6761 N. 35 RD,MANTON,MI,49663",MONDAY 24HR;TUESDAY 24HR;WEDNESDAY 24HR;THURSDAY 24HR;FRIDAY 24HR;SATURDAY 24HR;SUNDAY 24HR;
WEXFORD,HANOVER TOWNSHIP,TERRI SCHICHTEL,"203 N. SECOND STREET,BUCKLEY,MI,49620",MONDAY 24HR;TUESDAY 24HR;WEDNESDAY 24HR;THURSDAY 24HR;FRIDAY 24HR;SATURDAY 24HR;SUNDAY 24HR;
WEXFORD,HARING TOWNSHIP,PAULA DEWEY,"515 BELL AVE.,CADILLAC,MI,49601",MONDAY 24HR;TUESDAY 24HR;WEDNESDAY 24HR;THURSDAY 24HR;FRIDAY 24HR;SATURDAY 24HR;SUNDAY 24HR;
WEXFORD,HENDERSON TOWNSHIP,LINDA SOURS,"2076 W. 46 RD.,CADILLAC,MI,49601",MONDAY 24HR;TUESDAY 24HR;WEDNESDAY 24HR;THURSDAY 24HR;FRIDAY 24HR;SATURDAY 24HR;SUNDAY 24HR;
WEXFORD,LIBERTY TOWNSHIP,AMANDA KIMBEL-SPARKS,"7478 N 41 RD,MANTON,MI,49663",MONDAY 24HR;TUESDAY 24HR;WEDNESDAY 24HR;THURSDAY 24HR;FRIDAY 24HR;SATURDAY 24HR;SUNDAY 24HR;
WEXFORD,MANTON CITY,NICOLE TRAXLER,"306 West Main Street,Drop box is under Camera. ,Manton,MI,49663",24/7
WEXFORD,SELMA TOWNSHIP,CAROL PERRIN,"4101 S 35 Rd,Cadillac ,MI,49601",24/7
WEXFORD,SLAGLE TOWNSHIP,TAMMY PORTERFIELD,"2971 S 7 RD,HARRIETTA,MI,49638",MONDAY 24HR;TUESDAY 24HR;WEDNESDAY 24HR;THURSDAY 24HR;FRIDAY 24HR;SATURDAY 24HR;SUNDAY 24HR;
WEXFORD,SOUTH BRANCH TOWNSHIP,JULIE CIESLAK,"10510 W. M-55 HWY,SOUTH BRANCH TWP HALL,WELLSTON,MI,49689",MONDAY 24HR;TUESDAY 24HR;WEDNESDAY 24HR;THURSDAY 24HR;FRIDAY 24HR;SATURDAY 24HR;SUNDAY 24HR;
WEXFORD,WEXFORD TOWNSHIP,KIMBERLY NYMAN,"8970 N 7 RD,MESICK,MI,49668",MONDAY 24HR;TUESDAY 24HR;WEDNESDAY 24HR;THURSDAY 24HR;FRIDAY 24HR;SATURDAY 24HR;SUNDAY 24HR;
CHIPPEWA,PICKFORD TOWNSHIP,LINDA ROBERTS-MILLER,"155 E MAIN ST.,PICKFORD,MI,49774",MONDAY 24HR;TUESDAY 24HR;WEDNESDAY 24HR;THURSDAY 24HR;FRIDAY 24HR;SATURDAY 24HR;SUNDAY 24HR;
CHIPPEWA,SUGAR ISLAND TOWNSHIP,BRANDI RICH,"6401 1 1/2 MILE RD,SAULT SAINTE MARIE,MI,49783",MONDAY 24HR;TUESDAY 24HR;WEDNESDAY 24HR;THURSDAY 24HR;FRIDAY 24HR;SATURDAY 24HR;SUNDAY 24HR;
CHIPPEWA,BAY MILLS TOWNSHIP,MARY SWENDSEN,"14740 W LAKESHORE DRIVE,BRIMLEY,MI,49715",MONDAY 24HR;TUESDAY 24HR;WEDNESDAY 24HR;THURSDAY 24HR;FRIDAY 24HR;SATURDAY 24HR;SUNDAY 24HR;
CHIPPEWA,CHIPPEWA TOWNSHIP,TAMI BESEAU,"30014 W M-28,ECKERMAN,MI,49728",MONDAY 24HR;TUESDAY 24HR;WEDNESDAY 24HR;THURSDAY 24HR;FRIDAY 24HR;SATURDAY 24HR;SUNDAY 24HR;
CHIPPEWA,DAFTER TOWNSHIP,MARCELLA REATTOIR,"2926 W 10 MILE RD,DAFTER,MI,49724",MONDAY 24HR;TUESDAY 24HR;WEDNESDAY 24HR;THURSDAY 24HR;FRIDAY 24HR;SATURDAY 24HR;SUNDAY 24HR;
CHIPPEWA,RABER TOWNSHIP,HILLARY GALAROWIC,"16315 E M 48,GOETZVILLE,MI,49736",MONDAY 24HR;TUESDAY 24HR;WEDNESDAY 24HR;THURSDAY 24HR;FRIDAY 24HR;SATURDAY 24HR;SUNDAY 24HR;
CHIPPEWA,TROUT LAKE TOWNSHIP,GARY LOOMIS,"32686 W. H-40,PO BOX 215,TROUT LAKE,MI,49793",MONDAY 24HR;TUESDAY 24HR;WEDNESDAY 24HR;THURSDAY 24HR;FRIDAY 24HR;SATURDAY 24HR;SUNDAY 24HR;
CHIPPEWA,WHITEFISH TOWNSHIP,FRED ROACH,"7052 N M-123,PARADISE,MI,49768",SATURDAY 10:00AM - 3:00PM;SUNDAY 10:00AM - 3:00PM;
SCHOOLCRAFT,SENEY TOWNSHIP,JANICE BONIFIELD,"1576 RAILROAD STREET,INSIDE FRONT ENTRY WAY,SENEY,MI,49883",MONDAY 24HR;TUESDAY 24HR;WEDNESDAY 24HR;THURSDAY 24HR;FRIDAY 24HR;SATURDAY 24HR;SUNDAY 24HR;
MACKINAC,GARFIELD TOWNSHIP,PAULA M FILLMAN,"N6760 STATE HIGHWAY 117,ENGADINE,MI,49827",MONDAY 24HR;TUESDAY 24HR;WEDNESDAY 24HR;THURSDAY 24HR;FRIDAY 24HR;SATURDAY 24HR;SUNDAY 24HR;
KEWEENAW,GRANT TOWNSHIP,CHERYL OCHODNICKY,"230 GRATIOT STREET,COPPER HARBOR,MI,49918",MONDAY 24HR;TUESDAY 24HR;WEDNESDAY 24HR;THURSDAY 24HR;FRIDAY 24HR;SATURDAY 24HR;SUNDAY 24HR;
MACKINAC,NEWTON TOWNSHIP,AMY ZDEBSKI,"N6164 S GOULD CITY RD,GOULD CITY,MI,49838",MONDAY 24HR;TUESDAY 24HR;WEDNESDAY 24HR;THURSDAY 24HR;FRIDAY 24HR;SATURDAY 24HR;SUNDAY 24HR;
MACKINAC,HENDRICKS TOWNSHIP,BELYNDA LAMB,"N5115 HIAWATHA TRAIL,NAUBINWAY,MI,49762",MONDAY 24HR;TUESDAY 24HR;WEDNESDAY 24HR;THURSDAY 24HR;FRIDAY 24HR;SATURDAY 24HR;SUNDAY 24HR;
MENOMINEE,HOLMES TOWNSHIP,DENA KEMPF,"W7258 CHEESE FACTORY RD,DAGGETT,MI,49821",MONDAY 24HR;TUESDAY 24HR;WEDNESDAY 24HR;THURSDAY 24HR;FRIDAY 24HR;SATURDAY 24HR;SUNDAY 24HR;
LUCE,COLUMBUS TOWNSHIP,MARGARET NELSON,"7459 COUNTY ROAD 415,MCMILLAN,MI,49853",MONDAY 9:00AM - 12:00PM;
ALGER,ROCK RIVER TOWNSHIP,HEATHER MARSH,"E1507 HWY M-94,PO BOX 195,CHATHAM,MI,49826",MONDAY 24HR;TUESDAY 24HR;WEDNESDAY 24HR;THURSDAY 24HR;FRIDAY 24HR;SATURDAY 24HR;SUNDAY 24HR;
ANTRIM,WARNER TOWNSHIP,PAMELA ZAREMBA,"2434 RAY ST,ELMIRA,MI,49730",MONDAY 24HR;TUESDAY 24HR;WEDNESDAY 24HR;THURSDAY 24HR;FRIDAY 24HR;SATURDAY 24HR;SUNDAY 24HR;
MENOMINEE,FAITHORN TOWNSHIP,KATHLEEN WASH BRANZ,"FAITHORN TOWNSHIP HALL,W8508 COUNTY ROAD 577,VULCAN,MI,49892",MONDAY 24HR;TUESDAY 24HR;WEDNESDAY 24HR;THURSDAY 24HR;FRIDAY 24HR;SATURDAY 24HR;SUNDAY 24HR;
MENOMINEE,MEYER TOWNSHIP,CHAD KNODL,"W 5480 1st Street,Hermansville,MI,49847",24/7
ALGER,BURT TOWNSHIP,LORI MCSHANE,"P.O. BOX 430,E21837 GRAND MARAIS AVENUE,GRAND MARAIS,MI,49839",MONDAY 24HR;TUESDAY 24HR;WEDNESDAY 24HR;THURSDAY 24HR;FRIDAY 24HR;SATURDAY 24HR;SUNDAY 24HR;
ALGER,MATHIAS TOWNSHIP,MEGAN  WEBBER,"E2997 STATE RD 67,TRENARY,MI,49891",MONDAY 24HR;TUESDAY 24HR;WEDNESDAY 24HR;THURSDAY 24HR;FRIDAY 24HR;SATURDAY 24HR;SUNDAY 24HR;
BARAGA,SPURR TOWNSHIP,JESSICA OMERNICK,"29257 US Hwy 41,Michigamme,MI,49861",24/7
HOUGHTON,LAIRD TOWNSHIP,ROBIN  HENRY,"FIRE HALL PARKING LOT,M38,PELKIE,MI,49958",MONDAY 24HR;TUESDAY 24HR;WEDNESDAY 24HR;THURSDAY 24HR;FRIDAY 24HR;SATURDAY 24HR;SUNDAY 24HR;
HOUGHTON,STANTON TOWNSHIP,TINA HATMAN,"50960 CANAL RD,HOUGHTON,MI,49931",MONDAY 24HR;TUESDAY 24HR;WEDNESDAY 24HR;THURSDAY 24HR;FRIDAY 24HR;SATURDAY 24HR;SUNDAY 24HR;
LUCE,LAKEFIELD TOWNSHIP,TAMMY IMMEL,"26344 COUNTY ROAD 98,MCMILLAN,MI,49853",MONDAY 24HR;TUESDAY 24HR;WEDNESDAY 24HR;THURSDAY 24HR;FRIDAY 24HR;SATURDAY 24HR;SUNDAY 24HR;
MACKINAC,BOIS BLANC TOWNSHIP,DIANE AKRIGHT,"431 SIOUX AVE,POINTE AUX PINS,MI,49775",
MACKINAC,MARQUETTE TOWNSHIP,RENAE LEESE,"E 7177 JAMES STREET,PICKFORD,MI,49774",MONDAY 24HR;TUESDAY 24HR;WEDNESDAY 24HR;THURSDAY 24HR;FRIDAY 24HR;SATURDAY 24HR;SUNDAY 24HR;
MARQUETTE,CHAMPION TOWNSHIP,TANYA GATEWOOD,"1071 U.S. HIGHWAY 41 W,CHAMPION,MI,49814",MONDAY 24HR;TUESDAY 24HR;WEDNESDAY 24HR;THURSDAY 24HR;FRIDAY 24HR;SATURDAY 24HR;SUNDAY 24HR;
MARQUETTE,HUMBOLDT TOWNSHIP,SARAH ETELAMAKI,"244 COUNTY RD FAF,CHAMPION,MI,49814",MONDAY 24HR;TUESDAY 24HR;WEDNESDAY 24HR;THURSDAY 24HR;FRIDAY 24HR;SATURDAY 24HR;SUNDAY 24HR;
MARQUETTE,POWELL TOWNSHIP,SHARON MATTIS,"101 BENSINGER,BIG BAY,MI,49808",MONDAY 24HR;TUESDAY 24HR;WEDNESDAY 24HR;THURSDAY 24HR;FRIDAY 24HR;SATURDAY 24HR;SUNDAY 24HR;
MARQUETTE,REPUBLIC TOWNSHIP,ANNA GRIEPENTROG,"279 KLOMAN AVE,REPUBLIC,MI,49879",MONDAY 24HR;TUESDAY 24HR;WEDNESDAY 24HR;THURSDAY 24HR;FRIDAY 24HR;SATURDAY 24HR;SUNDAY 24HR;
MARQUETTE,WELLS TOWNSHIP,PATTI MANNINEN,"38295 COUNTY ROAD 426,ARNOLD,MI,49819",MONDAY 24HR;TUESDAY 24HR;WEDNESDAY 24HR;THURSDAY 24HR;FRIDAY 24HR;SATURDAY 24HR;SUNDAY 24HR;
SCHOOLCRAFT,GERMFASK TOWNSHIP,SANDY GLENN,"8093 PINE STREET,GERMFASK,MI,49836",MONDAY 24HR;TUESDAY 24HR;WEDNESDAY 24HR;THURSDAY 24HR;FRIDAY 24HR;SATURDAY 24HR;SUNDAY 24HR;
SCHOOLCRAFT,INWOOD TOWNSHIP,ROBIN DOUBLE,"1040S COUNTY RD 442,COOKS,MI,49817",MONDAY 24HR;TUESDAY 24HR;WEDNESDAY 24HR;THURSDAY 24HR;FRIDAY 24HR;SATURDAY 24HR;SUNDAY 24HR;
SCHOOLCRAFT,MUELLER TOWNSHIP,DONNA GLASSCOCK,"1805W QUARRY ROAD,GULLIVER,MI,49840",MONDAY 24HR;TUESDAY 24HR;WEDNESDAY 24HR;THURSDAY 24HR;FRIDAY 24HR;SATURDAY 24HR;SUNDAY 24HR;
SCHOOLCRAFT,THOMPSON TOWNSHIP,SARA PLANTE,"8906W PINE STREET,MANISTIQUE,MI,49854",MONDAY 24HR;TUESDAY 24HR;WEDNESDAY 24HR;THURSDAY 24HR;FRIDAY 24HR;SATURDAY 24HR;SUNDAY 24HR;
MACKINAC,PORTAGE TOWNSHIP,PAT MACLACHLAN,"W17361 DAVIS ST,BOX IS ON FRONT OF BUILDING,CURTIS,MI,49820",MONDAY 24HR;TUESDAY 24HR;WEDNESDAY 24HR;THURSDAY 24HR;FRIDAY 24HR;SATURDAY 24HR;SUNDAY 24HR;
ANTRIM,ECHO TOWNSHIP,DIANE KUCHAREK,"1720 6 MILE LAKE RD,EAST JORDAN,MI,49727",MONDAY 24HR;TUESDAY 24HR;WEDNESDAY 24HR;THURSDAY 24HR;FRIDAY 24HR;SATURDAY 24HR;SUNDAY 24HR;
ANTRIM,JORDAN TOWNSHIP,AMY SMITH,"2647 MOUNT BLISS RD,EAST JORDAN,MI,49727",MONDAY 24HR;TUESDAY 24HR;WEDNESDAY 24HR;THURSDAY 24HR;FRIDAY 24HR;SATURDAY 24HR;SUNDAY 24HR;
CHARLEVOIX,ST JAMES TOWNSHIP,JULIE GILLESPIE,"37830 KING'S HIGHWAY,BEAVER ISLAND,MI,49782",MONDAY 24HR;TUESDAY 24HR;WEDNESDAY 24HR;THURSDAY 24HR;FRIDAY 24HR;SATURDAY 24HR;SUNDAY 24HR;
CRAWFORD,LOVELLS TOWNSHIP,JANET DUNNING,"8405 TWIN BRIDGE ROAD,GRAYLING,MI,49738",MONDAY 24HR;TUESDAY 24HR;WEDNESDAY 24HR;THURSDAY 24HR;FRIDAY 24HR;SATURDAY 24HR;SUNDAY 24HR;
HOUGHTON,HANCOCK TOWNSHIP,AMY MAKI,"54660 STATE HIGHWAY M203,HANCOCK,MI,49930",MONDAY 24HR;TUESDAY 24HR;WEDNESDAY 24HR;THURSDAY 24HR;FRIDAY 24HR;SATURDAY 24HR;SUNDAY 24HR;
LAKE,EDEN TOWNSHIP,BARBARA CHARNES,"5837 W. 10 1/2 MILE ROAD,IRONS,MI,49644",MONDAY 24HR;TUESDAY 24HR;WEDNESDAY 24HR;THURSDAY 24HR;FRIDAY 24HR;SATURDAY 24HR;SUNDAY 24HR;
LAKE,ELK TOWNSHIP,KAREN FICKIES,"8966 BASS LAKE RD.,,IRONS,MI,49644",MONDAY 24HR;TUESDAY 24HR;WEDNESDAY 24HR;THURSDAY 24HR;FRIDAY 24HR;SATURDAY 24HR;SUNDAY 24HR;
MONTMORENCY,AVERY TOWNSHIP,REBECCA SMITH,"11010 McMurphy Rd,Atlanta,MI,49709",24/7
MONTMORENCY,AVERY TOWNSHIP,REBECCA SMITH,"11010 MCMURPHY ROAD,ATLANTA,MI,49709",MONDAY 24HR;TUESDAY 24HR;WEDNESDAY 24HR;THURSDAY 24HR;FRIDAY 24HR;
MONTMORENCY,RUST TOWNSHIP,CARLEEN KLEIN,"23390 COHOON RD,HILLMAN,MI,49746",MONDAY 24HR;TUESDAY 24HR;WEDNESDAY 24HR;THURSDAY 24HR;FRIDAY 24HR;SATURDAY 24HR;SUNDAY 24HR;
CHARLEVOIX,PEAINE TOWNSHIP,CARLA MARTIN,"36825 KINGS HWY,BEAVER ISLAND,MI,49782",MONDAY 24HR;TUESDAY 24HR;WEDNESDAY 24HR;THURSDAY 24HR;FRIDAY 24HR;SATURDAY 24HR;SUNDAY 24HR;
WASHTENAW,CHELSEA CITY,LYN SEBESTYEN,"305 S. MAIN ST. STE. 100,CHELSEA,MI,48118",MONDAY 24HR;TUESDAY 24HR;WEDNESDAY 24HR;THURSDAY 24HR;FRIDAY 24HR;SATURDAY 24HR;SUNDAY 24HR;
OAKLAND,VILLAGE OF CLARKSTON CITY,ANGELA GUILLEN,"375 DEPOT RD,CLARKSTON,MI,48346",MONDAY 24HR;TUESDAY 24HR;WEDNESDAY 24HR;THURSDAY 24HR;FRIDAY 24HR;SATURDAY 24HR;SUNDAY 24HR;
SAGINAW,BUENA VISTA CHARTER TOWNSHIP,ALETHEA NICHOLS-TAYLOR,"3945 E. HOLLAND,SAGINAW,MI,48601",MONDAY 24HR;TUESDAY 24HR;WEDNESDAY 24HR;THURSDAY 24HR;FRIDAY 24HR;SATURDAY 24HR;
ALLEGAN,VILLAGE OF DOUGLAS CITY,LAURA KASPER,"415 WEST WILEY RD, SUITE 103,DOUGLAS,MI,49406",MONDAY 24HR;TUESDAY 24HR;WEDNESDAY 24HR;THURSDAY 24HR;FRIDAY 24HR;SATURDAY 24HR;SUNDAY 24HR;
WAYNE,GROSSE POINTE SHORES CITY,COURTNEY SMITH,"795 LAKE SHORE ROAD,GROSSE POINTE SHORES,MI,48236",MONDAY 24HR;TUESDAY 24HR;WEDNESDAY 24HR;THURSDAY 24HR;FRIDAY 24HR;SATURDAY 24HR;SUNDAY 24HR;
TUSCOLA,CARO CITY,RITA PAPP,"317 S. STATE STREET CARO, MI 48723,CARO,MI,48723",MONDAY 24HR;TUESDAY 24HR;WEDNESDAY 24HR;THURSDAY 24HR;FRIDAY 24HR;SATURDAY 24HR;SUNDAY 24HR;
HURON,CASEVILLE CITY,JAMIE LEARMAN,"6767 MAIN ST,CASEVILLE,MI,48725",MONDAY 24HR;TUESDAY 24HR;WEDNESDAY 24HR;THURSDAY 24HR;FRIDAY 24HR;SATURDAY 24HR;SUNDAY 24HR;
HILLSDALE,JONESVILLE CITY,LANAE BAKER,"265 E. CHICAGO ST.,MULTIPURPOSE DROP BOX.,JONESVILLE,MI,49250",MONDAY 24HR;TUESDAY 24HR;WEDNESDAY 24HR;THURSDAY 24HR;FRIDAY 24HR;SATURDAY 24HR;SUNDAY 24HR;
WASHTENAW,DEXTER CITY,JENNA KUICK,"3515 BROAD ST.,DEXTER,MI,48130",MONDAY 9:00AM - 5:00PM;TUESDAY 9:00AM - 5:00PM;WEDNESDAY 9:00AM - 5:00PM;THURSDAY 9:00AM - 5:00PM;FRIDAY 9:00AM - 5:00PM;
CLINTON,OVID CITY,SUSAN TOMASEK SWAN,"114 E. FRONT STREET,OVID,MI,48866",MONDAY 24HR;TUESDAY 24HR;WEDNESDAY 24HR;THURSDAY 24HR;FRIDAY 24HR;SATURDAY 24HR;SUNDAY 24HR;
WASHTENAW,MANCHESTER CITY,BRITTANY KUHNLE,"912 CITY RD,MANCHESTER,MI,48158",MONDAY 24HR;TUESDAY 24HR;WEDNESDAY 24HR;THURSDAY 24HR;FRIDAY 24HR;SATURDAY 24HR;SUNDAY 24HR;

