GEOGRAPHIC_COUNTY_NAME,JURISDICTION,PRECINCT,LOCATION,GEO_LOCATION
ALCONA COUNTY,ALCONA TOWNSHIP ,     PRECINCT 1,"Permanent Polling Location
ALCONA TOWNSHIP HALL
5576 U.S. 23 SOUTH
BLACK RIVER MI 48721

Handicap Accessable:
Y
","Temporary Polling Location




Handicap Accessable: 
"
ALCONA COUNTY,CALEDONIA TOWNSHIP ,     PRECINCT 1,"Permanent Polling Location
CALEDONIA TWP. HALL
6461 GILLARD RD.
SPRUCE MI 48762

Handicap Accessable:
Y
","Temporary Polling Location




Handicap Accessable: 
"
ALCONA COUNTY,CURTIS TOWNSHIP ,     PRECINCT 1,"Permanent Polling Location
GLENNIE UNITED METHODIST CHURCH
3264 S. STATE RD
GLENNIE MI 48737

Handicap Accessable:
Y
","Temporary Polling Location




Handicap Accessable: 
"
ALCONA COUNTY,GREENBUSH TOWNSHIP ,     PRECINCT 1,"Permanent Polling Location
GREENBUSH TWP HALL
5039 E. CAMPBELL STREET
GREENBUSH MI 48738

Handicap Accessable:
Y
","Temporary Polling Location




Handicap Accessable: 
"
ALCONA COUNTY,GUSTIN TOWNSHIP ,     PRECINCT 1,"Permanent Polling Location
GUSTIN TWP. HALL
113 S. SECOND ST.
LINCOLN MI 48742

Handicap Accessable:
Y
","Temporary Polling Location




Handicap Accessable: 
"
ALCONA COUNTY,HARRISVILLE CITY ,     PRECINCT 1,"Permanent Polling Location
CITY HALL
200 N. FIFTH ST.
HARRISVILLE MI 48740

Handicap Accessable:
Y
","Temporary Polling Location




Handicap Accessable: 
"
ALCONA COUNTY,HARRISVILLE TOWNSHIP ,     PRECINCT 1,"Permanent Polling Location
HARRISVILLE TWP.HALL
114 S. POOR FARM RD.
HARRISVILLE MI 48740

Handicap Accessable:
Y
","Temporary Polling Location




Handicap Accessable: 
"
ALCONA COUNTY,HAWES TOWNSHIP ,     PRECINCT 1,"Permanent Polling Location
VFW HALL POST 8135
2120 W. TRASK LAKE RD.
BARTON CITY MI 48705

Handicap Accessable:
Y
","Temporary Polling Location




Handicap Accessable: 
"
ALCONA COUNTY,HAYNES TOWNSHIP ,     PRECINCT 1,"Permanent Polling Location
HAYNES TWP. HALL
3930 E. MCNEIL RD.
LINCOLN MI 48742

Handicap Accessable:
Y
","Temporary Polling Location




Handicap Accessable: 
"
ALCONA COUNTY,MIKADO TOWNSHIP ,     PRECINCT 1,"Permanent Polling Location
MIKADO TWP. HALL
2291 S. F-41, POB 60
MIKADO MI 48745

Handicap Accessable:
Y
","Temporary Polling Location




Handicap Accessable: 
"
ALCONA COUNTY,MILLEN TOWNSHIP ,     PRECINCT 1,"Permanent Polling Location
F.O.E. HALL
671 SANBORN RD.
BARTON CITY MI 48705

Handicap Accessable:
Y
","Temporary Polling Location




Handicap Accessable: 
"
ALCONA COUNTY,MITCHELL TOWNSHIP ,     PRECINCT 1,"Permanent Polling Location
MITCHELL TWP HALL
6849 W. TOWER ROAD
CURRAN MI 48728

Handicap Accessable:
Y
","Temporary Polling Location




Handicap Accessable: 
"
ALGER COUNTY,AU TRAIN TOWNSHIP ,     PRECINCT 1,"Permanent Polling Location
COMMUNITY BUILDING
N7569 SPRUCE ST
AU TRAIN MI 49806

Handicap Accessable:
Y
","Temporary Polling Location




Handicap Accessable: 
"
ALGER COUNTY,BURT TOWNSHIP ,     PRECINCT 1,"Permanent Polling Location
COMMUNITY BUILDING
E21738 BRAZEL ST
GRAND MARAIS MI 49839

Handicap Accessable:
Y
","Temporary Polling Location




Handicap Accessable: 
"
ALGER COUNTY,GRAND ISLAND TOWNSHIP ,     PRECINCT 1,"Permanent Polling Location
7TH DAY ADVEN SCHOOL
E8799 M-28 WEST
MUNISING MI 49862

Handicap Accessable:
Y
","Temporary Polling Location




Handicap Accessable: 
"
ALGER COUNTY,LIMESTONE TOWNSHIP ,     PRECINCT 1,"Permanent Polling Location
TOWNSHIP HALL
N3010 STATE RD 67
CHATHAM MI 49816

Handicap Accessable:
Y
","Temporary Polling Location




Handicap Accessable: 
"
ALGER COUNTY,MATHIAS TOWNSHIP ,     PRECINCT 1,"Permanent Polling Location
COMMUNITY BUILDING
E2997 STATE RD 67
TRENARY MI 49891

Handicap Accessable:
N
","Temporary Polling Location




Handicap Accessable: 
"
ALGER COUNTY,MUNISING CITY ,     PRECINCT 1,"Permanent Polling Location
CITY HALL BUILDING
301 E. SUPERIOR STREET
MUNISING MI 49862

Handicap Accessable:
Y
","Temporary Polling Location




Handicap Accessable: 
"
ALGER COUNTY,MUNISING TOWNSHIP ,     PRECINCT 1,"Permanent Polling Location
MUNISING TWP OFFICE
E9630 PROSPECT ST
WETMORE MI 49895

Handicap Accessable:
Y
","Temporary Polling Location




Handicap Accessable: 
"
ALGER COUNTY,ONOTA TOWNSHIP ,     PRECINCT 1,"Permanent Polling Location
TOWNSHIP HALL
E1461 DEERTON-SAND LAKE RD
DEERTON MI 49822

Handicap Accessable:
Y
","Temporary Polling Location




Handicap Accessable: 
"
ALGER COUNTY,ROCK RIVER TOWNSHIP ,     PRECINCT 1,"Permanent Polling Location
TOWNSHIP HALL
E3667 STATE RD 94 - P.O. BOX 195
CHATHAM MI 49816

Handicap Accessable:
Y
","Temporary Polling Location




Handicap Accessable: 
"
ALLEGAN COUNTY,ALLEGAN CITY ,     PRECINCT 1,"Permanent Polling Location
ALLEGAN CITY HALL COUNCIL CHAMBERS
231 TROWBRIDGE ST
ALLEGAN MI 49010

Handicap Accessable:
Y
","Temporary Polling Location




Handicap Accessable: 
"
ALLEGAN COUNTY,ALLEGAN TOWNSHIP ,     PRECINCT 1,"Permanent Polling Location
ALLEGAN TWP HALL
3037 118TH AVENUE
ALLEGAN MI 49010

Handicap Accessable:
Y
","Temporary Polling Location




Handicap Accessable: 
"
ALLEGAN COUNTY,CASCO TOWNSHIP ,     PRECINCT 1,"Permanent Polling Location
CASCO TOWNSHIP HALL
7104 107TH AVE
SOUTH HAVEN MI 49090

Handicap Accessable:
Y
(CORNER OF 71ST & 107AVE)","Temporary Polling Location




Handicap Accessable: 
"
ALLEGAN COUNTY,CHESHIRE TOWNSHIP ,     PRECINCT 1,"Permanent Polling Location
CHESHIRE TOWNSHIP HALL
471 41ST ST
ALLEGAN MI 49010

Handicap Accessable:
Y
(CORNER OF 104TH AVENUE & 41ST STREET)","Temporary Polling Location




Handicap Accessable: 
"
ALLEGAN COUNTY,CLYDE TOWNSHIP ,     PRECINCT 1,"Permanent Polling Location
CLYDE TOWNSHIP HALL
1679 56TH STREET
FENNVILLE MI 49408

Handicap Accessable:
Y
","Temporary Polling Location




Handicap Accessable: 
"
ALLEGAN COUNTY,DORR TOWNSHIP ,     PRECINCT 1,"Permanent Polling Location
DORR TWP COMPLEX
4196 18TH STREET
DORR MI 49323

Handicap Accessable:
Y
","Temporary Polling Location




Handicap Accessable: 
"
ALLEGAN COUNTY,DORR TOWNSHIP ,     PRECINCT 2,"Permanent Polling Location
DORR TOWNSHIP HALL
1683 142ND AVENUE
DORR MI 49323

Handicap Accessable:
Y
","Temporary Polling Location




Handicap Accessable: 
"
ALLEGAN COUNTY,DORR TOWNSHIP ,     PRECINCT 3,"Permanent Polling Location
DORR TOWNSHIP HALL
1683 142ND AVENUE
DORR MI 49323

Handicap Accessable:
Y
","Temporary Polling Location




Handicap Accessable: 
"
ALLEGAN COUNTY,FENNVILLE CITY ,     PRECINCT 1,"Permanent Polling Location
FENNVILLE CITY HALL
125 S MAPLE
FENNVILLE MI 49408

Handicap Accessable:
Y
","Temporary Polling Location




Handicap Accessable: 
"
ALLEGAN COUNTY,FILLMORE TOWNSHIP ,     PRECINCT 1,"Permanent Polling Location
FILLMORE TOWNSHIP HALL
4219 52ND STREET
HOLLAND MI 49423

Handicap Accessable:
Y
","Temporary Polling Location




Handicap Accessable: 
"
ALLEGAN COUNTY,GANGES TOWNSHIP ,     PRECINCT 1,"Permanent Polling Location
GANGES TOWNSHIP HALL
1904 64TH ST
FENNVILLE MI 49408

Handicap Accessable:
Y
(119TH AVENUE & 64TH STREET)","Temporary Polling Location




Handicap Accessable: 
"
ALLEGAN COUNTY,GUNPLAIN TOWNSHIP ,     PRECINCT 1,"Permanent Polling Location
GUN PLAIN TOWNSHIP
381 8TH ST
PLAINWELL MI 49080

Handicap Accessable:
Y
","Temporary Polling Location




Handicap Accessable: 
"
ALLEGAN COUNTY,HEATH TOWNSHIP ,     PRECINCT 1,"Permanent Polling Location
HEATH TWP HALL
3440 M-40
HAMILTON MI 49419

Handicap Accessable:
Y
","Temporary Polling Location




Handicap Accessable: 
"
ALLEGAN COUNTY,HEATH TOWNSHIP ,     PRECINCT 2,"Permanent Polling Location
HEATH TWP HALL
3440 M-40
HAMILTON MI 49419

Handicap Accessable:
Y
","Temporary Polling Location




Handicap Accessable: 
"
ALLEGAN COUNTY,HOPKINS TOWNSHIP ,     PRECINCT 1,"Permanent Polling Location
HOPKINS TOWNSHIP HALL
128 S. FRANKLIN STREET
HOPKINS MI 49328

Handicap Accessable:
Y
","Temporary Polling Location




Handicap Accessable: 
"
ALLEGAN COUNTY,LAKETOWN TOWNSHIP ,     PRECINCT 1,"Permanent Polling Location
LAKETOWN TWP HALL
4338 BEELINE ROAD
HOLLAND MI 49423

Handicap Accessable:
Y
","Temporary Polling Location




Handicap Accessable: 
"
ALLEGAN COUNTY,LAKETOWN TOWNSHIP ,     PRECINCT 2,"Permanent Polling Location
GFD STATION
4534 60TH STREET
HOLLAND MI 49423

Handicap Accessable:
Y
(GRAAFSCHAP FIRE DEPT STATION ON 60TH STREET)","Temporary Polling Location




Handicap Accessable: 
"
ALLEGAN COUNTY,LAKETOWN TOWNSHIP ,     PRECINCT 3,"Permanent Polling Location
LAKETOWN TWP HALL
4338 BEELINE ROAD
HOLLAND MI 49423

Handicap Accessable:
Y
","Temporary Polling Location




Handicap Accessable: 
"
ALLEGAN COUNTY,LEE TOWNSHIP ,     PRECINCT 1,"Permanent Polling Location
LEE TOWNSHIP HALL
877 56TH STREET
PULLMAN MI 49450

Handicap Accessable:
Y
","Temporary Polling Location




Handicap Accessable: 
"
ALLEGAN COUNTY,LEIGHTON TOWNSHIP ,     PRECINCT 1,"Permanent Polling Location
LEIGHTON TOWNSHIP HALL
4451 12TH ST
WAYLAND MI 49348

Handicap Accessable:
Y
(HALF MILE NORTH OF 144TH, ON EAST SIDE OF 12TH ST)","Temporary Polling Location




Handicap Accessable: 
"
ALLEGAN COUNTY,LEIGHTON TOWNSHIP ,     PRECINCT 2,"Permanent Polling Location
LEIGHTON TOWNSHIP HALL
4451 12TH ST
WAYLAND MI 49348

Handicap Accessable:
Y
(HALF MILE NORTH OF 144TH, ON EAST SIDE OF 12TH ST)","Temporary Polling Location




Handicap Accessable: 
"
ALLEGAN COUNTY,LEIGHTON TOWNSHIP ,     PRECINCT 3,"Permanent Polling Location
LEIGHTON TOWNSHIP HALL
4451 12TH ST
WAYLAND MI 49348

Handicap Accessable:
Y
(HALF MILE NORTH OF 144TH, ON EAST SIDE OF 12TH ST)","Temporary Polling Location




Handicap Accessable: 
"
ALLEGAN COUNTY,MANLIUS TOWNSHIP ,     PRECINCT 1,"Permanent Polling Location
MANLIUS TOWNSHIP HALL
3134 57TH STREET
FENNVILLE MI 49408

Handicap Accessable:
Y
","Temporary Polling Location




Handicap Accessable: 
"
ALLEGAN COUNTY,MARTIN TOWNSHIP ,     PRECINCT 1,"Permanent Polling Location
MARTIN TOWNSHIP HALL
998 TEMPLETON ST
MARTIN MI 49070

Handicap Accessable:
Y
","Temporary Polling Location




Handicap Accessable: 
"
ALLEGAN COUNTY,MONTEREY TOWNSHIP ,     PRECINCT 1,"Permanent Polling Location
MONTEREY COMM. BLDG.
2999 30TH ST
ALLEGAN MI 49010

Handicap Accessable:
Y
(CORNER OF130TH & 30TH)","Temporary Polling Location




Handicap Accessable: 
"
ALLEGAN COUNTY,OTSEGO CITY ,     PRECINCT 1,"Permanent Polling Location
OTSEGO CITY HALL
117 E ORLEANS STREET
OTSEGO MI 49078

Handicap Accessable:
Y
","Temporary Polling Location




Handicap Accessable: 
"
ALLEGAN COUNTY,OTSEGO TOWNSHIP ,     PRECINCT 1,"Permanent Polling Location
OTSEGO TOWNSHIP HALL
400 N. 16TH ST.
OTSEGO MI 49078

Handicap Accessable:
Y
","Temporary Polling Location




Handicap Accessable: 
"
ALLEGAN COUNTY,OTSEGO TOWNSHIP ,     PRECINCT 2,"Permanent Polling Location
OTSEGO TOWNSHIP HALL
400 N. 16TH ST.
OTSEGO MI 49078

Handicap Accessable:
Y
","Temporary Polling Location




Handicap Accessable: 
"
ALLEGAN COUNTY,OVERISEL TOWNSHIP ,     PRECINCT 1,"Permanent Polling Location
OVERISEL TOWNSHIP HALL
A-4307 144TH AVENUE
HOLLAND MI 49423

Handicap Accessable:
Y
","Temporary Polling Location




Handicap Accessable: 
"
ALLEGAN COUNTY,PLAINWELL CITY ,     PRECINCT 1,"Permanent Polling Location
PLAINWELL CITY HALL
211 N MAIN STREET
PLAINWELL MI 49080

Handicap Accessable:
Y
","Temporary Polling Location




Handicap Accessable: 
"
ALLEGAN COUNTY,SALEM TOWNSHIP ,     PRECINCT 1,"Permanent Polling Location
SALEM TOWNSHIP HALL
3003 142ND AVENUE
DORR MI 49323

Handicap Accessable:
Y
","Temporary Polling Location




Handicap Accessable: 
"
ALLEGAN COUNTY,SALEM TOWNSHIP ,     PRECINCT 2,"Permanent Polling Location
SALEM TOWNSHIP HALL
3003 142ND AVENUE
DORR MI 49323

Handicap Accessable:
Y
","Temporary Polling Location




Handicap Accessable: 
"
ALLEGAN COUNTY,SAUGATUCK CITY ,     PRECINCT 1,"Permanent Polling Location




Handicap Accessable:

","Temporary Polling Location
SAUGATUCK CITY HALL
102 BUTLER STREET
SAUGATUCK MI 49453

Handicap Accessable: Y
"
ALLEGAN COUNTY,SAUGATUCK TOWNSHIP ,     PRECINCT 1,"Permanent Polling Location
SAUGATUCK TOWNSHIP HALL
3461 BLUE STAR HWY
SAUGATUCK MI 49453

Handicap Accessable:
Y
(CORNER OF BLUE STAR AND CLEARBROOK DRIVE)","Temporary Polling Location




Handicap Accessable: 
"
ALLEGAN COUNTY,TROWBRIDGE TOWNSHIP ,     PRECINCT 1,"Permanent Polling Location
TROWBRIDGE TOWNSHIP HALL
913 32ND STREET
ALLEGAN MI 49010

Handicap Accessable:
Y
","Temporary Polling Location




Handicap Accessable: 
"
ALLEGAN COUNTY,VALLEY TOWNSHIP ,     PRECINCT 1,"Permanent Polling Location
TOWNSHIP HALL
2054 NORTH M-40
ALLEGAN MI 49010

Handicap Accessable:
Y
","Temporary Polling Location




Handicap Accessable: 
"
ALLEGAN COUNTY,VILLAGE OF DOUGLAS CITY ,     PRECINCT 1,"Permanent Polling Location
DOUGLAS CITY HALL
415 WEST WILEY RD, SUITE 103
DOUGLAS MI 49406

Handicap Accessable:
Y
","Temporary Polling Location




Handicap Accessable: 
"
ALLEGAN COUNTY,WATSON TOWNSHIP ,     PRECINCT 1,"Permanent Polling Location
WATSON TOWNSHIP HALL
1895 118TH AVENUE
ALLEGAN MI 49010

Handicap Accessable:
Y
","Temporary Polling Location




Handicap Accessable: 
"
ALLEGAN COUNTY,WAYLAND CITY ,     PRECINCT 1,"Permanent Polling Location
SAFETY COMPLEX BLDG
160 W. SUPERIOR ST
WAYLAND MI 49348

Handicap Accessable:
Y
","Temporary Polling Location




Handicap Accessable: 
"
ALLEGAN COUNTY,WAYLAND TOWNSHIP ,     PRECINCT 1,"Permanent Polling Location
WAYLAND TOWNSHIP HALL
1060 129TH AVENUE
BRADLEY MI 49311

Handicap Accessable:
Y
","Temporary Polling Location




Handicap Accessable: 
"
ALPENA COUNTY,ALPENA CITY ,     PRECINCT 1,"Permanent Polling Location
ALPENA EVENTS COMPLEX
701 WOODWARD AVENUE
ALPENA MI 49707

Handicap Accessable:
Y
","Temporary Polling Location




Handicap Accessable: 
"
ALPENA COUNTY,ALPENA CITY ,     PRECINCT 2,"Permanent Polling Location
1ST UNITED METHODIST
167 S RIPLEY BLVD
ALPENA MI 49707

Handicap Accessable:
Y
","Temporary Polling Location




Handicap Accessable: 
"
ALPENA COUNTY,ALPENA CITY ,     PRECINCT 3,"Permanent Polling Location
ST ANNE CHURCH PARISH CTR
817 SABLE ST
ALPENA MI 49707

Handicap Accessable:
Y
","Temporary Polling Location




Handicap Accessable: 
"
ALPENA COUNTY,ALPENA TOWNSHIP ,     PRECINCT 1,"Permanent Polling Location
ALPENA TWP OFFICES
4385 US 23 NORTH
ALPENA MI 49707

Handicap Accessable:
Y
","Temporary Polling Location




Handicap Accessable: 
"
ALPENA COUNTY,ALPENA TOWNSHIP ,     PRECINCT 2,"Permanent Polling Location
WORD OF LIFE CHURCH
1900 N BAGLEY STREET
ALPENA MI 49707

Handicap Accessable:
Y
","Temporary Polling Location




Handicap Accessable: 
"
ALPENA COUNTY,ALPENA TOWNSHIP ,     PRECINCT 3,"Permanent Polling Location
WORD OF LIFE CHURCH
1900 N BAGLEY STREET
ALPENA MI 49707

Handicap Accessable:
Y
","Temporary Polling Location




Handicap Accessable: 
"
ALPENA COUNTY,ALPENA TOWNSHIP ,     PRECINCT 4,"Permanent Polling Location
TRIPOINT CHURCH OF GOD
500 S. BROOKE STREET
ALPENA MI 49707

Handicap Accessable:
Y
","Temporary Polling Location




Handicap Accessable: 
"
ALPENA COUNTY,GREEN TOWNSHIP ,     PRECINCT 1,"Permanent Polling Location
GREEN TWP HALL
14995 M 32 W
LACHINE MI 49753

Handicap Accessable:
Y
","Temporary Polling Location




Handicap Accessable: 
"
ALPENA COUNTY,LONG RAPIDS TOWNSHIP ,     PRECINCT 1,"Permanent Polling Location
EMERGENCY FACILITY
5310 M=65 NORTH
LACHINE MI 49753

Handicap Accessable:
Y
","Temporary Polling Location




Handicap Accessable: 
"
ALPENA COUNTY,MAPLE RIDGE TOWNSHIP ,     PRECINCT 1,"Permanent Polling Location
MAPLE RIDGE TWP HALL
6000 LACOMB RD
ALPENA MI 49707

Handicap Accessable:
Y
","Temporary Polling Location




Handicap Accessable: 
"
ALPENA COUNTY,OSSINEKE TOWNSHIP ,     PRECINCT 1,"Permanent Polling Location
OSSINEKE TWP HALL
9041 NICHOLSON HILL ROAD
OSSINEKE MI 49765

Handicap Accessable:
Y
","Temporary Polling Location




Handicap Accessable: 
"
ALPENA COUNTY,SANBORN TOWNSHIP ,     PRECINCT 1,"Permanent Polling Location
SANBORN TWP HALL
12025 US HIGHWAY 23 S
OSSINEKE MI 49766

Handicap Accessable:
Y
","Temporary Polling Location




Handicap Accessable: 
"
ALPENA COUNTY,WELLINGTON TOWNSHIP ,     PRECINCT 1,"Permanent Polling Location
WELLINGTON TWP HALL
15616 LONG RAPIDS RD
LACHINE MI 49753

Handicap Accessable:
Y
(CORNER OF LONG RAPIDS RD AND COLLINS)","Temporary Polling Location




Handicap Accessable: 
"
ALPENA COUNTY,WILSON TOWNSHIP ,     PRECINCT 1,"Permanent Polling Location
WILSON TWP HALL
3746 KING SETTLEMENT ROAD
ALPENA MI 49707

Handicap Accessable:
Y
","Temporary Polling Location




Handicap Accessable: 
"
ANTRIM COUNTY,BANKS TOWNSHIP ,     PRECINCT 1,"Permanent Polling Location
VILLAGE HALL
6520 CENTER ST
ELLSWORTH MI 49729

Handicap Accessable:
Y
","Temporary Polling Location




Handicap Accessable: 
"
ANTRIM COUNTY,CENTRAL LAKE TOWNSHIP ,     PRECINCT 1,"Permanent Polling Location
GOVERNMENT CENTER
1622 N M-88 HWY
CENTRAL LAKE MI 49622

Handicap Accessable:
Y
(SOUTH OF CENTRAL LAKE VILLAGE ON M-88)","Temporary Polling Location




Handicap Accessable: 
"
ANTRIM COUNTY,CHESTONIA TOWNSHIP ,     PRECINCT 1,"Permanent Polling Location
CHESTONIA TOWNSHIP LIBRARY
3995 SECOND ST
ALBA MI 49611

Handicap Accessable:
Y
(ALBA LIBRARY - NEXT TO THE POST OFFICE)","Temporary Polling Location




Handicap Accessable: 
"
ANTRIM COUNTY,CUSTER TOWNSHIP ,     PRECINCT 1,"Permanent Polling Location
CUSTER TOWNSHIP HALL
2949 ALDEN HWY
MANCELONA MI 49659

Handicap Accessable:
Y
","Temporary Polling Location




Handicap Accessable: 
"
ANTRIM COUNTY,ECHO TOWNSHIP ,     PRECINCT 1,"Permanent Polling Location
ECHO TOWNSHIP HALL
1720 SIX MILE LAKE RD
EAST JORDAN MI 49727

Handicap Accessable:
Y
","Temporary Polling Location




Handicap Accessable: 
"
ANTRIM COUNTY,ELK RAPIDS TOWNSHIP ,     PRECINCT 1,"Permanent Polling Location
GOVERNMENTAL CENTER
315 BRIDGE ST.
ELK RAPIDS MI 49629

Handicap Accessable:
Y
","Temporary Polling Location




Handicap Accessable: 
"
ANTRIM COUNTY,FOREST HOME TOWNSHIP ,     PRECINCT 1,"Permanent Polling Location
FOREST HOME TWN HALL
321 N BRIDGE ST
BELLAIRE MI 49615

Handicap Accessable:
Y
","Temporary Polling Location




Handicap Accessable: 
"
ANTRIM COUNTY,HELENA TOWNSHIP ,     PRECINCT 1,"Permanent Polling Location
COMMUNITY CENTER
8751 HELENA RD
ALDEN MI 49612

Handicap Accessable:
Y
","Temporary Polling Location




Handicap Accessable: 
"
ANTRIM COUNTY,JORDAN TOWNSHIP ,     PRECINCT 1,"Permanent Polling Location
JORDAN TWN. HALL
2647 MT. BLISS ROAD
EAST JORDAN MI 49727

Handicap Accessable:
Y
","Temporary Polling Location




Handicap Accessable: 
"
ANTRIM COUNTY,KEARNEY TOWNSHIP ,     PRECINCT 1,"Permanent Polling Location
KEARNEY TWP HALL
4820 AERO PARK DR
BELLAIRE MI 49615

Handicap Accessable:
Y
","Temporary Polling Location




Handicap Accessable: 
"
ANTRIM COUNTY,MANCELONA TOWNSHIP ,     PRECINCT 1,"Permanent Polling Location
MANCELONA TWP. HALL
9610 S M-88 HIGHWAY
MANCELONA MI 49659

Handicap Accessable:
Y
(JUST SOUTH OF THE VILLAGE OF MANCELONA ON M-88)","Temporary Polling Location




Handicap Accessable: 
"
ANTRIM COUNTY,MANCELONA TOWNSHIP ,     PRECINCT 2,"Permanent Polling Location
MANCELONA TWP. HALL
9610 S M-88 HIGHWAY
MANCELONA MI 49659

Handicap Accessable:
Y
(JUST SOUTH OF THE VILLAGE OF MANCELONA ON M-88)","Temporary Polling Location




Handicap Accessable: 
"
ANTRIM COUNTY,MILTON TOWNSHIP ,     PRECINCT 1,"Permanent Polling Location
MILTON TOWNSHIP HALL
7023 CHERRY AVE
KEWADIN MI 49648

Handicap Accessable:
Y
","Temporary Polling Location




Handicap Accessable: 
"
ANTRIM COUNTY,STAR TOWNSHIP ,     PRECINCT 1,"Permanent Polling Location
STAR TOWNSHIP HALL
6775 ALBA HWY
ALBA MI 49611

Handicap Accessable:
Y
","Temporary Polling Location




Handicap Accessable: 
"
ANTRIM COUNTY,TORCH LAKE TOWNSHIP ,     PRECINCT 1,"Permanent Polling Location
TORCH LAKE TWP HALL
2355 N. US 31
KEWADIN MI 49648

Handicap Accessable:
Y
","Temporary Polling Location




Handicap Accessable: 
"
ANTRIM COUNTY,WARNER TOWNSHIP ,     PRECINCT 1,"Permanent Polling Location
WARNER TOWN HALL
2434 RAY ST
ELMIRA MI 49730

Handicap Accessable:
Y
","Temporary Polling Location




Handicap Accessable: 
"
ARENAC COUNTY,ADAMS TOWNSHIP ,     PRECINCT 1,"Permanent Polling Location
ADAMS TWP.HALL
6600 STERLING ROAD
STERLING MI 48659

Handicap Accessable:
Y
","Temporary Polling Location




Handicap Accessable: 
"
ARENAC COUNTY,ARENAC TOWNSHIP ,     PRECINCT 1,"Permanent Polling Location
ARENAC TWP HALL
2596 STATE ROAD
STANDISH MI 48658

Handicap Accessable:
Y
","Temporary Polling Location




Handicap Accessable: 
"
ARENAC COUNTY,AU GRES CITY ,     PRECINCT 1,"Permanent Polling Location
AU GRES CITY HALL
124 W. HURON ST.
AUGRES MI 48703

Handicap Accessable:
Y
","Temporary Polling Location




Handicap Accessable: 
"
ARENAC COUNTY,AU GRES TOWNSHIP ,     PRECINCT 1,"Permanent Polling Location
AUGRES TWP. HALL
1865 S. SWENSON
AUGRES MI 48703

Handicap Accessable:
Y
","Temporary Polling Location




Handicap Accessable: 
"
ARENAC COUNTY,CLAYTON TOWNSHIP ,     PRECINCT 1,"Permanent Polling Location
CLAYTON TWP. HALL
1057 DOBLER ROAD
STERLING MI 48659

Handicap Accessable:
Y
","Temporary Polling Location




Handicap Accessable: 
"
ARENAC COUNTY,DEEP RIVER TOWNSHIP ,     PRECINCT 1,"Permanent Polling Location
DEEP RIVER TWP. HALL
511 E. STATE ST
STERLING MI 48659

Handicap Accessable:
Y
","Temporary Polling Location




Handicap Accessable: 
"
ARENAC COUNTY,LINCOLN TOWNSHIP ,     PRECINCT 1,"Permanent Polling Location
LINCOLN TWP HALL
5173 JOHNSFIELD  ROAD
STANDISH MI 48658

Handicap Accessable:
Y
","Temporary Polling Location




Handicap Accessable: 
"
ARENAC COUNTY,MASON TOWNSHIP ,     PRECINCT 1,"Permanent Polling Location
MASON TWP HALL
1225 MAPLE RIDGE ROAD
TWINING MI 48766

Handicap Accessable:
Y
","Temporary Polling Location




Handicap Accessable: 
"
ARENAC COUNTY,MOFFATT TOWNSHIP ,     PRECINCT 1,"Permanent Polling Location
MOFFATT TOWNSHIP FIRE HALL
1590 M76
ALGER MI 48610

Handicap Accessable:
Y
","Temporary Polling Location




Handicap Accessable: 
"
ARENAC COUNTY,OMER CITY ,     PRECINCT 1-1,"Permanent Polling Location
OMER CITY HALL
201 E. CENTER ST.
OMER MI 48749

Handicap Accessable:
Y
","Temporary Polling Location




Handicap Accessable: 
"
ARENAC COUNTY,SIMS TOWNSHIP ,     PRECINCT 1,"Permanent Polling Location
SIMS TWP. HALL
4489 E. HURON RD.
AUGRES MI 48703

Handicap Accessable:
Y
","Temporary Polling Location




Handicap Accessable: 
"
ARENAC COUNTY,STANDISH CITY ,     PRECINCT 1,"Permanent Polling Location
STANDISH CITY HALL
399 E. BEAVER ST.
STANDISH MI 48658

Handicap Accessable:
Y
","Temporary Polling Location




Handicap Accessable: 
"
ARENAC COUNTY,STANDISH TOWNSHIP ,     PRECINCT 1,"Permanent Polling Location
STANDISH TWP.HALL
4997 ARENAC STATE ROAD
STANDISH MI 48658

Handicap Accessable:
Y
","Temporary Polling Location




Handicap Accessable: 
"
ARENAC COUNTY,TURNER TOWNSHIP ,     PRECINCT 1,"Permanent Polling Location
TURNER TWP. HALL
110 PARK ST.
TURNER MI 48765

Handicap Accessable:
Y
","Temporary Polling Location




Handicap Accessable: 
"
ARENAC COUNTY,WHITNEY TOWNSHIP ,     PRECINCT 1,"Permanent Polling Location
WHITNEY TWP HALL
1515 N. HURON
TAWAS CITY MI 48763

Handicap Accessable:
Y
","Temporary Polling Location




Handicap Accessable: 
"
BARAGA COUNTY,ARVON TOWNSHIP ,     PRECINCT 1,"Permanent Polling Location
SKANEE
20986 TOWN ROAD
SKANEE MI 49962

Handicap Accessable:
N
","Temporary Polling Location




Handicap Accessable: 
"
BARAGA COUNTY,BARAGA TOWNSHIP ,     PRECINCT 1,"Permanent Polling Location
BARAGA TOWNSHIP HALL
13919 STATE HWY M-38
BARAGA MI 49908

Handicap Accessable:
Y
","Temporary Polling Location




Handicap Accessable: 
"
BARAGA COUNTY,BARAGA TOWNSHIP ,     PRECINCT 2,"Permanent Polling Location
BARAGA TOWNSHIP HALL
13919 STATE HWY M-38
BARAGA MI 49908

Handicap Accessable:
Y
","Temporary Polling Location




Handicap Accessable: 
"
BARAGA COUNTY,COVINGTON TOWNSHIP ,     PRECINCT 1,"Permanent Polling Location
COVINGTON MULTIPURPO
12898 M-28
WATTON MI 49970

Handicap Accessable:
Y
(SOUTH OF M28, WEST OF SCHOOL RD & EAST OF JOHNSON)","Temporary Polling Location




Handicap Accessable: 
"
BARAGA COUNTY,LANSE TOWNSHIP ,     PRECINCT 1,"Permanent Polling Location
LANSE TOWNSHIP HALL
126 N MAIN ST
LANSE MI 49946

Handicap Accessable:
Y
(CORNER OF DIVISION & MAIN)","Temporary Polling Location




Handicap Accessable: 
"
BARAGA COUNTY,SPURR TOWNSHIP ,     PRECINCT 1,"Permanent Polling Location
SPURR TOWNSHIP HALL-NEW
29257 US HWY 41
MICHIGAMME MI 49861

Handicap Accessable:
Y
","Temporary Polling Location




Handicap Accessable: 
"
BARRY COUNTY,ASSYRIA TOWNSHIP ,     PRECINCT 1,"Permanent Polling Location
ASSYRIA TWP HALL
8094 TASKER ROAD
BELLEVUE MI 49021

Handicap Accessable:
Y
(TAKE M-66 NORTH FROM BATTLE CREEK ABOUT 7 MILES TILL YOU COME TO TASKER RD, TAKE LEFT, HALL IS ON THE RIGHT 1/4 MILE)","Temporary Polling Location




Handicap Accessable: 
"
BARRY COUNTY,BALTIMORE TOWNSHIP ,     PRECINCT 1,"Permanent Polling Location
BALTIMORE TWP HALL
3100 E DOWLING ROAD
HASTINGS MI 49058

Handicap Accessable:
Y
(M-37 SOUTH)","Temporary Polling Location




Handicap Accessable: 
"
BARRY COUNTY,BARRY TOWNSHIP ,     PRECINCT 1,"Permanent Polling Location
BARRY TWP HALL
155 E. ORCHARD STREET
DELTON MI 49046

Handicap Accessable:
Y
(TOWNSHIP HALL)","Temporary Polling Location




Handicap Accessable: 
"
BARRY COUNTY,CARLTON TOWNSHIP ,     PRECINCT 1,"Permanent Polling Location
CARLTON TWP HALL
85 WELCOME ROAD
HASTINGS MI 49058

Handicap Accessable:
Y
(OLD WELCOME SCHOOL)","Temporary Polling Location




Handicap Accessable: 
"
BARRY COUNTY,CASTLETON TOWNSHIP ,     PRECINCT 1,"Permanent Polling Location
CASTLETON TWP HALL
915 REED STREET
NASHVILLE MI 49073

Handicap Accessable:
Y
(TOWNSHIP HALL)","Temporary Polling Location




Handicap Accessable: 
"
BARRY COUNTY,HASTINGS CITY ,     PRECINCT 1,"Permanent Polling Location
HASTINGS FIRST BAPTIST CHURCH
309 E WOODLAWN AVE
HASTINGS MI 49058

Handicap Accessable:
Y
","Temporary Polling Location




Handicap Accessable: 
"
BARRY COUNTY,HASTINGS CITY ,     PRECINCT 2,"Permanent Polling Location
HASTINGS FIRST BAPTIST CHURCH
309 E WOODLAWN AVE
HASTINGS MI 49058

Handicap Accessable:
Y
","Temporary Polling Location




Handicap Accessable: 
"
BARRY COUNTY,HASTINGS CITY ,     PRECINCT 3,"Permanent Polling Location
HASTINGS FIRST BAPTIST CHURCH
309 E WOODLAWN AVE
HASTINGS MI 49058

Handicap Accessable:
Y
","Temporary Polling Location




Handicap Accessable: 
"
BARRY COUNTY,HASTINGS CITY ,     PRECINCT 4,"Permanent Polling Location
HASTINGS FIRST BAPTIST CHURCH
309 E WOODLAWN AVE
HASTINGS MI 49058

Handicap Accessable:
Y
","Temporary Polling Location




Handicap Accessable: 
"
BARRY COUNTY,HASTINGS TOWNSHIP ,     PRECINCT 1,"Permanent Polling Location
HASTINGS CHARTER TWP
885 RIVER ROAD
HASTINGS MI 49058

Handicap Accessable:
Y
(TOWNSHIP HALL)","Temporary Polling Location




Handicap Accessable: 
"
BARRY COUNTY,HOPE TOWNSHIP ,     PRECINCT 1,"Permanent Polling Location
HOPE TWP HALL
5463 S. M-43 HIGHWAY
HASTINGS MI 49058

Handicap Accessable:
Y
(TOWNSHIP HALL M-43)","Temporary Polling Location




Handicap Accessable: 
"
BARRY COUNTY,IRVING TOWNSHIP ,     PRECINCT 1,"Permanent Polling Location
IRVING TWP HALL
3425 WING RD
HASTINGS MI 49058

Handicap Accessable:
Y
(CORNER OF WOODSCHOOL & WING ROADS TOWNSHIP HALL)","Temporary Polling Location




Handicap Accessable: 
"
BARRY COUNTY,JOHNSTOWN TOWNSHIP ,     PRECINCT 1,"Permanent Polling Location
JOHNSTOWN TWP HALL
13641 S M 37 HWY
BATTLE CREEK MI 49017

Handicap Accessable:
Y
(M-37 SOUTH TOWNSHIP HALL)","Temporary Polling Location




Handicap Accessable: 
"
BARRY COUNTY,MAPLE GROVE TOWNSHIP ,     PRECINCT 1,"Permanent Polling Location
MAPLE GROVE TWP HALL
721 DURKEE STREET
NASHVILLE MI 49073

Handicap Accessable:
Y
(TOWNSHIP HALL)","Temporary Polling Location




Handicap Accessable: 
"
BARRY COUNTY,ORANGEVILLE TOWNSHIP ,     PRECINCT 1,"Permanent Polling Location
ORANGEVILLE TWP HALL
7350 LINDSEY ROAD
PLAINWELL MI 49080

Handicap Accessable:
Y
","Temporary Polling Location




Handicap Accessable: 
"
BARRY COUNTY,PRAIRIEVILLE TOWNSHIP ,     PRECINCT 1,"Permanent Polling Location
PRAIRIEVILLE TWP HAL
10115 NORRIS ROAD
DELTON MI 49046

Handicap Accessable:
Y
(TOWNSHIP HALL)","Temporary Polling Location




Handicap Accessable: 
"
BARRY COUNTY,RUTLAND TOWNSHIP ,     PRECINCT 1,"Permanent Polling Location
RUTLAND CHARTER TWP
2461 HEATH ROAD
HASTINGS MI 49058

Handicap Accessable:
Y
(TOWNSHIP HALL)","Temporary Polling Location




Handicap Accessable: 
"
BARRY COUNTY,RUTLAND TOWNSHIP ,     PRECINCT 2,"Permanent Polling Location
RUTLAND CHARTER TWP
2461 HEATH ROAD
HASTINGS MI 49058

Handicap Accessable:
Y
(TOWNSHIP HALL)","Temporary Polling Location




Handicap Accessable: 
"
BARRY COUNTY,THORNAPPLE TOWNSHIP ,     PRECINCT 1,"Permanent Polling Location
THORNAPPLE TWP ES
128 HIGH STREET
MIDDLEVILLE MI 49333

Handicap Accessable:
Y
(THORNAPPLE TWP EMERGENCY SERVICES BLDG)","Temporary Polling Location




Handicap Accessable: 
"
BARRY COUNTY,THORNAPPLE TOWNSHIP ,     PRECINCT 2,"Permanent Polling Location
THORNAPPLE TWP HALL
200 E. MAIN STREET
MIDDLEVILLE MI 49333

Handicap Accessable:
Y
(TOWNSHIP HALL)","Temporary Polling Location




Handicap Accessable: 
"
BARRY COUNTY,THORNAPPLE TOWNSHIP ,     PRECINCT 3,"Permanent Polling Location
VILLAGE HALL
100 E MAIN ST
MIDDLEVILLE MI 49333

Handicap Accessable:
Y
","Temporary Polling Location




Handicap Accessable: 
"
BARRY COUNTY,WOODLAND TOWNSHIP ,     PRECINCT 1,"Permanent Polling Location
WOODLAND TWP HALL
156 S. MAIN STREET
WOODLAND MI 48897

Handicap Accessable:
Y
(FIRE STATION & TOWNSHIP HALL)","Temporary Polling Location




Handicap Accessable: 
"
BARRY COUNTY,YANKEE SPRINGS TOWNSHIP ,     PRECINCT 1,"Permanent Polling Location
YANKEE SPRINGS TWP
284 N. BRIGGS ROAD
MIDDLEVILLE MI 49333-8629

Handicap Accessable:
Y
(TOWNSHIP HALL)","Temporary Polling Location




Handicap Accessable: 
"
BARRY COUNTY,YANKEE SPRINGS TOWNSHIP ,     PRECINCT 2,"Permanent Polling Location
YST FIRE STATION
1425 S PAYNE LAKE RD
WAYLAND MI 49333-8629

Handicap Accessable:
Y
","Temporary Polling Location




Handicap Accessable: 
"
BAY COUNTY,AUBURN CITY ,     PRECINCT 1,"Permanent Polling Location
CITY  HALL
113  E  ELM
AUBURN MI 48611

Handicap Accessable:
Y
","Temporary Polling Location




Handicap Accessable: 
"
BAY COUNTY,BANGOR TOWNSHIP ,     PRECINCT 1,"Permanent Polling Location
N.EUCLID CHURCH GOD
3430 N. EUCLID
BAY CITY MI 48706

Handicap Accessable:
Y
","Temporary Polling Location




Handicap Accessable: 
"
BAY COUNTY,BANGOR TOWNSHIP ,     PRECINCT 2,"Permanent Polling Location
TOWNSHIP HALL
3921 WHEELER ROAD
BAY CITY MI 48706

Handicap Accessable:
Y
","Temporary Polling Location




Handicap Accessable: 
"
BAY COUNTY,BANGOR TOWNSHIP ,     PRECINCT 3,"Permanent Polling Location
TOWNSHIP HALL
3921 WHEELER ROAD
BAY CITY MI 48706

Handicap Accessable:
Y
","Temporary Polling Location




Handicap Accessable: 
"
BAY COUNTY,BANGOR TOWNSHIP ,     PRECINCT 4,"Permanent Polling Location
EDISON SCHOOL BLDG
3559 E.  MIDLAND ROAD
BAY CITY MI 48706

Handicap Accessable:
Y
","Temporary Polling Location




Handicap Accessable: 
"
BAY COUNTY,BAY CITY CITY ,     PRECINCT 1-1,"Permanent Polling Location
BAY COUNTY HEALTH DEPARTMENT
1200 WASHINGTON AVENUE
BAY CITY MI 48708

Handicap Accessable:
Y
","Temporary Polling Location




Handicap Accessable: 
"
BAY COUNTY,BAY CITY CITY ,     PRECINCT 2-1,"Permanent Polling Location
ALICE & JACK WIRT PUBLIC LIBRARY
500 CENTER AVENUE
BAY CITY MI 48708

Handicap Accessable:
Y
","Temporary Polling Location




Handicap Accessable: 
"
BAY COUNTY,BAY CITY CITY ,     PRECINCT 3-1,"Permanent Polling Location
CITY HALL
301 WASHINGTON AVENUE
BAY CITY MI 48708

Handicap Accessable:
Y
","Temporary Polling Location




Handicap Accessable: 
"
BAY COUNTY,BAY CITY CITY ,     PRECINCT 4-1,"Permanent Polling Location
OUR LADY OF CZESTOCHOWA PARISH
1503 KOSCIUSKO AVENUE
BAY CITY MI 48708

Handicap Accessable:
Y
","Temporary Polling Location




Handicap Accessable: 
"
BAY COUNTY,BAY CITY CITY ,     PRECINCT 5-1,"Permanent Polling Location
OUR LADY OF CZESTOCHOWA PARISH
1503 KOSCIUSKO AVENUE
BAY CITY MI 48708

Handicap Accessable:
Y
","Temporary Polling Location




Handicap Accessable: 
"
BAY COUNTY,BAY CITY CITY ,     PRECINCT 6-1,"Permanent Polling Location
BOYS & GIRLS CLUB
300 W LAFAYETTE AVENUE
BAY CITY MI 48706

Handicap Accessable:
Y
","Temporary Polling Location




Handicap Accessable: 
"
BAY COUNTY,BAY CITY CITY ,     PRECINCT 7-1,"Permanent Polling Location
BAY COUNTY COMMUNITY CENTER
800 JOHN F KENNEDY DRIVE
BAY CITY MI 48706

Handicap Accessable:
Y
","Temporary Polling Location




Handicap Accessable: 
"
BAY COUNTY,BAY CITY CITY ,     PRECINCT 8-1,"Permanent Polling Location
CITY OF BAY CITY DPW FACILITY
1645 MARQUETTE AVE
BAY CITY MI 48708

Handicap Accessable:
Y
","Temporary Polling Location




Handicap Accessable: 
"
BAY COUNTY,BAY CITY CITY ,     PRECINCT 9-1,"Permanent Polling Location
CITY OF BAY CITY DPW FACILITY
1645 MARQUETTE AVE
BAY CITY MI 48708

Handicap Accessable:
Y
","Temporary Polling Location




Handicap Accessable: 
"
BAY COUNTY,BEAVER TOWNSHIP ,     PRECINCT 1,"Permanent Polling Location
BEAVER TOWNSHIP HALL
1850 GARFIELD RD
AUBURN MI 48611

Handicap Accessable:
Y
","Temporary Polling Location




Handicap Accessable: 
"
BAY COUNTY,ESSEXVILLE CITY ,     PRECINCT 1,"Permanent Polling Location
KNIGHTS OF COLUMBUS
1021 WOODSIDE AVENUE
ESSEXVILLE MI 48732

Handicap Accessable:
Y
","Temporary Polling Location




Handicap Accessable: 
"
BAY COUNTY,ESSEXVILLE CITY ,     PRECINCT 2,"Permanent Polling Location
ST LUKES CHURCH
206 SCHEURMANN
ESSEXVILLE MI 48732

Handicap Accessable:
Y
","Temporary Polling Location




Handicap Accessable: 
"
BAY COUNTY,FRANKENLUST TOWNSHIP ,     PRECINCT 1,"Permanent Polling Location
ST JOHN EV LUTHERAN SCHOOL OF AMELITH
1664 AMELITH ROAD  BAY CITY MI 48706
BAY CITY MI 48706

Handicap Accessable:
Y
","Temporary Polling Location




Handicap Accessable: 
"
BAY COUNTY,FRASER TOWNSHIP ,     PRECINCT 1,"Permanent Polling Location
FRASER TOWNSHIP HALL
1474 N MACKINAW RD
LINWOOD MI 48634

Handicap Accessable:
N
","Temporary Polling Location




Handicap Accessable: 
"
BAY COUNTY,GARFIELD TOWNSHIP ,     PRECINCT 1,"Permanent Polling Location
GARFIELD TWP HALL
1138 W. ERICKSON ROAD
LINWOOD MI 48634

Handicap Accessable:
Y
","Temporary Polling Location




Handicap Accessable: 
"
BAY COUNTY,GIBSON TOWNSHIP ,     PRECINCT 1,"Permanent Polling Location
GIBSON TWP HALL
7214 STANDISH RD
BENTLEY MI 48613

Handicap Accessable:
Y
","Temporary Polling Location




Handicap Accessable: 
"
BAY COUNTY,HAMPTON TOWNSHIP ,     PRECINCT 1,"Permanent Polling Location
HAMPTON HALL
801 W. CENTER ROAD
ESSEXVILLE MI 48732

Handicap Accessable:
Y
","Temporary Polling Location




Handicap Accessable: 
"
BAY COUNTY,HAMPTON TOWNSHIP ,     PRECINCT 2,"Permanent Polling Location
HAMPTON HALL
801 W. CENTER ROAD
ESSEXVILLE MI 48732

Handicap Accessable:
Y
","Temporary Polling Location




Handicap Accessable: 
"
BAY COUNTY,KAWKAWLIN TOWNSHIP ,     PRECINCT 1,"Permanent Polling Location
KAWKAWLIN TWP HALL
1800 E PARISH RD
KAWKAWLIN MI 48631

Handicap Accessable:
Y
","Temporary Polling Location




Handicap Accessable: 
"
BAY COUNTY,MERRITT TOWNSHIP ,     PRECINCT 1,"Permanent Polling Location
MERRITT TWP-HALL
48 E MUNGER ROAD
MUNGER MI 48747

Handicap Accessable:
Y
","Temporary Polling Location




Handicap Accessable: 
"
BAY COUNTY,MONITOR TOWNSHIP ,     PRECINCT 1,"Permanent Polling Location
MONITOR TWP HALL
2483 MIDLAND RD
BAY CITY MI 48706

Handicap Accessable:
Y
","Temporary Polling Location




Handicap Accessable: 
"
BAY COUNTY,MONITOR TOWNSHIP ,     PRECINCT 2,"Permanent Polling Location
MONITOR TWP HALL
2483 MIDLAND RD
BAY CITY MI 48706

Handicap Accessable:
Y
","Temporary Polling Location




Handicap Accessable: 
"
BAY COUNTY,MONITOR TOWNSHIP ,     PRECINCT 3,"Permanent Polling Location
MONITOR TWP HALL
2483 MIDLAND RD
BAY CITY MI 48706

Handicap Accessable:
Y
","Temporary Polling Location




Handicap Accessable: 
"
BAY COUNTY,MOUNT FOREST TOWNSHIP ,     PRECINCT 1,"Permanent Polling Location
MT. FOREST TWP HALL
1705 CODY ESTEY ROAD
PINCONNING MI 48650

Handicap Accessable:
Y
","Temporary Polling Location




Handicap Accessable: 
"
BAY COUNTY,PINCONNING CITY ,     PRECINCT 1,"Permanent Polling Location
PINCONNING CITY HALL
208 MANITOU
PINCONNING MI 48650

Handicap Accessable:
Y
","Temporary Polling Location




Handicap Accessable: 
"
BAY COUNTY,PINCONNING TOWNSHIP ,     PRECINCT 1,"Permanent Polling Location
PINCONNING TWP HALL
1751 E CODY-ESTEY ROAD
PINCONNING MI 48650

Handicap Accessable:
Y
","Temporary Polling Location




Handicap Accessable: 
"
BAY COUNTY,PORTSMOUTH TOWNSHIP ,     PRECINCT 1,"Permanent Polling Location
PORTSMOUTH TWP. HALL
1711 W CASS AVE
BAY CITY MI 48708

Handicap Accessable:
N
","Temporary Polling Location




Handicap Accessable: 
"
BAY COUNTY,PORTSMOUTH TOWNSHIP ,     PRECINCT 2,"Permanent Polling Location
PORTSMOUTH TWP. HALL
1711 W CASS AVE
BAY CITY MI 48708

Handicap Accessable:
N
","Temporary Polling Location




Handicap Accessable: 
"
BAY COUNTY,WILLIAMS TOWNSHIP ,     PRECINCT 1,"Permanent Polling Location
WILLIAMS TWP HALL
1080 W MIDLAND ROAD
AUBURN MI 48611

Handicap Accessable:
Y
(1/4 MILE WEST OF GARFIELD ROAD)","Temporary Polling Location




Handicap Accessable: 
"
BAY COUNTY,WILLIAMS TOWNSHIP ,     PRECINCT 2,"Permanent Polling Location
WILLIAMS TWP HALL
1080 W MIDLAND ROAD
AUBURN MI 48611

Handicap Accessable:
Y
(1/4 MILE WEST OF GARFIELD ROAD)","Temporary Polling Location




Handicap Accessable: 
"
BENZIE COUNTY,ALMIRA TOWNSHIP ,     PRECINCT 1,"Permanent Polling Location
ALMIRA TWP FIRE/EMS
7272 OLE WHITE DRIVE
LAKE ANN MI 49650

Handicap Accessable:
Y
","Temporary Polling Location




Handicap Accessable: 
"
BENZIE COUNTY,BENZONIA TOWNSHIP ,     PRECINCT 1,"Permanent Polling Location
BENZONIA TWP HALL
2717 BENZIE HWY
BENZONIA MI 49616

Handicap Accessable:
Y
(ON US 31 ONE MILE NORTH OF M-115)","Temporary Polling Location




Handicap Accessable: 
"
BENZIE COUNTY,BLAINE TOWNSHIP ,     PRECINCT 1,"Permanent Polling Location
BLAINE TWP HALL
4760 HERRING GROVE RD
ARCADIA MI 49613

Handicap Accessable:
Y
","Temporary Polling Location




Handicap Accessable: 
"
BENZIE COUNTY,COLFAX TOWNSHIP ,     PRECINCT 1,"Permanent Polling Location
COLFAX TWP HALL
7607 MICHIGAN AVE
THOMPSONVILLE MI 49683

Handicap Accessable:
Y
","Temporary Polling Location




Handicap Accessable: 
"
BENZIE COUNTY,CRYSTAL LAKE TOWNSHIP ,     PRECINCT 1,"Permanent Polling Location
CRYSTAL LKE TWP HALL
1651 FRANKFORT HWY.
FRANKFORT MI 49635

Handicap Accessable:
Y
","Temporary Polling Location




Handicap Accessable: 
"
BENZIE COUNTY,FRANKFORT CITY ,     PRECINCT 1,"Permanent Polling Location
FRANKFORT CITY HALL
412 MAIN ST
FRANKFORT MI 49635

Handicap Accessable:
Y
","Temporary Polling Location




Handicap Accessable: 
"
BENZIE COUNTY,GILMORE TOWNSHIP ,     PRECINCT 1,"Permanent Polling Location
ELBERTA COMMUNITY BUILDING
401 FIRST STREET
ELBERTA MI 49628

Handicap Accessable:
Y
","Temporary Polling Location




Handicap Accessable: 
"
BENZIE COUNTY,HOMESTEAD TOWNSHIP ,     PRECINCT 1,"Permanent Polling Location
HOMESTEAD TWP HALL
11508 HONOR HWY
HONOR MI 49640

Handicap Accessable:
Y
","Temporary Polling Location




Handicap Accessable: 
"
BENZIE COUNTY,INLAND TOWNSHIP ,     PRECINCT 1,"Permanent Polling Location
INLAND TWP HALL
19668 HONOR HWY
INTERLOCHEN MI 49643

Handicap Accessable:
Y
","Temporary Polling Location




Handicap Accessable: 
"
BENZIE COUNTY,JOYFIELD TOWNSHIP ,     PRECINCT 1,"Permanent Polling Location
JOYFIELD TWP HALL
5490 BENZIE HWY
BENZONIA MI 49616

Handicap Accessable:
Y
","Temporary Polling Location




Handicap Accessable: 
"
BENZIE COUNTY,LAKE TOWNSHIP ,     PRECINCT 1,"Permanent Polling Location
LAKE TWP HALL
5153 SCENIC HWY
HONOR MI 49640

Handicap Accessable:
Y
","Temporary Polling Location




Handicap Accessable: 
"
BENZIE COUNTY,PLATTE TOWNSHIP ,     PRECINCT 1,"Permanent Polling Location
PLATTE TWP HALL
11935 FOWLER RD
HONOR MI 49640

Handicap Accessable:
Y
","Temporary Polling Location




Handicap Accessable: 
"
BENZIE COUNTY,WELDON TOWNSHIP ,     PRECINCT 1,"Permanent Polling Location
WELDON TWP HALL
14731 THOMPSON AVE
THOMPSONVILLE MI 49683

Handicap Accessable:
Y
","Temporary Polling Location




Handicap Accessable: 
"
BERRIEN COUNTY,BAINBRIDGE TOWNSHIP ,     PRECINCT 1,"Permanent Polling Location
BAINBRIDGE TWP HALL
7315 TERRITORIAL ROAD
WATERVLIET MI 49098

Handicap Accessable:
Y
","Temporary Polling Location




Handicap Accessable: 
"
BERRIEN COUNTY,BARODA TOWNSHIP ,     PRECINCT 1,"Permanent Polling Location
BARODA AMERICAN LEGION HALL POST 345
9214 FIRST ST
BARODA MI 49101

Handicap Accessable:
Y
","Temporary Polling Location




Handicap Accessable: 
"
BERRIEN COUNTY,BENTON CHARTER TOWNSHIP ,     PRECINCT 1,"Permanent Polling Location
BCTWP MUNICIPAL BLDG
1725 TERRITORIAL ROAD - SUITE B
BENTON HARBOR MI 49022

Handicap Accessable:
Y
","Temporary Polling Location




Handicap Accessable: 
"
BERRIEN COUNTY,BENTON CHARTER TOWNSHIP ,     PRECINCT 2,"Permanent Polling Location
BCTWP MUNICIPAL BLDG
1725 TERRITORIAL ROAD - SUITE B
BENTON HARBOR MI 49022

Handicap Accessable:
Y
","Temporary Polling Location




Handicap Accessable: 
"
BERRIEN COUNTY,BENTON CHARTER TOWNSHIP ,     PRECINCT 3,"Permanent Polling Location
SAMMIE SMITH FAMILY INVESTMENT CENTER
301 S. MARTIN LUTHER KING DR. 
BENTON HARBOR MI 49022

Handicap Accessable:
N
","Temporary Polling Location




Handicap Accessable: 
"
BERRIEN COUNTY,BENTON CHARTER TOWNSHIP ,     PRECINCT 4,"Permanent Polling Location
BCTWP FIRE STA. #2
181 ENTERPRISE WAY
BENTON HARBOR MI 49022

Handicap Accessable:
Y
","Temporary Polling Location




Handicap Accessable: 
"
BERRIEN COUNTY,BENTON CHARTER TOWNSHIP ,     PRECINCT 5,"Permanent Polling Location
BCTWP FIRE STA. # 1
781 S. CRYSTAL AVENUE
BENTON HARBOR MI 49022

Handicap Accessable:
Y
","Temporary Polling Location




Handicap Accessable: 
"
BERRIEN COUNTY,BENTON CHARTER TOWNSHIP ,     PRECINCT 6,"Permanent Polling Location
SAMMIE SMITH FAMILY INVESTMENT CENTER
301 S. MARTIN LUTHER KING DR. 
BENTON HARBOR MI 49022

Handicap Accessable:
N
","Temporary Polling Location




Handicap Accessable: 
"
BERRIEN COUNTY,BENTON HARBOR CITY ,     PRECINCT 1-1,"Permanent Polling Location
BENTON HARBOR HIGH
870 COLFAX
BENTON HARBOR MI 49022

Handicap Accessable:
Y
","Temporary Polling Location




Handicap Accessable: 
"
BERRIEN COUNTY,BENTON HARBOR CITY ,     PRECINCT 2-1,"Permanent Polling Location
BENTON HARBOR HOUSING COMMISSION
721 NATE WELLS SR DR
BENTON HARBOR MI 49022

Handicap Accessable:
Y
","Temporary Polling Location




Handicap Accessable: 
"
BERRIEN COUNTY,BENTON HARBOR CITY ,     PRECINCT 3-1,"Permanent Polling Location
B.H HIGH
870 COLFAX AVE
BENTON HARBOR MI 49022

Handicap Accessable:
Y
","Temporary Polling Location




Handicap Accessable: 
"
BERRIEN COUNTY,BENTON HARBOR CITY ,     PRECINCT 4-1,"Permanent Polling Location
BENTON HARBOR HOUSING COMMISSION
721 NATE WELLS SR DR
BENTON HARBOR MI 49022

Handicap Accessable:
Y
","Temporary Polling Location




Handicap Accessable: 
"
BERRIEN COUNTY,BERRIEN TOWNSHIP ,     PRECINCT 1,"Permanent Polling Location
TOWNSHIP HALL
8916 M-140
BERRIEN CENTER MI 49102

Handicap Accessable:
Y
(CORNER OF M-140 & DEAN HILL RD)","Temporary Polling Location




Handicap Accessable: 
"
BERRIEN COUNTY,BERRIEN TOWNSHIP ,     PRECINCT 2,"Permanent Polling Location
TOWNSHIP HALL
8916 M-140
BERRIEN CENTER MI 49102

Handicap Accessable:
Y
(CORNER OF M-140 & DEAN HILL RD)","Temporary Polling Location




Handicap Accessable: 
"
BERRIEN COUNTY,BERTRAND CHARTER TOWNSHIP ,     PRECINCT 1,"Permanent Polling Location
BERTRAND CHARTER TWP HALL
3835 BUFFALO RD
BUCHANAN MI 49107

Handicap Accessable:
Y
","Temporary Polling Location




Handicap Accessable: 
"
BERRIEN COUNTY,BRIDGMAN CITY ,     PRECINCT 1,"Permanent Polling Location
BRIDGMAN CITY HALL
9765 MAPLE STREET
BRIDGMAN MI 49106

Handicap Accessable:
Y
","Temporary Polling Location




Handicap Accessable: 
"
BERRIEN COUNTY,BUCHANAN CHARTER TOWNSHIP ,     PRECINCT 1,"Permanent Polling Location
BUCHANAN TWP HALL
15235 MAIN ST
BUCHANAN MI 49107

Handicap Accessable:
Y
","Temporary Polling Location




Handicap Accessable: 
"
BERRIEN COUNTY,BUCHANAN CITY ,     PRECINCT 1,"Permanent Polling Location
BUCHANAN CITY HALL
302 N RED BUD TRAIL
BUCHANAN MI 49107

Handicap Accessable:
Y
","Temporary Polling Location




Handicap Accessable: 
"
BERRIEN COUNTY,BUCHANAN CITY ,     PRECINCT 2,"Permanent Polling Location
REDBUD CITY CENTER
131 S OAK ST
BUCHANAN MI 49107

Handicap Accessable:
Y
","Temporary Polling Location




Handicap Accessable: 
"
BERRIEN COUNTY,CHIKAMING TOWNSHIP ,     PRECINCT 1,"Permanent Polling Location
CHIKAMING TWP CENTER
13535 RED ARROW HWY
HARBERT MI 49115

Handicap Accessable:
Y
","Temporary Polling Location




Handicap Accessable: 
"
BERRIEN COUNTY,COLOMA CHARTER TOWNSHIP ,     PRECINCT 1,"Permanent Polling Location
COLOMA TWP HALL
4919 PAW PAW LAKE ROAD
COLOMA MI 49038

Handicap Accessable:
Y
(CORNER OF BECHT AND PAW PAW LAKE ROAD)","Temporary Polling Location




Handicap Accessable: 
"
BERRIEN COUNTY,COLOMA CITY ,     PRECINCT 1,"Permanent Polling Location
COLOMA LIBRARY
151 W. CENTER ST.
COLOMA MI 49038

Handicap Accessable:
Y
","Temporary Polling Location




Handicap Accessable: 
"
BERRIEN COUNTY,GALIEN TOWNSHIP ,     PRECINCT 1,"Permanent Polling Location
GALIEN TWP FIRE DEPT
305 KILEY DRIVE
GALIEN MI 49113

Handicap Accessable:
Y
(GALIEN INDUSTRIAL PARK)","Temporary Polling Location




Handicap Accessable: 
"
BERRIEN COUNTY,HAGAR TOWNSHIP ,     PRECINCT 1,"Permanent Polling Location
HAGAR TOWNSHIP HALL
3900 RIVERSIDE ROAD
RIVERSIDE MI 49084

Handicap Accessable:
Y
","Temporary Polling Location




Handicap Accessable: 
"
BERRIEN COUNTY,LAKE CHARTER TOWNSHIP ,     PRECINCT 1,"Permanent Polling Location
LAKE TOWNSHIP HALL
3220 SHAWNEE RD
BRIDGMAN MI 49106

Handicap Accessable:
Y
","Temporary Polling Location




Handicap Accessable: 
"
BERRIEN COUNTY,LINCOLN CHARTER TOWNSHIP ,     PRECINCT 1,"Permanent Polling Location
MUNICIPAL BUILDING
2055 W JOHN BEERS ROAD
STEVENSVILLE MI 49127

Handicap Accessable:
Y
","Temporary Polling Location




Handicap Accessable: 
"
BERRIEN COUNTY,LINCOLN CHARTER TOWNSHIP ,     PRECINCT 2,"Permanent Polling Location
THE CHAPEL
4250 WASHINGTON AVE
ST JOSEPH MI 49085

Handicap Accessable:
Y
(WEST SIDE OF WASHINGTON AVE, SOUTH OF GLENLORD RD)","Temporary Polling Location




Handicap Accessable: 
"
BERRIEN COUNTY,LINCOLN CHARTER TOWNSHIP ,     PRECINCT 3,"Permanent Polling Location
LAKESHORE CHRISTIAN
5565 WASHINGTON AVE.
SAINT JOSEPH MI 49085

Handicap Accessable:
Y
(NORTH OF JOHN BEERS, EAST SIDE OF WASHINGTON )","Temporary Polling Location




Handicap Accessable: 
"
BERRIEN COUNTY,LINCOLN CHARTER TOWNSHIP ,     PRECINCT 4,"Permanent Polling Location
TWP FIRE  STATION
2130 W JOHN BEERS ROAD
STEVENSVILLE MI 49127

Handicap Accessable:
Y
","Temporary Polling Location




Handicap Accessable: 
"
BERRIEN COUNTY,LINCOLN CHARTER TOWNSHIP ,     PRECINCT 5,"Permanent Polling Location
BERRIEN COUNTY BAPTIST CHURCH
5940 ST. JOSEPH AVE.
STEVENSVILLE MI 49127

Handicap Accessable:
Y
","Temporary Polling Location




Handicap Accessable: 
"
BERRIEN COUNTY,NEW BUFFALO CITY ,     PRECINCT 1,"Permanent Polling Location
CITY HALL
224 WEST BUFFALO STREET
NEW BUFFALO MI 49117

Handicap Accessable:
Y
(269-469-1500)","Temporary Polling Location




Handicap Accessable: 
"
BERRIEN COUNTY,NEW BUFFALO TOWNSHIP ,     PRECINCT 1,"Permanent Polling Location
NEW BUFFALO TWP HALL
17425 RED ARROW HWY
NEW BUFFALO MI 49117

Handicap Accessable:
Y
","Temporary Polling Location




Handicap Accessable: 
"
BERRIEN COUNTY,NILES CHARTER TOWNSHIP ,     PRECINCT 1,"Permanent Polling Location
NILES CHARTER TOWNSHIP DPW
322 BELL ROAD
NILES MI 49120

Handicap Accessable:
Y
(BUILDING BEHIND TOWNSHIP HALL-BACK DOOR)","Temporary Polling Location




Handicap Accessable: 
"
BERRIEN COUNTY,NILES CHARTER TOWNSHIP ,     PRECINCT 2,"Permanent Polling Location
NILES CHARTER TOWNSHIP DPW
322 BELL ROAD
NILES MI 49120

Handicap Accessable:
Y
(BUILDING BEHIND TOWNSHIP HALL-BACK DOOR)","Temporary Polling Location




Handicap Accessable: 
"
BERRIEN COUNTY,NILES CHARTER TOWNSHIP ,     PRECINCT 3,"Permanent Polling Location
NILES CHARTER TOWNSHIP DPW
322 BELL ROAD
NILES MI 49120

Handicap Accessable:
Y
(BUILDING BEHIND GENERAL OFFICE)","Temporary Polling Location




Handicap Accessable: 
"
BERRIEN COUNTY,NILES CITY ,     PRECINCT 1-1,"Permanent Polling Location
NILES - BUCHANAN YMCA
905 NORTH FRONT STREET
NILES MI 49120

Handicap Accessable:
Y
","Temporary Polling Location




Handicap Accessable: 
"
BERRIEN COUNTY,NILES CITY ,     PRECINCT 2-2,"Permanent Polling Location
NILES - BUCHANAN YMCA
905 NORTH FRONT STREET
NILES MI 49120

Handicap Accessable:
Y
","Temporary Polling Location




Handicap Accessable: 
"
BERRIEN COUNTY,NILES CITY ,     PRECINCT 3-3,"Permanent Polling Location
NILES FIRE STATION
1345 EAST MAIN STREET
NILES MI 49120

Handicap Accessable:
Y
","Temporary Polling Location




Handicap Accessable: 
"
BERRIEN COUNTY,NILES CITY ,     PRECINCT 4-4,"Permanent Polling Location
NILES FOP LODGE 95
531 NORTH STATE STREET
NILES MI 49120

Handicap Accessable:
Y
","Temporary Polling Location




Handicap Accessable: 
"
BERRIEN COUNTY,ORONOKO CHARTER TOWNSHIP ,     PRECINCT 1,"Permanent Polling Location
ORONOKO TWP HALL
4583 E SNOW RD
BERRIEN SPRINGS MI 49103

Handicap Accessable:
Y
","Temporary Polling Location




Handicap Accessable: 
"
BERRIEN COUNTY,ORONOKO CHARTER TOWNSHIP ,     PRECINCT 2,"Permanent Polling Location
YOUTH MEMORIAL BLDG
9122 N US HWY 31
BERRIEN SPRINGS MI 49103

Handicap Accessable:
Y
(FAIRGROUNDS ACROSS FROM APPLE VALLEY MARKET)","Temporary Polling Location




Handicap Accessable: 
"
BERRIEN COUNTY,PIPESTONE TOWNSHIP ,     PRECINCT 1,"Permanent Polling Location
PIPESTONE TWP HALL
7185 ELM ST
EAU CLAIRE MI 49111

Handicap Accessable:
Y
","Temporary Polling Location




Handicap Accessable: 
"
BERRIEN COUNTY,ROYALTON TOWNSHIP ,     PRECINCT 1,"Permanent Polling Location
ROYALTON TWP HALL
980 MINERS RD
ST JOSEPH MI 49085

Handicap Accessable:
Y
","Temporary Polling Location




Handicap Accessable: 
"
BERRIEN COUNTY,SODUS TOWNSHIP ,     PRECINCT 1,"Permanent Polling Location
SODUS TWP HALL
4056 KING DR
SODUS MI 49126

Handicap Accessable:
Y
","Temporary Polling Location




Handicap Accessable: 
"
BERRIEN COUNTY,ST JOSEPH CHARTER TOWNSHIP ,     PRECINCT 1,"Permanent Polling Location
SJT PUB. SAFETY COMP
1750 COLFAX AVE.
BENTON HARBOR MI 49022

Handicap Accessable:
Y
","Temporary Polling Location




Handicap Accessable: 
"
BERRIEN COUNTY,ST JOSEPH CHARTER TOWNSHIP ,     PRECINCT 2,"Permanent Polling Location
MAIDEN LANE PARK
1051 MAIDEN LANE
ST. JOSEPH MI 49085

Handicap Accessable:
Y
","Temporary Polling Location




Handicap Accessable: 
"
BERRIEN COUNTY,ST JOSEPH CHARTER TOWNSHIP ,     PRECINCT 3,"Permanent Polling Location
ST JOSEPH TWP HALL
3000 WASHINGTON AVENUE
ST JOSEPH MI 49085

Handicap Accessable:
Y
","Temporary Polling Location




Handicap Accessable: 
"
BERRIEN COUNTY,ST JOSEPH CHARTER TOWNSHIP ,     PRECINCT 4,"Permanent Polling Location
PEACE LUTHERAN
3590 LINCOLN AVE
ST JOSEPH MI 49085

Handicap Accessable:
Y
","Temporary Polling Location




Handicap Accessable: 
"
BERRIEN COUNTY,ST JOSEPH CITY ,     PRECINCT 1,"Permanent Polling Location
ST JOSEPH CITY HALL
700 BROAD STREET
SAINT JOSEPH MI 49085

Handicap Accessable:
Y
","Temporary Polling Location




Handicap Accessable: 
"
BERRIEN COUNTY,ST JOSEPH CITY ,     PRECINCT 2,"Permanent Polling Location
HOWARD ICE ARENA BLG
2414 WILLA DR
SAINT JOSEPH MI 49085

Handicap Accessable:
Y
(CORNER OF NAPIER AND WILLA)","Temporary Polling Location




Handicap Accessable: 
"
BERRIEN COUNTY,ST JOSEPH CITY ,     PRECINCT 3,"Permanent Polling Location
ZION EVANG. CHURCH
3001 VERONICA DR
SAINT JOSEPH MI 49085

Handicap Accessable:
Y
(SW ENTRANCE)","Temporary Polling Location




Handicap Accessable: 
"
BERRIEN COUNTY,THREE OAKS TOWNSHIP ,     PRECINCT 1,"Permanent Polling Location
FIRE STATION
10 EAST LINDEN
THREE OAKS MI 49128

Handicap Accessable:
Y
(NEXT TO THE TOWNSHIP HALL)","Temporary Polling Location




Handicap Accessable: 
"
BERRIEN COUNTY,WATERVLIET CHARTER TOWNSHIP ,     PRECINCT 1,"Permanent Polling Location
WATERVLIET TWP HALL
4959 M-140 HWY
WATERVLIET MI 49098

Handicap Accessable:
Y
(1 MILE NORTH OF RED ARROW & M-140 INTERSECTION )","Temporary Polling Location




Handicap Accessable: 
"
BERRIEN COUNTY,WATERVLIET CITY ,     PRECINCT 1,"Permanent Polling Location
CITY HALL
158 W  PLEASANT ST
WATERVLIET MI 49098

Handicap Accessable:
Y
(WEST OF MAIN STREET)","Temporary Polling Location




Handicap Accessable: 
"
BERRIEN COUNTY,WEESAW TOWNSHIP ,     PRECINCT 1,"Permanent Polling Location
WEESAW TOWNSHIP HALL
13518 STATE ST-NEW TROY, MI
NEW TROY MI 49119

Handicap Accessable:
Y
(CORNER STATE & GLENDORA RD.)","Temporary Polling Location




Handicap Accessable: 
"
BRANCH COUNTY,ALGANSEE TOWNSHIP ,     PRECINCT 1,"Permanent Polling Location
TOWNSHIP HALL
376 S RAY QUINCY RD
QUINCY MI 49082

Handicap Accessable:
Y
","Temporary Polling Location




Handicap Accessable: 
"
BRANCH COUNTY,BATAVIA TOWNSHIP ,     PRECINCT 1,"Permanent Polling Location
TOWNSHIP HALL
366 W COLON RD
COLDWATER MI 49036

Handicap Accessable:
Y
","Temporary Polling Location




Handicap Accessable: 
"
BRANCH COUNTY,BETHEL TOWNSHIP ,     PRECINCT 1,"Permanent Polling Location
TOWNSHIP HALL
439 S SNOW PRAIRIE RD
BRONSON MI 49028

Handicap Accessable:
Y
(S SNOW PRAIRIE RD & HATMAKER ROAD)","Temporary Polling Location




Handicap Accessable: 
"
BRANCH COUNTY,BRONSON CITY ,     PRECINCT 1,"Permanent Polling Location
BRONSON CITY HALL
141 S  MATTESON ST
BRONSON MI 49028

Handicap Accessable:
Y
","Temporary Polling Location




Handicap Accessable: 
"
BRANCH COUNTY,BRONSON TOWNSHIP ,     PRECINCT 1,"Permanent Polling Location
LIBRARY BASEMENT
207 N. MATTESON STREET
BRONSON MI 49028

Handicap Accessable:
Y
","Temporary Polling Location




Handicap Accessable: 
"
BRANCH COUNTY,BUTLER TOWNSHIP ,     PRECINCT 1,"Permanent Polling Location
TOWNSHIP HALL
993 BUTLER RD
QUINCY MI 49082

Handicap Accessable:
Y
","Temporary Polling Location




Handicap Accessable: 
"
BRANCH COUNTY,CALIFORNIA TOWNSHIP ,     PRECINCT 1,"Permanent Polling Location
TOWNSHIP HALL
1019 COPELAND RD
MONTGOMERY MI 49255

Handicap Accessable:
Y
","Temporary Polling Location




Handicap Accessable: 
"
BRANCH COUNTY,COLDWATER CITY ,     PRECINCT 1-1,"Permanent Polling Location
DEARTH COMMUNITY CTR
235 E. GARFIELD AVENUE
COLDWATER MI 49036

Handicap Accessable:
Y
(BRANCH COUNTY FAIRGROUNDS)","Temporary Polling Location




Handicap Accessable: 
"
BRANCH COUNTY,COLDWATER CITY ,     PRECINCT 2-1,"Permanent Polling Location
DEARTH COMMUNITY CTR
235 E. GARFIELD AVENUE
COLDWATER MI 49036

Handicap Accessable:
Y
(BRANCH COUNTY FAIRGROUNDS)","Temporary Polling Location




Handicap Accessable: 
"
BRANCH COUNTY,COLDWATER CITY ,     PRECINCT 3-1,"Permanent Polling Location
DEARTH COMMUNITY CTR
235 E. GARFIELD AVENUE
COLDWATER MI 49036

Handicap Accessable:
Y
(BRANCH COUNTY FAIRGROUNDS)","Temporary Polling Location




Handicap Accessable: 
"
BRANCH COUNTY,COLDWATER CITY ,     PRECINCT 4-1,"Permanent Polling Location
DEARTH COMMUNITY CTR
235 E. GARFIELD AVENUE
COLDWATER MI 49036

Handicap Accessable:
Y
(BRANCH COUNTY FAIRGROUNDS)","Temporary Polling Location




Handicap Accessable: 
"
BRANCH COUNTY,COLDWATER TOWNSHIP ,     PRECINCT 1,"Permanent Polling Location
TOWNSHIP HALL
319 SPRAGUE RD
COLDWATER MI 49036

Handicap Accessable:
Y
","Temporary Polling Location




Handicap Accessable: 
"
BRANCH COUNTY,GILEAD TOWNSHIP ,     PRECINCT 1,"Permanent Polling Location
GILEAD TOWNSHIP HALL
608 W. SOUTHERN RD.
BRONSON MI 49028

Handicap Accessable:
Y
","Temporary Polling Location




Handicap Accessable: 
"
BRANCH COUNTY,GIRARD TOWNSHIP ,     PRECINCT 1,"Permanent Polling Location
TOWNSHIP HALL
1009  MARSHALL RD
COLDWATER MI 49036

Handicap Accessable:
Y
(NORTH OF GIRARD RD)","Temporary Polling Location




Handicap Accessable: 
"
BRANCH COUNTY,KINDERHOOK TOWNSHIP ,     PRECINCT 1,"Permanent Polling Location
TOWNSHIP HALL
797 S ANGOLA RD
COLDWATER MI 49036

Handicap Accessable:
Y
","Temporary Polling Location




Handicap Accessable: 
"
BRANCH COUNTY,MATTESON TOWNSHIP ,     PRECINCT 1,"Permanent Polling Location
TOWNSHIP HALL
1003 W COLON RD
BRONSON MI 49028

Handicap Accessable:
Y
(M-86 & ATHENS RD, SHERWOOD)","Temporary Polling Location




Handicap Accessable: 
"
BRANCH COUNTY,NOBLE TOWNSHIP ,     PRECINCT 1,"Permanent Polling Location
PLEASANT HILL CHURCH
886 PLEASANT HILL RD
BRONSON MI 49028

Handicap Accessable:
Y
(WEST OF BAWDEN RD / EAST OF GEORGE RD)","Temporary Polling Location




Handicap Accessable: 
"
BRANCH COUNTY,OVID TOWNSHIP ,     PRECINCT 1,"Permanent Polling Location
TOWNSHIP HALL
381 S ANGOLA RD
COLDWATER MI 49036

Handicap Accessable:
Y
(SOUTHEAST CORNER OF U.S. 27 AND OTIS ROAD)","Temporary Polling Location




Handicap Accessable: 
"
BRANCH COUNTY,QUINCY TOWNSHIP ,     PRECINCT 1,"Permanent Polling Location
QUINCY VILLAGE HALL
47 COLE STREET
QUINCY MI 49082

Handicap Accessable:
Y
","Temporary Polling Location




Handicap Accessable: 
"
BRANCH COUNTY,SHERWOOD TOWNSHIP ,     PRECINCT 1,"Permanent Polling Location
TOWNSHIP HALL
548 N MAIN ST
SHERWOOD MI 49089

Handicap Accessable:
Y
","Temporary Polling Location




Handicap Accessable: 
"
BRANCH COUNTY,UNION TOWNSHIP ,     PRECINCT 1,"Permanent Polling Location
UNION TOWNSHIP HALL
191 N BROADWAY ST
UNION CITY MI 49094

Handicap Accessable:
Y
","Temporary Polling Location




Handicap Accessable: 
"
CALHOUN COUNTY,ALBION CITY ,     PRECINCT 1,"Permanent Polling Location
CROWELL SCHOOL
1418 COOPER STREET
ALBION MI 49224

Handicap Accessable:
Y
","Temporary Polling Location




Handicap Accessable: 
"
CALHOUN COUNTY,ALBION CITY ,     PRECINCT 2,"Permanent Polling Location
ST PAUL LUTHERAN CHURCH
100 LUTHER BLVD
ALBION MI 49224

Handicap Accessable:
Y
","Temporary Polling Location




Handicap Accessable: 
"
CALHOUN COUNTY,ALBION CITY ,     PRECINCT 3,"Permanent Polling Location
ST PAUL LUTHERAN CHURCH
100 LUTHER BLVD
ALBION MI 49224

Handicap Accessable:
Y
","Temporary Polling Location




Handicap Accessable: 
"
CALHOUN COUNTY,ALBION CITY ,     PRECINCT 4,"Permanent Polling Location
TENNANT HALL, 1ST METHODIST CHURCH
600 E. MICHIGAN AVENUE
ALBION MI 49224

Handicap Accessable:
Y
","Temporary Polling Location




Handicap Accessable: 
"
CALHOUN COUNTY,ALBION CITY ,     PRECINCT 5,"Permanent Polling Location
CROWELL SCHOOL
1418 COOPER STREET
ALBION MI 49224

Handicap Accessable:
Y
","Temporary Polling Location




Handicap Accessable: 
"
CALHOUN COUNTY,ALBION CITY ,     PRECINCT 6,"Permanent Polling Location
TENNANT HALL, 1ST METHODIST CHURCH
600 E. MICHIGAN AVENUE
ALBION MI 49224

Handicap Accessable:
Y
","Temporary Polling Location




Handicap Accessable: 
"
CALHOUN COUNTY,ALBION TOWNSHIP ,     PRECINCT 1,"Permanent Polling Location
TWP HALL/FIRE DEPT
28051 F DRIVE SOUTH
ALBION MI 49224

Handicap Accessable:
Y
","Temporary Polling Location




Handicap Accessable: 
"
CALHOUN COUNTY,ATHENS TOWNSHIP ,     PRECINCT 1,"Permanent Polling Location
ATHENS TOWNSHIP HALL
130 E BURR OAK STREET
ATHENS MI 49011

Handicap Accessable:
Y
","Temporary Polling Location




Handicap Accessable: 
"
CALHOUN COUNTY,BATTLE CREEK CITY ,     PRECINCT 3-1,"Permanent Polling Location
TRINITY LUTHERAN CHURCH
2055 COLUMBIA AVENUE E
BATTLE CREEK MI 49014

Handicap Accessable:
Y
","Temporary Polling Location




Handicap Accessable: 
"
CALHOUN COUNTY,BATTLE CREEK CITY ,     PRECINCT 4-2,"Permanent Polling Location
TRINITY NEIGHBORHOOD CENTER
10 BIDWELL ST W
BATTLE CREEK MI 49015

Handicap Accessable:
Y
","Temporary Polling Location




Handicap Accessable: 
"
CALHOUN COUNTY,BATTLE CREEK CITY ,     PRECINCT 5-3,"Permanent Polling Location
TRINITY NEIGHBORHOOD CENTER
10 BIDWELL ST W
BATTLE CREEK MI 49015

Handicap Accessable:
Y
","Temporary Polling Location




Handicap Accessable: 
"
CALHOUN COUNTY,BATTLE CREEK CITY ,     PRECINCT 1-4,"Permanent Polling Location
CHRIST UNITED METHODIST CHURCH
65 BEDFORD ROAD N
BATTLE CREEK MI 49037

Handicap Accessable:
Y
","Temporary Polling Location




Handicap Accessable: 
"
CALHOUN COUNTY,BATTLE CREEK CITY ,     PRECINCT 5-5,"Permanent Polling Location
WOODLAND CHURCH
14425 HELMER ROAD S
BATTLE CREEK MI 49015

Handicap Accessable:
Y
","Temporary Polling Location




Handicap Accessable: 
"
CALHOUN COUNTY,BATTLE CREEK CITY ,     PRECINCT 4-6,"Permanent Polling Location
CHAPEL HILL UNITED METHODIST CHURCH
157 CHAPEL HILL DRIVE
BATTLE CREEK MI 49015

Handicap Accessable:
Y
","Temporary Polling Location




Handicap Accessable: 
"
CALHOUN COUNTY,BATTLE CREEK CITY ,     PRECINCT 2-7,"Permanent Polling Location
ST THOMAS EPISCOPAL CHURCH
16 E VAN BUREN ST
BATTLE CREEK MI 49017

Handicap Accessable:
Y
","Temporary Polling Location




Handicap Accessable: 
"
CALHOUN COUNTY,BATTLE CREEK CITY ,     PRECINCT 4-8,"Permanent Polling Location
ST. PETER LUTHERAN CHURCH
1079 RIVERSIDE DRIVE
BATTLE CREEK MI 49015

Handicap Accessable:
Y
","Temporary Polling Location




Handicap Accessable: 
"
CALHOUN COUNTY,BATTLE CREEK CITY ,     PRECINCT 3-9,"Permanent Polling Location
MAPLE METHODIST CHURCH
342 CAPITAL AVENUE NE
BATTLE CREEK MI 49017

Handicap Accessable:
Y
","Temporary Polling Location




Handicap Accessable: 
"
CALHOUN COUNTY,BATTLE CREEK CITY ,     PRECINCT 3-10,"Permanent Polling Location
CITY LIFE CENTER 
552 EMMETT ST E
BATTLE CREEK MI 49017

Handicap Accessable:
Y
(TAKE CAPITAL AVE NE TO EMMETT, TURN LEFT)","Temporary Polling Location




Handicap Accessable: 
"
CALHOUN COUNTY,BATTLE CREEK CITY ,     PRECINCT 5-11,"Permanent Polling Location
WOODLAND CHURCH
14425 HELMER ROAD S
BATTLE CREEK MI 49015

Handicap Accessable:
Y
","Temporary Polling Location




Handicap Accessable: 
"
CALHOUN COUNTY,BATTLE CREEK CITY ,     PRECINCT 2-12,"Permanent Polling Location
SECOND BAPTIST CHURCH
485 WASHINGTON AVE N
BATTLE CREEK MI 49037

Handicap Accessable:
Y
","Temporary Polling Location




Handicap Accessable: 
"
CALHOUN COUNTY,BATTLE CREEK CITY ,     PRECINCT 1-13,"Permanent Polling Location
WESTLAKE PRESBYTERIAN CHURCH
415 S. 28TH STREET
BATTLE CREEK MI 49015

Handicap Accessable:
Y
(28TH STREET SOUTH OFF COLUMBIA AVENUE)","Temporary Polling Location




Handicap Accessable: 
"
CALHOUN COUNTY,BEDFORD TOWNSHIP ,     PRECINCT 1,"Permanent Polling Location
LION'S CLUB
22116 BEDFORD ROAD NORTH
BATTLE CREEK MI 49017

Handicap Accessable:
Y
","Temporary Polling Location




Handicap Accessable: 
"
CALHOUN COUNTY,BEDFORD TOWNSHIP ,     PRECINCT 2,"Permanent Polling Location
ST JEROME CATHOLIC C
229 COLLIER AVE
BATTLE CREEK MI 49017

Handicap Accessable:
Y
","Temporary Polling Location




Handicap Accessable: 
"
CALHOUN COUNTY,BEDFORD TOWNSHIP ,     PRECINCT 3,"Permanent Polling Location
FIRE STATION # 3
5902 MORGAN RD
BATTLE CREEK MI 49017

Handicap Accessable:
Y
","Temporary Polling Location




Handicap Accessable: 
"
CALHOUN COUNTY,BURLINGTON TOWNSHIP ,     PRECINCT 1,"Permanent Polling Location
BURLINGTON TOWNSHIP HALL
135 ELM ST
BURLINGTON MI 49029

Handicap Accessable:
Y
(M-60 & ELM STREET)","Temporary Polling Location




Handicap Accessable: 
"
CALHOUN COUNTY,CLARENCE TOWNSHIP ,     PRECINCT 1,"Permanent Polling Location
CLARENCE TWP HALL
27052 R DRIVE NORTH
ALBION MI 49224

Handicap Accessable:
Y
","Temporary Polling Location




Handicap Accessable: 
"
CALHOUN COUNTY,CLARENDON TOWNSHIP ,     PRECINCT 1,"Permanent Polling Location
CLARENDON PARK
21947 R DRIVE SOUTH
HOMER MI 49245

Handicap Accessable:
Y
(NW CORNER OF R DRIVE S, AND 22 MILE RD)","Temporary Polling Location




Handicap Accessable: 
"
CALHOUN COUNTY,CONVIS TOWNSHIP ,     PRECINCT 1,"Permanent Polling Location
CONVIS TOWNSHIP HALL
19500  15 MILE ROAD
MARSHALL MI 49068

Handicap Accessable:
Y
","Temporary Polling Location




Handicap Accessable: 
"
CALHOUN COUNTY,ECKFORD TOWNSHIP ,     PRECINCT 1,"Permanent Polling Location
TOWN HALL
21000  F DRIVE SOUTH
MARSHALL MI 49068

Handicap Accessable:
Y
","Temporary Polling Location




Handicap Accessable: 
"
CALHOUN COUNTY,EMMETT TOWNSHIP ,     PRECINCT 1,"Permanent Polling Location
EMMETT CHARTER TWSHP
621 CLIFF ST.
BATTLE CREEK MI 49014

Handicap Accessable:
Y
(CORNER OF CLIFF & COLUMBIA ;NEXT TO RITE-AID.)","Temporary Polling Location




Handicap Accessable: 
"
CALHOUN COUNTY,EMMETT TOWNSHIP ,     PRECINCT 2,"Permanent Polling Location
VICTORY LIFE CHURCH
6892 D DRIVE N
BATTLE CREEK MI 49014

Handicap Accessable:
Y
","Temporary Polling Location




Handicap Accessable: 
"
CALHOUN COUNTY,EMMETT TOWNSHIP ,     PRECINCT 3,"Permanent Polling Location
VICTORY LIFE CHURCH
6892 D DRIVE N
BATTLE CREEK MI 49014

Handicap Accessable:
Y
","Temporary Polling Location




Handicap Accessable: 
"
CALHOUN COUNTY,EMMETT TOWNSHIP ,     PRECINCT 4,"Permanent Polling Location
VICTORY LIFE CHURCH
6892 D DRIVE N
BATTLE CREEK MI 49014

Handicap Accessable:
Y
","Temporary Polling Location




Handicap Accessable: 
"
CALHOUN COUNTY,FREDONIA TOWNSHIP ,     PRECINCT 1,"Permanent Polling Location
TWP HALL/FIRE DEPT
8803  US HIGHWAY 27 S
MARSHALL MI 49068-9215

Handicap Accessable:
Y
","Temporary Polling Location




Handicap Accessable: 
"
CALHOUN COUNTY,HOMER TOWNSHIP ,     PRECINCT 1,"Permanent Polling Location
HOMER COMMUNITY BLDG
112 W ADAMS STREET
HOMER MI 49245

Handicap Accessable:
Y
","Temporary Polling Location




Handicap Accessable: 
"
CALHOUN COUNTY,LEE TOWNSHIP ,     PRECINCT 1,"Permanent Polling Location
LEE TOWNSHIP HALL
23045 21 MILE ROAD
OLIVET MI 49076

Handicap Accessable:
Y
","Temporary Polling Location




Handicap Accessable: 
"
CALHOUN COUNTY,LEROY TOWNSHIP ,     PRECINCT 1,"Permanent Polling Location
LEROY TWP COMM BLDG
8146 4 MILE ROAD
EAST LEROY MI 49051

Handicap Accessable:
Y
(FOR ATHENS, CLIMAX-SCOTTS & HARPER CREEK SCHOOL DISTRICTS)","Temporary Polling Location




Handicap Accessable: 
"
CALHOUN COUNTY,MARENGO TOWNSHIP ,     PRECINCT 1,"Permanent Polling Location
MARENGO TWP. HALL
14021  23 MILE ROAD
ALBION MI 49224

Handicap Accessable:
Y
","Temporary Polling Location




Handicap Accessable: 
"
CALHOUN COUNTY,MARSHALL CITY ,     PRECINCT 1,"Permanent Polling Location
ST MARYS CATHOLIC CH
201 SOUTH GRAND
MARSHALL MI 49068

Handicap Accessable:
Y
","Temporary Polling Location




Handicap Accessable: 
"
CALHOUN COUNTY,MARSHALL CITY ,     PRECINCT 2,"Permanent Polling Location
ST MARYS CATHOLIC CH
201 SOUTH GRAND
MARSHALL MI 49068

Handicap Accessable:
Y
","Temporary Polling Location




Handicap Accessable: 
"
CALHOUN COUNTY,MARSHALL TOWNSHIP ,     PRECINCT 1,"Permanent Polling Location
TOWNSHIP HALL
13551 15 MILE ROAD
MARSHALL MI 49068

Handicap Accessable:
Y
","Temporary Polling Location




Handicap Accessable: 
"
CALHOUN COUNTY,NEWTON TOWNSHIP ,     PRECINCT 1,"Permanent Polling Location
NEWTON TOWNSHIP COMMUNITY HALL
11003 9 1/2 MILE ROAD
CERESCO MI 49033

Handicap Accessable:
Y
(ON THE CORNER OF 9 1/2 MILE ROAD AND B DRIVE SOUTH)","Temporary Polling Location




Handicap Accessable: 
"
CALHOUN COUNTY,PENNFIELD TOWNSHIP ,     PRECINCT 2,"Permanent Polling Location
CALVARY BAPTIST
1625 CAPITAL AVE NE
BATTLE CREEK MI 49017

Handicap Accessable:
Y
","Temporary Polling Location




Handicap Accessable: 
"
CALHOUN COUNTY,PENNFIELD TOWNSHIP ,     PRECINCT 3,"Permanent Polling Location
RHEMA WORD OUTREACH CENTER
21342 CAPITAL AVE NE
BATTLE CREEK MI 49017

Handicap Accessable:
Y
","Temporary Polling Location




Handicap Accessable: 
"
CALHOUN COUNTY,SHERIDAN TOWNSHIP ,     PRECINCT 1,"Permanent Polling Location
SHERIDAN TWP HALL
13355 29 MILE RD
ALBION MI 49224

Handicap Accessable:
Y
","Temporary Polling Location




Handicap Accessable: 
"
CALHOUN COUNTY,SPRINGFIELD CITY ,     PRECINCT 1,"Permanent Polling Location
CITY HALL
601 AVENUE A
SPRINGFIELD MI 49015

Handicap Accessable:
Y
","Temporary Polling Location




Handicap Accessable: 
"
CALHOUN COUNTY,TEKONSHA TOWNSHIP ,     PRECINCT 1,"Permanent Polling Location
TEKONSHA TWP HALL
166 SPIRES PARKWAY
TEKONSHA MI 49092

Handicap Accessable:
Y
","Temporary Polling Location




Handicap Accessable: 
"
CASS COUNTY,CALVIN TOWNSHIP ,     PRECINCT 1,"Permanent Polling Location
CALVIN TOWNSHIP HALL
18727 MT. ZION ROAD
CASSOPOLIS MI 49031

Handicap Accessable:
N
","Temporary Polling Location




Handicap Accessable: 
"
CASS COUNTY,DOWAGIAC CITY ,     PRECINCT 1,"Permanent Polling Location
SNOW BLDG, COMMUNITY CENTER
302 S FRONT STREET
DOWAGIAC MI 49047

Handicap Accessable:
Y
(CORNER OF FRONT & MAIN STREETS)","Temporary Polling Location




Handicap Accessable: 
"
CASS COUNTY,DOWAGIAC CITY ,     PRECINCT 2,"Permanent Polling Location
COA FRONT STREET CROSSIN
227 S FRONT STREET
DOWAGIAC MI 49047

Handicap Accessable:
Y
","Temporary Polling Location




Handicap Accessable: 
"
CASS COUNTY,DOWAGIAC CITY ,     PRECINCT 3,"Permanent Polling Location
DOWAGIAC CITY HALL
241 S. FRONT STREET
DOWAGIAC MI 49047

Handicap Accessable:
Y
","Temporary Polling Location




Handicap Accessable: 
"
CASS COUNTY,HOWARD TOWNSHIP ,     PRECINCT 1,"Permanent Polling Location
HOWARD TWP OFFICE
1345 BARRON LAKE RD
NILES MI 49120

Handicap Accessable:
Y
","Temporary Polling Location




Handicap Accessable: 
"
CASS COUNTY,HOWARD TOWNSHIP ,     PRECINCT 2,"Permanent Polling Location
HOWARD TWP FIRE DEPT
2690 LAKE SHORE DRIVE
NILES MI 49120

Handicap Accessable:
Y
(CORNER OF BARRON LAKE ROAD AND M-60)","Temporary Polling Location




Handicap Accessable: 
"
CASS COUNTY,JEFFERSON TOWNSHIP ,     PRECINCT 1,"Permanent Polling Location
JEFFERSON TWP HALL
24725 JEFFERSON CENTER ST
CASSOPOLIS MI 49031

Handicap Accessable:
Y
","Temporary Polling Location




Handicap Accessable: 
"
CASS COUNTY,LA GRANGE TOWNSHIP ,     PRECINCT 1,"Permanent Polling Location
CENTRAL CASS FIRE DEPARTMENT
23201 M 60
CASSOPOLIS MI 49031

Handicap Accessable:
Y
","Temporary Polling Location




Handicap Accessable: 
"
CASS COUNTY,MARCELLUS TOWNSHIP ,     PRECINCT 1,"Permanent Polling Location
MARCELLUS TWP HALL
463 W MAIN STREET
MARCELLUS MI 49067

Handicap Accessable:
Y
","Temporary Polling Location




Handicap Accessable: 
"
CASS COUNTY,MASON TOWNSHIP ,     PRECINCT 1,"Permanent Polling Location
MASON TOWNHALL
17049 US 12
EDWARDSBURG MI 49112

Handicap Accessable:
Y
","Temporary Polling Location




Handicap Accessable: 
"
CASS COUNTY,MILTON TOWNSHIP ,     PRECINCT 1,"Permanent Polling Location
TOWNSHIP OFFICES
32097  BERTRAND STREET
NILES MI 49120

Handicap Accessable:
Y
","Temporary Polling Location




Handicap Accessable: 
"
CASS COUNTY,NEWBERG TOWNSHIP ,     PRECINCT 1,"Permanent Polling Location
NEWBERG TOWNSHIP FIRE DEPARTMENT
11900 MCKINLEY ST
JONES MI 49061

Handicap Accessable:
Y
(LOCATED ON THE CORNER OF M-60 AND M-40 IN JONES MICHIGAN)","Temporary Polling Location




Handicap Accessable: 
"
CASS COUNTY,ONTWA TOWNSHIP ,     PRECINCT 1,"Permanent Polling Location
ONTWA TWP. HALL
26225 US HIGHWAY 12
EDWARDSBURG MI 49112

Handicap Accessable:
Y
","Temporary Polling Location




Handicap Accessable: 
"
CASS COUNTY,ONTWA TOWNSHIP ,     PRECINCT 2,"Permanent Polling Location
ONTWA TWP. HALL
26225 US HIGHWAY 12
EDWARDSBURG MI 49112

Handicap Accessable:
Y
","Temporary Polling Location




Handicap Accessable: 
"
CASS COUNTY,PENN TOWNSHIP ,     PRECINCT 1,"Permanent Polling Location
PENN TOWNSHIP HALL
60717 SOUTH MAIN
VANDALIA MI 49095

Handicap Accessable:
Y
","Temporary Polling Location




Handicap Accessable: 
"
CASS COUNTY,POKAGON TOWNSHIP ,     PRECINCT 1,"Permanent Polling Location
POKAGON TWP HALL
30683  PEAVINE STREET
DOWAGIAC MI 49047

Handicap Accessable:
Y
","Temporary Polling Location




Handicap Accessable: 
"
CASS COUNTY,PORTER TOWNSHIP ,     PRECINCT 1,"Permanent Polling Location
PORTER AD BUILDING
69373 BALDWIN PRAIRIE RD. P.O. BOX 517
UNION MI 49130

Handicap Accessable:
Y
","Temporary Polling Location




Handicap Accessable: 
"
CASS COUNTY,PORTER TOWNSHIP ,     PRECINCT 2,"Permanent Polling Location
PORTER FIRE STATION
69401 BALDWIN PRAIRIE RD
UNION MI 49130

Handicap Accessable:
Y
","Temporary Polling Location




Handicap Accessable: 
"
CASS COUNTY,SILVER CREEK TOWNSHIP ,     PRECINCT 1,"Permanent Polling Location
SILVERCREEK TWP HALL
32764 DIXON ST
DOWAGIAC MI 49047

Handicap Accessable:
Y
","Temporary Polling Location




Handicap Accessable: 
"
CASS COUNTY,VOLINIA TOWNSHIP ,     PRECINCT 1,"Permanent Polling Location
VOLINIA TWP. HALL
53254 GOODENOUGH ROAD
MARCELLUS MI 49067

Handicap Accessable:
Y
(ON EAST SIDE OF GOODENOUGH RD, N OF BAPTIST CHURCH)","Temporary Polling Location




Handicap Accessable: 
"
CASS COUNTY,WAYNE TOWNSHIP ,     PRECINCT 1,"Permanent Polling Location
WAYNE TOWNSHIP HALL
53950 GLENWOOD RD.
DOWAGIAC MI 49047

Handicap Accessable:
Y
(CORNER OF GLENWOOD RD. AND MARCELLUS HWY.)","Temporary Polling Location




Handicap Accessable: 
"
CHARLEVOIX COUNTY,BAY TOWNSHIP ,     PRECINCT 1,"Permanent Polling Location
BAY TOWNSHIP HALL
05045 BOYNE CITY ROAD
BOYNE CITY MI 49712

Handicap Accessable:
Y
(HORTON BAY)","Temporary Polling Location




Handicap Accessable: 
"
CHARLEVOIX COUNTY,BOYNE CITY CITY ,     PRECINCT 16,"Permanent Polling Location
BOYNE CITY HALL
319 N LAKE STREET
BOYNE CITY MI 49712

Handicap Accessable:
Y
","Temporary Polling Location




Handicap Accessable: 
"
CHARLEVOIX COUNTY,BOYNE VALLEY TOWNSHIP ,     PRECINCT 2,"Permanent Polling Location
BOYNE VALLEY HALL
2489 RAILROAD STREET
BOYNE FALLS MI 49713

Handicap Accessable:
N
","Temporary Polling Location




Handicap Accessable: 
"
CHARLEVOIX COUNTY,CHANDLER TOWNSHIP ,     PRECINCT 3,"Permanent Polling Location
TOWNSHIP HALL
7620 CHANDLER HILL ROAD
BOYNE FALLS MI 49713

Handicap Accessable:
Y
(CORNER OF CHANDLER HILL AND MATZ)","Temporary Polling Location




Handicap Accessable: 
"
CHARLEVOIX COUNTY,CHARLEVOIX CITY ,     PRECINCT 1-18,"Permanent Polling Location
CITY HALL
210 STATE STREET
CHARLEVOIX MI 49720

Handicap Accessable:
Y
","Temporary Polling Location




Handicap Accessable: 
"
CHARLEVOIX COUNTY,CHARLEVOIX CITY ,     PRECINCT 2-19,"Permanent Polling Location
CITY HALL
210 STATE STREET
CHARLEVOIX MI 49720

Handicap Accessable:
Y
","Temporary Polling Location




Handicap Accessable: 
"
CHARLEVOIX COUNTY,CHARLEVOIX CITY ,     PRECINCT 3-20,"Permanent Polling Location
CITY HALL
210 STATE STREET
CHARLEVOIX MI 49720

Handicap Accessable:
Y
","Temporary Polling Location




Handicap Accessable: 
"
CHARLEVOIX COUNTY,CHARLEVOIX TOWNSHIP ,     PRECINCT 4,"Permanent Polling Location
TOWNSHIP HALL
12491 WALLER ROAD
CHARLEVOIX MI 49720

Handicap Accessable:
Y
","Temporary Polling Location




Handicap Accessable: 
"
CHARLEVOIX COUNTY,EAST JORDAN CITY ,     PRECINCT 21,"Permanent Polling Location
CITY HALL
201 MAIN STREET
EAST JORDAN MI 49727

Handicap Accessable:
Y
","Temporary Polling Location




Handicap Accessable: 
"
CHARLEVOIX COUNTY,EVANGELINE TOWNSHIP ,     PRECINCT 5,"Permanent Polling Location
EVANGELINE TOWNSHIP HALL
2746 WILDWOOD HARBOR ROAD
BOYNE CITY MI 49712

Handicap Accessable:
Y
(N OF CLUTE RD, ON EAST SIDE OF WILDWOOD HARBOR RD)","Temporary Polling Location




Handicap Accessable: 
"
CHARLEVOIX COUNTY,EVELINE TOWNSHIP ,     PRECINCT 6,"Permanent Polling Location
TOWNSHIP HALL
08525 FERRY ROAD
EAST JORDAN MI 49727

Handicap Accessable:
Y
","Temporary Polling Location




Handicap Accessable: 
"
CHARLEVOIX COUNTY,HAYES TOWNSHIP ,     PRECINCT 7,"Permanent Polling Location
HAYES TOWNSHIP HALL
9195 MAJOR DOUGLAS SLOAN ROAD
CHARLEVOIX MI 49720

Handicap Accessable:
Y
","Temporary Polling Location




Handicap Accessable: 
"
CHARLEVOIX COUNTY,HUDSON TOWNSHIP ,     PRECINCT 8,"Permanent Polling Location
TOWNSHIP HALL
7865 REYNOLDS ROAD
ELMIRA MI 49730

Handicap Accessable:
Y
(NW CORNER OF N CAMP 10 RD AND REYNOLDS RD)","Temporary Polling Location




Handicap Accessable: 
"
CHARLEVOIX COUNTY,MARION TOWNSHIP ,     PRECINCT 9,"Permanent Polling Location
MARION TOWNSHIP HALL
03735 MARION CENTER ROAD
CHARLEVOIX MI 49720

Handicap Accessable:
Y
","Temporary Polling Location




Handicap Accessable: 
"
CHARLEVOIX COUNTY,MELROSE TOWNSHIP ,     PRECINCT 10,"Permanent Polling Location
TOWNSHIP HALL
04289 M-75 NORTH
WALLOON LAKE MI 49796

Handicap Accessable:
Y
","Temporary Polling Location




Handicap Accessable: 
"
CHARLEVOIX COUNTY,NORWOOD TOWNSHIP ,     PRECINCT 11,"Permanent Polling Location
TOWNSHIP HALL
00640 LAKESHORE DR.
CHARLEVOIX MI 49720

Handicap Accessable:
Y
","Temporary Polling Location




Handicap Accessable: 
"
CHARLEVOIX COUNTY,PEAINE TOWNSHIP ,     PRECINCT 12,"Permanent Polling Location
TOWNSHIP HALL
36825 KINGS HIGHWAY
BEAVER ISLAND MI 49782

Handicap Accessable:
Y
","Temporary Polling Location




Handicap Accessable: 
"
CHARLEVOIX COUNTY,SOUTH ARM TOWNSHIP ,     PRECINCT 14,"Permanent Polling Location
SOUTH ARM TWP HALL
02811 S. M-66 HWY
EAST JORDAN MI 49727

Handicap Accessable:
Y
","Temporary Polling Location




Handicap Accessable: 
"
CHARLEVOIX COUNTY,ST JAMES TOWNSHIP ,     PRECINCT 13,"Permanent Polling Location
TOWNSHP HALL
37735 MICHIGAN AVENUE
BEAVER ISLAND MI 49782

Handicap Accessable:
Y
","Temporary Polling Location




Handicap Accessable: 
"
CHARLEVOIX COUNTY,WILSON TOWNSHIP ,     PRECINCT 15,"Permanent Polling Location
WILSON TOWNSHIP HALL
02530 FALL PARK RD
BOYNE CITY MI 49712

Handicap Accessable:
Y
","Temporary Polling Location




Handicap Accessable: 
"
CHEBOYGAN COUNTY,ALOHA TOWNSHIP ,     PRECINCT 1,"Permanent Polling Location
ALOHA TOWNHALL
2037 MANN RD
CHEBOYGAN MI 49721

Handicap Accessable:
Y
","Temporary Polling Location




Handicap Accessable: 
"
CHEBOYGAN COUNTY,BEAUGRAND TOWNSHIP ,     PRECINCT 1,"Permanent Polling Location
BEAUGRAND TOWNHALL
1999 OLD MACKINAW ROAD
CHEBOYGAN MI 49721

Handicap Accessable:
Y
","Temporary Polling Location




Handicap Accessable: 
"
CHEBOYGAN COUNTY,BENTON TOWNSHIP ,     PRECINCT 1,"Permanent Polling Location
BENTON COMMUNITY CTR
5012 ORCHARD BEACH ROAD
CHEBOYGAN MI 49721

Handicap Accessable:
Y
","Temporary Polling Location




Handicap Accessable: 
"
CHEBOYGAN COUNTY,BURT TOWNSHIP ,     PRECINCT 1,"Permanent Polling Location
BURT TOWNHALL
7029 BIRCHWOOD ROAD
CHEBOYGAN MI 49721

Handicap Accessable:
Y
","Temporary Polling Location




Handicap Accessable: 
"
CHEBOYGAN COUNTY,CHEBOYGAN CITY ,     PRECINCT 1,"Permanent Polling Location
RECREATION CENTER
400 CLEVELAND AVENUE
CHEBOYGAN MI 49721

Handicap Accessable:
Y
","Temporary Polling Location




Handicap Accessable: 
"
CHEBOYGAN COUNTY,CHEBOYGAN CITY ,     PRECINCT 2,"Permanent Polling Location
RECREATION CENTER
400 CLEVELAND AVENUE
CHEBOYGAN MI 49721

Handicap Accessable:
Y
","Temporary Polling Location




Handicap Accessable: 
"
CHEBOYGAN COUNTY,CHEBOYGAN CITY ,     PRECINCT 3,"Permanent Polling Location
RECREATION CENTER
400 CLEVELAND AVENUE
CHEBOYGAN MI 49721

Handicap Accessable:
Y
","Temporary Polling Location




Handicap Accessable: 
"
CHEBOYGAN COUNTY,ELLIS TOWNSHIP ,     PRECINCT 1,"Permanent Polling Location
ELLIS TOWNHALL
9605 AFTON ROAD
WOLVERINE MI 49799

Handicap Accessable:
Y
","Temporary Polling Location




Handicap Accessable: 
"
CHEBOYGAN COUNTY,FOREST TOWNSHIP ,     PRECINCT 1,"Permanent Polling Location
FOREST TOWNSHIP HALL
9511 M-68/33
TOWER MI 49792

Handicap Accessable:
Y
","Temporary Polling Location




Handicap Accessable: 
"
CHEBOYGAN COUNTY,GRANT TOWNSHIP ,     PRECINCT 1,"Permanent Polling Location
GRANT TOWNHALL
8908 TWIN LAKES ROAD
CHEBOYGAN MI 49721

Handicap Accessable:
Y
","Temporary Polling Location




Handicap Accessable: 
"
CHEBOYGAN COUNTY,HEBRON TOWNSHIP ,     PRECINCT 1,"Permanent Polling Location
HEBRON TOWNHALL
9022 HEBRON TOWNHALL ROAD
CHEBOYGAN MI 49721

Handicap Accessable:
Y
","Temporary Polling Location




Handicap Accessable: 
"
CHEBOYGAN COUNTY,INVERNESS TOWNSHIP ,     PRECINCT 1,"Permanent Polling Location
INVERNESS TOWNHALL
734 VFW ROAD
CHEBOYGAN MI 49721

Handicap Accessable:
Y
","Temporary Polling Location




Handicap Accessable: 
"
CHEBOYGAN COUNTY,KOEHLER TOWNSHIP ,     PRECINCT 1,"Permanent Polling Location
KOEHLER TOWNHALL
2227 STONEY CREEK ROAD
AFTON MI 49705

Handicap Accessable:
Y
","Temporary Polling Location




Handicap Accessable: 
"
CHEBOYGAN COUNTY,MACKINAW TOWNSHIP ,     PRECINCT 1,"Permanent Polling Location
MACKINAW TWP HALL
10595 WALLICK ROAD
MACKINAW CITY MI 49701

Handicap Accessable:
Y
","Temporary Polling Location




Handicap Accessable: 
"
CHEBOYGAN COUNTY,MENTOR TOWNSHIP ,     PRECINCT 1,"Permanent Polling Location
MENTOR TOWNHALL
8240 SOUTH STRAITS HIGHWAY
INDIAN RIVER MI 49749

Handicap Accessable:
Y
","Temporary Polling Location




Handicap Accessable: 
"
CHEBOYGAN COUNTY,MULLETT TOWNSHIP ,     PRECINCT 1,"Permanent Polling Location
MULLETT TOWNHALL
1491 N STRAITS HWY
TOPINABEE MI 49791

Handicap Accessable:
Y
","Temporary Polling Location




Handicap Accessable: 
"
CHEBOYGAN COUNTY,MUNRO TOWNSHIP ,     PRECINCT 1,"Permanent Polling Location
MUNRO TOWNHALL
8016 BRANDAU ROAD
LEVERING MI 49755

Handicap Accessable:
Y
","Temporary Polling Location




Handicap Accessable: 
"
CHEBOYGAN COUNTY,NUNDA TOWNSHIP ,     PRECINCT 1,"Permanent Polling Location
NUNDA TOWNHALL
12991 SOUTH STRAITS HIGHWAY
WOLVERINE MI 49799

Handicap Accessable:
Y
","Temporary Polling Location




Handicap Accessable: 
"
CHEBOYGAN COUNTY,TUSCARORA TOWNSHIP ,     PRECINCT 1,"Permanent Polling Location
TUSCARORA TOWN HALL
3546 SOUTH STRAITS HIGHWAY
INDIAN RIVER MI 49749

Handicap Accessable:
Y
","Temporary Polling Location




Handicap Accessable: 
"
CHEBOYGAN COUNTY,WALKER TOWNSHIP ,     PRECINCT 1,"Permanent Polling Location
WALKER TOWNSHIP HALL
7021 MONTGOMERY ROAD
AFTON MI 49705

Handicap Accessable:
N
","Temporary Polling Location




Handicap Accessable: 
"
CHEBOYGAN COUNTY,WAVERLY TOWNSHIP ,     PRECINCT 1,"Permanent Polling Location
WAVERLY TOWNHALL
11133 TWIN SCHOOL ROAD
ONAWAY MI 49765

Handicap Accessable:
Y
","Temporary Polling Location




Handicap Accessable: 
"
CHEBOYGAN COUNTY,WILMOT TOWNSHIP ,     PRECINCT 1,"Permanent Polling Location
WILMOT TOWNHALL
14980 OLD STURGEON ROAD
WOLVERINE MI 49799

Handicap Accessable:
Y
","Temporary Polling Location




Handicap Accessable: 
"
CHIPPEWA COUNTY,BAY MILLS TOWNSHIP ,     PRECINCT 1,"Permanent Polling Location
BAY MILLS TOWNSHIP
14740 WEST LAKESHORE DRIVE
BRIMLEY MI 49715

Handicap Accessable:
Y
","Temporary Polling Location




Handicap Accessable: 
"
CHIPPEWA COUNTY,BRUCE TOWNSHIP ,     PRECINCT 1,"Permanent Polling Location
BRUCE TWP HALL
3156 E. 12 MILE RD.
DAFTER MI 49724

Handicap Accessable:
Y
","Temporary Polling Location




Handicap Accessable: 
"
CHIPPEWA COUNTY,CHIPPEWA TOWNSHIP ,     PRECINCT 1,"Permanent Polling Location
CHIPPEWA TOWNSHIP HALL
30014 M 28
ECKERMAN MI 49728

Handicap Accessable:
Y
(ON N SIDE OF M23, ONE MILE W OF STRONGS CORNER RD)","Temporary Polling Location




Handicap Accessable: 
"
CHIPPEWA COUNTY,DAFTER TOWNSHIP ,     PRECINCT 1,"Permanent Polling Location
DAFTER TOWNSHIP HALL
2926 W 10 MILE RD
DAFTER MI 49724

Handicap Accessable:
Y
","Temporary Polling Location




Handicap Accessable: 
"
CHIPPEWA COUNTY,DETOUR TOWNSHIP ,     PRECINCT 1,"Permanent Polling Location
DETOUR TWP HALL
260 S SUPERIOR STREET
DETOUR VILLAGE MI 49725

Handicap Accessable:
Y
","Temporary Polling Location




Handicap Accessable: 
"
CHIPPEWA COUNTY,DRUMMOND TOWNSHIP ,     PRECINCT 1,"Permanent Polling Location
DRUMMOND IS TWP HALL
29935 E PINE
DRUMMOND ISLAND MI 49726

Handicap Accessable:
N
","Temporary Polling Location




Handicap Accessable: 
"
CHIPPEWA COUNTY,HULBERT TOWNSHIP ,     PRECINCT 1,"Permanent Polling Location
HULBERT TOWNSHIP HAL
37686 W FOURTH STREET
HULBERT MI 49748

Handicap Accessable:
Y
","Temporary Polling Location




Handicap Accessable: 
"
CHIPPEWA COUNTY,KINROSS TOWNSHIP ,     PRECINCT 1,"Permanent Polling Location
TOWNSHIP HALL
4884 W CURTIS STREET
KINCHELOE MI 49788

Handicap Accessable:
Y
","Temporary Polling Location




Handicap Accessable: 
"
CHIPPEWA COUNTY,PICKFORD TOWNSHIP ,     PRECINCT 1,"Permanent Polling Location
PICKFORD TOWNSHIP HA
155 E. MAIN STREET
PICKFORD MI 49774

Handicap Accessable:
Y
","Temporary Polling Location




Handicap Accessable: 
"
CHIPPEWA COUNTY,RABER TOWNSHIP ,     PRECINCT 1,"Permanent Polling Location
RABER TOWNSHIP HALL
16315 E M-48
GOETZVILLE MI 49736

Handicap Accessable:
Y
","Temporary Polling Location




Handicap Accessable: 
"
CHIPPEWA COUNTY,RUDYARD TOWNSHIP ,     PRECINCT 1,"Permanent Polling Location
RUDYARD TOWNSHIP
18725 S MACKINAC TR
RUDYARD MI 49780

Handicap Accessable:
Y
","Temporary Polling Location




Handicap Accessable: 
"
CHIPPEWA COUNTY,SAULT STE MARIE CITY ,     PRECINCT 1,"Permanent Polling Location
LSSU JAMES NORRIS CENTER
1000 MERIDIAN AVENUE
SAULT STE MARIE MI 49783

Handicap Accessable:
Y
","Temporary Polling Location




Handicap Accessable: 
"
CHIPPEWA COUNTY,SAULT STE MARIE CITY ,     PRECINCT 2,"Permanent Polling Location
LSSU JAMES NORRIS CENTER
1000 MERIDIAN AVENUE
SAULT STE MARIE MI 49783

Handicap Accessable:
Y
","Temporary Polling Location




Handicap Accessable: 
"
CHIPPEWA COUNTY,SAULT STE MARIE CITY ,     PRECINCT 3,"Permanent Polling Location
LSSU JAMES NORRIS CENTER
1000 MERIDIAN AVENUE
SAULT STE MARIE MI 49783

Handicap Accessable:
Y
","Temporary Polling Location




Handicap Accessable: 
"
CHIPPEWA COUNTY,SOO TOWNSHIP ,     PRECINCT 1,"Permanent Polling Location
SOO TOWNSHIP COMM CE
639 3 1/2 MILE RD
SAULT STE MARIE MI 49783

Handicap Accessable:
Y
","Temporary Polling Location




Handicap Accessable: 
"
CHIPPEWA COUNTY,SUGAR ISLAND TOWNSHIP ,     PRECINCT 1,"Permanent Polling Location
SUGAR IS COMM CENTER
6401 E 1 1/2  MILE RD
SAULT SAINTE MARIE MI 49783

Handicap Accessable:
Y
","Temporary Polling Location




Handicap Accessable: 
"
CHIPPEWA COUNTY,SUPERIOR TOWNSHIP ,     PRECINCT 1,"Permanent Polling Location
SUPERIOR TOWNSHIP HA
7049 S M-221
BRIMLEY MI 49715

Handicap Accessable:
Y
","Temporary Polling Location




Handicap Accessable: 
"
CHIPPEWA COUNTY,TROUT LAKE TOWNSHIP ,     PRECINCT 1,"Permanent Polling Location
TROUT LAKE TWP
32686 W. H-40
TROUT LAKE MI 49793

Handicap Accessable:
Y
","Temporary Polling Location




Handicap Accessable: 
"
CHIPPEWA COUNTY,WHITEFISH TOWNSHIP ,     PRECINCT 1,"Permanent Polling Location
WHITEFISH TOWNSHIP
7052 N. M-123
PARADISE MI 49768

Handicap Accessable:
N
","Temporary Polling Location




Handicap Accessable: 
"
CLARE COUNTY,ARTHUR TOWNSHIP ,     PRECINCT 1,"Permanent Polling Location
ARTHUR TWP HALL
3031 S. ATHEY ROAD
CLARE MI 48617

Handicap Accessable:
Y
(CORNER ATHEY RD AND ASHARD RD)","Temporary Polling Location




Handicap Accessable: 
"
CLARE COUNTY,CLARE CITY ,     PRECINCT 1,"Permanent Polling Location
PERE MARQUETTE LIBRA
185 E. FOURTH STREET
CLARE MI 48617

Handicap Accessable:
Y
","Temporary Polling Location




Handicap Accessable: 
"
CLARE COUNTY,CLARE CITY ,     PRECINCT 1,"Permanent Polling Location
PERE MARQUETTE LIBRA
185 E. FOURTH STREET
CLARE MI 48617

Handicap Accessable:
Y
","Temporary Polling Location




Handicap Accessable: 
"
CLARE COUNTY,FRANKLIN TOWNSHIP ,     PRECINCT 1,"Permanent Polling Location
FRANKLIN TWP HALL
9809 N. M-18
GLADWIN MI 48624

Handicap Accessable:
Y
","Temporary Polling Location




Handicap Accessable: 
"
CLARE COUNTY,FREEMAN TOWNSHIP ,     PRECINCT 1,"Permanent Polling Location
FREEMAN TWP HALL
7280 MANNSIDING ROAD
LAKE MI 48632

Handicap Accessable:
Y
(RIGHT BESIDE CEMETARY)","Temporary Polling Location




Handicap Accessable: 
"
CLARE COUNTY,FROST TOWNSHIP ,     PRECINCT 1,"Permanent Polling Location
FROST TWP HALL
9031 N CLARE AVENUE
HARRISON MI 48625

Handicap Accessable:
Y
(NORTH OF TAMARACKS GOLF COURSE)","Temporary Polling Location




Handicap Accessable: 
"
CLARE COUNTY,GARFIELD TOWNSHIP ,     PRECINCT 1,"Permanent Polling Location
GARFIELD TWP HALL
9348 TERRY ST.
LAKE MI 48632

Handicap Accessable:
Y
","Temporary Polling Location




Handicap Accessable: 
"
CLARE COUNTY,GRANT TOWNSHIP ,     PRECINCT 1,"Permanent Polling Location
GRANT TWP HALL
3022 SURREY ROAD
CLARE MI 48617

Handicap Accessable:
Y
(CORNER OF SURREY ROAD AND GRANT AVENUE)","Temporary Polling Location




Handicap Accessable: 
"
CLARE COUNTY,GREENWOOD TOWNSHIP ,     PRECINCT 1,"Permanent Polling Location
GREENWOOD TWP HALL
3447 W. TEMPLE DR.
HARRISON MI 48625

Handicap Accessable:
Y
","Temporary Polling Location




Handicap Accessable: 
"
CLARE COUNTY,HAMILTON TOWNSHIP ,     PRECINCT 1,"Permanent Polling Location
HAMILTON TWP HALL
3042 N. RODGERS AVE.
HARRISON MI 48625

Handicap Accessable:
Y
(CORNER OF N. RODGERS AVE. AND TOWNLINE LAKE RD.)","Temporary Polling Location




Handicap Accessable: 
"
CLARE COUNTY,HARRISON CITY ,     PRECINCT 1,"Permanent Polling Location
HARRISON CITY HALL
2105 SULLIVAN DRIVE
HARRISON MI 48625

Handicap Accessable:
Y
(OFF OF M-61 BEHIND FIRE DEPARTMENT/DNR)","Temporary Polling Location




Handicap Accessable: 
"
CLARE COUNTY,HATTON TOWNSHIP ,     PRECINCT 1,"Permanent Polling Location
HATTON TWP HALL
3988 E. ASHARD ROAD
HARRISON MI 48625

Handicap Accessable:
Y
","Temporary Polling Location




Handicap Accessable: 
"
CLARE COUNTY,HAYES TOWNSHIP ,     PRECINCT 1,"Permanent Polling Location
HAYES TWP MUNICIPAL COMPLEX
2055 E TOWNLINE LAKE ROAD
HARRISON MI 48625

Handicap Accessable:
Y
","Temporary Polling Location




Handicap Accessable: 
"
CLARE COUNTY,HAYES TOWNSHIP ,     PRECINCT 2,"Permanent Polling Location
HAYES TWP MUNICIPAL COMPLEX
2055 E TOWNLINE LAKE ROAD
HARRISON MI 48625

Handicap Accessable:
Y
","Temporary Polling Location




Handicap Accessable: 
"
CLARE COUNTY,LINCOLN TOWNSHIP ,     PRECINCT 1,"Permanent Polling Location
LINCOLN TWP HALL
175 LAKE GEORGE AVENUE
LAKE MI 48632

Handicap Accessable:
Y
","Temporary Polling Location




Handicap Accessable: 
"
CLARE COUNTY,REDDING TOWNSHIP ,     PRECINCT 1,"Permanent Polling Location
REDDING TWP HALL
8391 W TEMPLE DR
HARRISON MI 48625

Handicap Accessable:
Y
","Temporary Polling Location




Handicap Accessable: 
"
CLARE COUNTY,SHERIDAN TOWNSHIP ,     PRECINCT 1,"Permanent Polling Location
SHERIDAN TWP HALL
8987 E SURREY ROAD
CLARE MI 48617

Handicap Accessable:
N
","Temporary Polling Location




Handicap Accessable: 
"
CLARE COUNTY,SUMMERFIELD TOWNSHIP ,     PRECINCT 1,"Permanent Polling Location
SUMMERFIELD TWP HALL
9971 N  FINLEY LAKE AVENUE
HARRISON MI 48625

Handicap Accessable:
Y
","Temporary Polling Location




Handicap Accessable: 
"
CLARE COUNTY,SURREY TOWNSHIP ,     PRECINCT 1,"Permanent Polling Location
SURREY TOWNSHIP HALL
110 E. MICHIGAN
FARWELL MI 48622

Handicap Accessable:
Y
","Temporary Polling Location




Handicap Accessable: 
"
CLARE COUNTY,WINTERFIELD TOWNSHIP ,     PRECINCT 1,"Permanent Polling Location
WINTERFIELD TWP HALL
8987 COOK AVE
MARION MI 49665

Handicap Accessable:
Y
","Temporary Polling Location




Handicap Accessable: 
"
CLINTON COUNTY,BATH TOWNSHIP ,     PRECINCT 1,"Permanent Polling Location
TOWNSHIP HALL
14480 WEBSTER RD
BATH MI 48808

Handicap Accessable:
Y
","Temporary Polling Location




Handicap Accessable: 
"
CLINTON COUNTY,BATH TOWNSHIP ,     PRECINCT 2,"Permanent Polling Location
BATH COMMUNITY CENTE
5959 PARK LAKE ROAD
BATH MI 48808

Handicap Accessable:
Y
","Temporary Polling Location




Handicap Accessable: 
"
CLINTON COUNTY,BATH TOWNSHIP ,     PRECINCT 3,"Permanent Polling Location
BATH MIDDLE SCHOOL
13675 WEBSTER ROAD
BATH MI 48808

Handicap Accessable:
Y
","Temporary Polling Location




Handicap Accessable: 
"
CLINTON COUNTY,BATH TOWNSHIP ,     PRECINCT 4,"Permanent Polling Location
SPIRIT OF CHRIST CHU
8170 COLEMAN ROAD
HASLETT MI 48840

Handicap Accessable:
Y
","Temporary Polling Location




Handicap Accessable: 
"
CLINTON COUNTY,BATH TOWNSHIP ,     PRECINCT 5,"Permanent Polling Location
BATH FIRE STATION
5633 DRUMHELLER ROAD
BATH MI 48808

Handicap Accessable:
Y
","Temporary Polling Location




Handicap Accessable: 
"
CLINTON COUNTY,BENGAL TOWNSHIP ,     PRECINCT 1,"Permanent Polling Location
BENGAL TOWNSHIP HALL
6586 W M-21 
SAINT JOHNS MI 48879

Handicap Accessable:
Y
","Temporary Polling Location




Handicap Accessable: 
"
CLINTON COUNTY,BINGHAM TOWNSHIP ,     PRECINCT 1,"Permanent Polling Location
BINGHAM TWP HALL
2057 N. LANSING ST.
SAINT JOHNS MI 48879

Handicap Accessable:
Y
","Temporary Polling Location




Handicap Accessable: 
"
CLINTON COUNTY,DALLAS TOWNSHIP ,     PRECINCT 1,"Permanent Polling Location
DALLAS TOWNSHIP HALL
225 S MAIN ST., FOWLER
FOWLER MI 48835

Handicap Accessable:
Y
(LOCATED IN FOWLER 1/4 BLOCK SOUTH OF MAIN INTERSEC)","Temporary Polling Location




Handicap Accessable: 
"
CLINTON COUNTY,DE WITT CITY ,     PRECINCT 1,"Permanent Polling Location
DEWITT CITY HALL
414 E. MAIN ST
DEWITT MI 48820

Handicap Accessable:
Y
","Temporary Polling Location




Handicap Accessable: 
"
CLINTON COUNTY,DE WITT TOWNSHIP ,     PRECINCT 1,"Permanent Polling Location
DEWITT MIDDLE SCHOOL
2957 W HERBISON RD
DEWITT MI 48820

Handicap Accessable:
Y
(JUNIOR HIGH GYMNASIUM, SOUTH SIDE OF BUILDING)","Temporary Polling Location




Handicap Accessable: 
"
CLINTON COUNTY,DE WITT TOWNSHIP ,     PRECINCT 2,"Permanent Polling Location
DEWITT MIDDLE SCHOOL
2957 W HERBISON RD
DEWITT MI 48820

Handicap Accessable:
Y
(JUNIOR HIGH GYMNASIUM, SOUTH SIDE OF BUILDING)","Temporary Polling Location




Handicap Accessable: 
"
CLINTON COUNTY,DE WITT TOWNSHIP ,     PRECINCT 3,"Permanent Polling Location
TWP FIRE STATION
1445 W HERBISON RD
DEWITT MI 48820

Handicap Accessable:
Y
(ADJACENT FROM TOWNSHIP HALL)","Temporary Polling Location




Handicap Accessable: 
"
CLINTON COUNTY,DE WITT TOWNSHIP ,     PRECINCT 4,"Permanent Polling Location
TWP FIRE STATION
1445 W HERBISON RD
DEWITT MI 48820

Handicap Accessable:
Y
(ADJACENT FROM TOWNSHIP HALL)","Temporary Polling Location




Handicap Accessable: 
"
CLINTON COUNTY,DE WITT TOWNSHIP ,     PRECINCT 5,"Permanent Polling Location
TWP COMMUNITY CENTER
16101 BROOK RD
LANSING MI 48906

Handicap Accessable:
Y
(1 BLOCK EAST & 1 BLOCK SOUTH OF US27 AND STATE RD)","Temporary Polling Location




Handicap Accessable: 
"
CLINTON COUNTY,DE WITT TOWNSHIP ,     PRECINCT 6,"Permanent Polling Location
TWP COMMUNITY CENTER
16101 BROOK RD
LANSING MI 48906

Handicap Accessable:
Y
(1 BLOCK EAST & 1 BLOCK SOUTH OF US27 AND STATE RD)","Temporary Polling Location




Handicap Accessable: 
"
CLINTON COUNTY,DE WITT TOWNSHIP ,     PRECINCT 7,"Permanent Polling Location
TWP COMMUNITY CENTER
16101 BROOK RD
LANSING MI 48906

Handicap Accessable:
Y
(1 BLOCK EAST & 1 BLOCK SOUTH OF US27 AND STATE RD)","Temporary Polling Location




Handicap Accessable: 
"
CLINTON COUNTY,DUPLAIN TOWNSHIP ,     PRECINCT 1,"Permanent Polling Location
ELSIE PUBLIC LIBRARY
145 WEST MAIN STREET
ELSIE MI 48831

Handicap Accessable:
Y
","Temporary Polling Location




Handicap Accessable: 
"
CLINTON COUNTY,EAGLE TOWNSHIP ,     PRECINCT 1,"Permanent Polling Location
EAGLE TOWNSHIP HALL
14318 MICHIGAN STREET
EAGLE MI 48822

Handicap Accessable:
Y
(2 BLOCKS NORTH OF GRAND RIVER)","Temporary Polling Location




Handicap Accessable: 
"
CLINTON COUNTY,ESSEX TOWNSHIP ,     PRECINCT 1,"Permanent Polling Location
COMMUNITY CENTER
209 W UNION ST, MAPLE RAPIDS
MAPLE RAPIDS MI 48853

Handicap Accessable:
Y
(MAPLE RAPIDS COMMUNITY CENTER)","Temporary Polling Location




Handicap Accessable: 
"
CLINTON COUNTY,GREENBUSH TOWNSHIP ,     PRECINCT 1,"Permanent Polling Location
GREENBUSH TWP HALL
1 3/4 MILE OFF US27 ON FRENCH RD
SAINT JOHNS MI 48879

Handicap Accessable:
Y
","Temporary Polling Location




Handicap Accessable: 
"
CLINTON COUNTY,LEBANON TOWNSHIP ,     PRECINCT 1,"Permanent Polling Location
LEBANON TWP HALL
10990 W. COLONY RD
FOWLER MI 48835

Handicap Accessable:
Y
(NORTHEAST CORNER OF  WRIGHT AND  COLONY RDS)","Temporary Polling Location




Handicap Accessable: 
"
CLINTON COUNTY,OLIVE TOWNSHIP ,     PRECINCT 1,"Permanent Polling Location
OLIVE TWP HALL
1/2 MI W OF US27 ON PRATT RD
SAINT JOHNS MI 48879

Handicap Accessable:
Y
(1/2 MILE WEST OF US 27 ON PRATT RD)","Temporary Polling Location




Handicap Accessable: 
"
CLINTON COUNTY,OVID CITY ,     PRECINCT 1,"Permanent Polling Location
CITY HALL
114 E. FRONT STREET
OVID MI 48866

Handicap Accessable:
Y
","Temporary Polling Location




Handicap Accessable: 
"
CLINTON COUNTY,OVID TOWNSHIP ,     PRECINCT 1,"Permanent Polling Location
OVID TOWNSHIP HALL
1015 BAESE COURT
OVID MI 48866

Handicap Accessable:
N
(SOUTH EAST CORNER OF HOLLISTER RD & M-21)","Temporary Polling Location




Handicap Accessable: 
"
CLINTON COUNTY,RILEY TOWNSHIP ,     PRECINCT 1,"Permanent Polling Location
RILEY TOWNSHIP HALL
7110 W. PRATT RD
DEWITT MI 48820

Handicap Accessable:
Y
","Temporary Polling Location




Handicap Accessable: 
"
CLINTON COUNTY,ST JOHNS CITY ,     PRECINCT 1,"Permanent Polling Location
FIRST BAPTIST CHURCH
512 SOUTH US-27
SAINT JOHNS MI 48879

Handicap Accessable:
Y
","Temporary Polling Location




Handicap Accessable: 
"
CLINTON COUNTY,ST JOHNS CITY ,     PRECINCT 2,"Permanent Polling Location
NAZARENE CHURCH
515 N. LANSING
ST JOHNS MI 48879

Handicap Accessable:
Y
","Temporary Polling Location




Handicap Accessable: 
"
CLINTON COUNTY,VICTOR TOWNSHIP ,     PRECINCT 1,"Permanent Polling Location
VICTOR TWP HALL
6843 EAST ALWARD RD
LAINGSBURG MI 48848

Handicap Accessable:
Y
(1/8 MI W OF SHEPARDSVILLE RD ON N SIDE)","Temporary Polling Location




Handicap Accessable: 
"
CLINTON COUNTY,WATERTOWN TOWNSHIP ,     PRECINCT 1,"Permanent Polling Location
WATERTOWN TWP -GYM
12803 S WACOUSTA ROAD
GRAND LEDGE MI 48837

Handicap Accessable:
Y
","Temporary Polling Location




Handicap Accessable: 
"
CLINTON COUNTY,WATERTOWN TOWNSHIP ,     PRECINCT 2,"Permanent Polling Location
WATERTOWN TWP -GYM
12803 S WACOUSTA ROAD
GRAND LEDGE MI 48837

Handicap Accessable:
Y
","Temporary Polling Location




Handicap Accessable: 
"
CLINTON COUNTY,WESTPHALIA TOWNSHIP ,     PRECINCT 1,"Permanent Polling Location
WESTPHALIA TOWNSHIP HALL
13950 W. PRATT ROAD
WESTPHALIA MI 48894

Handicap Accessable:
Y
","Temporary Polling Location




Handicap Accessable: 
"
CRAWFORD COUNTY,BEAVER CREEK TOWNSHIP ,     PRECINCT 1,"Permanent Polling Location
BEAVER CREEK TWP.
8888 S. GRAYLING RD.
GRAYLING MI 49738

Handicap Accessable:
Y
","Temporary Polling Location




Handicap Accessable: 
"
CRAWFORD COUNTY,FREDERIC TOWNSHIP ,     PRECINCT 1,"Permanent Polling Location
FREDERIC ELEMETARY
6470 MANISTEE ST
FREDERIC MI 49733

Handicap Accessable:
Y
","Temporary Polling Location




Handicap Accessable: 
"
CRAWFORD COUNTY,GRAYLING CHARTER TOWNSHIP ,     PRECINCT 304,"Permanent Polling Location
GRAYLING TWP HALL
2090 VIKING WAY
GRAYLING MI 49738

Handicap Accessable:
Y
(W M-72 HWY)","Temporary Polling Location




Handicap Accessable: 
"
CRAWFORD COUNTY,GRAYLING CHARTER TOWNSHIP ,     PRECINCT 305,"Permanent Polling Location
GRAYLING TWP HALL
2090 VIKING WAY
GRAYLING MI 49738

Handicap Accessable:
Y
(W M-72 HWY)","Temporary Polling Location




Handicap Accessable: 
"
CRAWFORD COUNTY,GRAYLING CHARTER TOWNSHIP ,     PRECINCT 306,"Permanent Polling Location
GRAYLING TWP HALL
2090 VIKING WAY
GRAYLING MI 49738

Handicap Accessable:
Y
(W M-72 HWY)","Temporary Polling Location




Handicap Accessable: 
"
CRAWFORD COUNTY,GRAYLING CITY ,     PRECINCT 1,"Permanent Polling Location
GRAYLING CITY HALL
1020 CITY BOULEVARD
GRAYLING MI 49738

Handicap Accessable:
Y
","Temporary Polling Location




Handicap Accessable: 
"
CRAWFORD COUNTY,LOVELLS TOWNSHIP ,     PRECINCT 1,"Permanent Polling Location
LOVELLS TWP. HALL
8405 TWIN BRIDGE RD
GRAYLING MI 49738

Handicap Accessable:
Y
","Temporary Polling Location




Handicap Accessable: 
"
CRAWFORD COUNTY,MAPLE FOREST TOWNSHIP ,     PRECINCT 501,"Permanent Polling Location
MAPLE FOREST TWP HAL
8996 N SHERMAN RD
GRAYLING MI 49738

Handicap Accessable:
Y
","Temporary Polling Location




Handicap Accessable: 
"
CRAWFORD COUNTY,SOUTH BRANCH TOWNSHIP ,     PRECINCT 1,"Permanent Polling Location
SOUTH BRANCH TWP
5245 M-18
ROSCOMMON MI 48653

Handicap Accessable:
Y
","Temporary Polling Location




Handicap Accessable: 
"
DELTA COUNTY,BALDWIN TOWNSHIP ,     PRECINCT 1,"Permanent Polling Location
BALDWIN TOWNSHIP HAL
5901 PERKINS 30.5 RD
PERKINS MI 49872

Handicap Accessable:
Y
","Temporary Polling Location




Handicap Accessable: 
"
DELTA COUNTY,BARK RIVER TOWNSHIP ,     PRECINCT 1,"Permanent Polling Location
SENIOR CENTER
4283 D ROAD
BARK RIVER MI 49807

Handicap Accessable:
Y
","Temporary Polling Location




Handicap Accessable: 
"
DELTA COUNTY,BAY DE NOC TOWNSHIP ,     PRECINCT 1,"Permanent Polling Location
STONINGTON COMMUNITY
5870 CO 513 T RD
RAPID RIVER MI 49878

Handicap Accessable:
Y
","Temporary Polling Location




Handicap Accessable: 
"
DELTA COUNTY,BRAMPTON TOWNSHIP ,     PRECINCT 1,"Permanent Polling Location
KIPLING TOWN HALL
9019 BAY SHORE DR
GLADSTONE MI 49837

Handicap Accessable:
Y
","Temporary Polling Location




Handicap Accessable: 
"
DELTA COUNTY,CORNELL TOWNSHIP ,     PRECINCT 1,"Permanent Polling Location
CORNELL TOWNSHIP HAL
9794 BONEY FALLS H ROAD
CORNELL MI 49818

Handicap Accessable:
Y
(BONEY FALLS H RD, JUST SOUTH OF POST OFFICE)","Temporary Polling Location




Handicap Accessable: 
"
DELTA COUNTY,ENSIGN TOWNSHIP ,     PRECINCT 1,"Permanent Polling Location
ENSIGN TOWN HALL
9498 24TH RD
RAPID RIVER MI 49878

Handicap Accessable:
Y
","Temporary Polling Location




Handicap Accessable: 
"
DELTA COUNTY,ESCANABA CITY ,     PRECINCT 1,"Permanent Polling Location
CITY HALL
410 LUDINGTON STREET
ESCANABA MI 49829

Handicap Accessable:
Y
","Temporary Polling Location




Handicap Accessable: 
"
DELTA COUNTY,ESCANABA CITY ,     PRECINCT 2,"Permanent Polling Location
ESC EC CENTER
1905 SOUTH 21ST STREET
ESCANABA MI 49829

Handicap Accessable:
Y
","Temporary Polling Location




Handicap Accessable: 
"
DELTA COUNTY,ESCANABA CITY ,     PRECINCT 3,"Permanent Polling Location
CATHERINE BONIFAS CIVIC CENTER
225 NORTH 21ST STREET
ESCANABA MI 49829

Handicap Accessable:
Y
(ROOM 121, ENTER FROM THE FRONT DOORS OF BUILDING. )","Temporary Polling Location




Handicap Accessable: 
"
DELTA COUNTY,ESCANABA CITY ,     PRECINCT 4,"Permanent Polling Location
CHRIST THE KING LUTHERAN CHURCH
1230 NORTH 18TH STREET
ESCANABA MI 49829

Handicap Accessable:
Y
","Temporary Polling Location




Handicap Accessable: 
"
DELTA COUNTY,ESCANABA TOWNSHIP ,     PRECINCT 1,"Permanent Polling Location
BESSE FIRE STATION 2
8189 P.5 ROAD
GLADSTONE MI 49837

Handicap Accessable:
Y
(LOCATED ON SOUTH BLUFF NEXT TO FERNWOOD CEMETERY)","Temporary Polling Location




Handicap Accessable: 
"
DELTA COUNTY,ESCANABA TOWNSHIP ,     PRECINCT 2,"Permanent Polling Location
ESCANABA TWP HALL
4618 CO 416 20TH ROAD
GLADSTONE MI 49837

Handicap Accessable:
Y
","Temporary Polling Location




Handicap Accessable: 
"
DELTA COUNTY,FAIRBANKS TOWNSHIP ,     PRECINCT 1,"Permanent Polling Location
FAIRBANKS TOWN HALL
13717 11TH ROAD
GARDEN MI 49835

Handicap Accessable:
Y
","Temporary Polling Location




Handicap Accessable: 
"
DELTA COUNTY,FORD RIVER TOWNSHIP ,     PRECINCT 1,"Permanent Polling Location
FORD RIVER TOWNSHIP
3845 K RD
BARK RIVER MI 49807

Handicap Accessable:
Y
","Temporary Polling Location




Handicap Accessable: 
"
DELTA COUNTY,GARDEN TOWNSHIP ,     PRECINCT 1,"Permanent Polling Location
GARDEN TWP HALL
6316 STATE ST
GARDEN MI 49835

Handicap Accessable:
Y
","Temporary Polling Location




Handicap Accessable: 
"
DELTA COUNTY,GLADSTONE CITY ,     PRECINCT 1,"Permanent Polling Location
GLADSTONE CITY HALL
1100 DELTA AVE
GLADSTONE MI 49837

Handicap Accessable:
Y
","Temporary Polling Location




Handicap Accessable: 
"
DELTA COUNTY,GLADSTONE CITY ,     PRECINCT 2,"Permanent Polling Location
GLADSTONE SKI PARK
900 NORTH BLUFF DRIVE
GLADSTONE MI 49837

Handicap Accessable:
Y
","Temporary Polling Location




Handicap Accessable: 
"
DELTA COUNTY,MAPLE RIDGE TOWNSHIP ,     PRECINCT 1,"Permanent Polling Location
MAPLE RIDGE COM BLDG
3892 W MAPLE RIDGE 37TH RD
ROCK MI 49880

Handicap Accessable:
Y
","Temporary Polling Location




Handicap Accessable: 
"
DELTA COUNTY,MASONVILLE TOWNSHIP ,     PRECINCT 1,"Permanent Polling Location
MASONVILLE TOWNSHIP HALL
10584 NORTH MAIN STREET
RAPID RIVER MI 49878

Handicap Accessable:
Y
","Temporary Polling Location




Handicap Accessable: 
"
DELTA COUNTY,NAHMA TOWNSHIP ,     PRECINCT 1,"Permanent Polling Location
NAHMA TOWN HALL
13751 WELLS 21.2 ST
NAHMA MI 49864

Handicap Accessable:
Y
(CORNER OF WELLS & ALDER ST)","Temporary Polling Location




Handicap Accessable: 
"
DELTA COUNTY,WELLS TOWNSHIP ,     PRECINCT 1,"Permanent Polling Location
WELLS TOWNSHIP HALL
6436 N 8TH ST
WELLS MI 49894

Handicap Accessable:
Y
","Temporary Polling Location




Handicap Accessable: 
"
DICKINSON COUNTY,BREEN TOWNSHIP ,     PRECINCT 1,"Permanent Polling Location
MISSION COVENANT CHURCH FELLOWSHIP HALL
W2376 CEMETERY ROAD
FOSTER CITY MI 49834

Handicap Accessable:
Y
","Temporary Polling Location




Handicap Accessable: 
"
DICKINSON COUNTY,BREITUNG TOWNSHIP ,     PRECINCT 1,"Permanent Polling Location
DEPT OF PUBLIC WORKS BLDG
3850 MENOMINEE ST, QUINNESEC
QUINNESEC MI 49876

Handicap Accessable:
Y
","Temporary Polling Location




Handicap Accessable: 
"
DICKINSON COUNTY,BREITUNG TOWNSHIP ,     PRECINCT 2,"Permanent Polling Location
NORTH BREITUNG FIREHALL #3
N4327 M 95
IRON MOUNTAIN MI 49801

Handicap Accessable:
Y
","Temporary Polling Location




Handicap Accessable: 
"
DICKINSON COUNTY,BREITUNG TOWNSHIP ,     PRECINCT 3,"Permanent Polling Location
DEPT OF PUBLIC WORKS BLDG
3850 MENOMINEE ST, QUINNESEC
QUINNESEC MI 49876

Handicap Accessable:
Y
","Temporary Polling Location




Handicap Accessable: 
"
DICKINSON COUNTY,FELCH TOWNSHIP ,     PRECINCT 1,"Permanent Polling Location
FELCH COMMUNITY CENT
W4243 HWY M-69
FELCH MI 49831

Handicap Accessable:
Y
","Temporary Polling Location




Handicap Accessable: 
"
DICKINSON COUNTY,IRON MOUNTAIN CITY ,     PRECINCT 1-3,"Permanent Polling Location
BAY COLLEGE WEST
2801 N STEPHENSON AVE.
IRON MOUNTAIN MI 49801

Handicap Accessable:
Y
(HEAD NORTH ON US-2 PAST STATE POLICE POST)","Temporary Polling Location




Handicap Accessable: 
"
DICKINSON COUNTY,IRON MOUNTAIN CITY ,     PRECINCT 2-2,"Permanent Polling Location
IRON MTN CITY HALL
501 S STEPHENSON AVENUE
IRON MOUNTAIN MI 49801

Handicap Accessable:
Y
(CORNER OF A STREET AND US-2)","Temporary Polling Location




Handicap Accessable: 
"
DICKINSON COUNTY,IRON MOUNTAIN CITY ,     PRECINCT 3-2,"Permanent Polling Location
IRON MTN CITY HALL
501 S STEPHENSON AVENUE
IRON MOUNTAIN MI 49801

Handicap Accessable:
Y
(CORNER OF A STREET AND US-2)","Temporary Polling Location




Handicap Accessable: 
"
DICKINSON COUNTY,KINGSFORD CITY ,     PRECINCT 1,"Permanent Polling Location
KINGSFORD CITY HALL
305 S. CARPENTER AVENUE
KINGSFORD MI 49802

Handicap Accessable:
Y
","Temporary Polling Location




Handicap Accessable: 
"
DICKINSON COUNTY,KINGSFORD CITY ,     PRECINCT 2,"Permanent Polling Location
KINGSFORD CITY HALL
305 S. CARPENTER AVENUE
KINGSFORD MI 49802

Handicap Accessable:
Y
","Temporary Polling Location




Handicap Accessable: 
"
DICKINSON COUNTY,NORWAY CITY ,     PRECINCT 1,"Permanent Polling Location
CITY HALL
915 MAIN ST
NORWAY MI 49870

Handicap Accessable:
Y
","Temporary Polling Location




Handicap Accessable: 
"
DICKINSON COUNTY,NORWAY TOWNSHIP ,     PRECINCT 1,"Permanent Polling Location
ST. BARBARA'S CATHOLIC CHURCH
W5058 MAIN ST.
VULCAN MI 49892

Handicap Accessable:
Y
","Temporary Polling Location




Handicap Accessable: 
"
DICKINSON COUNTY,SAGOLA TOWNSHIP ,     PRECINCT 1,"Permanent Polling Location
SAGOLA COMMUNITY BUI
306 IST STREET
SAGOLA MI 49881

Handicap Accessable:
Y
","Temporary Polling Location




Handicap Accessable: 
"
DICKINSON COUNTY,WAUCEDAH TOWNSHIP ,     PRECINCT 1,"Permanent Polling Location
LORETTO TOWN HALL
W3930 MORGAN ST
LORETTO MI 49852

Handicap Accessable:
Y
","Temporary Polling Location




Handicap Accessable: 
"
DICKINSON COUNTY,WEST BRANCH TOWNSHIP ,     PRECINCT 1,"Permanent Polling Location
WEST BRANCH TOWN HALL
N10604 COUNTY ROAD 581
RALPH MI 49877

Handicap Accessable:
Y
","Temporary Polling Location




Handicap Accessable: 
"
EATON COUNTY,BELLEVUE TOWNSHIP ,     PRECINCT 1,"Permanent Polling Location
BELLEVUE HIGH SCHOOL
576 LOVE RD
BELLEVUE MI 49021

Handicap Accessable:
Y
(NORTH SIDE OF LOVE RD, WEST OF IONIA RD)","Temporary Polling Location




Handicap Accessable: 
"
EATON COUNTY,BENTON CHARTER TOWNSHIP ,     PRECINCT 1,"Permanent Polling Location
BENTON TOWNSHIP HALL
5136 WINDSOR HWY
POTTERVILLE MI 48876

Handicap Accessable:
Y
(1/4 MILE OFF OF M-100)","Temporary Polling Location




Handicap Accessable: 
"
EATON COUNTY,BROOKFIELD TOWNSHIP ,     PRECINCT 1,"Permanent Polling Location
BROOKFIELD TWP HALL
8033 BROOKFIELD RD
CHARLOTTE MI 48813

Handicap Accessable:
N
(2ND BLDG CORNER OF BROOKFIELD RD & BELLEVUE HWY)","Temporary Polling Location




Handicap Accessable: 
"
EATON COUNTY,CARMEL TOWNSHIP ,     PRECINCT 1,"Permanent Polling Location
CARMEL TOWNSHIP HALL
661 BEECH HWY
CHARLOTTE MI 48813

Handicap Accessable:
Y
","Temporary Polling Location




Handicap Accessable: 
"
EATON COUNTY,CHARLOTTE CITY ,     PRECINCT 1-1,"Permanent Polling Location
CHARLOTTE CITY HALL COMMUNITY ROOM
111 E. LAWRENCE AVE.
CHARLOTTE MI 48813

Handicap Accessable:
Y
(COUNCIL CHAMBERS)","Temporary Polling Location




Handicap Accessable: 
"
EATON COUNTY,CHARLOTTE CITY ,     PRECINCT 2-1,"Permanent Polling Location
WEST SIDE FIRE STN
911 W SHEPHERD
CHARLOTTE MI 48813

Handicap Accessable:
Y
(CORNER W SHEPHERD & STATE ST)","Temporary Polling Location




Handicap Accessable: 
"
EATON COUNTY,CHESTER TOWNSHIP ,     PRECINCT 1,"Permanent Polling Location
CHESTER TWP HALL
4785 MULLIKEN ROAD
CHARLOTTE MI 48813

Handicap Accessable:
Y
(CORNER  OF MULLIKEN AND GRESHAM RDS)","Temporary Polling Location




Handicap Accessable: 
"
EATON COUNTY,DELTA CHARTER TOWNSHIP ,     PRECINCT 1,"Permanent Polling Location
ST. DAVIDS EPISCOPAL
1519 ELMWOOD ROAD
LANSING MI 48917

Handicap Accessable:
Y
(BETWEEN WILLOW HWY. & SAGINAW HWY.)","Temporary Polling Location




Handicap Accessable: 
"
EATON COUNTY,DELTA CHARTER TOWNSHIP ,     PRECINCT 2,"Permanent Polling Location
DELTA COMM. BLDG.
7550 W. WILLOW
LANSING MI 48917

Handicap Accessable:
Y
(CORNER OF CANAL & WILLOW)","Temporary Polling Location




Handicap Accessable: 
"
EATON COUNTY,DELTA CHARTER TOWNSHIP ,     PRECINCT 4,"Permanent Polling Location
DELTA FIRE STATION
811 N. CANAL
LANSING MI 48917

Handicap Accessable:
Y
(CORNER OF CANAL & ADMINISTRATION DRIVE)","Temporary Polling Location




Handicap Accessable: 
"
EATON COUNTY,DELTA CHARTER TOWNSHIP ,     PRECINCT 5,"Permanent Polling Location
MT HOPE CHURCH - DOOR 6
202 S. CREYTS
LANSING MI 48917

Handicap Accessable:
Y
(CORNER OF S. CREYTS AND MICHIGAN AVENUE. MICHIGAN AVENUE ENTRANCE)","Temporary Polling Location




Handicap Accessable: 
"
EATON COUNTY,DELTA CHARTER TOWNSHIP ,     PRECINCT 6,"Permanent Polling Location
DELTA TWP. LIBRARY
5130 DAVENPORT DRIVE
LANSING MI 48917

Handicap Accessable:
Y
(JUST NORTH OF W. MALL DRIVE AND ELMWOOD.)","Temporary Polling Location




Handicap Accessable: 
"
EATON COUNTY,DELTA CHARTER TOWNSHIP ,     PRECINCT 7,"Permanent Polling Location
ENRICHMENT CENTER
4538 ELIZABETH ROAD
LANSING MI 48917

Handicap Accessable:
Y
(ONE BLOCK NORTH OR W. SAGINAW HWY. AND ROBINS ROAD)","Temporary Polling Location




Handicap Accessable: 
"
EATON COUNTY,DELTA CHARTER TOWNSHIP ,     PRECINCT 8,"Permanent Polling Location
FAITH BIBLE CHURCH
5211 W. ST. JOSEPH
LANSING MI 48917

Handicap Accessable:
Y
(ON ST. JOSEPH NEAR SNOW ROAD INTERSECTION)","Temporary Polling Location




Handicap Accessable: 
"
EATON COUNTY,DELTA CHARTER TOWNSHIP ,     PRECINCT 14,"Permanent Polling Location
MT HOPE CHURCH - DOOR 6
202 S. CREYTS
LANSING MI 48917

Handicap Accessable:
Y
(CORNER OF S. CREYTS AND MICHIGAN AVENUE. MICHIGAN AVENUE ENTRANCE)","Temporary Polling Location




Handicap Accessable: 
"
EATON COUNTY,DELTA CHARTER TOWNSHIP ,     PRECINCT 15,"Permanent Polling Location
SOUTH  CHURCH
5250 CORNERSTONE
LANSING MI 48917

Handicap Accessable:
Y
(OFF SNOW ROAD BETWEEN MT. HOPE & ST. JOE)","Temporary Polling Location




Handicap Accessable: 
"
EATON COUNTY,DELTA CHARTER TOWNSHIP ,     PRECINCT 16,"Permanent Polling Location
SOUTH  CHURCH
5250 CORNERSTONE
LANSING MI 48917

Handicap Accessable:
Y
(OFF SNOW ROAD BETWEEN MT. HOPE & ST. JOE)","Temporary Polling Location




Handicap Accessable: 
"
EATON COUNTY,EATON RAPIDS CITY ,     PRECINCT 1,"Permanent Polling Location
PUB. SAFETY FACILITY
101 LINE ST
EATON RAPIDS MI 48827

Handicap Accessable:
Y
(NEAR HOWE MEMORIAL FIELD)","Temporary Polling Location




Handicap Accessable: 
"
EATON COUNTY,EATON RAPIDS CITY ,     PRECINCT 2,"Permanent Polling Location
PUB. SAFETY FACILITY
101 LINE ST
EATON RAPIDS MI 48827

Handicap Accessable:
Y
(NEAR HOWE MEMORIAL FIELD)","Temporary Polling Location




Handicap Accessable: 
"
EATON COUNTY,EATON RAPIDS CITY ,     PRECINCT 3,"Permanent Polling Location
PUB. SAFETY FACILITY
101 LINE ST
EATON RAPIDS MI 48827

Handicap Accessable:
Y
(NEAR HOWE MEMORIAL FIELD)","Temporary Polling Location




Handicap Accessable: 
"
EATON COUNTY,EATON RAPIDS TOWNSHIP ,     PRECINCT 1,"Permanent Polling Location
FIRE DEPARTMENT
2029 S. MICHIGAN ROAD
EATON RAPIDS MI 48827

Handicap Accessable:
Y
","Temporary Polling Location




Handicap Accessable: 
"
EATON COUNTY,EATON TOWNSHIP ,     PRECINCT 1,"Permanent Polling Location
EATON TOWNSHIP HALL
3981 E CLINTON TRAIL
CHARLOTTE MI 48813

Handicap Accessable:
Y
(M50 AND PERKEY RD)","Temporary Polling Location




Handicap Accessable: 
"
EATON COUNTY,GRAND LEDGE CITY ,     PRECINCT 1,"Permanent Polling Location
SAWDON SCHOOL
220 LAMSON ST
GRAND LEDGE MI 48837

Handicap Accessable:
Y
","Temporary Polling Location




Handicap Accessable: 
"
EATON COUNTY,GRAND LEDGE CITY ,     PRECINCT 2,"Permanent Polling Location
SAWDON SCHOOL
220 LAMSON ST
GRAND LEDGE MI 48837

Handicap Accessable:
Y
","Temporary Polling Location




Handicap Accessable: 
"
EATON COUNTY,GRAND LEDGE CITY ,     PRECINCT 3,"Permanent Polling Location
SAWDON SCHOOL
220 LAMSON ST
GRAND LEDGE MI 48837

Handicap Accessable:
Y
","Temporary Polling Location




Handicap Accessable: 
"
EATON COUNTY,GRAND LEDGE CITY ,     PRECINCT 4,"Permanent Polling Location
SAWDON SCHOOL
220 LAMSON ST
GRAND LEDGE MI 48837

Handicap Accessable:
Y
","Temporary Polling Location




Handicap Accessable: 
"
EATON COUNTY,HAMLIN TOWNSHIP ,     PRECINCT 1,"Permanent Polling Location
TOWNSHIP HALL
6463 S CLINTON TRAIL
EATON RAPIDS MI 48827

Handicap Accessable:
Y
","Temporary Polling Location




Handicap Accessable: 
"
EATON COUNTY,KALAMO TOWNSHIP ,     PRECINCT 1,"Permanent Polling Location
KALAMO TOWNSHIP HALL
8960 SPORE HWY
VERMONTVILLE MI 49096

Handicap Accessable:
Y
(CORNER OF IONIA RD AND SPORE HWY)","Temporary Polling Location




Handicap Accessable: 
"
EATON COUNTY,KALAMO TOWNSHIP ,     PRECINCT 2,"Permanent Polling Location
KALAMO TOWNSHIP HALL
8960 SPORE HWY
VERMONTVILLE MI 49096

Handicap Accessable:
Y
(CORNER OF IONIA RD AND SPORE HWY)","Temporary Polling Location




Handicap Accessable: 
"
EATON COUNTY,OLIVET CITY ,     PRECINCT 1,"Permanent Polling Location
OLIVET CITY HALL
117 S. MAIN ST.
OLIVET MI 49076

Handicap Accessable:
Y
(IN TOWN)","Temporary Polling Location




Handicap Accessable: 
"
EATON COUNTY,ONEIDA CHARTER TOWNSHIP ,     PRECINCT 1,"Permanent Polling Location
ONEIDA TWP HALL
11041 ONEIDA ROAD
GRAND LEDGE MI 48837

Handicap Accessable:
Y
(CORNER OF ST JOE HWY AND ONEIDA RD)","Temporary Polling Location




Handicap Accessable: 
"
EATON COUNTY,POTTERVILLE CITY ,     PRECINCT 1,"Permanent Polling Location
CITY HALL
319 N. NELSON
POTTERVILLE MI 48876

Handicap Accessable:
Y
(IN TOWN)","Temporary Polling Location




Handicap Accessable: 
"
EATON COUNTY,ROXAND TOWNSHIP ,     PRECINCT 1,"Permanent Polling Location
TOWNSHIP HALL
100 IONIA ST
MULLIKEN MI 48861

Handicap Accessable:
Y
","Temporary Polling Location




Handicap Accessable: 
"
EATON COUNTY,SUNFIELD TOWNSHIP ,     PRECINCT 1,"Permanent Polling Location
SUNFIELD UNITED BRETHREN CHURCH
8436 W GRAND LEDGE HWY
SUNFIELD  MI 48890

Handicap Accessable:
Y
","Temporary Polling Location




Handicap Accessable: 
"
EATON COUNTY,VERMONTVILLE TOWNSHIP ,     PRECINCT 1,"Permanent Polling Location
VERMONTVILLE COMMUNITY CENTER
108 N. MAIN STREET
VERMONTVILLE MI 49096

Handicap Accessable:
Y
","Temporary Polling Location




Handicap Accessable: 
"
EATON COUNTY,WALTON TOWNSHIP ,     PRECINCT 1,"Permanent Polling Location
WALTON TOWNSHIP HALL
6933 S. STINE ROAD
OLIVET MI 49076

Handicap Accessable:
Y
(CORNER OF STINE & MARSHALL RDS OLD US-27)","Temporary Polling Location




Handicap Accessable: 
"
EATON COUNTY,WINDSOR CHARTER TOWNSHIP ,     PRECINCT 1,"Permanent Polling Location
1ST PRESBY CHURCH
162 N BRIDGE
DIMONDALE MI 48821

Handicap Accessable:
Y
","Temporary Polling Location




Handicap Accessable: 
"
EATON COUNTY,WINDSOR CHARTER TOWNSHIP ,     PRECINCT 2,"Permanent Polling Location
EMERGENCY SVCS BLDG
300 W JEFFERSON
DIMONDALE MI 48821

Handicap Accessable:
Y
","Temporary Polling Location




Handicap Accessable: 
"
EMMET COUNTY,BEAR CREEK TOWNSHIP ,     PRECINCT 1,"Permanent Polling Location
BEAR CREEK TOWNSHIP HALL
1710 CLICK RD
PETOSKEY MI 49770

Handicap Accessable:
Y
","Temporary Polling Location




Handicap Accessable: 
"
EMMET COUNTY,BEAR CREEK TOWNSHIP ,     PRECINCT 2,"Permanent Polling Location
BEAR CREEK TOWNSHIP HALL
1710 CLICK RD
PETOSKEY MI 49770

Handicap Accessable:
Y
","Temporary Polling Location




Handicap Accessable: 
"
EMMET COUNTY,BLISS TOWNSHIP ,     PRECINCT 1,"Permanent Polling Location
BLISS TOWNSHIP HALL
265 W STURGEON BAY TRL
LEVERING MI 49755

Handicap Accessable:
Y
","Temporary Polling Location




Handicap Accessable: 
"
EMMET COUNTY,CARP LAKE TOWNSHIP ,     PRECINCT 1,"Permanent Polling Location
CARP LAKE TOWNSHIP HALL
6339 GILL ROAD
CARP LAKE MI 49718

Handicap Accessable:
Y
(N US 31, LEFT ON GILL ROAD)","Temporary Polling Location




Handicap Accessable: 
"
EMMET COUNTY,CENTER TOWNSHIP ,     PRECINCT 1,"Permanent Polling Location
CENTER  TOWNSHIP HALL
981 VAN ROAD
PELLSTON MI 49769

Handicap Accessable:
Y
","Temporary Polling Location




Handicap Accessable: 
"
EMMET COUNTY,CROSS VILLAGE TOWNSHIP ,     PRECINCT 1,"Permanent Polling Location
CROSS VILLAGE TWP COMMUNITY CENTER
5954 WADSWORTH STREET
CROSS VILLAGE MI 49723

Handicap Accessable:
Y
","Temporary Polling Location




Handicap Accessable: 
"
EMMET COUNTY,FRIENDSHIP TOWNSHIP ,     PRECINCT 1,"Permanent Polling Location
FRIENDSHIP TOWNSHIP HALL
3018 BEACON HILL LANE
HARBOR SPRINGS MI 49740

Handicap Accessable:
Y
","Temporary Polling Location




Handicap Accessable: 
"
EMMET COUNTY,HARBOR SPRINGS CITY ,     PRECINCT 1,"Permanent Polling Location
HARBOR SPRINGS CITY HALL
160 ZOLL ST
HARBOR SPRINGS MI 49740

Handicap Accessable:
Y
","Temporary Polling Location




Handicap Accessable: 
"
EMMET COUNTY,LITTLE TRAVERSE TOWNSHIP ,     PRECINCT 1,"Permanent Polling Location
TOWNSHIP HALL
8288 S. PLEASANTVIEW RD.
HARBOR SPRINGS MI 49740

Handicap Accessable:
Y
","Temporary Polling Location




Handicap Accessable: 
"
EMMET COUNTY,LITTLEFIELD TOWNSHIP ,     PRECINCT 1,"Permanent Polling Location
COMMUNITY BUILDING
7631 BURR AVE
ALANSON MI 49706

Handicap Accessable:
Y
","Temporary Polling Location




Handicap Accessable: 
"
EMMET COUNTY,MAPLE RIVER TOWNSHIP ,     PRECINCT 1,"Permanent Polling Location
MAPLE RIVER TOWNSHIP HALL
3989 US 31 NORTH
BRUTUS MI 49716

Handicap Accessable:
Y
(US 31, HALL ON RIGHT AT CORNER OF BRUTUS RD)","Temporary Polling Location




Handicap Accessable: 
"
EMMET COUNTY,MCKINLEY TOWNSHIP ,     PRECINCT 1,"Permanent Polling Location
MCKINLEY TWP HALL
1820 N. US 31 HWY
PELLSTON MI 49769

Handicap Accessable:
Y
","Temporary Polling Location




Handicap Accessable: 
"
EMMET COUNTY,PETOSKEY CITY ,     PRECINCT 1-1,"Permanent Polling Location
GRAND UNITY EVENT CENTER
1106 CHARLEVOIX AVE
PETOSKEY MI 49770

Handicap Accessable:
Y
","Temporary Polling Location




Handicap Accessable: 
"
EMMET COUNTY,PETOSKEY CITY ,     PRECINCT 2-2,"Permanent Polling Location
GRAND UNITY EVENT CENTER
1106 CHARLEVOIX AVE
PETOSKEY MI 49770

Handicap Accessable:
Y
","Temporary Polling Location




Handicap Accessable: 
"
EMMET COUNTY,PETOSKEY CITY ,     PRECINCT 3-3,"Permanent Polling Location
GRAND UNITY EVENT CENTER
1106 CHARLEVOIX AVE
PETOSKEY MI 49770

Handicap Accessable:
Y
","Temporary Polling Location




Handicap Accessable: 
"
EMMET COUNTY,PETOSKEY CITY ,     PRECINCT 4-4,"Permanent Polling Location
GRAND UNITY EVENT CENTER
1106 CHARLEVOIX AVE
PETOSKEY MI 49770

Handicap Accessable:
Y
","Temporary Polling Location




Handicap Accessable: 
"
EMMET COUNTY,PLEASANTVIEW TOWNSHIP ,     PRECINCT 1,"Permanent Polling Location
TOWNSHIP HALL
2982 S PLEASANTVIEW ROAD
HARBOR SPRINGS MI 49740

Handicap Accessable:
Y
","Temporary Polling Location




Handicap Accessable: 
"
EMMET COUNTY,READMOND TOWNSHIP ,     PRECINCT 1,"Permanent Polling Location
READMOND TWP
TOWNSHIP HALL, 6034 WORMWOOD LN
HARBOR SPRINGS MI 49740

Handicap Accessable:
N
","Temporary Polling Location




Handicap Accessable: 
"
EMMET COUNTY,RESORT TOWNSHIP ,     PRECINCT 1,"Permanent Polling Location
RESORT TOWNSHIP HALL
2232 RESORT PIKE
PETOSKEY MI 49770

Handicap Accessable:
Y
","Temporary Polling Location




Handicap Accessable: 
"
EMMET COUNTY,SPRINGVALE TOWNSHIP ,     PRECINCT 1,"Permanent Polling Location
SPRINGVALE TOWNSHIP HALL
8198 E MITCHELL ROAD
PETOSKEY MI 49770

Handicap Accessable:
Y
","Temporary Polling Location




Handicap Accessable: 
"
EMMET COUNTY,WAWATAM TOWNSHIP ,     PRECINCT 1,"Permanent Polling Location
MACKINAW CITY RECREATION CENTER
507 W CENTRAL AVENUE
MACKINAW CITY MI 49701

Handicap Accessable:
Y
","Temporary Polling Location




Handicap Accessable: 
"
EMMET COUNTY,WEST TRAVERSE TOWNSHIP ,     PRECINCT 1,"Permanent Polling Location
WEST TRAVERSE  TWP HALL
8000 S  M-119 HWY
HARBOR SPRINGS MI 49740

Handicap Accessable:
Y
","Temporary Polling Location




Handicap Accessable: 
"
GENESEE COUNTY,ARGENTINE TOWNSHIP ,     PRECINCT 1,"Permanent Polling Location
LINDEN SCHOOLS MULTI PURPOSE BUILDING
7209 SILVER LAKE ROAD
LINDEN MI 48451

Handicap Accessable:
Y
","Temporary Polling Location




Handicap Accessable: 
"
GENESEE COUNTY,ARGENTINE TOWNSHIP ,     PRECINCT 2,"Permanent Polling Location
LINDEN SCHOOLS MULTI PURPOSE BUILDING
7209 SILVER LAKE ROAD
LINDEN MI 48451

Handicap Accessable:
Y
","Temporary Polling Location




Handicap Accessable: 
"
GENESEE COUNTY,ARGENTINE TOWNSHIP ,     PRECINCT 3,"Permanent Polling Location
LINDEN SCHOOLS MULTI PURPOSE BUILDING
7209 SILVER LAKE ROAD
LINDEN MI 48451

Handicap Accessable:
Y
","Temporary Polling Location




Handicap Accessable: 
"
GENESEE COUNTY,ATLAS TOWNSHIP ,     PRECINCT 1,"Permanent Polling Location
GOODRICH HIGH SCHOOL
8029 S. GALE ROAD
GOODRICH MI 48438

Handicap Accessable:
Y
(SE CORNER OF GALE RD AND HEGEL RD)","Temporary Polling Location




Handicap Accessable: 
"
GENESEE COUNTY,ATLAS TOWNSHIP ,     PRECINCT 2,"Permanent Polling Location
GOODRICH HIGH SCHOOL
8029 S. GALE ROAD
GOODRICH MI 48438

Handicap Accessable:
Y
(SE CORNER OF GALE RD AND HEGEL RD)","Temporary Polling Location




Handicap Accessable: 
"
GENESEE COUNTY,ATLAS TOWNSHIP ,     PRECINCT 3,"Permanent Polling Location
GOODRICH HIGH SCHOOL
8029 S. GALE ROAD
GOODRICH MI 48438

Handicap Accessable:
Y
(SE CORNER OF GALE RD AND HEGEL RD)","Temporary Polling Location




Handicap Accessable: 
"
GENESEE COUNTY,BURTON CITY ,     PRECINCT 1,"Permanent Polling Location




Handicap Accessable:

","Temporary Polling Location
BENDLE MIDDLE SCHOOL
2294 E. BRISTOL RD.
BURTON MI 48529

Handicap Accessable: Y
(BETWEEN S. SAGINAW AND DORT HWY.)"
GENESEE COUNTY,BURTON CITY ,     PRECINCT 2,"Permanent Polling Location




Handicap Accessable:

","Temporary Polling Location
BENDLE MIDDLE SCHOOL
2294 E. BRISTOL RD.
BURTON MI 48529

Handicap Accessable: Y
(BETWEEN S. SAGINAW AND DORT HWY.)"
GENESEE COUNTY,BURTON CITY ,     PRECINCT 3,"Permanent Polling Location




Handicap Accessable:

","Temporary Polling Location
ATHERTON ELEMENTARY SCHOOL
3444 S GENESEE RD
BURTON MI 48519

Handicap Accessable: Y
"
GENESEE COUNTY,BURTON CITY ,     PRECINCT 4,"Permanent Polling Location




Handicap Accessable:

","Temporary Polling Location
ATHERTON ELEMENTARY SCHOOL
3444 S GENESEE RD
BURTON MI 48519

Handicap Accessable: Y
"
GENESEE COUNTY,BURTON CITY ,     PRECINCT 5,"Permanent Polling Location




Handicap Accessable:

","Temporary Polling Location
BLESSED SACRAMENT
6340 ROBERTA ST.
BURTON MI 48509

Handicap Accessable: Y
"
GENESEE COUNTY,BURTON CITY ,     PRECINCT 6,"Permanent Polling Location




Handicap Accessable:

","Temporary Polling Location
BLESSED SACRAMENT
6340 ROBERTA ST.
BURTON MI 48509

Handicap Accessable: Y
"
GENESEE COUNTY,BURTON CITY ,     PRECINCT 7,"Permanent Polling Location




Handicap Accessable:

","Temporary Polling Location
BLESSED SACRAMENT
6340 ROBERTA ST.
BURTON MI 48509

Handicap Accessable: Y
"
GENESEE COUNTY,CLAYTON TOWNSHIP ,     PRECINCT 1,"Permanent Polling Location
SWARTZ CREEK CHURCH OF CHRIST
4410 S. SEYMOUR RD
SWARTZ CREEK MI 48473

Handicap Accessable:
Y
(WEST SIDE OF SEYMOUR, BETWEEN I-69 AND MILLER RD)","Temporary Polling Location




Handicap Accessable: 
"
GENESEE COUNTY,CLAYTON TOWNSHIP ,     PRECINCT 2,"Permanent Polling Location
SWARTZ CREEK CHURCH OF CHRIST
4410 S. SEYMOUR RD
SWARTZ CREEK MI 48473

Handicap Accessable:
Y
(WEST SIDE OF SEYMOUR, BETWEEN I-69 AND MILLER RD)","Temporary Polling Location




Handicap Accessable: 
"
GENESEE COUNTY,CLAYTON TOWNSHIP ,     PRECINCT 3,"Permanent Polling Location
SWARTZ CREEK CHURCH OF CHRIST
4410 S. SEYMOUR RD
SWARTZ CREEK MI 48473

Handicap Accessable:
Y
(WEST SIDE OF SEYMOUR, BETWEEN I-69 AND MILLER RD)","Temporary Polling Location




Handicap Accessable: 
"
GENESEE COUNTY,CLAYTON TOWNSHIP ,     PRECINCT 4,"Permanent Polling Location
SWARTZ CREEK CHURCH OF CHRIST
4410 S. SEYMOUR RD
SWARTZ CREEK MI 48473

Handicap Accessable:
Y
(WEST SIDE OF SEYMOUR, BETWEEN I-69 AND MILLER RD)","Temporary Polling Location




Handicap Accessable: 
"
GENESEE COUNTY,CLIO CITY ,     PRECINCT 1,"Permanent Polling Location
CLIO CITY OFFICE
505 W. VIENNA ST.
CLIO MI 48420

Handicap Accessable:
Y
","Temporary Polling Location




Handicap Accessable: 
"
GENESEE COUNTY,DAVISON CITY ,     PRECINCT 1,"Permanent Polling Location
FIRST BAPTIST CHURCH
208 E. FOURTH STREET
DAVISON MI 48423

Handicap Accessable:
Y
","Temporary Polling Location




Handicap Accessable: 
"
GENESEE COUNTY,DAVISON CITY ,     PRECINCT 2,"Permanent Polling Location
FIRST BAPTIST CHURCH
208 E. FOURTH STREET
DAVISON MI 48423

Handicap Accessable:
Y
","Temporary Polling Location




Handicap Accessable: 
"
GENESEE COUNTY,DAVISON TOWNSHIP ,     PRECINCT 1,"Permanent Polling Location
DAVISON SR CTZN CTR
10135 LAPEER RD
DAVISON MI 48423

Handicap Accessable:
Y
","Temporary Polling Location




Handicap Accessable: 
"
GENESEE COUNTY,DAVISON TOWNSHIP ,     PRECINCT 2,"Permanent Polling Location
WORLD OUTREACH CTR
2275 N IRISH RD
DAVISON MI 48423

Handicap Accessable:
Y
","Temporary Polling Location




Handicap Accessable: 
"
GENESEE COUNTY,DAVISON TOWNSHIP ,     PRECINCT 3,"Permanent Polling Location
FAITH BAPTIST CHURCH
7306 E ATHERTON RD
DAVISON MI 48423

Handicap Accessable:
Y
","Temporary Polling Location




Handicap Accessable: 
"
GENESEE COUNTY,DAVISON TOWNSHIP ,     PRECINCT 4,"Permanent Polling Location
DAVISON SR CTZN CTR
10135 LAPEER RD
DAVISON MI 48423

Handicap Accessable:
Y
","Temporary Polling Location




Handicap Accessable: 
"
GENESEE COUNTY,DAVISON TOWNSHIP ,     PRECINCT 5,"Permanent Polling Location
DAVISON MISSIONARY CHURCH
1481 N GALE RD
DAVISON MI 48423

Handicap Accessable:
Y
(CORNER OF DAVISON & GALE RDS)","Temporary Polling Location




Handicap Accessable: 
"
GENESEE COUNTY,DAVISON TOWNSHIP ,     PRECINCT 6,"Permanent Polling Location
WORLD OUTREACH CTR
2275 N IRISH RD
DAVISON MI 48423

Handicap Accessable:
Y
","Temporary Polling Location




Handicap Accessable: 
"
GENESEE COUNTY,DAVISON TOWNSHIP ,     PRECINCT 7,"Permanent Polling Location
FAITH BAPTIST CHURCH
7306 E ATHERTON RD
DAVISON MI 48423

Handicap Accessable:
Y
","Temporary Polling Location




Handicap Accessable: 
"
GENESEE COUNTY,DAVISON TOWNSHIP ,     PRECINCT 8,"Permanent Polling Location
DAVISON ASSEMBLY OF GOD
1234 S. GALE RD
DAVISON MI 48423

Handicap Accessable:
Y
(NORTHWEST CORNER OF GALE RD AT LAPEER RD)","Temporary Polling Location




Handicap Accessable: 
"
GENESEE COUNTY,FENTON CITY ,     PRECINCT 1,"Permanent Polling Location
ELLEN STREET CAMPUS WORLD OF WONDER
404 W ELLEN ST
FENTON MI 48430

Handicap Accessable:
Y
","Temporary Polling Location




Handicap Accessable: 
"
GENESEE COUNTY,FENTON CITY ,     PRECINCT 2,"Permanent Polling Location
ELLEN STREET CAMPUS WORLD OF WONDER
404 W ELLEN ST
FENTON MI 48430

Handicap Accessable:
Y
","Temporary Polling Location




Handicap Accessable: 
"
GENESEE COUNTY,FENTON CITY ,     PRECINCT 2,"Permanent Polling Location
ELLEN STREET CAMPUS WORLD OF WONDER
404 W ELLEN ST
FENTON MI 48430

Handicap Accessable:
Y
","Temporary Polling Location




Handicap Accessable: 
"
GENESEE COUNTY,FENTON CITY ,     PRECINCT 3,"Permanent Polling Location
ELLEN STREET CAMPUS WORLD OF WONDER
404 W ELLEN ST
FENTON MI 48430

Handicap Accessable:
Y
","Temporary Polling Location




Handicap Accessable: 
"
GENESEE COUNTY,FENTON TOWNSHIP ,     PRECINCT 1,"Permanent Polling Location
LAKE FENTON HIGH SCHOOL
4070 LAHRING RD
LINDEN MI 48451

Handicap Accessable:
Y
","Temporary Polling Location




Handicap Accessable: 
"
GENESEE COUNTY,FENTON TOWNSHIP ,     PRECINCT 2,"Permanent Polling Location
LAKE FENTON HIGH SCHOOL
4070 LAHRING RD
LINDEN MI 48451

Handicap Accessable:
Y
","Temporary Polling Location




Handicap Accessable: 
"
GENESEE COUNTY,FENTON TOWNSHIP ,     PRECINCT 3,"Permanent Polling Location
LAKE FENTON HIGH SCHOOL
4070 LAHRING RD
LINDEN MI 48451

Handicap Accessable:
Y
","Temporary Polling Location




Handicap Accessable: 
"
GENESEE COUNTY,FENTON TOWNSHIP ,     PRECINCT 4,"Permanent Polling Location
LAKE FENTON HIGH SCHOOL
4070 LAHRING RD
LINDEN MI 48451

Handicap Accessable:
Y
","Temporary Polling Location




Handicap Accessable: 
"
GENESEE COUNTY,FENTON TOWNSHIP ,     PRECINCT 5,"Permanent Polling Location
LAKE FENTON HIGH SCHOOL
4070 LAHRING RD
LINDEN MI 48451

Handicap Accessable:
Y
","Temporary Polling Location




Handicap Accessable: 
"
GENESEE COUNTY,FENTON TOWNSHIP ,     PRECINCT 6,"Permanent Polling Location
LAKE FENTON HIGH SCHOOL
4070 LAHRING RD
LINDEN MI 48451

Handicap Accessable:
Y
","Temporary Polling Location




Handicap Accessable: 
"
GENESEE COUNTY,FLINT CITY ,     PRECINCT 1-1,"Permanent Polling Location
MAYS SENIOR & COMMUNITY SERVICE CENTER
1002 W. HOME AVE.
FLINT MI 48505

Handicap Accessable:
Y
","Temporary Polling Location




Handicap Accessable: 
"
GENESEE COUNTY,FLINT CITY ,     PRECINCT 1-2,"Permanent Polling Location
FAITH TEMPLE COGIC
5802 FLEMING RD
FLINT MI 48504

Handicap Accessable:
Y
","Temporary Polling Location




Handicap Accessable: 
"
GENESEE COUNTY,FLINT CITY ,     PRECINCT 1-3,"Permanent Polling Location
ST.LUKES N.E.W. LIFE
3115 LAWNDALE AVE.
FLINT MI 48504

Handicap Accessable:
Y
","Temporary Polling Location




Handicap Accessable: 
"
GENESEE COUNTY,FLINT CITY ,     PRECINCT 2-4,"Permanent Polling Location
ST.LUKES N.E.W. LIFE
3115 LAWNDALE AVE.
FLINT MI 48504

Handicap Accessable:
Y
","Temporary Polling Location




Handicap Accessable: 
"
GENESEE COUNTY,FLINT CITY ,     PRECINCT 2-5,"Permanent Polling Location
BETHEL UNITED METH
1309 N. BALLENGER HWY.
FLINT MI 48504

Handicap Accessable:
Y
","Temporary Polling Location




Handicap Accessable: 
"
GENESEE COUNTY,FLINT CITY ,     PRECINCT 2-6,"Permanent Polling Location
HASKELL COMM. CENTER
2201 FOREST HILL AVE
FLINT MI 48504

Handicap Accessable:
Y
","Temporary Polling Location




Handicap Accessable: 
"
GENESEE COUNTY,FLINT CITY ,     PRECINCT 2-7,"Permanent Polling Location
BERSTON FIELD HOUSE
3300 N. SAGINAW ST.
FLINT MI 48505

Handicap Accessable:
Y
","Temporary Polling Location




Handicap Accessable: 
"
GENESEE COUNTY,FLINT CITY ,     PRECINCT 3-8,"Permanent Polling Location
AVERY ALDRIDGE ACTIVITY CTR
1185 E. FOSS AVE.
FLINT MI 48505

Handicap Accessable:
Y
","Temporary Polling Location




Handicap Accessable: 
"
GENESEE COUNTY,FLINT CITY ,     PRECINCT 3-9,"Permanent Polling Location
AVERY ALDRIDGE ACTIVITY CTR
1185 E. FOSS AVE.
FLINT MI 48505

Handicap Accessable:
Y
","Temporary Polling Location




Handicap Accessable: 
"
GENESEE COUNTY,FLINT CITY ,     PRECINCT 3-10,"Permanent Polling Location
ST. ANDREW'S EPISCOPAL CHURCH
1922 IOWA AVE.
FLINT MI 48506

Handicap Accessable:
Y
(FELLOWSHIP HALL/CORNER OF DAVISON RD / IOWA AVE)","Temporary Polling Location




Handicap Accessable: 
"
GENESEE COUNTY,FLINT CITY ,     PRECINCT 4-11,"Permanent Polling Location
ST. ANDREW'S EPISCOPAL CHURCH
1922 IOWA AVE.
FLINT MI 48506

Handicap Accessable:
Y
(FELLOWSHIP HALL/CORNER OF DAVISON RD / IOWA AVE)","Temporary Polling Location




Handicap Accessable: 
"
GENESEE COUNTY,FLINT CITY ,     PRECINCT 4-12,"Permanent Polling Location
BOYS & GIRLS CLUB
3701 N. AVERILL
FLINT MI 48506

Handicap Accessable:
Y
","Temporary Polling Location




Handicap Accessable: 
"
GENESEE COUNTY,FLINT CITY ,     PRECINCT 5-13,"Permanent Polling Location
DOYLE-RYDER SCHOOL
1040 N. SAGINAW ST.
FLINT MI 48503

Handicap Accessable:
Y
","Temporary Polling Location




Handicap Accessable: 
"
GENESEE COUNTY,FLINT CITY ,     PRECINCT 5-14,"Permanent Polling Location
DOYLE-RYDER SCHOOL
1040 N. SAGINAW ST.
FLINT MI 48503

Handicap Accessable:
Y
","Temporary Polling Location




Handicap Accessable: 
"
GENESEE COUNTY,FLINT CITY ,     PRECINCT 5-15,"Permanent Polling Location
DURANT TUURI MOTT
1518 W. UNIVERSITY AVE
FLINT MI 48504

Handicap Accessable:
Y
","Temporary Polling Location




Handicap Accessable: 
"
GENESEE COUNTY,FLINT CITY ,     PRECINCT 6-16,"Permanent Polling Location
DURANT TUURI MOTT
1518 W. UNIVERSITY AVE
FLINT MI 48504

Handicap Accessable:
Y
","Temporary Polling Location




Handicap Accessable: 
"
GENESEE COUNTY,FLINT CITY ,     PRECINCT 6-17,"Permanent Polling Location
EISENHOWER SCHOOL
1235 PERSHING ST.
FLINT MI 48503

Handicap Accessable:
Y
(CORNER OF MILLER RD/ACROSS POWERS H.S.)","Temporary Polling Location




Handicap Accessable: 
"
GENESEE COUNTY,FLINT CITY ,     PRECINCT 6-18,"Permanent Polling Location
EISENHOWER SCHOOL
1235 PERSHING ST.
FLINT MI 48503

Handicap Accessable:
Y
(CORNER OF MILLER RD/ACROSS POWERS H.S.)","Temporary Polling Location




Handicap Accessable: 
"
GENESEE COUNTY,FLINT CITY ,     PRECINCT 7-19,"Permanent Polling Location
BRENNAN CENTER
1301 PINGREE AVE
FLINT MI 48503

Handicap Accessable:
Y
","Temporary Polling Location




Handicap Accessable: 
"
GENESEE COUNTY,FLINT CITY ,     PRECINCT 7-20,"Permanent Polling Location
MCC EVENT CENTER
1401 E. COURT ST.
FLINT MI 48503

Handicap Accessable:
Y
(EAST ON COURT ST., TURN NORTH INTO MCC EVENT CTR)","Temporary Polling Location




Handicap Accessable: 
"
GENESEE COUNTY,FLINT CITY ,     PRECINCT 7-21,"Permanent Polling Location
GRACE EMMANUEL BAPTIST CHURCH
3502 LAPEER RD
FLINT MI 48503

Handicap Accessable:
Y
(CORNER OF S. AVERILL )","Temporary Polling Location




Handicap Accessable: 
"
GENESEE COUNTY,FLINT CITY ,     PRECINCT 8-22,"Permanent Polling Location
EISENHOWER SCHOOL
1235 PERSHING ST.
FLINT MI 48503

Handicap Accessable:
Y
(CORNER OF MILLER RD/ACROSS POWERS H.S.)","Temporary Polling Location




Handicap Accessable: 
"
GENESEE COUNTY,FLINT CITY ,     PRECINCT 8-23,"Permanent Polling Location
WORD OF LIFE CHRISTIAN CHURCH
460 W. ATHERTON RD
FLINT MI 48507

Handicap Accessable:
Y
","Temporary Polling Location




Handicap Accessable: 
"
GENESEE COUNTY,FLINT CITY ,     PRECINCT 8-24,"Permanent Polling Location
WORD OF LIFE CHRISTIAN CHURCH
460 W. ATHERTON RD
FLINT MI 48507

Handicap Accessable:
Y
","Temporary Polling Location




Handicap Accessable: 
"
GENESEE COUNTY,FLINT CITY ,     PRECINCT 9-25,"Permanent Polling Location
CITY HALL
1101 S. SAGINAW ST
FLINT MI 48502

Handicap Accessable:
Y
","Temporary Polling Location




Handicap Accessable: 
"
GENESEE COUNTY,FLINT CITY ,     PRECINCT 9-26,"Permanent Polling Location
CITY HALL
1101 S. SAGINAW ST
FLINT MI 48502

Handicap Accessable:
Y
","Temporary Polling Location




Handicap Accessable: 
"
GENESEE COUNTY,FLINT CITY ,     PRECINCT 9-27,"Permanent Polling Location
FREEMAN ELEM. SCHOOL
4001 OGEMA AVE.
FLINT MI 48507

Handicap Accessable:
Y
","Temporary Polling Location




Handicap Accessable: 
"
GENESEE COUNTY,FLINT CITY ,     PRECINCT 9-28,"Permanent Polling Location
FREEMAN ELEM. SCHOOL
4001 OGEMA AVE.
FLINT MI 48507

Handicap Accessable:
Y
","Temporary Polling Location




Handicap Accessable: 
"
GENESEE COUNTY,FLINT CITY ,     PRECINCT 9-29,"Permanent Polling Location
FREEMAN ELEM. SCHOOL
4001 OGEMA AVE.
FLINT MI 48507

Handicap Accessable:
Y
","Temporary Polling Location




Handicap Accessable: 
"
GENESEE COUNTY,FLINT TOWNSHIP ,     PRECINCT 1,"Permanent Polling Location
LIVING WORD CHURCH
6325 CALKINS RD
FLINT MI 48532

Handicap Accessable:
Y
","Temporary Polling Location




Handicap Accessable: 
"
GENESEE COUNTY,FLINT TOWNSHIP ,     PRECINCT 2,"Permanent Polling Location
WEST FLINT NAZARENE
2254 S. DYE RD.
FLINT MI 48532

Handicap Accessable:
Y
","Temporary Polling Location




Handicap Accessable: 
"
GENESEE COUNTY,FLINT TOWNSHIP ,     PRECINCT 3,"Permanent Polling Location
WEST FLINT NAZARENE
2254 S. DYE RD.
FLINT MI 48532

Handicap Accessable:
Y
","Temporary Polling Location




Handicap Accessable: 
"
GENESEE COUNTY,FLINT TOWNSHIP ,     PRECINCT 4,"Permanent Polling Location
WEST FLINT NAZARENE
2254 S. DYE RD.
FLINT MI 48532

Handicap Accessable:
Y
","Temporary Polling Location




Handicap Accessable: 
"
GENESEE COUNTY,FLINT TOWNSHIP ,     PRECINCT 5,"Permanent Polling Location
LIVING WORD CHURCH
6325 CALKINS RD
FLINT MI 48532

Handicap Accessable:
Y
","Temporary Polling Location




Handicap Accessable: 
"
GENESEE COUNTY,FLINT TOWNSHIP ,     PRECINCT 6,"Permanent Polling Location
WEST FLINT NAZARENE
2254 S. DYE RD.
FLINT MI 48532

Handicap Accessable:
Y
","Temporary Polling Location




Handicap Accessable: 
"
GENESEE COUNTY,FLINT TOWNSHIP ,     PRECINCT 7,"Permanent Polling Location
CENTRAL CH  NAZARENE  PEAK BUILDING
1205 W. BRISTOL RD.
FLINT MI 48507

Handicap Accessable:
Y
","Temporary Polling Location




Handicap Accessable: 
"
GENESEE COUNTY,FLINT TOWNSHIP ,     PRECINCT 8,"Permanent Polling Location
CENTRAL CH  NAZARENE  PEAK BUILDING
1205 W. BRISTOL RD.
FLINT MI 48507

Handicap Accessable:
Y
","Temporary Polling Location




Handicap Accessable: 
"
GENESEE COUNTY,FLUSHING CITY ,     PRECINCT 1,"Permanent Polling Location




Handicap Accessable:

","Temporary Polling Location
BELLA BIRCHES
606 N MCKINLEY RD
FLUSHING MI 48433

Handicap Accessable: Y
"
GENESEE COUNTY,FLUSHING CITY ,     PRECINCT 2,"Permanent Polling Location




Handicap Accessable:

","Temporary Polling Location
BELLA BIRCHES
606 N MCKINLEY RD
FLUSHING MI 48433

Handicap Accessable: Y
"
GENESEE COUNTY,FLUSHING CITY ,     PRECINCT 3,"Permanent Polling Location




Handicap Accessable:

","Temporary Polling Location
UNITED METH CHURCH
413 E MAIN ST
FLUSHING MI 48433

Handicap Accessable: Y
(CORNER OF MAIN & HAZELTON)"
GENESEE COUNTY,FLUSHING CITY ,     PRECINCT 4,"Permanent Polling Location




Handicap Accessable:

","Temporary Polling Location
UNITED METH CHURCH
413 E MAIN ST
FLUSHING MI 48433

Handicap Accessable: Y
(CORNER OF MAIN & HAZELTON)"
GENESEE COUNTY,FLUSHING TOWNSHIP ,     PRECINCT 1,"Permanent Polling Location
NORTH FLUSHING BAPT
7500 W MT MORRIS RD
FLUSHING MI 48433

Handicap Accessable:
Y
","Temporary Polling Location




Handicap Accessable: 
"
GENESEE COUNTY,FLUSHING TOWNSHIP ,     PRECINCT 2,"Permanent Polling Location
FLUSHING NAZARENE
9500 W PIERSON RD
FLUSHING MI 48433

Handicap Accessable:
Y
","Temporary Polling Location




Handicap Accessable: 
"
GENESEE COUNTY,FLUSHING TOWNSHIP ,     PRECINCT 3,"Permanent Polling Location
FLUSHING NAZARENE
9500 W PIERSON RD
FLUSHING MI 48433

Handicap Accessable:
Y
","Temporary Polling Location




Handicap Accessable: 
"
GENESEE COUNTY,FLUSHING TOWNSHIP ,     PRECINCT 4,"Permanent Polling Location
THE RIVER
5105 N MCKINLEY RD
FLUSHING MI 48433

Handicap Accessable:
Y
","Temporary Polling Location




Handicap Accessable: 
"
GENESEE COUNTY,FOREST TOWNSHIP ,     PRECINCT 1,"Permanent Polling Location
FOREST TWP HALL
130 EAST MAIN ST
OTISVILLE MI 48463

Handicap Accessable:
Y
","Temporary Polling Location




Handicap Accessable: 
"
GENESEE COUNTY,GAINES TOWNSHIP ,     PRECINCT 1,"Permanent Polling Location
GAINES TOWNSHIP HALL
9255 GRAND BLANC RD
GAINES MI 48436

Handicap Accessable:
Y
","Temporary Polling Location




Handicap Accessable: 
"
GENESEE COUNTY,GAINES TOWNSHIP ,     PRECINCT 2,"Permanent Polling Location
VILLAGE FIRE HALL
208 WALNUT ST
GAINES MI 48436

Handicap Accessable:
Y
","Temporary Polling Location




Handicap Accessable: 
"
GENESEE COUNTY,GAINES TOWNSHIP ,     PRECINCT 3,"Permanent Polling Location
TWP FIRE HALL
9241 W GRAND BLANC RD
GAINES MI 48436

Handicap Accessable:
Y
","Temporary Polling Location




Handicap Accessable: 
"
GENESEE COUNTY,GENESEE TOWNSHIP ,     PRECINCT 1,"Permanent Polling Location
THE MISSIONARY CHURCH
2232 E. MT. MORRIS RD
MOUNT MORRIS MI 48458

Handicap Accessable:
Y
","Temporary Polling Location




Handicap Accessable: 
"
GENESEE COUNTY,GENESEE TOWNSHIP ,     PRECINCT 2,"Permanent Polling Location
NEW JERUSALEM FULL GOSPEL BAPTIST CHURCH
1035 E CARPENTER RD
FLINT MI 48505

Handicap Accessable:
Y
","Temporary Polling Location




Handicap Accessable: 
"
GENESEE COUNTY,GENESEE TOWNSHIP ,     PRECINCT 3,"Permanent Polling Location
ST MARKS LUTHERAN
5073 DALY BLVD
FLINT MI 48506

Handicap Accessable:
Y
","Temporary Polling Location




Handicap Accessable: 
"
GENESEE COUNTY,GENESEE TOWNSHIP ,     PRECINCT 4,"Permanent Polling Location
MT. MORRIS COMMUNITY CHURCH
7245 N CENTER RD
MT. MORRIS MI 48458

Handicap Accessable:
Y
","Temporary Polling Location




Handicap Accessable: 
"
GENESEE COUNTY,GENESEE TOWNSHIP ,     PRECINCT 5,"Permanent Polling Location
HOPEWELL BAPTIST CHURCH
5162 BELSAY RD
FLINT MI 48506

Handicap Accessable:
Y
","Temporary Polling Location




Handicap Accessable: 
"
GENESEE COUNTY,GENESEE TOWNSHIP ,     PRECINCT 6,"Permanent Polling Location
EAST FLINT CHURCH
3515 N BELSAY RD
FLINT MI 48506

Handicap Accessable:
Y
","Temporary Polling Location




Handicap Accessable: 
"
GENESEE COUNTY,GENESEE TOWNSHIP ,     PRECINCT 7,"Permanent Polling Location
CALVARY PRESBYTERIAN
6100 RICHFIELD RD
FLINT MI 48506

Handicap Accessable:
Y
","Temporary Polling Location




Handicap Accessable: 
"
GENESEE COUNTY,GRAND BLANC CITY ,     PRECINCT 1,"Permanent Polling Location
GRAND BLANC SENIOR
12632 PAGELS DR
GRAND BLANC MI 48439

Handicap Accessable:
Y
","Temporary Polling Location




Handicap Accessable: 
"
GENESEE COUNTY,GRAND BLANC CITY ,     PRECINCT 2,"Permanent Polling Location
GRAND BLANC SENIOR
12632 PAGELS DR
GRAND BLANC MI 48439

Handicap Accessable:
Y
","Temporary Polling Location




Handicap Accessable: 
"
GENESEE COUNTY,GRAND BLANC TOWNSHIP ,     PRECINCT 1,"Permanent Polling Location
TWIN CITIES BAPTIST CHURCH
5339 S SAGINAW
FLINT MI 48507

Handicap Accessable:
Y
","Temporary Polling Location




Handicap Accessable: 
"
GENESEE COUNTY,GRAND BLANC TOWNSHIP ,     PRECINCT 2,"Permanent Polling Location
TWIN CITIES BAPTIST CHURCH
5339 S SAGINAW
FLINT MI 48507

Handicap Accessable:
Y
","Temporary Polling Location




Handicap Accessable: 
"
GENESEE COUNTY,GRAND BLANC TOWNSHIP ,     PRECINCT 3,"Permanent Polling Location
EAST MIDDLE SCHOOL
6100 PERRY ROAD
GRAND BLANC MI 48439

Handicap Accessable:
Y
","Temporary Polling Location




Handicap Accessable: 
"
GENESEE COUNTY,GRAND BLANC TOWNSHIP ,     PRECINCT 4,"Permanent Polling Location
EAST MIDDLE SCHOOL
6100 PERRY ROAD
GRAND BLANC MI 48439

Handicap Accessable:
Y
","Temporary Polling Location




Handicap Accessable: 
"
GENESEE COUNTY,GRAND BLANC TOWNSHIP ,     PRECINCT 5,"Permanent Polling Location
GRAND BLANC HIGH SCH
12500 HOLLY ROAD
GRAND BLANC MI 48439

Handicap Accessable:
Y
","Temporary Polling Location




Handicap Accessable: 
"
GENESEE COUNTY,GRAND BLANC TOWNSHIP ,     PRECINCT 6,"Permanent Polling Location
GRAND BLANC HIGH SCH
12500 HOLLY ROAD
GRAND BLANC MI 48439

Handicap Accessable:
Y
","Temporary Polling Location




Handicap Accessable: 
"
GENESEE COUNTY,GRAND BLANC TOWNSHIP ,     PRECINCT 7,"Permanent Polling Location
GRAND BLANC HIGH SCH
12500 HOLLY ROAD
GRAND BLANC MI 48439

Handicap Accessable:
Y
","Temporary Polling Location




Handicap Accessable: 
"
GENESEE COUNTY,GRAND BLANC TOWNSHIP ,     PRECINCT 8,"Permanent Polling Location
WEST MIDDLE SCHOOL
1515 REID ROAD
GRAND BLANC MI 48439

Handicap Accessable:
Y
","Temporary Polling Location




Handicap Accessable: 
"
GENESEE COUNTY,GRAND BLANC TOWNSHIP ,     PRECINCT 9,"Permanent Polling Location
WEST MIDDLE SCHOOL
1515 REID ROAD
GRAND BLANC MI 48439

Handicap Accessable:
Y
","Temporary Polling Location




Handicap Accessable: 
"
GENESEE COUNTY,GRAND BLANC TOWNSHIP ,     PRECINCT 10,"Permanent Polling Location
WEST MIDDLE SCHOOL
1515 REID ROAD
GRAND BLANC MI 48439

Handicap Accessable:
Y
","Temporary Polling Location




Handicap Accessable: 
"
GENESEE COUNTY,LINDEN CITY ,     PRECINCT 1,"Permanent Polling Location
LOOSE SENIOR  CITIZENS CENTER 
707 NORTH BRIDGE STREET
LINDEN MI 48451

Handicap Accessable:
Y
","Temporary Polling Location




Handicap Accessable: 
"
GENESEE COUNTY,MONTROSE CITY ,     PRECINCT 1,"Permanent Polling Location
MONTROSE CITY OFFICE
139 S SAGINAW
MONTROSE MI 48457

Handicap Accessable:
Y
(SE CORNER OF SAGINAW & MAPLE)","Temporary Polling Location




Handicap Accessable: 
"
GENESEE COUNTY,MONTROSE TOWNSHIP ,     PRECINCT 1,"Permanent Polling Location
MONTROSE COMMUNITY SCHOOLS
300 NANITA DRIVE
MONTROSE MI 48457

Handicap Accessable:
Y
","Temporary Polling Location




Handicap Accessable: 
"
GENESEE COUNTY,MONTROSE TOWNSHIP ,     PRECINCT 2,"Permanent Polling Location
MONTROSE COMMUNITY SCHOOLS
300 NANITA DRIVE
MONTROSE MI 48457

Handicap Accessable:
Y
","Temporary Polling Location




Handicap Accessable: 
"
GENESEE COUNTY,MONTROSE TOWNSHIP ,     PRECINCT 3,"Permanent Polling Location
MONTROSE COMMUNITY SCHOOLS
300 NANITA DRIVE
MONTROSE MI 48457

Handicap Accessable:
Y
","Temporary Polling Location




Handicap Accessable: 
"
GENESEE COUNTY,MONTROSE TOWNSHIP ,     PRECINCT 4,"Permanent Polling Location
MONTROSE COMMUNITY SCHOOLS
300 NANITA DRIVE
MONTROSE MI 48457

Handicap Accessable:
Y
","Temporary Polling Location




Handicap Accessable: 
"
GENESEE COUNTY,MOUNT MORRIS CITY ,     PRECINCT 1,"Permanent Polling Location
FIRST BAPTIST CHURCH
800 LOUISA STREET
MT. MORRRIS MI 48458

Handicap Accessable:
Y
","Temporary Polling Location




Handicap Accessable: 
"
GENESEE COUNTY,MOUNT MORRIS TOWNSHIP ,     PRECINCT 1,"Permanent Polling Location
TRINITY ASSEMBLY OF GOD
4363 W. MT. MORRIS RD.
MOUNT MORRIS MI 48458

Handicap Accessable:
Y
(BETWEEN JENNINGS & LINDEN RD. JUST WEST OF I-75)","Temporary Polling Location




Handicap Accessable: 
"
GENESEE COUNTY,MOUNT MORRIS TOWNSHIP ,     PRECINCT 2,"Permanent Polling Location
TRINITY ASSEMBLY OF GOD
4363 W. MT. MORRIS RD.
MOUNT MORRIS MI 48458

Handicap Accessable:
Y
(BETWEEN JENNINGS & LINDEN RD. JUST WEST OF I-75)","Temporary Polling Location




Handicap Accessable: 
"
GENESEE COUNTY,MOUNT MORRIS TOWNSHIP ,     PRECINCT 3,"Permanent Polling Location
RESILIENT HOPE CHURCH
2115 W. MT. MORRIS RD.
MOUNT MORRIS MI 48458

Handicap Accessable:
Y
(BETWEEN CLIO AND NEFF )","Temporary Polling Location




Handicap Accessable: 
"
GENESEE COUNTY,MOUNT MORRIS TOWNSHIP ,     PRECINCT 4,"Permanent Polling Location
HAMADY HIGH SCHOOL
3223 W. CARPENTER RD
FLINT MI 48504

Handicap Accessable:
Y
","Temporary Polling Location




Handicap Accessable: 
"
GENESEE COUNTY,MOUNT MORRIS TOWNSHIP ,     PRECINCT 5,"Permanent Polling Location
HAMADY HIGH SCHOOL
3223 W. CARPENTER RD
FLINT MI 48504

Handicap Accessable:
Y
","Temporary Polling Location




Handicap Accessable: 
"
GENESEE COUNTY,MOUNT MORRIS TOWNSHIP ,     PRECINCT 6,"Permanent Polling Location
HAMADY HIGH SCHOOL
3223 W. CARPENTER RD
FLINT MI 48504

Handicap Accessable:
Y
","Temporary Polling Location




Handicap Accessable: 
"
GENESEE COUNTY,MOUNT MORRIS TOWNSHIP ,     PRECINCT 7,"Permanent Polling Location
HAMADY HIGH SCHOOL
3223 W. CARPENTER RD
FLINT MI 48504

Handicap Accessable:
Y
","Temporary Polling Location




Handicap Accessable: 
"
GENESEE COUNTY,MOUNT MORRIS TOWNSHIP ,     PRECINCT 8,"Permanent Polling Location
SAN JUAN DIEGO CNTR
6041 BALLARD DR.
FLINT MI 48505

Handicap Accessable:
Y
(BALLARD DR. - NORTH OFF W. COLDWATER RD.)","Temporary Polling Location




Handicap Accessable: 
"
GENESEE COUNTY,MOUNT MORRIS TOWNSHIP ,     PRECINCT 9,"Permanent Polling Location
SAN JUAN DIEGO CNTR
6041 BALLARD DR.
FLINT MI 48505

Handicap Accessable:
Y
(BALLARD DR. - NORTH OFF W. COLDWATER RD.)","Temporary Polling Location




Handicap Accessable: 
"
GENESEE COUNTY,MOUNT MORRIS TOWNSHIP ,     PRECINCT 10,"Permanent Polling Location
SAN JUAN DIEGO CNTR
6041 BALLARD DR.
FLINT MI 48505

Handicap Accessable:
Y
(BALLARD DR. - NORTH OFF W. COLDWATER RD.)","Temporary Polling Location




Handicap Accessable: 
"
GENESEE COUNTY,MUNDY TOWNSHIP ,     PRECINCT 1,"Permanent Polling Location
HOLY SPIRIT LUTHERAN
7234 FENTON RD
GRAND BLANC MI 48439

Handicap Accessable:
Y
(WEST SIDE OF FENTON BETWEEN GRAND BLANC & REID)","Temporary Polling Location




Handicap Accessable: 
"
GENESEE COUNTY,MUNDY TOWNSHIP ,     PRECINCT 2,"Permanent Polling Location
TOWNSHIP HALL
3478 MUNDY AVE
SWARTZ CREEK MI 48473

Handicap Accessable:
Y
(1 BLOCK E.OF JENNINGS, 1 BLOCK N. OF GRAND BLANC)","Temporary Polling Location




Handicap Accessable: 
"
GENESEE COUNTY,MUNDY TOWNSHIP ,     PRECINCT 3,"Permanent Polling Location
JENNINGS FIRE HALL
4011 W. HILL RD
SWARTZ CREEK MI 48473

Handicap Accessable:
Y
(CORNER OF HILL AND JENNINGS)","Temporary Polling Location




Handicap Accessable: 
"
GENESEE COUNTY,MUNDY TOWNSHIP ,     PRECINCT 4,"Permanent Polling Location
JENNINGS FIRE HALL
4011 W. HILL RD
SWARTZ CREEK MI 48473

Handicap Accessable:
Y
(CORNER OF HILL AND JENNINGS)","Temporary Polling Location




Handicap Accessable: 
"
GENESEE COUNTY,MUNDY TOWNSHIP ,     PRECINCT 5,"Permanent Polling Location
TOWNSHIP HALL
3478 MUNDY AVE
SWARTZ CREEK MI 48473

Handicap Accessable:
Y
(1 BLOCK E.OF JENNINGS, 1 BLOCK N. OF GRAND BLANC)","Temporary Polling Location




Handicap Accessable: 
"
GENESEE COUNTY,MUNDY TOWNSHIP ,     PRECINCT 6,"Permanent Polling Location
FIRE CENTRAL
8017 S. LINDEN RD
SWARTZ CREEK MI 48473

Handicap Accessable:
Y
(CORNER GRAND BLANC & LINDEN)","Temporary Polling Location




Handicap Accessable: 
"
GENESEE COUNTY,MUNDY TOWNSHIP ,     PRECINCT 7,"Permanent Polling Location
HOLY SPIRIT LUTHERAN
7234 FENTON RD
GRAND BLANC MI 48439

Handicap Accessable:
Y
(WEST SIDE OF FENTON BETWEEN GRAND BLANC & REID)","Temporary Polling Location




Handicap Accessable: 
"
GENESEE COUNTY,RICHFIELD TOWNSHIP ,     PRECINCT 1,"Permanent Polling Location
RICHFIELD CHURCH OF THE NAZARENE
7524 E MT MORRIS RD
OTISVILLE MI 48463

Handicap Accessable:
Y
(SW CORNER OF IRISH & MT.  MORRIS RDS.)","Temporary Polling Location




Handicap Accessable: 
"
GENESEE COUNTY,RICHFIELD TOWNSHIP ,     PRECINCT 2,"Permanent Polling Location
DAV-RICH FIRE STAT-2
5381 N. STATE RD
DAVISON MI 48423

Handicap Accessable:
Y
(NORTH ON M-15 TO RICHFIELD TOWNSHIP HALL)","Temporary Polling Location




Handicap Accessable: 
"
GENESEE COUNTY,SWARTZ CREEK CITY ,     PRECINCT 1,"Permanent Polling Location
SWARTZ CREEK COMM CHURCH (UNITED METH)
7400 MILLER ROAD
SWARTZ CREEK MI 48473

Handicap Accessable:
Y
(NORTHEAST GYM ENTRANCE - DOOR 8)","Temporary Polling Location




Handicap Accessable: 
"
GENESEE COUNTY,SWARTZ CREEK CITY ,     PRECINCT 2,"Permanent Polling Location
SWARTZ CREEK COMM CHURCH (UNITED METH)
7400 MILLER ROAD
SWARTZ CREEK MI 48473

Handicap Accessable:
Y
(NORTHEAST GYM ENTRANCE - DOOR 8)","Temporary Polling Location




Handicap Accessable: 
"
GENESEE COUNTY,SWARTZ CREEK CITY ,     PRECINCT 3,"Permanent Polling Location
SWARTZ CREEK COMM CHURCH (UNITED METH)
7400 MILLER ROAD
SWARTZ CREEK MI 48473

Handicap Accessable:
Y
(NORTHEAST GYM ENTRANCE - DOOR 8)","Temporary Polling Location




Handicap Accessable: 
"
GENESEE COUNTY,SWARTZ CREEK CITY ,     PRECINCT 4,"Permanent Polling Location
SWARTZ CREEK COMM CHURCH (UNITED METH)
7400 MILLER ROAD
SWARTZ CREEK MI 48473

Handicap Accessable:
Y
(NORTHEAST GYM ENTRANCE - DOOR 8)","Temporary Polling Location




Handicap Accessable: 
"
GENESEE COUNTY,THETFORD TOWNSHIP ,     PRECINCT 1,"Permanent Polling Location
THETFORD REC. HALL
4014 E. VIENNA RD.
CLIO MI 48420-9700

Handicap Accessable:
Y
(CORNER VIENNA RD. & CENTER RD.)","Temporary Polling Location




Handicap Accessable: 
"
GENESEE COUNTY,THETFORD TOWNSHIP ,     PRECINCT 2,"Permanent Polling Location
THETFORD REC. HALL
4014 E. VIENNA RD.
CLIO MI 48420-9700

Handicap Accessable:
Y
(CORNER VIENNA RD. & CENTER RD.)","Temporary Polling Location




Handicap Accessable: 
"
GENESEE COUNTY,VIENNA TOWNSHIP ,     PRECINCT 1,"Permanent Polling Location
CLIO SENIOR CENTER
2136 WEST VIENNA ROAD
CLIO MI 48420

Handicap Accessable:
Y
","Temporary Polling Location




Handicap Accessable: 
"
GENESEE COUNTY,VIENNA TOWNSHIP ,     PRECINCT 2,"Permanent Polling Location
CLIO SENIOR CENTER
2136 WEST VIENNA ROAD
CLIO MI 48420

Handicap Accessable:
Y
","Temporary Polling Location




Handicap Accessable: 
"
GENESEE COUNTY,VIENNA TOWNSHIP ,     PRECINCT 3,"Permanent Polling Location
CLIO SENIOR CENTER
2136 WEST VIENNA ROAD
CLIO MI 48420

Handicap Accessable:
Y
","Temporary Polling Location




Handicap Accessable: 
"
GENESEE COUNTY,VIENNA TOWNSHIP ,     PRECINCT 4,"Permanent Polling Location
CLIO SENIOR CENTER
2136 WEST VIENNA ROAD
CLIO MI 48420

Handicap Accessable:
Y
","Temporary Polling Location




Handicap Accessable: 
"
GENESEE COUNTY,VIENNA TOWNSHIP ,     PRECINCT 5,"Permanent Polling Location
CLIO SENIOR CENTER
2136 WEST VIENNA ROAD
CLIO MI 48420

Handicap Accessable:
Y
","Temporary Polling Location




Handicap Accessable: 
"
GLADWIN COUNTY,BEAVERTON CITY ,     PRECINCT 1,"Permanent Polling Location
BEAVERTON CITY HALL
128 SAGINAW STREET
BEAVERTON MI 48612

Handicap Accessable:
N
","Temporary Polling Location




Handicap Accessable: 
"
GLADWIN COUNTY,BEAVERTON TOWNSHIP ,     PRECINCT 1,"Permanent Polling Location
BEAVERTON TWP HALL
4496 DALE ROAD
BEAVERTON MI 48612

Handicap Accessable:
Y
(CORNER OF DALE AND TOWNHALL ROADS)","Temporary Polling Location




Handicap Accessable: 
"
GLADWIN COUNTY,BENTLEY TOWNSHIP ,     PRECINCT 1,"Permanent Polling Location
BENTLEY TWP HALL
4013 ESTEY ROAD
RHODES MI 48652

Handicap Accessable:
Y
(VILLAGE OF ESTEY)","Temporary Polling Location




Handicap Accessable: 
"
GLADWIN COUNTY,BILLINGS TOWNSHIP ,     PRECINCT 1,"Permanent Polling Location
BILLINGS TWP HALL
1050 ESTEY RD
BEAVERTON MI 48612

Handicap Accessable:
Y
(ACROSS FROM SANDYS MARKET)","Temporary Polling Location




Handicap Accessable: 
"
GLADWIN COUNTY,BOURRET TOWNSHIP ,     PRECINCT 1,"Permanent Polling Location
BOURRET TWP HALL
2749 SCHOOL RD
ALGER MI 48610

Handicap Accessable:
Y
(EAST OF CROSSROADS BAR)","Temporary Polling Location




Handicap Accessable: 
"
GLADWIN COUNTY,BUCKEYE TOWNSHIP ,     PRECINCT 1,"Permanent Polling Location
BUCKEYE TWP HALL
1498 S HOCKADAY
GLADWIN MI 48624

Handicap Accessable:
Y
(CORNER OF HOCKADY AND WINEGARS)","Temporary Polling Location




Handicap Accessable: 
"
GLADWIN COUNTY,BUTMAN TOWNSHIP ,     PRECINCT 1,"Permanent Polling Location
BUTMAN TOWNSHIP HALL
5005 N HOCKADAY RD
GLADWIN MI 48624

Handicap Accessable:
Y
(EAST OFF GRASS LAKE ROAD)","Temporary Polling Location




Handicap Accessable: 
"
GLADWIN COUNTY,CLEMENT TOWNSHIP ,     PRECINCT 1,"Permanent Polling Location
CLEMENT TWP HALL
1497 EAST M-30
ALGER MI 48610

Handicap Accessable:
Y
(PAST RUTLEGDE ON E M-30)","Temporary Polling Location




Handicap Accessable: 
"
GLADWIN COUNTY,GLADWIN CITY ,     PRECINCT 1,"Permanent Polling Location
GLADWIN CITY HALL
1000 WEST CEDAR AVENUE
GLADWIN MI 48624

Handicap Accessable:
Y
","Temporary Polling Location




Handicap Accessable: 
"
GLADWIN COUNTY,GLADWIN TOWNSHIP ,     PRECINCT 1,"Permanent Polling Location
GLADWIN TWP HALL
2001 WAGARVILLE RD
GLADWIN MI 48624

Handicap Accessable:
Y
(EAST ON WAGARVILLE SOUTH OF SHELL RD)","Temporary Polling Location




Handicap Accessable: 
"
GLADWIN COUNTY,GRIM TOWNSHIP ,     PRECINCT 1,"Permanent Polling Location
GRIM TWP HALL
6399 BAY-GLADWIN LINE
BENTLEY MI 48613

Handicap Accessable:
Y
","Temporary Polling Location




Handicap Accessable: 
"
GLADWIN COUNTY,GROUT TOWNSHIP ,     PRECINCT 1,"Permanent Polling Location
GROUT TWP HALL
1490 S GROUT RD
GLADWIN MI 48624

Handicap Accessable:
Y
(NORTH OF PLUDE RD)","Temporary Polling Location




Handicap Accessable: 
"
GLADWIN COUNTY,HAY TOWNSHIP ,     PRECINCT 1,"Permanent Polling Location
HAY TWP HALL
1220 E HIGHWOOD RD.
BEAVERTON MI 48612

Handicap Accessable:
Y
(SOUTH ON HIGHWOOD BETWEEN WEIMAN AND ANDYS LANE)","Temporary Polling Location




Handicap Accessable: 
"
GLADWIN COUNTY,SAGE TOWNSHIP ,     PRECINCT 1,"Permanent Polling Location
SAGE TWP HALL
1831 NORTH PRATT LAKE RD
GLADWIN MI 48624

Handicap Accessable:
Y
(ACROSS FROM WIGGINS LAKE RD)","Temporary Polling Location




Handicap Accessable: 
"
GLADWIN COUNTY,SECORD TOWNSHIP ,     PRECINCT 1,"Permanent Polling Location
SECORD TWP HALL
1507 SECORD DAM RD
GLADWIN MI 48624

Handicap Accessable:
Y
(CORNER OF SECORD DAM AND THREE RIVERS)","Temporary Polling Location




Handicap Accessable: 
"
GLADWIN COUNTY,SHERMAN TOWNSHIP ,     PRECINCT 1,"Permanent Polling Location
SHERMAN TWP HALL
4013 OBERLIN ROAD
GLADWIN MI 48624

Handicap Accessable:
Y
(CORNER OF RENAS AND OBERLIN)","Temporary Polling Location




Handicap Accessable: 
"
GLADWIN COUNTY,TOBACCO TOWNSHIP ,     PRECINCT 1,"Permanent Polling Location
TOBACCO TWP HALL
1758 DALE ROAD
BEAVERTON MI 48612

Handicap Accessable:
Y
(AT BLINKER LIGHT)","Temporary Polling Location




Handicap Accessable: 
"
GOGEBIC COUNTY,BESSEMER CITY ,     PRECINCT 1,"Permanent Polling Location
BESSEMER CITY HALL
411 S SOPHIE ST
BESSEMER MI 49911

Handicap Accessable:
Y
","Temporary Polling Location




Handicap Accessable: 
"
GOGEBIC COUNTY,BESSEMER TOWNSHIP ,     PRECINCT 1,"Permanent Polling Location
BESSEMER TWP HALL
N10338 MILL STREET
RAMSAY MI 49959

Handicap Accessable:
Y
","Temporary Polling Location




Handicap Accessable: 
"
GOGEBIC COUNTY,ERWIN TOWNSHIP ,     PRECINCT 1,"Permanent Polling Location
ERWIN TOWN HALL
N8908 VANBUSKIRK RD
IRONWOOD MI 49938

Handicap Accessable:
Y
","Temporary Polling Location




Handicap Accessable: 
"
GOGEBIC COUNTY,IRONWOOD CITY ,     PRECINCT 1,"Permanent Polling Location
MEMORIAL BLDG
213 S. MARQUETTE STREET
IRONWOOD MI 49938

Handicap Accessable:
Y
","Temporary Polling Location




Handicap Accessable: 
"
GOGEBIC COUNTY,IRONWOOD CITY ,     PRECINCT 2,"Permanent Polling Location
MEMORIAL BLDG
213 S. MARQUETTE STREET
IRONWOOD MI 49938

Handicap Accessable:
Y
","Temporary Polling Location




Handicap Accessable: 
"
GOGEBIC COUNTY,IRONWOOD TOWNSHIP ,     PRECINCT 1,"Permanent Polling Location
TWP COMMUNITY BUILD
N10892 LAKE ROAD
IRONWOOD MI 49938

Handicap Accessable:
Y
","Temporary Polling Location




Handicap Accessable: 
"
GOGEBIC COUNTY,MARENISCO TOWNSHIP ,     PRECINCT 1,"Permanent Polling Location
MARENISCO TWP HALL
314 HALL
MARENISCO MI 49947

Handicap Accessable:
Y
","Temporary Polling Location




Handicap Accessable: 
"
GOGEBIC COUNTY,WAKEFIELD CITY ,     PRECINCT 1,"Permanent Polling Location
WAKEFIELD MUNICIPAL BUILDING
509 SUNDAY LAKE STREET
WAKEFIELD MI 49968

Handicap Accessable:
Y
(TWO BLOCKS SOUTH OF THE OLD CITY HALL)","Temporary Polling Location




Handicap Accessable: 
"
GOGEBIC COUNTY,WAKEFIELD TOWNSHIP ,     PRECINCT 1,"Permanent Polling Location
TOWNSHIP HALL
414 N COUNTY ROAD 519
WAKEFIELD MI 49968

Handicap Accessable:
Y
","Temporary Polling Location




Handicap Accessable: 
"
GOGEBIC COUNTY,WATERSMEET TOWNSHIP ,     PRECINCT 1,"Permanent Polling Location
WATERSMEET POLL. BLD
N4699 1ST ST
WATERSMEET MI 49969

Handicap Accessable:
Y
","Temporary Polling Location




Handicap Accessable: 
"
GRAND TRAVERSE COUNTY,ACME TOWNSHIP ,     PRECINCT 1,"Permanent Polling Location
TOWNSHIP HALL
6100 US HIGHWAY 31 N
WILLIAMSBURG MI 49690

Handicap Accessable:
Y
","Temporary Polling Location




Handicap Accessable: 
"
GRAND TRAVERSE COUNTY,ACME TOWNSHIP ,     PRECINCT 2,"Permanent Polling Location
TOWNSHIP HALL
6100 US HIGHWAY 31 N
WILLIAMSBURG MI 49690

Handicap Accessable:
Y
","Temporary Polling Location




Handicap Accessable: 
"
GRAND TRAVERSE COUNTY,BLAIR TOWNSHIP ,     PRECINCT 1,"Permanent Polling Location
BLAIR TOWNSHIP HALL
2121 COUNTY ROAD 633
GRAWN MI 49637

Handicap Accessable:
Y
","Temporary Polling Location




Handicap Accessable: 
"
GRAND TRAVERSE COUNTY,BLAIR TOWNSHIP ,     PRECINCT 2,"Permanent Polling Location
BLAIR TOWNSHIP HALL
2121 COUNTY ROAD 633
GRAWN MI 49637

Handicap Accessable:
Y
","Temporary Polling Location




Handicap Accessable: 
"
GRAND TRAVERSE COUNTY,BLAIR TOWNSHIP ,     PRECINCT 3,"Permanent Polling Location
BLAIR TOWNSHIP HALL
2121 COUNTY ROAD 633
GRAWN MI 49637

Handicap Accessable:
Y
","Temporary Polling Location




Handicap Accessable: 
"
GRAND TRAVERSE COUNTY,EAST BAY TOWNSHIP ,     PRECINCT 1,"Permanent Polling Location
G.T. METRO FIRE ADMINISTRATION OFFICE
897 PARSONS ROAD
TRAVERSE CITY MI 49686

Handicap Accessable:
Y
","Temporary Polling Location




Handicap Accessable: 
"
GRAND TRAVERSE COUNTY,EAST BAY TOWNSHIP ,     PRECINCT 4,"Permanent Polling Location
EAST BAY TOWN HALL
1965 THREE MILE ROAD NORTH
TRAVERSE CITY MI 49686

Handicap Accessable:
Y
","Temporary Polling Location




Handicap Accessable: 
"
GRAND TRAVERSE COUNTY,EAST BAY TOWNSHIP ,     PRECINCT 5,"Permanent Polling Location
EAST BAY TOWN HALL
1965 THREE MILE ROAD NORTH
TRAVERSE CITY MI 49686

Handicap Accessable:
Y
","Temporary Polling Location




Handicap Accessable: 
"
GRAND TRAVERSE COUNTY,EAST BAY TOWNSHIP ,     PRECINCT 6,"Permanent Polling Location
EAST BAY STATION #9
   110 HIGH LAKE ROAD
TRAVERSE CITY MI 49696

Handicap Accessable:
Y
","Temporary Polling Location




Handicap Accessable: 
"
GRAND TRAVERSE COUNTY,FIFE LAKE TOWNSHIP ,     PRECINCT 1,"Permanent Polling Location
TOWNSHIP HALL
134 MORGAN ST
FIFE LAKE MI 49633

Handicap Accessable:
Y
","Temporary Polling Location




Handicap Accessable: 
"
GRAND TRAVERSE COUNTY,GARFIELD TOWNSHIP ,     PRECINCT 1,"Permanent Polling Location
GT METRO FIRE STA 12
2025 EAST SILVER LAKE RD. N.
TRAVERSE CITY MI 49685

Handicap Accessable:
Y
","Temporary Polling Location




Handicap Accessable: 
"
GRAND TRAVERSE COUNTY,GARFIELD TOWNSHIP ,     PRECINCT 2,"Permanent Polling Location
GARFIELD TOWNSHIP HALL
3848 VETERANS DR
TRAVERSE CITY MI 49684

Handicap Accessable:
Y
","Temporary Polling Location




Handicap Accessable: 
"
GRAND TRAVERSE COUNTY,GARFIELD TOWNSHIP ,     PRECINCT 3,"Permanent Polling Location
SABIN DATA CENTER
2075 CASS RD
TRAVERSE CITY MI 49685

Handicap Accessable:
Y
(WEST SIDE OF CASS RD, NORTH OF HARTMAN RD)","Temporary Polling Location




Handicap Accessable: 
"
GRAND TRAVERSE COUNTY,GARFIELD TOWNSHIP ,     PRECINCT 4,"Permanent Polling Location
GT METRO FIRE STATION #11
3000 ALBANY
TRAVERSE CITY MI 49684

Handicap Accessable:
Y
","Temporary Polling Location




Handicap Accessable: 
"
GRAND TRAVERSE COUNTY,GARFIELD TOWNSHIP ,     PRECINCT 5,"Permanent Polling Location
CREEKSIDE COMMUNITY CHURCH
3686 S AIRPORT ROAD W
TRAVERSE CITY MI 49684

Handicap Accessable:
Y
","Temporary Polling Location




Handicap Accessable: 
"
GRAND TRAVERSE COUNTY,GARFIELD TOWNSHIP ,     PRECINCT 6,"Permanent Polling Location
GT COUNTY ROAD COMM
1881 LAFRANIER RD
TRAVERSE CITY MI 49686

Handicap Accessable:
Y
","Temporary Polling Location




Handicap Accessable: 
"
GRAND TRAVERSE COUNTY,GARFIELD TOWNSHIP ,     PRECINCT 7,"Permanent Polling Location
GT PUBLIC BUILDING
2650 LAFRANIER ROAD
TRAVERSE CITY MI 49684

Handicap Accessable:
Y
","Temporary Polling Location




Handicap Accessable: 
"
GRAND TRAVERSE COUNTY,GRANT TOWNSHIP ,     PRECINCT 1,"Permanent Polling Location
TOWNSHIP HALL
8986 DAVIS RD
BUCKLEY MI 49620

Handicap Accessable:
Y
","Temporary Polling Location




Handicap Accessable: 
"
GRAND TRAVERSE COUNTY,GREEN LAKE TOWNSHIP ,     PRECINCT 1,"Permanent Polling Location
TOWNSHIP HALL
9394 10TH ST
INTERLOCHEN MI 49643

Handicap Accessable:
Y
","Temporary Polling Location




Handicap Accessable: 
"
GRAND TRAVERSE COUNTY,GREEN LAKE TOWNSHIP ,     PRECINCT 2,"Permanent Polling Location
GOLDEN FELLOWSHIP HALL
9700 RILEY RD
INTERLOCHEN MI 49643

Handicap Accessable:
Y
","Temporary Polling Location




Handicap Accessable: 
"
GRAND TRAVERSE COUNTY,GREEN LAKE TOWNSHIP ,     PRECINCT 3,"Permanent Polling Location
GOLDEN FELLOWSHIP HALL
9700 RILEY RD
INTERLOCHEN MI 49643

Handicap Accessable:
Y
","Temporary Polling Location




Handicap Accessable: 
"
GRAND TRAVERSE COUNTY,LONG LAKE TOWNSHIP ,     PRECINCT 1,"Permanent Polling Location
LONG LAKE FIRE RESCUE STATION
8578 N LONG LAKE RD
TRAVERSE CITY MI 49685

Handicap Accessable:
Y
(NORTH SIDE OF LONG LAKE RD, WEST OF BRIDLEWOOD DR)","Temporary Polling Location




Handicap Accessable: 
"
GRAND TRAVERSE COUNTY,LONG LAKE TOWNSHIP ,     PRECINCT 2,"Permanent Polling Location
KENSINGTON CHURCH
6880 SECOR ROAD
TRAVERSE CITY MI 49684

Handicap Accessable:
Y
","Temporary Polling Location




Handicap Accessable: 
"
GRAND TRAVERSE COUNTY,MAYFIELD TOWNSHIP ,     PRECINCT 1,"Permanent Polling Location
TOWNSHIP HALL
2991 W CENTER RD
KINGSLEY MI 49649

Handicap Accessable:
Y
","Temporary Polling Location




Handicap Accessable: 
"
GRAND TRAVERSE COUNTY,PARADISE TOWNSHIP ,     PRECINCT 1,"Permanent Polling Location
TOWNSHIP HALL
2300 E M 113
KINGSLEY MI 49649

Handicap Accessable:
Y
","Temporary Polling Location




Handicap Accessable: 
"
GRAND TRAVERSE COUNTY,PARADISE TOWNSHIP ,     PRECINCT 2,"Permanent Polling Location
TOWNSHIP HALL
2300 E M 113
KINGSLEY MI 49649

Handicap Accessable:
Y
","Temporary Polling Location




Handicap Accessable: 
"
GRAND TRAVERSE COUNTY,PENINSULA TOWNSHIP ,     PRECINCT 1,"Permanent Polling Location
PENINSULA TWP HALL
13235 CENTER RD
TRAVERSE CITY MI 49686

Handicap Accessable:
Y
","Temporary Polling Location




Handicap Accessable: 
"
GRAND TRAVERSE COUNTY,PENINSULA TOWNSHIP ,     PRECINCT 2,"Permanent Polling Location
MISSION HILL CHURCH
6105 CENTER RD
TRAVERSE CITY MI 49686

Handicap Accessable:
Y
","Temporary Polling Location




Handicap Accessable: 
"
GRAND TRAVERSE COUNTY,TRAVERSE CITY CITY ,     PRECINCT 1,"Permanent Polling Location
FIRE STATION #1
500 W FRONT ST
TRAVERSE CITY MI 49684

Handicap Accessable:
Y
","Temporary Polling Location




Handicap Accessable: 
"
GRAND TRAVERSE COUNTY,TRAVERSE CITY CITY ,     PRECINCT 3,"Permanent Polling Location
CARNEGIE BUILDING
322 SIXTH STREET
TRAVERSE CITY MI 49684

Handicap Accessable:
Y
","Temporary Polling Location




Handicap Accessable: 
"
GRAND TRAVERSE COUNTY,TRAVERSE CITY CITY ,     PRECINCT 4,"Permanent Polling Location




Handicap Accessable:

","Temporary Polling Location
TRAVERSE CITY HOUSING COMMISSION
10200 E CARTER CENTRE
TRAVERSE CITY MI 49684

Handicap Accessable: Y
"
GRAND TRAVERSE COUNTY,TRAVERSE CITY CITY ,     PRECINCT 7,"Permanent Polling Location
TRAVERSE AREA DISTRICT LIBRARY
610 WOODMERE AVE
TRAVERSE CITY MI 49686

Handicap Accessable:
Y
","Temporary Polling Location




Handicap Accessable: 
"
GRAND TRAVERSE COUNTY,TRAVERSE CITY CITY ,     PRECINCT 8,"Permanent Polling Location
GOVERNMENTAL CENTER
400 BOARDMAN AVENUE
TRAVERSE CITY MI 49684

Handicap Accessable:
Y
","Temporary Polling Location




Handicap Accessable: 
"
GRAND TRAVERSE COUNTY,TRAVERSE CITY CITY ,     PRECINCT 9,"Permanent Polling Location
TIMOTHY J. NELSON INNOVATION CENTER
1705 E. FRONT STREET
TRAVERSE CITY MI 49684

Handicap Accessable:
Y
(NMC CAMPUS, SOUTH OF CEDAR PARKING LOT)","Temporary Polling Location




Handicap Accessable: 
"
GRAND TRAVERSE COUNTY,TRAVERSE CITY CITY ,     PRECINCT 10,"Permanent Polling Location
CARNEGIE BUILDING
322 SIXTH STREET
TRAVERSE CITY MI 49684

Handicap Accessable:
Y
","Temporary Polling Location




Handicap Accessable: 
"
GRAND TRAVERSE COUNTY,UNION TOWNSHIP ,     PRECINCT 1,"Permanent Polling Location
TOWNSHIP HALL
5020 FIFE LAKE RD
FIFE LAKE MI 49633

Handicap Accessable:
Y
","Temporary Polling Location




Handicap Accessable: 
"
GRAND TRAVERSE COUNTY,WHITEWATER TOWNSHIP ,     PRECINCT 1,"Permanent Polling Location
TOWNSHIP HALL
5777 VINTON RD
WILLIAMSBURG MI 49690

Handicap Accessable:
Y
","Temporary Polling Location




Handicap Accessable: 
"
GRATIOT COUNTY,ALMA CITY ,     PRECINCT 1,"Permanent Polling Location
FIRST PRESBYTERIAN C
495 CHARLES AVE
ALMA MI 48801

Handicap Accessable:
Y
(CORNER OF W. SUPERIOR & CHARLES AVE.)","Temporary Polling Location




Handicap Accessable: 
"
GRATIOT COUNTY,ALMA CITY ,     PRECINCT 2,"Permanent Polling Location
PEACE LUTHERAN CHURC
325 E. WARWICK DRIVE
ALMA MI 48801

Handicap Accessable:
Y
(BETWEEN GRATIOT COMMUNITY HOSP & ALMA HIGH SCHOOL)","Temporary Polling Location




Handicap Accessable: 
"
GRATIOT COUNTY,ALMA CITY ,     PRECINCT 3,"Permanent Polling Location
ALMA PUBLIC LIBRARY-NEW
500 E SUPERIOR ST. 
ALMA MI 48801

Handicap Accessable:
Y
(CORNER OF E SUPERIOR  AND N COURT STS. )","Temporary Polling Location




Handicap Accessable: 
"
GRATIOT COUNTY,ARCADA TOWNSHIP ,     PRECINCT 1,"Permanent Polling Location
ARCADA TWP HALL
3290 W. TYLER RD. ALMA
ALMA MI 48801

Handicap Accessable:
Y
","Temporary Polling Location




Handicap Accessable: 
"
GRATIOT COUNTY,BETHANY TOWNSHIP ,     PRECINCT 1,"Permanent Polling Location
BETHANY TWP HALL
9958 BLAIR RD BRECKENRIDGE
BRECKENRIDGE MI 48615

Handicap Accessable:
Y
","Temporary Polling Location




Handicap Accessable: 
"
GRATIOT COUNTY,ELBA TOWNSHIP ,     PRECINCT 1,"Permanent Polling Location
ELBA TOWNSHIP HALL
623 S. QUARTERLINE ST.
ASHLEY MI 48806

Handicap Accessable:
Y
","Temporary Polling Location




Handicap Accessable: 
"
GRATIOT COUNTY,EMERSON TOWNSHIP ,     PRECINCT 1,"Permanent Polling Location
EMERSON TWP HALL
2976 BALDWIN RD. ITHACA
ITHACA MI 48847

Handicap Accessable:
Y
","Temporary Polling Location




Handicap Accessable: 
"
GRATIOT COUNTY,FULTON TOWNSHIP ,     PRECINCT 1,"Permanent Polling Location
FULTON TWP HALL
3425 W CLEVELAND RD. PERRINTON
PERRINTON MI 48871

Handicap Accessable:
Y
","Temporary Polling Location




Handicap Accessable: 
"
GRATIOT COUNTY,HAMILTON TOWNSHIP ,     PRECINCT 1,"Permanent Polling Location
HAMILTON TWP HALL
7853 FILLMORE RD-ITHACA
ITHACA MI 48847

Handicap Accessable:
Y
","Temporary Polling Location




Handicap Accessable: 
"
GRATIOT COUNTY,ITHACA CITY ,     PRECINCT 1,"Permanent Polling Location
ITHACA COMMUNITY CENTER
120 N. MAPLE ST.
ITHACA MI 48847

Handicap Accessable:
Y
","Temporary Polling Location




Handicap Accessable: 
"
GRATIOT COUNTY,LAFAYETTE TOWNSHIP ,     PRECINCT 1,"Permanent Polling Location
LAFAYETTE TWP HALL
2902 BARRY RD. BRECKENRIDGE
BRECKENRIDGE MI 48615

Handicap Accessable:
Y
","Temporary Polling Location




Handicap Accessable: 
"
GRATIOT COUNTY,NEW HAVEN TOWNSHIP ,     PRECINCT 1,"Permanent Polling Location
NEW HAVEN TWP HALL
3027 S. WARNER RD. SUMNER
SUMNER MI 48889

Handicap Accessable:
Y
","Temporary Polling Location




Handicap Accessable: 
"
GRATIOT COUNTY,NEWARK TOWNSHIP ,     PRECINCT 1,"Permanent Polling Location
NEWARK TWP HALL
2918 BUCHANAN RD. ITHACA
ITHACA MI 48847

Handicap Accessable:
Y
","Temporary Polling Location




Handicap Accessable: 
"
GRATIOT COUNTY,NORTH SHADE TOWNSHIP ,     PRECINCT 1,"Permanent Polling Location
NORTH SHADE TWP HALL
8982 ROOSEVELT RD. CARSON CITY
CARSON CITY MI 48811

Handicap Accessable:
Y
","Temporary Polling Location




Handicap Accessable: 
"
GRATIOT COUNTY,NORTH STAR TOWNSHIP ,     PRECINCT 1,"Permanent Polling Location
NORTH STAR TWP HALL
2840 E. BUCHANAN RD. ITHACA
ITHACA MI 48847

Handicap Accessable:
Y
","Temporary Polling Location




Handicap Accessable: 
"
GRATIOT COUNTY,PINE RIVER TOWNSHIP ,     PRECINCT 1,"Permanent Polling Location
PINE RIVER TWP HALL
1495 W. MONROE RD. ST. LOUIS
SAINT LOUIS MI 48880

Handicap Accessable:
Y
(M-46)","Temporary Polling Location




Handicap Accessable: 
"
GRATIOT COUNTY,SEVILLE TOWNSHIP ,     PRECINCT 1,"Permanent Polling Location
SEVILLE TWP HALL
7676 W LINCOLN RD
ELWELL MI 48832

Handicap Accessable:
Y
","Temporary Polling Location




Handicap Accessable: 
"
GRATIOT COUNTY,ST LOUIS CITY ,     PRECINCT 1,"Permanent Polling Location
ST. LOUIS COMMUNITY CENTER
300 N. MILL STREET
SAINT LOUIS MI 48880

Handicap Accessable:
Y
","Temporary Polling Location




Handicap Accessable: 
"
GRATIOT COUNTY,SUMNER TOWNSHIP ,     PRECINCT 1,"Permanent Polling Location
SUMNER COMM CENTER
10820 PINE ST. SUMNER
SUMNER MI 48889

Handicap Accessable:
Y
","Temporary Polling Location




Handicap Accessable: 
"
GRATIOT COUNTY,WASHINGTON TOWNSHIP ,     PRECINCT 1,"Permanent Polling Location
WASHINGTON TWP HALL
8989 BALDWIN RD-ASHLEY
ASHLEY MI 48806

Handicap Accessable:
Y
","Temporary Polling Location




Handicap Accessable: 
"
GRATIOT COUNTY,WHEELER TOWNSHIP ,     PRECINCT 1,"Permanent Polling Location
WHEELER TWP. HALL
8510 E. MONROE RD.- WHEELER
WHEELER MI 48662

Handicap Accessable:
Y
(ON  M46, TURN S. ON WHEELER RD. AT CAUTION LIGHT)","Temporary Polling Location




Handicap Accessable: 
"
HILLSDALE COUNTY,ADAMS TOWNSHIP ,     PRECINCT 1,"Permanent Polling Location
ADAMS TOWNSHIP HALL
5675 KNOWLES RD
NORTH ADAMS MI 49262

Handicap Accessable:
Y
(1/4 MILE NORTH ON VILLAGE LIMITS)","Temporary Polling Location




Handicap Accessable: 
"
HILLSDALE COUNTY,ALLEN TOWNSHIP ,     PRECINCT 1,"Permanent Polling Location
ALLEN COMMUNITY BLDG
139 W. CHICAGO STREET
ALLEN MI 49227

Handicap Accessable:
Y
(WEST OF M-49, SOUTH SIDE, NEXT TO FIRE DEPARTMENT)","Temporary Polling Location




Handicap Accessable: 
"
HILLSDALE COUNTY,AMBOY TOWNSHIP ,     PRECINCT 1,"Permanent Polling Location
AMBOY TOWNSHIP HALL
14840 GRASS LAKE RD
CAMDEN MI 49232

Handicap Accessable:
Y
(1/4 MILE NORTH OF TERRITORIAL RD. ON  WEST SIDE)","Temporary Polling Location




Handicap Accessable: 
"
HILLSDALE COUNTY,CAMBRIA TOWNSHIP ,     PRECINCT 1,"Permanent Polling Location
CAMBRIA TWP HALL
7249 CAMBRIA RD
HILLSDALE MI 49242

Handicap Accessable:
Y
(JUST SOUTH OF MAIN CORNER ON EAST SIDE)","Temporary Polling Location




Handicap Accessable: 
"
HILLSDALE COUNTY,CAMDEN TOWNSHIP ,     PRECINCT 1,"Permanent Polling Location
CAMDEN METH. CHURCH
205 S. MAIN ST., CAMDEN, MI 49232
CAMDEN MI 49232

Handicap Accessable:
Y
","Temporary Polling Location




Handicap Accessable: 
"
HILLSDALE COUNTY,FAYETTE TOWNSHIP ,     PRECINCT 1,"Permanent Polling Location
FAYETTE TWP. HALL
211 NORTH  STREET
JONESVILLE MI 49250

Handicap Accessable:
Y
(ONE BLOCK NORTH OF US 12, WEST OF M 99)","Temporary Polling Location




Handicap Accessable: 
"
HILLSDALE COUNTY,HILLSDALE CITY ,     PRECINCT 1-1,"Permanent Polling Location
HILLSDALE LIBRARY
11 E. BACON
HILLSDALE MI 49242

Handicap Accessable:
Y
","Temporary Polling Location




Handicap Accessable: 
"
HILLSDALE COUNTY,HILLSDALE CITY ,     PRECINCT 2-2,"Permanent Polling Location
HILLSDALE LIBRARY
11 E. BACON
HILLSDALE MI 49242

Handicap Accessable:
Y
","Temporary Polling Location




Handicap Accessable: 
"
HILLSDALE COUNTY,HILLSDALE CITY ,     PRECINCT 3-3,"Permanent Polling Location
HILLSDALE LIBRARY
11 E. BACON
HILLSDALE MI 49242

Handicap Accessable:
Y
","Temporary Polling Location




Handicap Accessable: 
"
HILLSDALE COUNTY,HILLSDALE CITY ,     PRECINCT 4-4,"Permanent Polling Location
HILLSDALE LIBRARY
11 E. BACON
HILLSDALE MI 49242

Handicap Accessable:
Y
","Temporary Polling Location




Handicap Accessable: 
"
HILLSDALE COUNTY,HILLSDALE TOWNSHIP ,     PRECINCT 1,"Permanent Polling Location
HILLSDALE TWP.  HALL
1469 N LAKE WILSON RD
HILLSDALE MI 49242

Handicap Accessable:
Y
(CORNER OF W BACON AND LAKE WILSON ROADS)","Temporary Polling Location




Handicap Accessable: 
"
HILLSDALE COUNTY,JEFFERSON TOWNSHIP ,     PRECINCT 1,"Permanent Polling Location
JEFFERSON TWP.  HALL
2837 BIRD LAKE RD
OSSEO MI 49266

Handicap Accessable:
Y
(FROM M-34, 1/4 MILE NORTH ON RIGHT EAST SIDE)","Temporary Polling Location




Handicap Accessable: 
"
HILLSDALE COUNTY,JONESVILLE CITY ,     PRECINCT 1,"Permanent Polling Location
JONESVILLE FIRE STATION
114 W CHICAGO ST
JONESVILLE MI 49250

Handicap Accessable:
Y
","Temporary Polling Location




Handicap Accessable: 
"
HILLSDALE COUNTY,LITCHFIELD CITY ,     PRECINCT 1,"Permanent Polling Location
COMMUNITY ROOM
221 JONESVILLE STREET
LITCHFIELD MI 49252

Handicap Accessable:
Y
(JUST OFF CIRCLE ON M-99 SOUTH)","Temporary Polling Location




Handicap Accessable: 
"
HILLSDALE COUNTY,LITCHFIELD TOWNSHIP ,     PRECINCT 1,"Permanent Polling Location
LITCHFIELD TWP  HALL
9596 HOMER RD.
LITCHFIELD MI 49252

Handicap Accessable:
Y
","Temporary Polling Location




Handicap Accessable: 
"
HILLSDALE COUNTY,MOSCOW TOWNSHIP ,     PRECINCT 1,"Permanent Polling Location
MOSCOW TOWNSHIP HALL
7324 E CHICAGO RD., MOSCOW
MOSCOW MI 49250

Handicap Accessable:
Y
(NORTH SIDE OF U.S. 12 JUST WEST OF MOSCOW ROAD)","Temporary Polling Location




Handicap Accessable: 
"
HILLSDALE COUNTY,PITTSFORD TOWNSHIP ,     PRECINCT 1,"Permanent Polling Location
PITTSFORD TWP.  HALL
5015 S WALDRON RD
PITTSFORD MI 49271

Handicap Accessable:
Y
(CORNER OF M-34 AND WALDRON RD)","Temporary Polling Location




Handicap Accessable: 
"
HILLSDALE COUNTY,RANSOM TOWNSHIP ,     PRECINCT 1,"Permanent Polling Location
RANSOM TOWNSHIP HALL
5959 MILL STREET
OSSEO MI 49266

Handicap Accessable:
Y
(GO SOUTH OF BRIDGE ON BIRD LK. RD. WEST ON MILL ST)","Temporary Polling Location




Handicap Accessable: 
"
HILLSDALE COUNTY,READING CITY ,     PRECINCT 1,"Permanent Polling Location
READING CITY HALL
113 S MAIN STREET
READING MI 49274

Handicap Accessable:
Y
(DOWNTOWN READING ON EAST SIDE OF STREET)","Temporary Polling Location




Handicap Accessable: 
"
HILLSDALE COUNTY,READING TOWNSHIP ,     PRECINCT 1,"Permanent Polling Location
READING TWP.  HALL
5355 S EDON RD
READING MI 49274

Handicap Accessable:
Y
(ON M-49 JUST NORTH OF READING CITY ON EAST SIDE)","Temporary Polling Location




Handicap Accessable: 
"
HILLSDALE COUNTY,SCIPIO TOWNSHIP ,     PRECINCT 1,"Permanent Polling Location
SCIPIO TOWNSHIP HALL
11180 CONCORD RD
JONESVILLE MI 49250

Handicap Accessable:
Y
","Temporary Polling Location




Handicap Accessable: 
"
HILLSDALE COUNTY,SOMERSET TOWNSHIP ,     PRECINCT 1,"Permanent Polling Location
SOMERSET TOWNSHIP
12715 E. CHICAGO RD.
SOMERSET CENTER MI 49282

Handicap Accessable:
Y
","Temporary Polling Location




Handicap Accessable: 
"
HILLSDALE COUNTY,SOMERSET TOWNSHIP ,     PRECINCT 2,"Permanent Polling Location
SOMERSET TOWNSHIP
12715 E. CHICAGO RD.
SOMERSET CENTER MI 49282

Handicap Accessable:
Y
","Temporary Polling Location




Handicap Accessable: 
"
HILLSDALE COUNTY,WHEATLAND TOWNSHIP ,     PRECINCT 1,"Permanent Polling Location
WHEATLAND TWP  HALL
2991 N WALDRON RD
NORTH ADAMS MI 49262

Handicap Accessable:
Y
(ONE MILE N OF CHURCH RD AND ONE MILE S OF HOXIE RD)","Temporary Polling Location




Handicap Accessable: 
"
HILLSDALE COUNTY,WOODBRIDGE TOWNSHIP ,     PRECINCT 1,"Permanent Polling Location
WOODBRIDGE TWP. HALL
2250 MONTGOMERY RD
FRONTIER MI 49239

Handicap Accessable:
Y
(CORNER OF MONTGOMERY RD AND STEAMBURG RD)","Temporary Polling Location




Handicap Accessable: 
"
HILLSDALE COUNTY,WRIGHT TOWNSHIP ,     PRECINCT 1,"Permanent Polling Location
WRIGHT WALDRON BLDG
112 E. CENTER ST.
WALDRON MI 49288

Handicap Accessable:
Y
","Temporary Polling Location




Handicap Accessable: 
"
HOUGHTON COUNTY,ADAMS TOWNSHIP ,     PRECINCT 1,"Permanent Polling Location
ADAMS TOWNSHIP HALL
17118 FIRST STREET
BALTIC MI 49905

Handicap Accessable:
Y
(SECOND BUILDING ON THE LEFT AS YOU ENTER BALTIC)","Temporary Polling Location




Handicap Accessable: 
"
HOUGHTON COUNTY,CALUMET TOWNSHIP ,     PRECINCT 1,"Permanent Polling Location
CALUMET TWP OFFICE
25880 RED JACKET ROAD
CALUMET MI 49913

Handicap Accessable:
Y
","Temporary Polling Location




Handicap Accessable: 
"
HOUGHTON COUNTY,CALUMET TOWNSHIP ,     PRECINCT 2,"Permanent Polling Location
CALUMET COLOSSEUM
110 RED JACKET ROAD
CALUMET MI 49913

Handicap Accessable:
Y
","Temporary Polling Location




Handicap Accessable: 
"
HOUGHTON COUNTY,CALUMET TOWNSHIP ,     PRECINCT 5,"Permanent Polling Location
CALUMET VILLAGE HALL
340 SIXTH STREET
CALUMET MI 49913

Handicap Accessable:
Y
","Temporary Polling Location




Handicap Accessable: 
"
HOUGHTON COUNTY,CALUMET TOWNSHIP ,     PRECINCT 9,"Permanent Polling Location
LAURIUM VILLAGE HALL
310 HECLA ST
CALUMET MI 49913

Handicap Accessable:
Y
","Temporary Polling Location




Handicap Accessable: 
"
HOUGHTON COUNTY,CHASSELL TOWNSHIP ,     PRECINCT 1,"Permanent Polling Location
CHASSELL FIRE  HALL
22115 7TH ST
CHASSELL MI 49916

Handicap Accessable:
Y
","Temporary Polling Location




Handicap Accessable: 
"
HOUGHTON COUNTY,DUNCAN TOWNSHIP ,     PRECINCT 1,"Permanent Polling Location
DUNCAN TWP HALL
4753 E HARRISON ST
KENTON MI 49967

Handicap Accessable:
Y
","Temporary Polling Location




Handicap Accessable: 
"
HOUGHTON COUNTY,DUNCAN TOWNSHIP ,     PRECINCT 2,"Permanent Polling Location
DUNCAN TOWNSHIP HALL
4753 E HARRISON ST
KENTON MI 49967

Handicap Accessable:
Y
","Temporary Polling Location




Handicap Accessable: 
"
HOUGHTON COUNTY,ELM RIVER TOWNSHIP ,     PRECINCT 1,"Permanent Polling Location
PETERSON REC. BLDG.
32850 HWY M-26
TOIVOLA MI 49965

Handicap Accessable:
Y
","Temporary Polling Location




Handicap Accessable: 
"
HOUGHTON COUNTY,FRANKLIN TOWNSHIP ,     PRECINCT 1,"Permanent Polling Location
FRANKLIN TOWNSHIP HALL
49850 US 41
HANCOCK MI 49930

Handicap Accessable:
Y
","Temporary Polling Location




Handicap Accessable: 
"
HOUGHTON COUNTY,FRANKLIN TOWNSHIP ,     PRECINCT 2,"Permanent Polling Location
RIPLEY FIRE HALL
20769 SECOND ST, RIPLEY
HANCOCK MI 49930

Handicap Accessable:
Y
","Temporary Polling Location




Handicap Accessable: 
"
HOUGHTON COUNTY,HANCOCK CITY ,     PRECINCT 1,"Permanent Polling Location
LAKEVIEW  MANOR
1401 W. QUINCY STREET
HANCOCK MI 49930

Handicap Accessable:
Y
","Temporary Polling Location




Handicap Accessable: 
"
HOUGHTON COUNTY,HANCOCK CITY ,     PRECINCT 2,"Permanent Polling Location
LAKEVIEW  MANOR
1401 W. QUINCY STREET
HANCOCK MI 49930

Handicap Accessable:
Y
","Temporary Polling Location




Handicap Accessable: 
"
HOUGHTON COUNTY,HANCOCK CITY ,     PRECINCT 3,"Permanent Polling Location
LAKEVIEW  MANOR
1401 W. QUINCY STREET
HANCOCK MI 49930

Handicap Accessable:
Y
","Temporary Polling Location




Handicap Accessable: 
"
HOUGHTON COUNTY,HANCOCK TOWNSHIP ,     PRECINCT 1,"Permanent Polling Location
HANCOCK TWP FIRE HAL
54660 HWY M203
HANCOCK MI 49930

Handicap Accessable:
Y
","Temporary Polling Location




Handicap Accessable: 
"
HOUGHTON COUNTY,HOUGHTON CITY ,     PRECINCT 1,"Permanent Polling Location
HOUGHTON FIRE HALL
1400 GUNDLACH ROAD
HOUGHTON MI 49931

Handicap Accessable:
Y
","Temporary Polling Location




Handicap Accessable: 
"
HOUGHTON COUNTY,HOUGHTON CITY ,     PRECINCT 2,"Permanent Polling Location
DEE STADIUM
700 E. LAKESHORE DRIVE
HOUGHTON MI 49931

Handicap Accessable:
Y
(ONE BLOCK NORTH OF SHELDEN AVENUE)","Temporary Polling Location




Handicap Accessable: 
"
HOUGHTON COUNTY,LAIRD TOWNSHIP ,     PRECINCT 1,"Permanent Polling Location
LAIRD TOWNSHIP HALL
2480 ALSTON AVE
PELKIE MI 49958

Handicap Accessable:
Y
","Temporary Polling Location




Handicap Accessable: 
"
HOUGHTON COUNTY,OSCEOLA TOWNSHIP ,     PRECINCT 1,"Permanent Polling Location
TAMARACK FIRE DEPT
51733 TAMARACK ST
HUBBELL MI 49934

Handicap Accessable:
Y
(IN TAMARACK, MAILING IN HUBBELL)","Temporary Polling Location




Handicap Accessable: 
"
HOUGHTON COUNTY,OSCEOLA TOWNSHIP ,     PRECINCT 2,"Permanent Polling Location
DOLLAR BAY FIRE DEPT
48649 MAIN ST
DOLLAR BAY MI 49922

Handicap Accessable:
Y
","Temporary Polling Location




Handicap Accessable: 
"
HOUGHTON COUNTY,OSCEOLA TOWNSHIP ,     PRECINCT 4,"Permanent Polling Location
HARVEST CHURCH
55263 COUNTY ROAD
CALUMET MI 49913

Handicap Accessable:
Y
(JUST WEST OF US-41, NORTH OF TOWER RD)","Temporary Polling Location




Handicap Accessable: 
"
HOUGHTON COUNTY,PORTAGE TOWNSHIP ,     PRECINCT 2,"Permanent Polling Location
HURONTOWN FIRE HALL
47890 SUPERIOR RD
HOUGHTON MI 49931

Handicap Accessable:
Y
","Temporary Polling Location




Handicap Accessable: 
"
HOUGHTON COUNTY,PORTAGE TOWNSHIP ,     PRECINCT 4,"Permanent Polling Location
DOELLE SENIOR CENTER
17579 N LAKE AVE
CHASSELL MI 49916

Handicap Accessable:
Y
","Temporary Polling Location




Handicap Accessable: 
"
HOUGHTON COUNTY,QUINCY TOWNSHIP ,     PRECINCT 1,"Permanent Polling Location
FRANKLIN TOWNSHIP HALL
49850 HIGHWAY US 41
HANCOCK MI 49930

Handicap Accessable:
Y
","Temporary Polling Location




Handicap Accessable: 
"
HOUGHTON COUNTY,SCHOOLCRAFT TOWNSHIP ,     PRECINCT 1,"Permanent Polling Location
TOWNSHIP HALL
226 FRONT ST
LAKE LINDEN MI 49945

Handicap Accessable:
Y
(ONE BLOCK DOWN FROM FROM MAIN STREET HARDWARE STORE)","Temporary Polling Location




Handicap Accessable: 
"
HOUGHTON COUNTY,STANTON TOWNSHIP ,     PRECINCT 1,"Permanent Polling Location
STANTON TOWNSHIP HALL
50960 CANAL RD
HOUGHTON MI 49931

Handicap Accessable:
Y
","Temporary Polling Location




Handicap Accessable: 
"
HOUGHTON COUNTY,STANTON TOWNSHIP ,     PRECINCT 2,"Permanent Polling Location
TOIVOLA REC CENTER
41030 CHURCH RD.
TOIVOLA MI 49965

Handicap Accessable:
Y
","Temporary Polling Location




Handicap Accessable: 
"
HOUGHTON COUNTY,TORCH LAKE TOWNSHIP ,     PRECINCT 1,"Permanent Polling Location
VFW HALL- POST 4624
52218 DUNCAN AVENUE
HUBBELL MI 49934

Handicap Accessable:
Y
(NEXT TO THE POST OFFICE ON DUNCAN AVENUE)","Temporary Polling Location




Handicap Accessable: 
"
HOUGHTON COUNTY,TORCH LAKE TOWNSHIP ,     PRECINCT 2,"Permanent Polling Location
BOOTJACK FIRE HALL
49676 BOOTJACK ROAD
LAKE LINDEN MI 49945

Handicap Accessable:
Y
","Temporary Polling Location




Handicap Accessable: 
"
HURON COUNTY,BAD AXE CITY ,     PRECINCT 1,"Permanent Polling Location
WILCOX COMMUNITY CEN
650 WHITELAM STREET
BAD AXE MI 48413

Handicap Accessable:
Y
","Temporary Polling Location




Handicap Accessable: 
"
HURON COUNTY,BINGHAM TOWNSHIP ,     PRECINCT 1,"Permanent Polling Location
TOWNSHIP HALL
2241 PIERCE STREET
UBLY MI 48475

Handicap Accessable:
Y
","Temporary Polling Location




Handicap Accessable: 
"
HURON COUNTY,BLOOMFIELD TOWNSHIP ,     PRECINCT 1,"Permanent Polling Location
TWP HALL
4500 FILION ROAD
PORT HOPE MI 48468

Handicap Accessable:
Y
(CORNER OF FILION ROAD AND MACDONALD ROAD)","Temporary Polling Location




Handicap Accessable: 
"
HURON COUNTY,BROOKFIELD TOWNSHIP ,     PRECINCT 1,"Permanent Polling Location
BROOKFIELD TOWNSHIP
7361 MAIN STREET
OWENDALE MI 48754

Handicap Accessable:
Y
","Temporary Polling Location




Handicap Accessable: 
"
HURON COUNTY,CASEVILLE CITY ,     PRECINCT 1,"Permanent Polling Location
CASEVILLE FIRE HALL
6833 MAIN ST.
CASEVILLE MI 48725

Handicap Accessable:
Y
","Temporary Polling Location




Handicap Accessable: 
"
HURON COUNTY,CASEVILLE TOWNSHIP ,     PRECINCT 1,"Permanent Polling Location
TOWNSHIP HALL
6767 MAIN ST
CASEVILLE MI 48725

Handicap Accessable:
Y
","Temporary Polling Location




Handicap Accessable: 
"
HURON COUNTY,CHANDLER TOWNSHIP ,     PRECINCT 1,"Permanent Polling Location
TOWNSHIP HALL
5004 FILION RD
ELKTON MI 48731

Handicap Accessable:
Y
","Temporary Polling Location




Handicap Accessable: 
"
HURON COUNTY,COLFAX TOWNSHIP ,     PRECINCT 1,"Permanent Polling Location
TOWNSHIP HALL
177 N BARRIE RD
BAD AXE MI 48413

Handicap Accessable:
Y
","Temporary Polling Location




Handicap Accessable: 
"
HURON COUNTY,DWIGHT TOWNSHIP ,     PRECINCT 1,"Permanent Polling Location
DWIGHT TOWNSHIP HALL
5082 CLINTON STREET
KINDE MI 48445

Handicap Accessable:
Y
","Temporary Polling Location




Handicap Accessable: 
"
HURON COUNTY,FAIRHAVEN TOWNSHIP ,     PRECINCT 1,"Permanent Polling Location
TOWNSHIP HALL
9811 MAIN ST
BAY PORT MI 48720

Handicap Accessable:
Y
","Temporary Polling Location




Handicap Accessable: 
"
HURON COUNTY,GORE TOWNSHIP ,     PRECINCT 1,"Permanent Polling Location
PORT HOPE FIRE HALL
4250 LAKESHORE ROAD
PORT HOPE MI 48468

Handicap Accessable:
Y
","Temporary Polling Location




Handicap Accessable: 
"
HURON COUNTY,GRANT TOWNSHIP ,     PRECINCT 1,"Permanent Polling Location
TOWNSHIP HALL
5039 RESCUE ROAD
GAGETOWN MI 48735

Handicap Accessable:
Y
","Temporary Polling Location




Handicap Accessable: 
"
HURON COUNTY,HARBOR BEACH CITY ,     PRECINCT 1,"Permanent Polling Location
CITY HALL
766 STATE STREET
HARBOR BEACH MI 48441

Handicap Accessable:
Y
","Temporary Polling Location




Handicap Accessable: 
"
HURON COUNTY,HUME TOWNSHIP ,     PRECINCT 1,"Permanent Polling Location
HUME TOWNSHIP HALL
1918 OAK BEACH RD
PORT AUSTIN MI 48467

Handicap Accessable:
Y
","Temporary Polling Location




Handicap Accessable: 
"
HURON COUNTY,HURON TOWNSHIP ,     PRECINCT 1,"Permanent Polling Location
TOWNSHIP HALL
7951 PIONEER DRIVE
PORT HOPE MI 48468

Handicap Accessable:
Y
(EAST OF HURON CITY RD, NEAR HURON TWP WATER TOWER)","Temporary Polling Location




Handicap Accessable: 
"
HURON COUNTY,LAKE TOWNSHIP ,     PRECINCT 1,"Permanent Polling Location
TOWNSHIP HALL
4988 W. KINDE RD.
CASEVILLE MI 48725

Handicap Accessable:
Y
","Temporary Polling Location




Handicap Accessable: 
"
HURON COUNTY,LINCOLN TOWNSHIP ,     PRECINCT 1,"Permanent Polling Location
TOWNSHIP HALL
1975 E FILION RD
FILION MI 48432

Handicap Accessable:
Y
","Temporary Polling Location




Handicap Accessable: 
"
HURON COUNTY,MCKINLEY TOWNSHIP ,     PRECINCT 1,"Permanent Polling Location
TOWNSHIP HALL
3000 CASEVILLE RD
BAY PORT MI 48720

Handicap Accessable:
Y
(CASEVILLE & CROWN ROADS)","Temporary Polling Location




Handicap Accessable: 
"
HURON COUNTY,MEADE TOWNSHIP ,     PRECINCT 1,"Permanent Polling Location
TOWNSHIP HALL
2119 W FILION RD
FILION MI 48432

Handicap Accessable:
Y
","Temporary Polling Location




Handicap Accessable: 
"
HURON COUNTY,OLIVER TOWNSHIP ,     PRECINCT 1,"Permanent Polling Location
ELKTON VILLAGE HALL
57 NORTH MAIN ST
ELKTON MI 48731

Handicap Accessable:
Y
","Temporary Polling Location




Handicap Accessable: 
"
HURON COUNTY,PARIS TOWNSHIP ,     PRECINCT 1,"Permanent Polling Location
PARIS TOWNSHIP HALL
ATWATER ROAD
RUTH MI 48470

Handicap Accessable:
N
(ON NORTH SIDE OF ATWATER, JUST W OF MINDEN RD)","Temporary Polling Location




Handicap Accessable: 
"
HURON COUNTY,POINTE AUX BARQUES TOWNSHIP ,     PRECINCT 1,"Permanent Polling Location
TOWNSHIP HALL
9036 LINWOOD
PORT AUSTIN MI 48467

Handicap Accessable:
Y
(NORTH OF GOLF HOUSE, ON EAST SIDE OF LINWOOD)","Temporary Polling Location




Handicap Accessable: 
"
HURON COUNTY,PORT AUSTIN TOWNSHIP ,     PRECINCT 1,"Permanent Polling Location
TOWNSHIP HALL
8751 N HELLEMS ROAD
PORT AUSTIN MI 48467

Handicap Accessable:
Y
","Temporary Polling Location




Handicap Accessable: 
"
HURON COUNTY,RUBICON TOWNSHIP ,     PRECINCT 1,"Permanent Polling Location
TOWNSHIP HALL
4425 MAIN ST
PORT HOPE MI 48468

Handicap Accessable:
Y
","Temporary Polling Location




Handicap Accessable: 
"
HURON COUNTY,SAND BEACH TOWNSHIP ,     PRECINCT 1,"Permanent Polling Location
TOWNSHIP HALL
1170 S LAKESHORE RD
HARBOR BEACH MI 48441

Handicap Accessable:
Y
","Temporary Polling Location




Handicap Accessable: 
"
HURON COUNTY,SEBEWAING TOWNSHIP ,     PRECINCT 1,"Permanent Polling Location
SEBEWAING TWP HALL
14 E. SHARPSTEEN STREET
SEBEWAING MI 48759

Handicap Accessable:
Y
","Temporary Polling Location




Handicap Accessable: 
"
HURON COUNTY,SHERIDAN TOWNSHIP ,     PRECINCT 1,"Permanent Polling Location
TOWNSHIP HALL
4615 BARRIE RD
UBLY MI 48475

Handicap Accessable:
Y
","Temporary Polling Location




Handicap Accessable: 
"
HURON COUNTY,SHERMAN TOWNSHIP ,     PRECINCT 1,"Permanent Polling Location
TOWNSHIP HALL
4599 S RUTH RD
RUTH MI 48470

Handicap Accessable:
Y
","Temporary Polling Location




Handicap Accessable: 
"
HURON COUNTY,SIGEL TOWNSHIP ,     PRECINCT 1,"Permanent Polling Location
TOWNSHIP HALL
5784 SAND BEACH RD
HARBOR BEACH MI 48441

Handicap Accessable:
Y
","Temporary Polling Location




Handicap Accessable: 
"
HURON COUNTY,VERONA TOWNSHIP ,     PRECINCT 1,"Permanent Polling Location
TOWNSHIP HALL
3393 SAND BEACH RD
BAD AXE MI 48413

Handicap Accessable:
Y
","Temporary Polling Location




Handicap Accessable: 
"
HURON COUNTY,WINSOR TOWNSHIP ,     PRECINCT 1,"Permanent Polling Location
PIGEON EVENT CENTER
311 S MAIN ST
PIGEON MI 48755

Handicap Accessable:
Y
","Temporary Polling Location




Handicap Accessable: 
"
INGHAM COUNTY,ALAIEDON TOWNSHIP ,     PRECINCT 1,"Permanent Polling Location
ALAIEDON TWP HALL
2021 W. HOLT ROAD
MASON MI 48854

Handicap Accessable:
Y
","Temporary Polling Location




Handicap Accessable: 
"
INGHAM COUNTY,ALAIEDON TOWNSHIP ,     PRECINCT 2,"Permanent Polling Location
ALAIEDON TWP HALL
2021 W. HOLT ROAD
MASON MI 48854

Handicap Accessable:
Y
","Temporary Polling Location




Handicap Accessable: 
"
INGHAM COUNTY,AURELIUS TOWNSHIP ,     PRECINCT 1,"Permanent Polling Location
AURELIUS TWP HALL
1939 SOUTH AURELIUS RD
MASON MI 48854

Handicap Accessable:
Y
","Temporary Polling Location




Handicap Accessable: 
"
INGHAM COUNTY,AURELIUS TOWNSHIP ,     PRECINCT 2,"Permanent Polling Location
AURELIUS TWP HALL
1939 SOUTH AURELIUS RD
MASON MI 48854

Handicap Accessable:
Y
","Temporary Polling Location




Handicap Accessable: 
"
INGHAM COUNTY,BUNKER HILL TOWNSHIP ,     PRECINCT 1,"Permanent Polling Location
BUNKER HILL TWP HALL
871 DECAMP ROAD
STOCKBRIDGE MI 49285

Handicap Accessable:
Y
","Temporary Polling Location




Handicap Accessable: 
"
INGHAM COUNTY,DELHI CHARTER TOWNSHIP ,     PRECINCT 1,"Permanent Polling Location
HOLT PRESBYTERIAN CHURCH
2021 N. AURELIUS RD
HOLT MI 48842

Handicap Accessable:
Y
(CORNER OF AURELIUS RD AND HOLT RD)","Temporary Polling Location




Handicap Accessable: 
"
INGHAM COUNTY,DELHI CHARTER TOWNSHIP ,     PRECINCT 2,"Permanent Polling Location
HOLT PRESBYTERIAN CHURCH
2021 N. AURELIUS RD
HOLT MI 48842

Handicap Accessable:
Y
(CORNER OF AURELIUS RD AND HOLT RD)","Temporary Polling Location




Handicap Accessable: 
"
INGHAM COUNTY,DELHI CHARTER TOWNSHIP ,     PRECINCT 3,"Permanent Polling Location
SAM COREY SENIOR CENTER
2108 CEDAR ST
HOLT MI 48842

Handicap Accessable:
Y
(ON CEDAR ST BETWEEN AURELIUS ROAD AND HOLT ROAD)","Temporary Polling Location




Handicap Accessable: 
"
INGHAM COUNTY,DELHI CHARTER TOWNSHIP ,     PRECINCT 4,"Permanent Polling Location
DELHI SERVICE CENTER
2074 AURELIUS ROAD
HOLT MI 48842

Handicap Accessable:
Y
(ON AURELIUS RD, NORTH OF HOLT RD. TWP OFFICES/LIBRARY/FIRE DEPT BUILDING)","Temporary Polling Location




Handicap Accessable: 
"
INGHAM COUNTY,DELHI CHARTER TOWNSHIP ,     PRECINCT 5,"Permanent Polling Location
UNITY CENTER
2395 WASHINGTON RD
LANSING MI 48911

Handicap Accessable:
Y
","Temporary Polling Location




Handicap Accessable: 
"
INGHAM COUNTY,DELHI CHARTER TOWNSHIP ,     PRECINCT 6,"Permanent Polling Location
UNITY CENTER
2395 WASHINGTON RD
LANSING MI 48911

Handicap Accessable:
Y
","Temporary Polling Location




Handicap Accessable: 
"
INGHAM COUNTY,DELHI CHARTER TOWNSHIP ,     PRECINCT 7,"Permanent Polling Location
HOLT METHODIST CHURCH
2321 N AURELIUS RD
HOLT MI 48842

Handicap Accessable:
Y
(C/O AURELIUS ROAD AND CEDAR STREET)","Temporary Polling Location




Handicap Accessable: 
"
INGHAM COUNTY,EAST LANSING CITY ,     PRECINCT 1,"Permanent Polling Location
HANNAH COMMUNITY CENTER
819 ABBOT RD
EAST LANSING MI 48823

Handicap Accessable:
Y
(AT INTERSECTION OF ABBOTT RD AND BURCHAM DR)","Temporary Polling Location




Handicap Accessable: 
"
INGHAM COUNTY,EAST LANSING CITY ,     PRECINCT 2,"Permanent Polling Location
EASTMINSTER CHURCH
1315 ABBOT RD
EAST LANSING MI 48823

Handicap Accessable:
Y
(NORTH OF ABBOTT AND SAGINAW INTERSECTION)","Temporary Polling Location




Handicap Accessable: 
"
INGHAM COUNTY,EAST LANSING CITY ,     PRECINCT 3,"Permanent Polling Location
SHAAREY ZEDEK
1924 COOLIDGE RD
EAST LANSING MI 48823

Handicap Accessable:
Y
(BETWEEN SAGINAW AND LK LANSING)","Temporary Polling Location




Handicap Accessable: 
"
INGHAM COUNTY,EAST LANSING CITY ,     PRECINCT 4,"Permanent Polling Location
ST PAUL LUTHERAN CHR
3383 E LAKE LANSING RD
EAST LANSING MI 48823

Handicap Accessable:
Y
","Temporary Polling Location




Handicap Accessable: 
"
INGHAM COUNTY,EAST LANSING CITY ,     PRECINCT 5,"Permanent Polling Location
UNIV REFORMED CHURCH
841 TIMBERLANE ST
EAST LANSING MI 48823

Handicap Accessable:
Y
(NORTH SIDE OF BURCHAM DR, EAST OF HAGADORN RD)","Temporary Polling Location




Handicap Accessable: 
"
INGHAM COUNTY,EAST LANSING CITY ,     PRECINCT 6,"Permanent Polling Location
EDGEWOOD CHURCH
469 N HAGADORN RD
EAST LANSING MI 48823

Handicap Accessable:
Y
(WEST SIDE OF HAGADORN BETWEEN GR RIVER AND BURCHAM)","Temporary Polling Location




Handicap Accessable: 
"
INGHAM COUNTY,EAST LANSING CITY ,     PRECINCT 7,"Permanent Polling Location
BURCHAM HILLS
2700 BURCHAM DR
EAST LANSING MI 48823

Handicap Accessable:
Y
(ENTRANCE WEST OF BURCHAM AND PARK LAKE RD INTERSEC)","Temporary Polling Location




Handicap Accessable: 
"
INGHAM COUNTY,EAST LANSING CITY ,     PRECINCT 8,"Permanent Polling Location
DEPARTMENT OF PUBLIC WORKS
1800 E. STATE RD
EAST LANSING MI 48823

Handicap Accessable:
Y
","Temporary Polling Location




Handicap Accessable: 
"
INGHAM COUNTY,EAST LANSING CITY ,     PRECINCT 9,"Permanent Polling Location
WESLEY FOUNDATION
1118 S HARRISON RD
EAST LANSING MI 48823

Handicap Accessable:
Y
","Temporary Polling Location




Handicap Accessable: 
"
INGHAM COUNTY,EAST LANSING CITY ,     PRECINCT 10,"Permanent Polling Location
UNION BLDG
49 ABBOT RD
EAST LANSING MI 48823

Handicap Accessable:
Y
(CORNER OF ABBOT RD & GRAND RIVER AVE)","Temporary Polling Location




Handicap Accessable: 
"
INGHAM COUNTY,EAST LANSING CITY ,     PRECINCT 11,"Permanent Polling Location
IM SPORTS EAST
804 E SHAW LN
EAST LANSING MI 48825

Handicap Accessable:
Y
(BETWEEN E SHAW LN & WILSON RD - CAMPUS EAST SIDE)","Temporary Polling Location




Handicap Accessable: 
"
INGHAM COUNTY,EAST LANSING CITY ,     PRECINCT 12,"Permanent Polling Location
IM SPORTS EAST
804 E SHAW LN
EAST LANSING MI 48825

Handicap Accessable:
Y
(BETWEEN E SHAW LN & WILSON RD - CAMPUS EAST SIDE)","Temporary Polling Location




Handicap Accessable: 
"
INGHAM COUNTY,EAST LANSING CITY ,     PRECINCT 13,"Permanent Polling Location
MSU KELLOGG CENTER
219 S HARRISON RD
EAST LANSING MI 48824

Handicap Accessable:
N
","Temporary Polling Location




Handicap Accessable: 
"
INGHAM COUNTY,INGHAM TOWNSHIP ,     PRECINCT 1,"Permanent Polling Location
INGHAM TOWNSHIP HALL
1420 JOHNSON ST
DANSVILLE MI 48819

Handicap Accessable:
Y
(EAST SIDE OF JACKSON ST, SOUTH OF M36)","Temporary Polling Location




Handicap Accessable: 
"
INGHAM COUNTY,LANSING CITY ,     PRECINCT 1-1,"Permanent Polling Location
GIER PARK COMMUNITY CENTER
2400 HALL ST
LANSING MI 48906

Handicap Accessable:
Y
(PARKING ENTRANCE FROM THOMPSON ST OFF E THOMAS ST.)","Temporary Polling Location




Handicap Accessable: 
"
INGHAM COUNTY,LANSING CITY ,     PRECINCT 1-2,"Permanent Polling Location
DON JOHNSON FIELDHOUSE
400 N PENNSYLVANIA AVE
LANSING MI 48912

Handicap Accessable:
Y
","Temporary Polling Location




Handicap Accessable: 
"
INGHAM COUNTY,LANSING CITY ,     PRECINCT 1-3,"Permanent Polling Location
POST OAK SCHOOL
2320 POST OAK LN
LANSING MI 48912

Handicap Accessable:
Y
(BARRITT STREET & POST OAK LN)","Temporary Polling Location




Handicap Accessable: 
"
INGHAM COUNTY,LANSING CITY ,     PRECINCT 1-5,"Permanent Polling Location
FOSTER COMMUNITY CENTER
200 N. FOSTER AVE
LANSING MI 48912

Handicap Accessable:
Y
(FOSTER AVE 1 BLOCK NORTH OF E. MICHIGAN AVE)","Temporary Polling Location




Handicap Accessable: 
"
INGHAM COUNTY,LANSING CITY ,     PRECINCT 1-8,"Permanent Polling Location
DON JOHNSON FIELDHOUSE
400 N PENNSYLVANIA AVE
LANSING MI 48912

Handicap Accessable:
Y
","Temporary Polling Location




Handicap Accessable: 
"
INGHAM COUNTY,LANSING CITY ,     PRECINCT 1-9,"Permanent Polling Location
POTTER PARK ZOO
1301 S PENNSYLVANIA
LANSING MI 48912

Handicap Accessable:
Y
(INSIDE THE SAFARI ROOM.)","Temporary Polling Location




Handicap Accessable: 
"
INGHAM COUNTY,LANSING CITY ,     PRECINCT 1-10,"Permanent Polling Location
POTTER PARK ZOO
1301 S PENNSYLVANIA
LANSING MI 48912

Handicap Accessable:
Y
(INSIDE THE SAFARI ROOM.)","Temporary Polling Location




Handicap Accessable: 
"
INGHAM COUNTY,LANSING CITY ,     PRECINCT 2-12,"Permanent Polling Location
BETHLEHEM LUTHERAN CHURCH
549 E MOUNT HOPE AVE
LANSING MI 48910

Handicap Accessable:
Y
","Temporary Polling Location




Handicap Accessable: 
"
INGHAM COUNTY,LANSING CITY ,     PRECINCT 2-13,"Permanent Polling Location
CAVANAUGH SCHOOL
300 W. CAVANAUGH RD
LANSING MI 48911

Handicap Accessable:
Y
(CAVANAUGH SOUTH OF EVERETT HIGH SCHOOL)","Temporary Polling Location




Handicap Accessable: 
"
INGHAM COUNTY,LANSING CITY ,     PRECINCT 2-14,"Permanent Polling Location
BETHLEHEM LUTHERAN CHURCH
549 E MOUNT HOPE AVE
LANSING MI 48910

Handicap Accessable:
Y
","Temporary Polling Location




Handicap Accessable: 
"
INGHAM COUNTY,LANSING CITY ,     PRECINCT 2-15,"Permanent Polling Location
PARKER CHU - VANBUREN MEMORIAL BUILDING
1902 E CAVANAUGH RD
LANSING MI 48910

Handicap Accessable:
Y
(JUST WEST OF AURELIUS RD)","Temporary Polling Location




Handicap Accessable: 
"
INGHAM COUNTY,LANSING CITY ,     PRECINCT 2-17,"Permanent Polling Location
PARKER CHU - VANBUREN MEMORIAL BUILDING
1902 E CAVANAUGH RD
LANSING MI 48910

Handicap Accessable:
Y
(JUST WEST OF AURELIUS RD)","Temporary Polling Location




Handicap Accessable: 
"
INGHAM COUNTY,LANSING CITY ,     PRECINCT 2-18,"Permanent Polling Location
EPICENTER OF WORSHIP CHURCH
517 W JOLLY RD
LANSING MI 48906

Handicap Accessable:
Y
","Temporary Polling Location




Handicap Accessable: 
"
INGHAM COUNTY,LANSING CITY ,     PRECINCT 2-20,"Permanent Polling Location
EPICENTER OF WORSHIP CHURCH
517 W JOLLY RD
LANSING MI 48906

Handicap Accessable:
Y
","Temporary Polling Location




Handicap Accessable: 
"
INGHAM COUNTY,LANSING CITY ,     PRECINCT 3-22,"Permanent Polling Location
ALFREDA SCHMIDT SOUTHSIDE COMM CTR
5825 WISE RD
LANSING MI 48911

Handicap Accessable:
Y
(WISE RD BETWEEN JOLLY RD AND MILLER RD - FORMER HARRY HILL)","Temporary Polling Location




Handicap Accessable: 
"
INGHAM COUNTY,LANSING CITY ,     PRECINCT 3-23,"Permanent Polling Location
DWIGHT RICH SCHOOL
2600 HAMPDEN DR
LANSING MI 48911

Handicap Accessable:
Y
","Temporary Polling Location




Handicap Accessable: 
"
INGHAM COUNTY,LANSING CITY ,     PRECINCT 3-25,"Permanent Polling Location
TABERNACLE OF DAVID
2645 W HOLMES RD
LANSING MI 48911

Handicap Accessable:
Y
(WEST OF PLEASANT GROVE RD)","Temporary Polling Location




Handicap Accessable: 
"
INGHAM COUNTY,LANSING CITY ,     PRECINCT 3-27,"Permanent Polling Location
DR RICHARD HALIK PROF DEV CTR
4200 WAINWRIGHT AVE
LANSING MI 48911

Handicap Accessable:
Y
","Temporary Polling Location




Handicap Accessable: 
"
INGHAM COUNTY,LANSING CITY ,     PRECINCT 3-28,"Permanent Polling Location
ALFREDA SCHMIDT SOUTHSIDE COMM CTR
5825 WISE RD
LANSING MI 48911

Handicap Accessable:
Y
(WISE RD BETWEEN JOLLY RD AND MILLER RD - FORMER HARRY HILL)","Temporary Polling Location




Handicap Accessable: 
"
INGHAM COUNTY,LANSING CITY ,     PRECINCT 3-30,"Permanent Polling Location
ALFREDA SCHMIDT SOUTHSIDE COMM CTR
5825 WISE RD
LANSING MI 48911

Handicap Accessable:
Y
(WISE RD BETWEEN JOLLY RD AND MILLER RD - FORMER HARRY HILL)","Temporary Polling Location




Handicap Accessable: 
"
INGHAM COUNTY,LANSING CITY ,     PRECINCT 4-32,"Permanent Polling Location
DR EVA EVANS WELCOME CTR
2400 PATTENGILL AVE
LANSING MI 48910

Handicap Accessable:
Y
(PATTENGILL AVE SOUTH OF MT. HOPE AVE.)","Temporary Polling Location




Handicap Accessable: 
"
INGHAM COUNTY,LANSING CITY ,     PRECINCT 4-34,"Permanent Polling Location
BREAD HOUSE/BETHLEHEM TEMPLE CHU
1518 S. WASHINGTON AVE
LANSING MI 48910

Handicap Accessable:
Y
(S. WASHINGTON & MOORES RIVER DR)","Temporary Polling Location




Handicap Accessable: 
"
INGHAM COUNTY,LANSING CITY ,     PRECINCT 4-35,"Permanent Polling Location
LETTS COMMUNITY CENTER
1220 WEST KALAMAZOO ST
LANSING MI 48915

Handicap Accessable:
Y
(ON WEST KALAMAZOO ONE BLOCK WEST OF MLK JR BLVD)","Temporary Polling Location




Handicap Accessable: 
"
INGHAM COUNTY,LANSING CITY ,     PRECINCT 4-36,"Permanent Polling Location
FIRST PRESBYTERIAN CHURCH
510 W OTTAWA ST
LANSING MI 48933

Handicap Accessable:
Y
(OTTAWA  AT CHESTNUT. PARKING FROM CHESTNUT.)","Temporary Polling Location




Handicap Accessable: 
"
INGHAM COUNTY,LANSING CITY ,     PRECINCT 4-37,"Permanent Polling Location
NEIGHBORHOOD EMPOWERMENT CENTER
600 W MAPLE ST
LANSING MI 48906

Handicap Accessable:
Y
","Temporary Polling Location




Handicap Accessable: 
"
INGHAM COUNTY,LANSING CITY ,     PRECINCT 4-38,"Permanent Polling Location
LETTS COMMUNITY CENTER
1220 WEST KALAMAZOO ST
LANSING MI 48915

Handicap Accessable:
Y
(ON WEST KALAMAZOO ONE BLOCK WEST OF MLK JR BLVD)","Temporary Polling Location




Handicap Accessable: 
"
INGHAM COUNTY,LANSING CITY ,     PRECINCT 4-39,"Permanent Polling Location
HOPE MINISTRIES CHURCH
3827 DELTA RIVER DR
LANSING MI 48906

Handicap Accessable:
Y
","Temporary Polling Location




Handicap Accessable: 
"
INGHAM COUNTY,LANSING TOWNSHIP ,     PRECINCT 1,"Permanent Polling Location
WAVERLY EAST INTERME
3131 W MICHIGAN AVE
LANSING MI 48917

Handicap Accessable:
Y
","Temporary Polling Location




Handicap Accessable: 
"
INGHAM COUNTY,LANSING TOWNSHIP ,     PRECINCT 2,"Permanent Polling Location
COVENANT LIFE COMMUNITY CHURCH
2001 E. GRAND RIVER AVE.
LANSING MI 48912

Handicap Accessable:
Y
","Temporary Polling Location




Handicap Accessable: 
"
INGHAM COUNTY,LEROY TOWNSHIP ,     PRECINCT 1,"Permanent Polling Location
LEROY TOWNSHIP HALL
1685 N. M-52
WEBBERVILLE MI 48892

Handicap Accessable:
Y
(1 1/2 MILES SOUTH OF I-96, WEST SIDE OF ROAD)","Temporary Polling Location




Handicap Accessable: 
"
INGHAM COUNTY,LESLIE CITY ,     PRECINCT 1,"Permanent Polling Location
CITY HALL-LOWER LEVEL
602 W. BELLEVUE ST.
LESLIE MI 49251

Handicap Accessable:
Y
","Temporary Polling Location




Handicap Accessable: 
"
INGHAM COUNTY,LESLIE TOWNSHIP ,     PRECINCT 1,"Permanent Polling Location
LESLIE TWP HALL
4279 OAK STREET
LESLIE MI 49251

Handicap Accessable:
Y
","Temporary Polling Location




Handicap Accessable: 
"
INGHAM COUNTY,LOCKE TOWNSHIP ,     PRECINCT 1,"Permanent Polling Location
LOCKE TOWNSHIP HALL
3805 BELL OAK ROAD
WILLIAMSTON MI 48895

Handicap Accessable:
Y
","Temporary Polling Location




Handicap Accessable: 
"
INGHAM COUNTY,MASON CITY ,     PRECINCT 1,"Permanent Polling Location
MASON CITY HALL
201 W. ASH STREET
MASON MI 48854

Handicap Accessable:
Y
","Temporary Polling Location




Handicap Accessable: 
"
INGHAM COUNTY,MASON CITY ,     PRECINCT 2,"Permanent Polling Location
MASON CITY HALL
201 W. ASH STREET
MASON MI 48854

Handicap Accessable:
Y
","Temporary Polling Location




Handicap Accessable: 
"
INGHAM COUNTY,MERIDIAN TOWNSHIP ,     PRECINCT 1,"Permanent Polling Location
ST LUKE LUTHERAN CHURCH
5589 VAN ATTA ROAD
HASLETT MI 48840

Handicap Accessable:
Y
","Temporary Polling Location




Handicap Accessable: 
"
INGHAM COUNTY,MERIDIAN TOWNSHIP ,     PRECINCT 2,"Permanent Polling Location
HASLETT COMMUNITY CHURCH
1427 HASLETT ROAD
HASLETT MI 48840

Handicap Accessable:
Y
","Temporary Polling Location




Handicap Accessable: 
"
INGHAM COUNTY,MERIDIAN TOWNSHIP ,     PRECINCT 3,"Permanent Polling Location
ST LUKE LUTHERAN CHURCH
5589 VAN ATTA ROAD
HASLETT MI 48840

Handicap Accessable:
Y
","Temporary Polling Location




Handicap Accessable: 
"
INGHAM COUNTY,MERIDIAN TOWNSHIP ,     PRECINCT 4,"Permanent Polling Location
HASLETT COMMUNITY CHURCH
1427 HASLETT ROAD
HASLETT MI 48840

Handicap Accessable:
Y
","Temporary Polling Location




Handicap Accessable: 
"
INGHAM COUNTY,MERIDIAN TOWNSHIP ,     PRECINCT 5,"Permanent Polling Location
OKEMOS COMMUNITY CHURCH
4734 OKEMOS ROAD
OKEMOS MI 48864

Handicap Accessable:
Y
","Temporary Polling Location




Handicap Accessable: 
"
INGHAM COUNTY,MERIDIAN TOWNSHIP ,     PRECINCT 6,"Permanent Polling Location
RED CEDAR CHURCH
550 W. GRAND RIVER ROAD
OKEMOS MI 48864

Handicap Accessable:
Y
","Temporary Polling Location




Handicap Accessable: 
"
INGHAM COUNTY,MERIDIAN TOWNSHIP ,     PRECINCT 7,"Permanent Polling Location
INGHAM COUNTY REHAB FACILITY
3860 DOBIE ROAD
OKEMOS MI 48864

Handicap Accessable:
Y
","Temporary Polling Location




Handicap Accessable: 
"
INGHAM COUNTY,MERIDIAN TOWNSHIP ,     PRECINCT 8,"Permanent Polling Location
FAITH LUTHERAN
4515 DOBIE ROAD
OKEMOS MI 48864

Handicap Accessable:
Y
","Temporary Polling Location




Handicap Accessable: 
"
INGHAM COUNTY,MERIDIAN TOWNSHIP ,     PRECINCT 9,"Permanent Polling Location
OKEMOS COMMUNITY CHURCH
4734 OKEMOS ROAD
OKEMOS MI 48864

Handicap Accessable:
Y
","Temporary Polling Location




Handicap Accessable: 
"
INGHAM COUNTY,MERIDIAN TOWNSHIP ,     PRECINCT 10,"Permanent Polling Location
MERIDIAN TOWNSHIP SERVICE CENTER
2100 GAYLORD C. SMITH COURT
HASLETT MI 48840

Handicap Accessable:
Y
(OFF OKEMOS ROAD NEXT TO NANCY MOORE PARK)","Temporary Polling Location




Handicap Accessable: 
"
INGHAM COUNTY,MERIDIAN TOWNSHIP ,     PRECINCT 11,"Permanent Polling Location
OKEMOS LIBRARY
4321 OKEMOS ROAD
OKEMOS MI 48864

Handicap Accessable:
Y
","Temporary Polling Location




Handicap Accessable: 
"
INGHAM COUNTY,MERIDIAN TOWNSHIP ,     PRECINCT 12,"Permanent Polling Location
CENTRAL FIRE STATION #91
5000 OKEMOS ROAD
OKEMOS MI 48864

Handicap Accessable:
Y
","Temporary Polling Location




Handicap Accessable: 
"
INGHAM COUNTY,MERIDIAN TOWNSHIP ,     PRECINCT 13,"Permanent Polling Location
2|42 COMMUNITY CHURCH
2600 BENNETT ROAD
OKEMOS MI 48864

Handicap Accessable:
Y
","Temporary Polling Location




Handicap Accessable: 
"
INGHAM COUNTY,MERIDIAN TOWNSHIP ,     PRECINCT 14,"Permanent Polling Location
2|42 COMMUNITY CHURCH
2600 BENNETT ROAD
OKEMOS MI 48864

Handicap Accessable:
Y
","Temporary Polling Location




Handicap Accessable: 
"
INGHAM COUNTY,ONONDAGA TOWNSHIP ,     PRECINCT 1,"Permanent Polling Location
ONONDAGA TWP HALL
4756 BALDWIN STREET
ONONDAGA MI 49264

Handicap Accessable:
Y
","Temporary Polling Location




Handicap Accessable: 
"
INGHAM COUNTY,STOCKBRIDGE TOWNSHIP ,     PRECINCT 1,"Permanent Polling Location
STOCKBRIDGE TWP HALL
125 S CLINTON ST
STOCKBRIDGE MI 49285

Handicap Accessable:
Y
","Temporary Polling Location




Handicap Accessable: 
"
INGHAM COUNTY,VEVAY TOWNSHIP ,     PRECINCT 1,"Permanent Polling Location
VEVAY TOWNSHIP HALL
780 EDEN ROAD
MASON MI 48854

Handicap Accessable:
Y
","Temporary Polling Location




Handicap Accessable: 
"
INGHAM COUNTY,WHEATFIELD TOWNSHIP ,     PRECINCT 1,"Permanent Polling Location
WHEATFIELD TWP HALL
985 E. HOLT ROAD
WILLIAMSTON MI 48895

Handicap Accessable:
Y
","Temporary Polling Location




Handicap Accessable: 
"
INGHAM COUNTY,WHITE OAK TOWNSHIP ,     PRECINCT 1,"Permanent Polling Location
WHITE OAK TWP HALL
1002 S M-52
WEBBERVILLE MI 48892

Handicap Accessable:
Y
","Temporary Polling Location




Handicap Accessable: 
"
INGHAM COUNTY,WILLIAMSTON CITY ,     PRECINCT 1,"Permanent Polling Location
WILLIAMSTON MIDDLE SCHOOL GYM
3845 VANNETER ROAD
WILLIAMSTON MI 48895

Handicap Accessable:
Y
","Temporary Polling Location




Handicap Accessable: 
"
INGHAM COUNTY,WILLIAMSTOWN TOWNSHIP ,     PRECINCT 1,"Permanent Polling Location
ST. KATHERINE CHURCH
4650 N. MERIDIAN ROAD
WILLIAMSTON MI 48895

Handicap Accessable:
Y
","Temporary Polling Location




Handicap Accessable: 
"
INGHAM COUNTY,WILLIAMSTOWN TOWNSHIP ,     PRECINCT 2,"Permanent Polling Location
WILLIAMSTOWN TOWNSHIP HALL
4990 ZIMMER RD
WILLIAMSTON MI 48895

Handicap Accessable:
Y
","Temporary Polling Location




Handicap Accessable: 
"
IONIA COUNTY,BELDING CITY ,     PRECINCT 1,"Permanent Polling Location
BELROCKTON DORMITORY
108 HANOVER ST
BELDING MI 48809

Handicap Accessable:
Y
","Temporary Polling Location




Handicap Accessable: 
"
IONIA COUNTY,BELDING CITY ,     PRECINCT 2,"Permanent Polling Location
BELROCKTON DORMITORY
108 HANOVER ST
BELDING MI 48809

Handicap Accessable:
Y
","Temporary Polling Location




Handicap Accessable: 
"
IONIA COUNTY,BERLIN TOWNSHIP ,     PRECINCT 1,"Permanent Polling Location
OUTREACH CHRISTIAN CHURCH
7831 JORDAN LAKE RD
LAKE ODESSA MI 48849

Handicap Accessable:
Y
","Temporary Polling Location




Handicap Accessable: 
"
IONIA COUNTY,BOSTON TOWNSHIP ,     PRECINCT 1,"Permanent Polling Location
ST ANTHONY CHURCH
6070 DAVID HWY
SARANAC MI 48881

Handicap Accessable:
Y
","Temporary Polling Location




Handicap Accessable: 
"
IONIA COUNTY,BOSTON TOWNSHIP ,     PRECINCT 2,"Permanent Polling Location
BOSTON TWP HALL
30 N CENTER STREET
SARANAC MI 48881

Handicap Accessable:
Y
","Temporary Polling Location




Handicap Accessable: 
"
IONIA COUNTY,CAMPBELL TOWNSHIP ,     PRECINCT 1,"Permanent Polling Location
CAMPBELL TWP HALL
331 S MAIN STREET
CLARKSVILLE MI 48815

Handicap Accessable:
Y
","Temporary Polling Location




Handicap Accessable: 
"
IONIA COUNTY,DANBY TOWNSHIP ,     PRECINCT 1,"Permanent Polling Location
DANBY  TOWNSHIP HALL
13122 CHARLOTTE HWY
SUNFIELD MI 48890

Handicap Accessable:
Y
","Temporary Polling Location




Handicap Accessable: 
"
IONIA COUNTY,EASTON TOWNSHIP ,     PRECINCT 1,"Permanent Polling Location
EASTON TWP HALL
720 N BELLAMY ROAD
IONIA MI 48846

Handicap Accessable:
Y
","Temporary Polling Location




Handicap Accessable: 
"
IONIA COUNTY,EASTON TOWNSHIP ,     PRECINCT 2,"Permanent Polling Location
EASTON TWP HALL
720 N BELLAMY ROAD
IONIA MI 48846

Handicap Accessable:
Y
","Temporary Polling Location




Handicap Accessable: 
"
IONIA COUNTY,IONIA CITY ,     PRECINCT 1,"Permanent Polling Location
IONIA ARMORY COMMUNITY CENTER
439 W MAIN ST
IONIA MI 48846

Handicap Accessable:
Y
","Temporary Polling Location




Handicap Accessable: 
"
IONIA COUNTY,IONIA CITY ,     PRECINCT 2,"Permanent Polling Location
IONIA ARMORY COMMUNITY CENTER
439 W MAIN ST
IONIA MI 48846

Handicap Accessable:
Y
","Temporary Polling Location




Handicap Accessable: 
"
IONIA COUNTY,IONIA CITY ,     PRECINCT 3,"Permanent Polling Location
IONIA ARMORY COMMUNITY CENTER
439 W MAIN ST
IONIA MI 48846

Handicap Accessable:
Y
","Temporary Polling Location




Handicap Accessable: 
"
IONIA COUNTY,IONIA CITY ,     PRECINCT 4,"Permanent Polling Location
IONIA ARMORY COMMUNITY CENTER
439 W MAIN ST
IONIA MI 48846

Handicap Accessable:
Y
","Temporary Polling Location




Handicap Accessable: 
"
IONIA COUNTY,IONIA TOWNSHIP ,     PRECINCT 1,"Permanent Polling Location
IONIA TWP HALL
1042 E WASHINGTON STREET
IONIA MI 48846

Handicap Accessable:
Y
","Temporary Polling Location




Handicap Accessable: 
"
IONIA COUNTY,KEENE TOWNSHIP ,     PRECINCT 1,"Permanent Polling Location
KEENE TWP HALL
8505 POTTERS ROAD
SARANAC MI 48881

Handicap Accessable:
Y
","Temporary Polling Location




Handicap Accessable: 
"
IONIA COUNTY,LYONS TOWNSHIP ,     PRECINCT 1,"Permanent Polling Location
LYONS TWP HALL
505 E BRIDGE ST
LYONS MI 48851

Handicap Accessable:
Y
","Temporary Polling Location




Handicap Accessable: 
"
IONIA COUNTY,LYONS TOWNSHIP ,     PRECINCT 2,"Permanent Polling Location
PEWAMO FIRE HALL
137 MAIN ST
PEWAMO MI 48873

Handicap Accessable:
Y
","Temporary Polling Location




Handicap Accessable: 
"
IONIA COUNTY,NORTH PLAINS TOWNSHIP ,     PRECINCT 1,"Permanent Polling Location
FIRE STATION
126 N WASHINGTON STREET
HUBBARDSTON MI 48845

Handicap Accessable:
Y
","Temporary Polling Location




Handicap Accessable: 
"
IONIA COUNTY,ODESSA TOWNSHIP ,     PRECINCT 1,"Permanent Polling Location
ODESSA TWP HALL
3862 LAUREL DRIVE
LAKE ODESSA MI 48849

Handicap Accessable:
Y
","Temporary Polling Location




Handicap Accessable: 
"
IONIA COUNTY,ODESSA TOWNSHIP ,     PRECINCT 2,"Permanent Polling Location
ODESSA TWP HALL
3862 LAUREL DRIVE
LAKE ODESSA MI 48849

Handicap Accessable:
Y
","Temporary Polling Location




Handicap Accessable: 
"
IONIA COUNTY,ORANGE TOWNSHIP ,     PRECINCT 1,"Permanent Polling Location
LE VALLEY CHURCH
4018 KELSEY HWY
IONIA MI 48846

Handicap Accessable:
N
(CORNER OF KELSEY HWY AND DAVID HWY)","Temporary Polling Location




Handicap Accessable: 
"
IONIA COUNTY,ORLEANS TOWNSHIP ,     PRECINCT 1,"Permanent Polling Location
ORLEANS TOWNSHP HALL
3077 PALMER RD
ORLEANS MI 48865

Handicap Accessable:
Y
","Temporary Polling Location




Handicap Accessable: 
"
IONIA COUNTY,OTISCO TOWNSHIP ,     PRECINCT 1,"Permanent Polling Location
ASHLEY BAPTIST CHURCH
10463 BELDING RD.
BELDING MI 48809

Handicap Accessable:
N
","Temporary Polling Location




Handicap Accessable: 
"
IONIA COUNTY,PORTLAND CITY ,     PRECINCT 1,"Permanent Polling Location
CITY HALL
259 KENT ST.
PORTLAND MI 48875

Handicap Accessable:
Y
","Temporary Polling Location




Handicap Accessable: 
"
IONIA COUNTY,PORTLAND TOWNSHIP ,     PRECINCT 1,"Permanent Polling Location
WESTWOOD ELEMENTARY
883 CROSS STREET
PORTLAND MI 48875

Handicap Accessable:
Y
","Temporary Polling Location




Handicap Accessable: 
"
IONIA COUNTY,RONALD TOWNSHIP ,     PRECINCT 1,"Permanent Polling Location
RONALD TWP HALL
4987 STAGE ROAD
IONIA MI 48846

Handicap Accessable:
Y
(CHARLES ROAD INTERSECTION)","Temporary Polling Location




Handicap Accessable: 
"
IONIA COUNTY,SEBEWA TOWNSHIP ,     PRECINCT 1,"Permanent Polling Location
SEBEWA TOWNSHIP HALL
2975 BIPPLEY ROAD
PORTLAND MI 48875

Handicap Accessable:
Y
( )","Temporary Polling Location




Handicap Accessable: 
"
IOSCO COUNTY,ALABASTER TOWNSHIP ,     PRECINCT 1,"Permanent Polling Location
ALABASTER TWP HALL
1716 S. US-23
TAWAS CITY MI 48763

Handicap Accessable:
Y
","Temporary Polling Location




Handicap Accessable: 
"
IOSCO COUNTY,AU SABLE TOWNSHIP ,     PRECINCT 1,"Permanent Polling Location
AUSABLE TOWNSHIP HALL
4420 N. US 23
OSCODA MI 48750

Handicap Accessable:
Y
","Temporary Polling Location




Handicap Accessable: 
"
IOSCO COUNTY,BALDWIN TOWNSHIP ,     PRECINCT 1,"Permanent Polling Location
BALDWIN TWP HALL
1119 MONUMENT ROAD
TAWAS CITY MI 48763

Handicap Accessable:
Y
(MONUMENT & BISCHOFF ROADS)","Temporary Polling Location




Handicap Accessable: 
"
IOSCO COUNTY,BURLEIGH TOWNSHIP ,     PRECINCT 1,"Permanent Polling Location
BURLEIGH TWP HALL
2495 PUTNAM ROAD
WHITTEMORE MI 48770

Handicap Accessable:
Y
","Temporary Polling Location




Handicap Accessable: 
"
IOSCO COUNTY,EAST TAWAS CITY ,     PRECINCT 1,"Permanent Polling Location
CITY HALL/COMM CNTR
760 NEWMAN ST
EAST TAWAS MI 48730

Handicap Accessable:
Y
","Temporary Polling Location




Handicap Accessable: 
"
IOSCO COUNTY,GRANT TOWNSHIP ,     PRECINCT 1,"Permanent Polling Location
GRANT TWP COMPLEX
4049 INDIAN LAKE ROAD
NATIONAL CITY MI 48748

Handicap Accessable:
Y
(INDIAN LAKE ROAD & BOSTON AVENUE)","Temporary Polling Location




Handicap Accessable: 
"
IOSCO COUNTY,OSCODA TOWNSHIP ,     PRECINCT 1,"Permanent Polling Location
OSCODA TOWNSHIP HALL
110 S. STATE STREET
OSCODA MI 48750

Handicap Accessable:
Y
","Temporary Polling Location




Handicap Accessable: 
"
IOSCO COUNTY,OSCODA TOWNSHIP ,     PRECINCT 2,"Permanent Polling Location
OSCODA TOWNSHIP HALL
110 S. STATE STREET
OSCODA MI 48750

Handicap Accessable:
Y
","Temporary Polling Location




Handicap Accessable: 
"
IOSCO COUNTY,PLAINFIELD TOWNSHIP ,     PRECINCT 1,"Permanent Polling Location
PLAINFIELD TWP. HALL
415 E. MAIN
HALE MI 48739

Handicap Accessable:
Y
","Temporary Polling Location




Handicap Accessable: 
"
IOSCO COUNTY,PLAINFIELD TOWNSHIP ,     PRECINCT 2,"Permanent Polling Location
PLAINFIELD TWP. HALL
415 E. MAIN
HALE MI 48739

Handicap Accessable:
Y
","Temporary Polling Location




Handicap Accessable: 
"
IOSCO COUNTY,RENO TOWNSHIP ,     PRECINCT 1,"Permanent Polling Location
RENO TOWNSHIP HALL
6981 MILLER RD
WHITTEMORE MI 48770

Handicap Accessable:
Y
(CORNER OF MILLER ROAD & M-65)","Temporary Polling Location




Handicap Accessable: 
"
IOSCO COUNTY,SHERMAN TOWNSHIP ,     PRECINCT 1,"Permanent Polling Location
SHERMAN TWP HALL
2510 RHODES RD.
TURNER MI 48765

Handicap Accessable:
Y
(CORNER OF RHOADS & ALABASTER)","Temporary Polling Location




Handicap Accessable: 
"
IOSCO COUNTY,TAWAS CITY CITY ,     PRECINCT 1,"Permanent Polling Location
TAWAS CITY HALL
550 W. LAKE STREET
TAWAS CITY MI 48763

Handicap Accessable:
Y
","Temporary Polling Location




Handicap Accessable: 
"
IOSCO COUNTY,TAWAS TOWNSHIP ,     PRECINCT 1,"Permanent Polling Location
TAWAS TOWNSHIP HALL
27 S. MCARDLE ROAD
TAWAS CITY MI 48763

Handicap Accessable:
Y
(M-55 & MCARDLE ROAD)","Temporary Polling Location




Handicap Accessable: 
"
IOSCO COUNTY,WHITTEMORE CITY ,     PRECINCT 1,"Permanent Polling Location
WHITTEMORE CITY HALL
508 S. BULLOCK/M-65
WHITTEMORE MI 48770

Handicap Accessable:
Y
","Temporary Polling Location




Handicap Accessable: 
"
IOSCO COUNTY,WILBER TOWNSHIP ,     PRECINCT 1,"Permanent Polling Location
WILBER TOWNSHIP HALL
3120 SHERMAN ROAD
EAST TAWAS MI 48730

Handicap Accessable:
Y
","Temporary Polling Location




Handicap Accessable: 
"
IRON COUNTY,BATES TOWNSHIP ,     PRECINCT 1,"Permanent Polling Location
BATES TOWNSHIP HALL
3070 EAST US 2
IRON RIVER MI 49935

Handicap Accessable:
Y
","Temporary Polling Location




Handicap Accessable: 
"
IRON COUNTY,CASPIAN CITY ,     PRECINCT 1,"Permanent Polling Location
CASPIAN G. FIRE HALL
4 MUSEUM DRIVE
CASPIAN MI 49915

Handicap Accessable:
N
","Temporary Polling Location




Handicap Accessable: 
"
IRON COUNTY,CRYSTAL FALLS CITY ,     PRECINCT 1,"Permanent Polling Location
C. FALLS CITY HALL
401 SUPERIOR AVENUE
CRYSTAL FALLS MI 49920

Handicap Accessable:
Y
(ON MAIN STREET, ON SECOND FLOOR)","Temporary Polling Location




Handicap Accessable: 
"
IRON COUNTY,CRYSTAL FALLS TOWNSHIP ,     PRECINCT 1,"Permanent Polling Location
C. F. TOWNSHIP HALL
1384 W US HWY 2
CRYSTAL FALLS MI 49920

Handicap Accessable:
N
","Temporary Polling Location




Handicap Accessable: 
"
IRON COUNTY,GAASTRA CITY ,     PRECINCT 1,"Permanent Polling Location
GAASTRA CITY HALL
4 VALLEY
GAASTRA MI 49927

Handicap Accessable:
Y
","Temporary Polling Location




Handicap Accessable: 
"
IRON COUNTY,HEMATITE TOWNSHIP ,     PRECINCT 1,"Permanent Polling Location
TOWNSHIP HALL
109 W. PINE STREET
AMASA MI 49903

Handicap Accessable:
Y
","Temporary Polling Location




Handicap Accessable: 
"
IRON COUNTY,IRON RIVER CITY ,     PRECINCT 1,"Permanent Polling Location




Handicap Accessable:

","Temporary Polling Location
IRON RIVER CITY HALL
106 W. GENESEE STREET
IRON RIVER MI 49935

Handicap Accessable: Y
"
IRON COUNTY,IRON RIVER CITY ,     PRECINCT 2,"Permanent Polling Location




Handicap Accessable:

","Temporary Polling Location
IRON RIVER CITY HALL
106 W. GENESEE STREET
IRON RIVER MI 49935

Handicap Accessable: Y
"
IRON COUNTY,IRON RIVER TOWNSHIP ,     PRECINCT 1,"Permanent Polling Location
I.R. TOWNSHIP HALL
102 MCNUTT ROAD
IRON RIVER MI 49935

Handicap Accessable:
Y
(FROM US 2, TURN ON GIBBS CITY ROAD, GO 1.7 MILES)","Temporary Polling Location




Handicap Accessable: 
"
IRON COUNTY,MANSFIELD TOWNSHIP ,     PRECINCT 1,"Permanent Polling Location
MANSFIELD TWP HALL
2804 M-69
CRYSTAL FALLS MI 49920

Handicap Accessable:
Y
(HEAD EAST ON M-69, ON SOUTH SIDE OF ROAD)","Temporary Polling Location




Handicap Accessable: 
"
IRON COUNTY,MASTODON TOWNSHIP ,     PRECINCT 1,"Permanent Polling Location
MASTODON TWP HALL
1371 S. US 2
CRYSTAL FALLS MI 49920

Handicap Accessable:
Y
(SOUTH OF TOWN ABOUT 3 MILES, PAST THE SPLIT ROCK)","Temporary Polling Location




Handicap Accessable: 
"
IRON COUNTY,STAMBAUGH TOWNSHIP ,     PRECINCT 1,"Permanent Polling Location
STAMBO TWP HALL
110 EAST HILL ROAD
IRON RIVER MI 49935

Handicap Accessable:
Y
","Temporary Polling Location




Handicap Accessable: 
"
ISABELLA COUNTY,BROOMFIELD TOWNSHIP ,     PRECINCT 1,"Permanent Polling Location
BROOMFIELD TWP HALL
2889 S ROLLAND RD
REMUS MI 49340

Handicap Accessable:
Y
(WEST M-20 AT ROLLAND ROAD)","Temporary Polling Location




Handicap Accessable: 
"
ISABELLA COUNTY,CHIPPEWA TOWNSHIP ,     PRECINCT 1,"Permanent Polling Location
CHIPPEWA TWP HALL
11084 E PICKARD
MOUNT PLEASANT MI 48858

Handicap Accessable:
Y
(FIRE HALL/TWP OFFICE )","Temporary Polling Location




Handicap Accessable: 
"
ISABELLA COUNTY,CHIPPEWA TOWNSHIP ,     PRECINCT 2,"Permanent Polling Location
CHIPPEWA TWP HALL
11084 E PICKARD
MOUNT PLEASANT MI 48858

Handicap Accessable:
Y
(FIRE HALL/TWP OFFICE )","Temporary Polling Location




Handicap Accessable: 
"
ISABELLA COUNTY,COE TOWNSHIP ,     PRECINCT 1,"Permanent Polling Location
COE TWP HALL
309 W WRIGHT
SHEPHERD MI 48883

Handicap Accessable:
Y
(309 W WRIGHT)","Temporary Polling Location




Handicap Accessable: 
"
ISABELLA COUNTY,COLDWATER TOWNSHIP ,     PRECINCT 1,"Permanent Polling Location
COLDWATER TWP HALL
7990 N BRINTON ROAD
LAKE MI 48632

Handicap Accessable:
Y
","Temporary Polling Location




Handicap Accessable: 
"
ISABELLA COUNTY,DEERFIELD TOWNSHIP ,     PRECINCT 1,"Permanent Polling Location
DEERFIELD TWP HALL
3032 S WINN RD
MOUNT PLEASANT MI 48858

Handicap Accessable:
Y
(WEST REMUS RD M-20 AND WINN RD)","Temporary Polling Location




Handicap Accessable: 
"
ISABELLA COUNTY,DEERFIELD TOWNSHIP ,     PRECINCT 2,"Permanent Polling Location
DEERFIELD TWP HALL
3032 S WINN RD
MOUNT PLEASANT MI 48858

Handicap Accessable:
Y
(WEST REMUS RD M-20 AND WINN RD)","Temporary Polling Location




Handicap Accessable: 
"
ISABELLA COUNTY,DENVER TOWNSHIP ,     PRECINCT 1,"Permanent Polling Location
DENVER TWP HALL
7016 E BEAL CITY RD
MOUNT PLEASANT MI 48858

Handicap Accessable:
Y
","Temporary Polling Location




Handicap Accessable: 
"
ISABELLA COUNTY,FREMONT TOWNSHIP ,     PRECINCT 1,"Permanent Polling Location
WINN COMMUNITY BLDG
WINN COMMUNITY BUILDING
MT PLEASANT MI 48858

Handicap Accessable:
Y
","Temporary Polling Location




Handicap Accessable: 
"
ISABELLA COUNTY,GILMORE TOWNSHIP ,     PRECINCT 1,"Permanent Polling Location
GILMORE TOWNSHIP HAL
1998 W STEVENSON LAKE RD
FARWELL MI 48622

Handicap Accessable:
Y
","Temporary Polling Location




Handicap Accessable: 
"
ISABELLA COUNTY,ISABELLA TOWNSHIP ,     PRECINCT 1,"Permanent Polling Location
ISABELLA TWP HALL
E ROSEBUSH ROAD
ROSEBUSH MI 48878

Handicap Accessable:
Y
(IN VILLAGE OF ROSEBUSH)","Temporary Polling Location




Handicap Accessable: 
"
ISABELLA COUNTY,LINCOLN TOWNSHIP ,     PRECINCT 1,"Permanent Polling Location
LINCOLN TWP HALL
8000 BLK S CRAWFORD RD
SHEPHERD MI 48883

Handicap Accessable:
Y
","Temporary Polling Location




Handicap Accessable: 
"
ISABELLA COUNTY,MOUNT PLEASANT CITY ,     PRECINCT 1,"Permanent Polling Location
GANIARD SCHL
101 S ADAMS ST
MT. PLEASANT MI 48858

Handicap Accessable:
Y
","Temporary Polling Location




Handicap Accessable: 
"
ISABELLA COUNTY,MOUNT PLEASANT CITY ,     PRECINCT 2,"Permanent Polling Location
PULLEN SCHL
251 S BROWN ST
MT PLEASANT MI 48858

Handicap Accessable:
Y
","Temporary Polling Location




Handicap Accessable: 
"
ISABELLA COUNTY,MOUNT PLEASANT CITY ,     PRECINCT 3,"Permanent Polling Location
FANCHER SCHL
801 S KINNEY AVE
MT PLEASANT MI 48858

Handicap Accessable:
Y
","Temporary Polling Location




Handicap Accessable: 
"
ISABELLA COUNTY,NOTTAWA TOWNSHIP ,     PRECINCT 1,"Permanent Polling Location
NOTTAWA TOWNSHIP HAL
3024 W WEIDMAN RD
WEIDMAN MI 48893

Handicap Accessable:
N
(NW CORNER OF WEIDMAN RD AND WINN RD)","Temporary Polling Location




Handicap Accessable: 
"
ISABELLA COUNTY,ROLLAND TOWNSHIP ,     PRECINCT 1,"Permanent Polling Location
AM. LEGION HALL
8803 SW COUNTY LINE ROAD
BLANCHARD MI 49310

Handicap Accessable:
Y
","Temporary Polling Location




Handicap Accessable: 
"
ISABELLA COUNTY,SHERMAN TOWNSHIP ,     PRECINCT 1,"Permanent Polling Location
SHERMAN TWP HALL
3550 N ROLLAND RD
WEIDMAN MI 48893

Handicap Accessable:
Y
(AIRLINE AND ROLLAND ROADS)","Temporary Polling Location




Handicap Accessable: 
"
ISABELLA COUNTY,SHERMAN TOWNSHIP ,     PRECINCT 2,"Permanent Polling Location
SHERMAN TWP HALL
3550 N ROLLAND RD
WEIDMAN MI 48893

Handicap Accessable:
Y
(AIRLINE AND ROLLAND ROADS)","Temporary Polling Location




Handicap Accessable: 
"
ISABELLA COUNTY,UNION TOWNSHIP ,     PRECINCT 1,"Permanent Polling Location
UNION TOWNSHIP HALL
2010 S LINCOLN RD
MT PLEASANT MI 48858

Handicap Accessable:
Y
(CORNER OF LINCOLN AND PICKARD ROADS)","Temporary Polling Location




Handicap Accessable: 
"
ISABELLA COUNTY,UNION TOWNSHIP ,     PRECINCT 2,"Permanent Polling Location
JAMESON HALL
5142 BUD ST
MOUNT PLEASANT MI 48858

Handicap Accessable:
Y
(IN JAMESON PARK, NORTH OF PICKARD EAST OF ISABELLA)","Temporary Polling Location




Handicap Accessable: 
"
ISABELLA COUNTY,VERNON TOWNSHIP ,     PRECINCT 1,"Permanent Polling Location
VERNON TOWNSHIP HALL
4031 E. STEVENSON LAKE RD
CLARE MI 48617

Handicap Accessable:
Y
(STEVENSON LAKE & MISSION ROADS)","Temporary Polling Location




Handicap Accessable: 
"
ISABELLA COUNTY,WISE TOWNSHIP ,     PRECINCT 1,"Permanent Polling Location
WISE TOWNSHIP HALL
10509 N. LOOMIS RD
CLARE MI 48617

Handicap Accessable:
Y
(OLD US 10 & SAGINAW ROAD)","Temporary Polling Location




Handicap Accessable: 
"
JACKSON COUNTY,BLACKMAN TOWNSHIP ,     PRECINCT 1,"Permanent Polling Location
TWP HALL LOWER LEVEL
1990 W PARNALL RD
JACKSON MI 49201

Handicap Accessable:
Y
","Temporary Polling Location




Handicap Accessable: 
"
JACKSON COUNTY,BLACKMAN TOWNSHIP ,     PRECINCT 2,"Permanent Polling Location
TWP HALL LOWER LEVEL
1990 W PARNALL RD
JACKSON MI 49201

Handicap Accessable:
Y
","Temporary Polling Location




Handicap Accessable: 
"
JACKSON COUNTY,BLACKMAN TOWNSHIP ,     PRECINCT 3,"Permanent Polling Location
BETHEL CHURCH
1691 SPRINGPORT RD
JACKSON MI 49202

Handicap Accessable:
Y
","Temporary Polling Location




Handicap Accessable: 
"
JACKSON COUNTY,BLACKMAN TOWNSHIP ,     PRECINCT 4,"Permanent Polling Location
BETHEL CHURCH
1691 SPRINGPORT RD
JACKSON MI 49202

Handicap Accessable:
Y
","Temporary Polling Location




Handicap Accessable: 
"
JACKSON COUNTY,BLACKMAN TOWNSHIP ,     PRECINCT 5,"Permanent Polling Location
RIVERTREE COMMUNITY CHURCH
3113 LANSING AVENUE
JACKSON MI 49202

Handicap Accessable:
Y
","Temporary Polling Location




Handicap Accessable: 
"
JACKSON COUNTY,BLACKMAN TOWNSHIP ,     PRECINCT 6,"Permanent Polling Location
RIVERTREE COMMUNITY CHURCH
3113 LANSING AVENUE
JACKSON MI 49202

Handicap Accessable:
Y
","Temporary Polling Location




Handicap Accessable: 
"
JACKSON COUNTY,COLUMBIA CHARTER TOWNSHIP ,     PRECINCT 1,"Permanent Polling Location
COLUMBIA TWP HALL
8500 JEFFERSON
BROOKLYN MI 49230

Handicap Accessable:
Y
","Temporary Polling Location




Handicap Accessable: 
"
JACKSON COUNTY,COLUMBIA CHARTER TOWNSHIP ,     PRECINCT 2,"Permanent Polling Location
COLUMBIA FITNESS CTR
17755 HEWITT RD
BROOKLYN MI 49230

Handicap Accessable:
Y
(COLUMBIA HIGH SCHOOL)","Temporary Polling Location




Handicap Accessable: 
"
JACKSON COUNTY,COLUMBIA CHARTER TOWNSHIP ,     PRECINCT 3,"Permanent Polling Location
COLUMBIA FITNESS CTR
17755 HEWITT RD
BROOKLYN MI 49230

Handicap Accessable:
Y
(COLUMBIA HIGH SCHOOL)","Temporary Polling Location




Handicap Accessable: 
"
JACKSON COUNTY,CONCORD TOWNSHIP ,     PRECINCT 1,"Permanent Polling Location
CONCORD COMM. CENTER
310 HOMER ST
CONCORD MI 49237

Handicap Accessable:
Y
","Temporary Polling Location




Handicap Accessable: 
"
JACKSON COUNTY,GRASS LAKE CHARTER TOWNSHIP ,     PRECINCT 1,"Permanent Polling Location
FIRE STATION
12222 E MICHIGAN AVENUE
GRASS LAKE MI 49240

Handicap Accessable:
Y
","Temporary Polling Location




Handicap Accessable: 
"
JACKSON COUNTY,GRASS LAKE CHARTER TOWNSHIP ,     PRECINCT 2,"Permanent Polling Location
GRASS LAKE TWP HALL
373 LAKESIDE DRIVE
GRASS LAKE MI 49240

Handicap Accessable:
Y
","Temporary Polling Location




Handicap Accessable: 
"
JACKSON COUNTY,HANOVER TOWNSHIP ,     PRECINCT 1,"Permanent Polling Location
HANOVER TOWNSHIP HALL
311 FARVIEW ST
HORTON MI 49246

Handicap Accessable:
Y
","Temporary Polling Location




Handicap Accessable: 
"
JACKSON COUNTY,HANOVER TOWNSHIP ,     PRECINCT 2,"Permanent Polling Location
HANOVER TOWNSHIP HALL
311 FARVIEW ST
HORTON MI 49246

Handicap Accessable:
Y
","Temporary Polling Location




Handicap Accessable: 
"
JACKSON COUNTY,HENRIETTA TOWNSHIP ,     PRECINCT 1,"Permanent Polling Location
HENRIETTA TOWNSHIP HALL
11732 BUNKERHILL ROAD
PLEASANT LAKE MI 49272

Handicap Accessable:
Y
(NEW TOWNSHIP OFFICES)","Temporary Polling Location




Handicap Accessable: 
"
JACKSON COUNTY,HENRIETTA TOWNSHIP ,     PRECINCT 2,"Permanent Polling Location
HENRIETTA TOWNSHIP HALL
11732 BUNKERHILL ROAD
PLEASANT LAKE MI 49272

Handicap Accessable:
Y
(NEW TOWNSHIP OFFICES)","Temporary Polling Location




Handicap Accessable: 
"
JACKSON COUNTY,JACKSON CITY ,     PRECINCT 1-1,"Permanent Polling Location
MARTIN LUTHER KING JR CENTER
1107 ADRIAN ST
JACKSON MI 49203

Handicap Accessable:
Y
","Temporary Polling Location




Handicap Accessable: 
"
JACKSON COUNTY,JACKSON CITY ,     PRECINCT 2-2,"Permanent Polling Location
BOOS CENTER
210 GILBERT
JACKSON MI 49201

Handicap Accessable:
Y
","Temporary Polling Location




Handicap Accessable: 
"
JACKSON COUNTY,JACKSON CITY ,     PRECINCT 2-3,"Permanent Polling Location
BOOS CENTER
210 GILBERT
JACKSON MI 49201

Handicap Accessable:
Y
","Temporary Polling Location




Handicap Accessable: 
"
JACKSON COUNTY,JACKSON CITY ,     PRECINCT 3-4,"Permanent Polling Location
ST JOHNS PARISH CNT
711 N MARTIN LUTHER KING JR DRIVE
JACKSON MI 49202

Handicap Accessable:
Y
","Temporary Polling Location




Handicap Accessable: 
"
JACKSON COUNTY,JACKSON CITY ,     PRECINCT 3-5,"Permanent Polling Location
ST JOHNS PARISH CNT
711 N MARTIN LUTHER KING JR DRIVE
JACKSON MI 49202

Handicap Accessable:
Y
","Temporary Polling Location




Handicap Accessable: 
"
JACKSON COUNTY,JACKSON CITY ,     PRECINCT 4-6,"Permanent Polling Location
1ST PRESBY CHURCH
743 W MICHIGAN AVE
JACKSON MI 49201

Handicap Accessable:
Y
","Temporary Polling Location




Handicap Accessable: 
"
JACKSON COUNTY,JACKSON CITY ,     PRECINCT 4-7,"Permanent Polling Location
1ST PRESBY CHURCH
743 W MICHIGAN AVE
JACKSON MI 49201

Handicap Accessable:
Y
","Temporary Polling Location




Handicap Accessable: 
"
JACKSON COUNTY,JACKSON CITY ,     PRECINCT 5-8,"Permanent Polling Location
CENTER CARING - UCC
801 S. MECHANIC STREET
JACKSON MI 49203

Handicap Accessable:
Y
(FIRST FLOOR)","Temporary Polling Location




Handicap Accessable: 
"
JACKSON COUNTY,JACKSON CITY ,     PRECINCT 6-9,"Permanent Polling Location
CASCADES BAPTIST CH
1012 W HIGH STREET
JACKSON MI 49203

Handicap Accessable:
Y
","Temporary Polling Location




Handicap Accessable: 
"
JACKSON COUNTY,JACKSON CITY ,     PRECINCT 6-10,"Permanent Polling Location
CASCADES BAPTIST CH
1012 W HIGH STREET
JACKSON MI 49203

Handicap Accessable:
Y
","Temporary Polling Location




Handicap Accessable: 
"
JACKSON COUNTY,LEONI TOWNSHIP ,     PRECINCT 1,"Permanent Polling Location
5TH ST. FIRE STATION
915 FIFTH ST
MICHIGAN CENTER MI 49254

Handicap Accessable:
N
","Temporary Polling Location




Handicap Accessable: 
"
JACKSON COUNTY,LEONI TOWNSHIP ,     PRECINCT 2,"Permanent Polling Location
LEONI TWP HALL
913 FIFTH ST
MICHIGAN CENTER MI 49254

Handicap Accessable:
Y
","Temporary Polling Location




Handicap Accessable: 
"
JACKSON COUNTY,LEONI TOWNSHIP ,     PRECINCT 3,"Permanent Polling Location




Handicap Accessable:

","Temporary Polling Location
EAST JACKSON HIGH
1566 N SUTTON
JACKSON MI 49202

Handicap Accessable: Y
"
JACKSON COUNTY,LEONI TOWNSHIP ,     PRECINCT 4,"Permanent Polling Location




Handicap Accessable:

","Temporary Polling Location
EAST JACKSON HIGH
1566 N SUTTON
JACKSON MI 49202

Handicap Accessable: Y
"
JACKSON COUNTY,LIBERTY TOWNSHIP ,     PRECINCT 1,"Permanent Polling Location
FIRE STATION
1205 LINDSEY RD.
JACKSON MI 49201

Handicap Accessable:
Y
","Temporary Polling Location




Handicap Accessable: 
"
JACKSON COUNTY,NAPOLEON TOWNSHIP ,     PRECINCT 1,"Permanent Polling Location
NAPOLEON TOWNSHIP HALL
6755 BROOKLYN RD.
NAPOLEON MI 49261

Handicap Accessable:
Y
","Temporary Polling Location




Handicap Accessable: 
"
JACKSON COUNTY,NAPOLEON TOWNSHIP ,     PRECINCT 2,"Permanent Polling Location
NAPOLEON TOWNSHIP HALL
6755 BROOKLYN RD.
NAPOLEON MI 49261

Handicap Accessable:
Y
","Temporary Polling Location




Handicap Accessable: 
"
JACKSON COUNTY,NORVELL TOWNSHIP ,     PRECINCT 1,"Permanent Polling Location
TOWNSHIP OFFICE
300 MILL RD
BROOKLYN MI 49230

Handicap Accessable:
Y
(LOCATED IN THE VILLIAGE OF NORVELL)","Temporary Polling Location




Handicap Accessable: 
"
JACKSON COUNTY,NORVELL TOWNSHIP ,     PRECINCT 2,"Permanent Polling Location
TOWNSHIP OFFICE
300 MILL RD
BROOKLYN MI 49230

Handicap Accessable:
Y
(LOCATED IN THE VILLIAGE OF NORVELL)","Temporary Polling Location




Handicap Accessable: 
"
JACKSON COUNTY,PARMA TOWNSHIP ,     PRECINCT 1,"Permanent Polling Location
TOWNSHIP HALL
16407 COMDON ROAD
ALBION MI 49224

Handicap Accessable:
Y
","Temporary Polling Location




Handicap Accessable: 
"
JACKSON COUNTY,PULASKI TOWNSHIP ,     PRECINCT 1,"Permanent Polling Location
PULASKI TWP. HALL
12363 FOLKS RD
HANOVER MI 49241

Handicap Accessable:
Y
","Temporary Polling Location




Handicap Accessable: 
"
JACKSON COUNTY,RIVES TOWNSHIP ,     PRECINCT 1,"Permanent Polling Location
RIVES BAPTIST CHURCH
2800 WEST BERRY ROAD
RIVES JUNCTION MI 49277

Handicap Accessable:
Y
","Temporary Polling Location




Handicap Accessable: 
"
JACKSON COUNTY,RIVES TOWNSHIP ,     PRECINCT 2,"Permanent Polling Location
RIVES BAPTIST CHURCH
2800 WEST BERRY ROAD
RIVES JUNCTION MI 49277

Handicap Accessable:
Y
","Temporary Polling Location




Handicap Accessable: 
"
JACKSON COUNTY,SANDSTONE TOWNSHIP ,     PRECINCT 1,"Permanent Polling Location
SANDSTONE TWP  HALL
7940 COUNTY FARM RD
PARMA MI 49269

Handicap Accessable:
Y
","Temporary Polling Location




Handicap Accessable: 
"
JACKSON COUNTY,SANDSTONE TOWNSHIP ,     PRECINCT 2,"Permanent Polling Location
SANDSTONE TWP  HALL
7940 COUNTY FARM RD
PARMA MI 49269

Handicap Accessable:
Y
","Temporary Polling Location




Handicap Accessable: 
"
JACKSON COUNTY,SANDSTONE TOWNSHIP ,     PRECINCT 3,"Permanent Polling Location
PARMA-SANDSTONE FIRE
297 N. UNION ST.
PARMA MI 49269

Handicap Accessable:
Y
","Temporary Polling Location




Handicap Accessable: 
"
JACKSON COUNTY,SPRING ARBOR TOWNSHIP ,     PRECINCT 1,"Permanent Polling Location
THE ARBOR CHURCH FAMILY CENTER
120 MAINS STREET
SPRING ARBOR MI 49283

Handicap Accessable:
Y
","Temporary Polling Location




Handicap Accessable: 
"
JACKSON COUNTY,SPRING ARBOR TOWNSHIP ,     PRECINCT 2,"Permanent Polling Location
THE ARBOR CHURCH FAMILY CENTER
120 E MAIN STREET
SPRING ARBOR MI 49283

Handicap Accessable:
Y
(CFC CENTER, MAIN ENTRANCE)","Temporary Polling Location




Handicap Accessable: 
"
JACKSON COUNTY,SPRING ARBOR TOWNSHIP ,     PRECINCT 3,"Permanent Polling Location
CHURCH OF THE NAZARENE
8200 KING ROAD
SPRING ARBOR MI 49283

Handicap Accessable:
Y
","Temporary Polling Location




Handicap Accessable: 
"
JACKSON COUNTY,SPRINGPORT TOWNSHIP ,     PRECINCT 1,"Permanent Polling Location
SPRINGPORT TOWNHALL
101 E MAIN
SPRINGPORT MI 49284

Handicap Accessable:
Y
","Temporary Polling Location




Handicap Accessable: 
"
JACKSON COUNTY,SUMMIT TOWNSHIP ,     PRECINCT 1,"Permanent Polling Location
CORNERSTONE CHURCH
2395 W HIGH ST
JACKSON MI 49203

Handicap Accessable:
Y
","Temporary Polling Location




Handicap Accessable: 
"
JACKSON COUNTY,SUMMIT TOWNSHIP ,     PRECINCT 2,"Permanent Polling Location
CORNERSTONE CHURCH
2395 W HIGH ST
JACKSON MI 49203

Handicap Accessable:
Y
","Temporary Polling Location




Handicap Accessable: 
"
JACKSON COUNTY,SUMMIT TOWNSHIP ,     PRECINCT 3,"Permanent Polling Location
CORNERSTONE CHURCH
2395 W HIGH ST
JACKSON MI 49203

Handicap Accessable:
Y
","Temporary Polling Location




Handicap Accessable: 
"
JACKSON COUNTY,SUMMIT TOWNSHIP ,     PRECINCT 4,"Permanent Polling Location
SUMMIT TOWNSHIP HALL
2121 FERGUSON RD
JACKSON MI 49203

Handicap Accessable:
Y
","Temporary Polling Location




Handicap Accessable: 
"
JACKSON COUNTY,SUMMIT TOWNSHIP ,     PRECINCT 5,"Permanent Polling Location
SUMMIT TOWNSHIP HALL
2121 FERGUSON RD
JACKSON MI 49203

Handicap Accessable:
Y
","Temporary Polling Location




Handicap Accessable: 
"
JACKSON COUNTY,SUMMIT TOWNSHIP ,     PRECINCT 6,"Permanent Polling Location
SUMMIT TOWNSHIP HALL
2121 FERGUSON RD
JACKSON MI 49203

Handicap Accessable:
Y
","Temporary Polling Location




Handicap Accessable: 
"
JACKSON COUNTY,SUMMIT TOWNSHIP ,     PRECINCT 7,"Permanent Polling Location
JACKSON FREE METHODI
2829 PARK DR
JACKSON MI 49203

Handicap Accessable:
Y
(CORNER OF PARK DR AND OAKLANE RD)","Temporary Polling Location




Handicap Accessable: 
"
JACKSON COUNTY,SUMMIT TOWNSHIP ,     PRECINCT 8,"Permanent Polling Location
JACKSON FREE METHODI
2829 PARK DR
JACKSON MI 49203

Handicap Accessable:
Y
(CORNER OF PARK DR AND OAKLANE RD)","Temporary Polling Location




Handicap Accessable: 
"
JACKSON COUNTY,TOMPKINS TOWNSHIP ,     PRECINCT 1,"Permanent Polling Location
TOWNSHIP HALL
9999 N TOMPKINS RD
RIVES JUNCTION MI 49277

Handicap Accessable:
Y
","Temporary Polling Location




Handicap Accessable: 
"
JACKSON COUNTY,WATERLOO TOWNSHIP ,     PRECINCT 1,"Permanent Polling Location
WATERLOO TOWNSHIP HALL
9773 MT HOPE ROAD
MUNITH MI 49259

Handicap Accessable:
Y
","Temporary Polling Location




Handicap Accessable: 
"
KALAMAZOO COUNTY,ALAMO TOWNSHIP ,     PRECINCT 1,"Permanent Polling Location
ALAMO TWP HALL
7901 NORTH 6TH ST
KALAMAZOO MI 49009

Handicap Accessable:
Y
","Temporary Polling Location




Handicap Accessable: 
"
KALAMAZOO COUNTY,ALAMO TOWNSHIP ,     PRECINCT 2,"Permanent Polling Location
ALAMO COMMUNITY CHUR
7925 N. 6TH STREET
KALAMAZOO MI 49009

Handicap Accessable:
Y
","Temporary Polling Location




Handicap Accessable: 
"
KALAMAZOO COUNTY,BRADY TOWNSHIP ,     PRECINCT 1,"Permanent Polling Location
BRADY TWP HALL
13123 SOUTH 24TH ST
VICKSBURG MI 49097

Handicap Accessable:
Y
","Temporary Polling Location




Handicap Accessable: 
"
KALAMAZOO COUNTY,BRADY TOWNSHIP ,     PRECINCT 2,"Permanent Polling Location
CHAPMAN MEM'L CHURCH
7520 EAST U AVENUE
VICKSBURG MI 49097

Handicap Accessable:
Y
","Temporary Polling Location




Handicap Accessable: 
"
KALAMAZOO COUNTY,CHARLESTON TOWNSHIP ,     PRECINCT 1,"Permanent Polling Location
CHARLESTON TWP HALL
1499 SOUTH 38TH ST
GALESBURG MI 49053

Handicap Accessable:
Y
","Temporary Polling Location




Handicap Accessable: 
"
KALAMAZOO COUNTY,CLIMAX TOWNSHIP ,     PRECINCT 1,"Permanent Polling Location
CLIMAX TOWNSHIP HALL
110 N. MAIN ST.
CLIMAX MI 49034

Handicap Accessable:
Y
","Temporary Polling Location




Handicap Accessable: 
"
KALAMAZOO COUNTY,COMSTOCK TOWNSHIP ,     PRECINCT 1,"Permanent Polling Location
GALESBURG BAPTIST CHURCH
10100 SHADOWLANE AVE
GALESBURG MI 49053

Handicap Accessable:
Y
","Temporary Polling Location




Handicap Accessable: 
"
KALAMAZOO COUNTY,COMSTOCK TOWNSHIP ,     PRECINCT 2,"Permanent Polling Location
COMSTOCK TOWNSHIP HALL
5858 KING HIGHWAY
KALAMAZOO MI 49048

Handicap Accessable:
N
","Temporary Polling Location




Handicap Accessable: 
"
KALAMAZOO COUNTY,COMSTOCK TOWNSHIP ,     PRECINCT 3,"Permanent Polling Location
KALAMAZOO CHRISTIAN REFORMED CHURCH
5300 COMSTOCK AVE
KALAMAZOO MI 49048

Handicap Accessable:
Y
","Temporary Polling Location




Handicap Accessable: 
"
KALAMAZOO COUNTY,COMSTOCK TOWNSHIP ,     PRECINCT 4,"Permanent Polling Location
NORTHEASTERN BAPTIST CHURCH
6536 EAST G AVE
KALAMAZOO MI 49048

Handicap Accessable:
Y
","Temporary Polling Location




Handicap Accessable: 
"
KALAMAZOO COUNTY,COMSTOCK TOWNSHIP ,     PRECINCT 5,"Permanent Polling Location
CHURCH OF GOD FAMILY WORSHIP CENTER
5841 EAST H AVENUE
KALAMAZOO MI 49048

Handicap Accessable:
Y
","Temporary Polling Location




Handicap Accessable: 
"
KALAMAZOO COUNTY,COMSTOCK TOWNSHIP ,     PRECINCT 6,"Permanent Polling Location
KALAMAZOO COMMUNITY CHURCH
2435 N 26TH STREET
KALAMAZOO MI 49048

Handicap Accessable:
Y
","Temporary Polling Location




Handicap Accessable: 
"
KALAMAZOO COUNTY,COOPER TOWNSHIP ,     PRECINCT 1,"Permanent Polling Location
COOPER TWP HALL
1590 WEST D AVE
KALAMAZOO MI 49009

Handicap Accessable:
Y
","Temporary Polling Location




Handicap Accessable: 
"
KALAMAZOO COUNTY,COOPER TOWNSHIP ,     PRECINCT 2,"Permanent Polling Location
FIRE STATION #2
3160 MCKINLEY
KALAMAZOO MI 49004

Handicap Accessable:
Y
","Temporary Polling Location




Handicap Accessable: 
"
KALAMAZOO COUNTY,COOPER TOWNSHIP ,     PRECINCT 3,"Permanent Polling Location
ST. AMBROSE PARISH ACTIVITY CENTER
1628 EAST G AVE
PARCHMENT MI 49004

Handicap Accessable:
Y
","Temporary Polling Location




Handicap Accessable: 
"
KALAMAZOO COUNTY,COOPER TOWNSHIP ,     PRECINCT 4,"Permanent Polling Location
NORTHBRIDGE CHURCH
8824 DOUGLAS AVENUE
KALAMAZOO MI 49009

Handicap Accessable:
Y
","Temporary Polling Location




Handicap Accessable: 
"
KALAMAZOO COUNTY,GALESBURG CITY ,     PRECINCT 1,"Permanent Polling Location
GALESBURG CITY HALL
200 E MICHIGAN AVE
GALESBURG MI 49053

Handicap Accessable:
Y
","Temporary Polling Location




Handicap Accessable: 
"
KALAMAZOO COUNTY,KALAMAZOO CITY ,     PRECINCT 2,"Permanent Polling Location
FETZER CENTER
2251 BUSINESS CT.
KALAMAZOO MI 49008

Handicap Accessable:
Y
(ON WESTERN MICHIGAN UNIVERSITY'S CAMPUS)","Temporary Polling Location




Handicap Accessable: 
"
KALAMAZOO COUNTY,KALAMAZOO CITY ,     PRECINCT 3,"Permanent Polling Location
FAITH TEMPLE CHURCH OF GOD
402 S. WESTNEDGE AVE.
KALAMAZOO MI 49007

Handicap Accessable:
Y
(SW CORNER OF WESTNEDGE AND LOWELL)","Temporary Polling Location




Handicap Accessable: 
"
KALAMAZOO COUNTY,KALAMAZOO CITY ,     PRECINCT 4,"Permanent Polling Location
THIRD CHRISTIAN REFORMED CHURCH
2400 WINCHELL AVE.
KALAMAZOO MI 49008

Handicap Accessable:
Y
","Temporary Polling Location




Handicap Accessable: 
"
KALAMAZOO COUNTY,KALAMAZOO CITY ,     PRECINCT 5,"Permanent Polling Location
WESLEY FOUNDATION
2350 RING RD N
KALAMAZOO MI 49006

Handicap Accessable:
Y
","Temporary Polling Location




Handicap Accessable: 
"
KALAMAZOO COUNTY,KALAMAZOO CITY ,     PRECINCT 6,"Permanent Polling Location
KALAMAZOO RESA - WEST CAMPUS
4606 CROYDEN AVE
KALAMAZOO MI 49006

Handicap Accessable:
Y
(USE ENTRANCE 17)","Temporary Polling Location




Handicap Accessable: 
"
KALAMAZOO COUNTY,KALAMAZOO CITY ,     PRECINCT 7,"Permanent Polling Location
DOUGLASS COMMUNITY ASSOCIATION
1000 W. PATERSON ST.
KALAMAZOO MI 49007

Handicap Accessable:
Y
","Temporary Polling Location




Handicap Accessable: 
"
KALAMAZOO COUNTY,KALAMAZOO CITY ,     PRECINCT 8,"Permanent Polling Location
MT. ZION BAPTIST CHURCH
120 ROBERSON ST.
KALAMAZOO MI 49007

Handicap Accessable:
Y
","Temporary Polling Location




Handicap Accessable: 
"
KALAMAZOO COUNTY,KALAMAZOO CITY ,     PRECINCT 9,"Permanent Polling Location
GIRL SCOUTS BUILDING
601 W. MAPLE ST.
KALAMAZOO MI 49008

Handicap Accessable:
Y
","Temporary Polling Location




Handicap Accessable: 
"
KALAMAZOO COUNTY,KALAMAZOO CITY ,     PRECINCT 10,"Permanent Polling Location
TABERNACLE COGIC
3210 VIRGINIA AVE
KALAMAZOO MI 49004

Handicap Accessable:
Y
","Temporary Polling Location




Handicap Accessable: 
"
KALAMAZOO COUNTY,KALAMAZOO CITY ,     PRECINCT 11,"Permanent Polling Location
EASTSIDE COMMUNITY CENTER
1301 E. MAIN ST.
KALAMAZOO MI 49001

Handicap Accessable:
Y
","Temporary Polling Location




Handicap Accessable: 
"
KALAMAZOO COUNTY,KALAMAZOO CITY ,     PRECINCT 12,"Permanent Polling Location
OAKWOOD BIBLE CHURCH
4100 OAKLAND DR.
KALAMAZOO MI 49008

Handicap Accessable:
Y
","Temporary Polling Location




Handicap Accessable: 
"
KALAMAZOO COUNTY,KALAMAZOO CITY ,     PRECINCT 13,"Permanent Polling Location
ST. JOSEPH CHURCH - BENNETT BLDG
930 LAKE ST.
KALAMAZOO MI 49001

Handicap Accessable:
Y
","Temporary Polling Location




Handicap Accessable: 
"
KALAMAZOO COUNTY,KALAMAZOO CITY ,     PRECINCT 14,"Permanent Polling Location
CENTERPOINT CITY CHURCH
326 W. CORK ST.
KALAMAZOO MI 49001

Handicap Accessable:
Y
","Temporary Polling Location




Handicap Accessable: 
"
KALAMAZOO COUNTY,KALAMAZOO CITY ,     PRECINCT 15,"Permanent Polling Location
ST. JOSEPH CHURCH - BENNETT BLDG
930 LAKE ST.
KALAMAZOO MI 49001

Handicap Accessable:
Y
","Temporary Polling Location




Handicap Accessable: 
"
KALAMAZOO COUNTY,KALAMAZOO CITY ,     PRECINCT 16,"Permanent Polling Location
CONVERGE COMMUNITY CHURCH
3306 LOVERS LN.
KALAMAZOO MI 49001

Handicap Accessable:
Y
","Temporary Polling Location




Handicap Accessable: 
"
KALAMAZOO COUNTY,KALAMAZOO CITY ,     PRECINCT 17,"Permanent Polling Location
GREENWOOD REFORMED CHURCH
1815 WINTON AVE.
KALAMAZOO MI 49001

Handicap Accessable:
Y
","Temporary Polling Location




Handicap Accessable: 
"
KALAMAZOO COUNTY,KALAMAZOO CITY ,     PRECINCT 18,"Permanent Polling Location
CONVERGE COMMUNITY CHURCH
3306 LOVERS LN.
KALAMAZOO MI 49001

Handicap Accessable:
Y
","Temporary Polling Location




Handicap Accessable: 
"
KALAMAZOO COUNTY,KALAMAZOO CITY ,     PRECINCT 19,"Permanent Polling Location
SOUTHERN HEIGHTS CHRIS. REF. CHURCH
4141 E. HILLANDALE DR.
KALAMAZOO MI 49008

Handicap Accessable:
Y
","Temporary Polling Location




Handicap Accessable: 
"
KALAMAZOO COUNTY,KALAMAZOO CITY ,     PRECINCT 20,"Permanent Polling Location
SOUTHERN HEIGHTS CHRIS. REF. CHURCH
4141 E. HILLANDALE DR.
KALAMAZOO MI 49008

Handicap Accessable:
Y
","Temporary Polling Location




Handicap Accessable: 
"
KALAMAZOO COUNTY,KALAMAZOO CITY ,     PRECINCT 21,"Permanent Polling Location
PARKVIEW HILLS CLUBHOUSE
3707 GREENLEAF CIR.
KALAMAZOO MI 49008

Handicap Accessable:
Y
","Temporary Polling Location




Handicap Accessable: 
"
KALAMAZOO COUNTY,KALAMAZOO TOWNSHIP ,     PRECINCT 1,"Permanent Polling Location
LAKEWOOD FIRE STATION
3100 LAKE ST
KALAMAZOO MI 49001

Handicap Accessable:
Y
","Temporary Polling Location




Handicap Accessable: 
"
KALAMAZOO COUNTY,KALAMAZOO TOWNSHIP ,     PRECINCT 2,"Permanent Polling Location
NORTHWOOD FIRE STATION
2617 N BURDICK
KALAMAZOO MI 49007

Handicap Accessable:
Y
(CORNER OF BURDICK AND MOSEL)","Temporary Polling Location




Handicap Accessable: 
"
KALAMAZOO COUNTY,KALAMAZOO TOWNSHIP ,     PRECINCT 3,"Permanent Polling Location
COMMUNITY PRESBYTERIAN CHURCH
811 GORHAM LN
KALAMAZOO MI 49006

Handicap Accessable:
Y
(WEST SIDE OF GORHAM, SOUTH OF CANTERBURY)","Temporary Polling Location




Handicap Accessable: 
"
KALAMAZOO COUNTY,KALAMAZOO TOWNSHIP ,     PRECINCT 4,"Permanent Polling Location
WESTWOOD FIRE STATION
1310 NICHOLS RD
KALAMAZOO MI 49006

Handicap Accessable:
Y
(NORTH OF W. MAIN)","Temporary Polling Location




Handicap Accessable: 
"
KALAMAZOO COUNTY,KALAMAZOO TOWNSHIP ,     PRECINCT 5,"Permanent Polling Location
EASTWOOD LIBRARY
1112 GAYLE AVE
KALAMAZOO MI 49048

Handicap Accessable:
Y
","Temporary Polling Location




Handicap Accessable: 
"
KALAMAZOO COUNTY,KALAMAZOO TOWNSHIP ,     PRECINCT 6,"Permanent Polling Location
EASTWOOD FIRE STATION
2703 E MAIN ST
KALAMAZOO MI 49001

Handicap Accessable:
Y
","Temporary Polling Location




Handicap Accessable: 
"
KALAMAZOO COUNTY,OSHTEMO TOWNSHIP ,     PRECINCT 1,"Permanent Polling Location
OSHTEMO GRANGE HALL
3234 N 3RD
KALAMAZOO MI 49009

Handicap Accessable:
Y
","Temporary Polling Location




Handicap Accessable: 
"
KALAMAZOO COUNTY,OSHTEMO TOWNSHIP ,     PRECINCT 2,"Permanent Polling Location
OSH FIRE HOUSE #2
3500 SOUTH 6TH ST
KALAMAZOO MI 49009

Handicap Accessable:
Y
(JUST NORTH OF STADIUM DR)","Temporary Polling Location




Handicap Accessable: 
"
KALAMAZOO COUNTY,OSHTEMO TOWNSHIP ,     PRECINCT 3,"Permanent Polling Location
OSHTEMO LIBRARY
7265 WEST MAIN STREET
KALAMAZOO MI 49009

Handicap Accessable:
Y
","Temporary Polling Location




Handicap Accessable: 
"
KALAMAZOO COUNTY,OSHTEMO TOWNSHIP ,     PRECINCT 4,"Permanent Polling Location
VOYAGE CHURCH
6339 Atlantic Ave
KALAMAZOO MI 49009

Handicap Accessable:
Y
(BETWEEN PARKVIEW AND S. 9TH)","Temporary Polling Location




Handicap Accessable: 
"
KALAMAZOO COUNTY,OSHTEMO TOWNSHIP ,     PRECINCT 5,"Permanent Polling Location
SKYRIDGE CHURCH
394 S. DRAKE RD.
KALAMAZOO MI 49009

Handicap Accessable:
Y
","Temporary Polling Location




Handicap Accessable: 
"
KALAMAZOO COUNTY,OSHTEMO TOWNSHIP ,     PRECINCT 6,"Permanent Polling Location
OSH METHODIST CHURCH
6574 STADIUM DRIVE
KALAMAZOO MI 49009

Handicap Accessable:
Y
","Temporary Polling Location




Handicap Accessable: 
"
KALAMAZOO COUNTY,OSHTEMO TOWNSHIP ,     PRECINCT 7,"Permanent Polling Location
VOYAGE CHURCH
6339 Atlantic Ave
KALAMAZOO MI 49009

Handicap Accessable:
Y
(BETWEEN PARKVIEW AND S. 9TH)","Temporary Polling Location




Handicap Accessable: 
"
KALAMAZOO COUNTY,OSHTEMO TOWNSHIP ,     PRECINCT 8,"Permanent Polling Location
OSHTEMO COMM CENTER
6407 PARKVIEW AVENUE
KALAMAZOO MI 49009

Handicap Accessable:
Y
(PARKVIEW AT STADIUM)","Temporary Polling Location




Handicap Accessable: 
"
KALAMAZOO COUNTY,OSHTEMO TOWNSHIP ,     PRECINCT 9,"Permanent Polling Location
CENTERPOINT CHURCH
2345 N. 10TH ST
KALAMAZOO MI 49009

Handicap Accessable:
Y
","Temporary Polling Location




Handicap Accessable: 
"
KALAMAZOO COUNTY,PARCHMENT CITY ,     PRECINCT 1,"Permanent Polling Location
PARCHMENT UNITED METHODIST CHURCH
225 GLENDALE
PARCHMENT MI 49004

Handicap Accessable:
Y
(NORTH SIDE OF GLENDALE, WEST OF CHURCH ST)","Temporary Polling Location




Handicap Accessable: 
"
KALAMAZOO COUNTY,PAVILION CHARTER TOWNSHIP ,     PRECINCT 1,"Permanent Polling Location
LAKELAND REFORMED CH
10442 SPRINKLE RD
VICKSBURG MI 49097

Handicap Accessable:
Y
","Temporary Polling Location




Handicap Accessable: 
"
KALAMAZOO COUNTY,PAVILION CHARTER TOWNSHIP ,     PRECINCT 2,"Permanent Polling Location
CHRISTIAN EVAN.CHURC
9286 S. 36TH ST.
SCOTTS MI 49088

Handicap Accessable:
Y
(SOUTH OF VILLAGE OF SCOTTS ON WEST SIDE OF ROAD)","Temporary Polling Location




Handicap Accessable: 
"
KALAMAZOO COUNTY,PAVILION CHARTER TOWNSHIP ,     PRECINCT 3,"Permanent Polling Location
PAVILION TOWNSHIP
7510 EAST Q AVE
SCOTTS MI 49088

Handicap Accessable:
Y
","Temporary Polling Location




Handicap Accessable: 
"
KALAMAZOO COUNTY,PORTAGE CITY ,     PRECINCT 1,"Permanent Polling Location
WESTMINSTER PRESBYTERIAN CHURCH
1515 HELEN AVENUE
PORTAGE MI 49002

Handicap Accessable:
Y
(LOCATED AT THE DEAD END OF HELEN AVENUE)","Temporary Polling Location




Handicap Accessable: 
"
KALAMAZOO COUNTY,PORTAGE CITY ,     PRECINCT 2,"Permanent Polling Location
CALVARY CHAPEL OF KALAMAZOO VALLEY
5331 S. SPRINKLE ROAD
PORTAGE MI 49002

Handicap Accessable:
Y
","Temporary Polling Location




Handicap Accessable: 
"
KALAMAZOO COUNTY,PORTAGE CITY ,     PRECINCT 3,"Permanent Polling Location
PORTAGE PARKS AND RECREATION OFFICE
320 LIBRARY LANE
PORTAGE MI 49002

Handicap Accessable:
Y
(CURRIER DRIVE/LIBRARY LANE - BEHIND LIBRARY)","Temporary Polling Location




Handicap Accessable: 
"
KALAMAZOO COUNTY,PORTAGE CITY ,     PRECINCT 4,"Permanent Polling Location
LORD OF LIFE LUTHERAN CHURCH
9420 PORTAGE ROAD
PORTAGE MI 49002

Handicap Accessable:
Y
(AT INTERSECTION OF S. SHORE & PORTAGE RD)","Temporary Polling Location




Handicap Accessable: 
"
KALAMAZOO COUNTY,PORTAGE CITY ,     PRECINCT 5,"Permanent Polling Location
PATHFINDER CHURCH
8740 S. WESTNEDGE AVENUE
PORTAGE MI 49002

Handicap Accessable:
Y
(SOUTH OF CENTRE ON WEST SIDE OF WESTNEDGE)","Temporary Polling Location




Handicap Accessable: 
"
KALAMAZOO COUNTY,PORTAGE CITY ,     PRECINCT 6,"Permanent Polling Location
PORTAGE ZHANG SENIOR CENTER
203 EAST CENTRE AVENUE
PORTAGE MI 49002

Handicap Accessable:
Y
","Temporary Polling Location




Handicap Accessable: 
"
KALAMAZOO COUNTY,PORTAGE CITY ,     PRECINCT 7,"Permanent Polling Location
THE BRIDGE CHURCH
7200 ANGLING ROAD
PORTAGE MI 49024

Handicap Accessable:
Y
(WEST SIDE OF ANGLING ROAD SOUTH OF ROMENCE RD)","Temporary Polling Location




Handicap Accessable: 
"
KALAMAZOO COUNTY,PORTAGE CITY ,     PRECINCT 8,"Permanent Polling Location
CHAPEL HILL UNITED METHODIST CHURCH
7028 OAKLAND DRIVE
PORTAGE MI 49024

Handicap Accessable:
Y
(AT INTERSECTION OF OAKLAND AND ROMENCE RD)","Temporary Polling Location




Handicap Accessable: 
"
KALAMAZOO COUNTY,PORTAGE CITY ,     PRECINCT 9,"Permanent Polling Location
PRINCE OF PEACE LUTHERAN CHURCH
1747 W. MILHAM AVENUE
PORTAGE MI 49024

Handicap Accessable:
Y
(ON MILHAM AVENUE EAST OF OAKLAND DRIVE)","Temporary Polling Location




Handicap Accessable: 
"
KALAMAZOO COUNTY,PORTAGE CITY ,     PRECINCT 10,"Permanent Polling Location
PRAIRIE EDGE CHRISTIAN REFORMED CHURCH
9316 OAKLAND DRIVE
PORTAGE MI 49024

Handicap Accessable:
Y
","Temporary Polling Location




Handicap Accessable: 
"
KALAMAZOO COUNTY,PORTAGE CITY ,     PRECINCT 11,"Permanent Polling Location
THE BRIDGE CHURCH
7200 ANGLING ROAD
PORTAGE MI 49024

Handicap Accessable:
Y
(WEST SIDE OF ANGLING ROAD SOUTH OF ROMENCE RD)","Temporary Polling Location




Handicap Accessable: 
"
KALAMAZOO COUNTY,PORTAGE CITY ,     PRECINCT 12,"Permanent Polling Location
PRINCE OF PEACE LUTHERAN CHURCH
1747 W. MILHAM AVENUE
PORTAGE MI 49024

Handicap Accessable:
Y
(ON MILHAM AVENUE EAST OF OAKLAND DRIVE)","Temporary Polling Location




Handicap Accessable: 
"
KALAMAZOO COUNTY,PORTAGE CITY ,     PRECINCT 13,"Permanent Polling Location
KALAMAZOO FIRST ASSEMBLY OF GOD
5550 OAKLAND DRIVE
PORTAGE MI 49024

Handicap Accessable:
Y
(WEST SIDE OF OAKLAND DRIVE SOUTH OF I-94)","Temporary Polling Location




Handicap Accessable: 
"
KALAMAZOO COUNTY,PRAIRIE RONDE TOWNSHIP ,     PRECINCT 1,"Permanent Polling Location
TOWNSHIP HALL
14050 S 6TH STREET
SCHOOLCRAFT MI 49087

Handicap Accessable:
Y
","Temporary Polling Location




Handicap Accessable: 
"
KALAMAZOO COUNTY,RICHLAND TOWNSHIP ,     PRECINCT 1,"Permanent Polling Location
GRACESPRING BIBLE CHURCH
8643 GULL ROAD
RICHLAND MI 49083

Handicap Accessable:
Y
","Temporary Polling Location




Handicap Accessable: 
"
KALAMAZOO COUNTY,RICHLAND TOWNSHIP ,     PRECINCT 2,"Permanent Polling Location
GRACESPRING BIBLE CHURCH
8643 GULL ROAD
RICHLAND MI 49083

Handicap Accessable:
Y
","Temporary Polling Location




Handicap Accessable: 
"
KALAMAZOO COUNTY,ROSS TOWNSHIP ,     PRECINCT 1,"Permanent Polling Location
SHERMAN LAKE YMCA
6225 N 39 ST
AUGUSTA MI 49012

Handicap Accessable:
Y
","Temporary Polling Location




Handicap Accessable: 
"
KALAMAZOO COUNTY,ROSS TOWNSHIP ,     PRECINCT 2,"Permanent Polling Location




Handicap Accessable:

","Temporary Polling Location
ROSS TOWNSHIP HALL
12086 EAST M-89
RICHLAND MI 49083

Handicap Accessable: N
"
KALAMAZOO COUNTY,SCHOOLCRAFT TOWNSHIP ,     PRECINCT 1,"Permanent Polling Location
VICKSBURG UNITED METHODIST CHURCH
217 SOUTH MAIN STREET
VICKSBURG MI 49097

Handicap Accessable:
Y
(TAYLOR ROOM)","Temporary Polling Location




Handicap Accessable: 
"
KALAMAZOO COUNTY,SCHOOLCRAFT TOWNSHIP ,     PRECINCT 2,"Permanent Polling Location
SCHOOLCRAFT TWP HALL
50 EAST VW AVENUE
VICKSBURG MI 49097

Handicap Accessable:
Y
(18TH STREET AND VW AVE)","Temporary Polling Location




Handicap Accessable: 
"
KALAMAZOO COUNTY,SCHOOLCRAFT TOWNSHIP ,     PRECINCT 3,"Permanent Polling Location
VICKSBURG UNITED METHODIST CHURCH
217 SOUTH MAIN STREET
VICKSBURG MI 49097

Handicap Accessable:
Y
(TAYLOR ROOM)","Temporary Polling Location




Handicap Accessable: 
"
KALAMAZOO COUNTY,SCHOOLCRAFT TOWNSHIP ,     PRECINCT 4,"Permanent Polling Location
SCHOOLCRAFT TWP HALL
50 EAST VW AVENUE
VICKSBURG MI 49097

Handicap Accessable:
Y
(18TH STREET AND VW AVE)","Temporary Polling Location




Handicap Accessable: 
"
KALAMAZOO COUNTY,TEXAS TOWNSHIP ,     PRECINCT 1,"Permanent Polling Location
CALVARY COMMUNITY CHURCH
7829 SOUTH 5TH STREET
MATTAWAN MI 49071

Handicap Accessable:
Y
","Temporary Polling Location




Handicap Accessable: 
"
KALAMAZOO COUNTY,TEXAS TOWNSHIP ,     PRECINCT 2,"Permanent Polling Location
TEXAS TOWNSHIP HALL
7227 WEST Q AVENUE
KALAMAZOO MI 49009

Handicap Accessable:
Y
(TOWNSHIP BOARD ROOM)","Temporary Polling Location




Handicap Accessable: 
"
KALAMAZOO COUNTY,TEXAS TOWNSHIP ,     PRECINCT 3,"Permanent Polling Location
KVCC GROVES CAMPUS
7107 ELM VALLEY DRIVE
KALAMAZOO MI 49009

Handicap Accessable:
Y
","Temporary Polling Location




Handicap Accessable: 
"
KALAMAZOO COUNTY,TEXAS TOWNSHIP ,     PRECINCT 4,"Permanent Polling Location
SOUTHRIDGE CHURCH
6726 TEXAS DRIVE
KALAMAZOO MI 49009

Handicap Accessable:
Y
","Temporary Polling Location




Handicap Accessable: 
"
KALAMAZOO COUNTY,TEXAS TOWNSHIP ,     PRECINCT 5,"Permanent Polling Location
SOUTHRIDGE CHURCH
6726 TEXAS DRIVE
KALAMAZOO MI 49009

Handicap Accessable:
Y
","Temporary Polling Location




Handicap Accessable: 
"
KALAMAZOO COUNTY,TEXAS TOWNSHIP ,     PRECINCT 6,"Permanent Polling Location
CALVARY COMMUNITY CHURCH
7829 SOUTH 5TH STREET
MATTAWAN MI 49071

Handicap Accessable:
Y
","Temporary Polling Location




Handicap Accessable: 
"
KALAMAZOO COUNTY,WAKESHMA TOWNSHIP ,     PRECINCT 1,"Permanent Polling Location
WAKESHMA TWP HALL
13988 SOUTH 42ND ST
FULTON MI 49052

Handicap Accessable:
Y
","Temporary Polling Location




Handicap Accessable: 
"
KALKASKA COUNTY,BEAR LAKE TOWNSHIP ,     PRECINCT 1,"Permanent Polling Location
BEAR LAKE TWP HALL
198 E BEAR LAKE RD., N.E.
KALKASKA MI 49646

Handicap Accessable:
Y
","Temporary Polling Location




Handicap Accessable: 
"
KALKASKA COUNTY,BLUE LAKE TOWNSHIP ,     PRECINCT 1,"Permanent Polling Location
BLUE LAKE TWP HALL
10599 TWIN LK RD NE,
MANCELONA MI 49659

Handicap Accessable:
Y
(CONNECT AT SUNSET TRAILS AND TWIN LAKE RD.)","Temporary Polling Location




Handicap Accessable: 
"
KALKASKA COUNTY,BOARDMAN TOWNSHIP ,     PRECINCT 1,"Permanent Polling Location
BOARDMAN TWP. HALL
4859 PINE ST SW
SOUTH BOARDMAN MI 49680

Handicap Accessable:
Y
(PINE ST. OFF OF US 131)","Temporary Polling Location




Handicap Accessable: 
"
KALKASKA COUNTY,CLEARWATER TOWNSHIP ,     PRECINCT 1,"Permanent Polling Location
CLEARWATER TWP. HALL
P.O. BOX 1--5440 RIVER ST.
RAPID CITY MI 49676

Handicap Accessable:
Y
(RIVER ST. OFF RAPID CITY RD.)","Temporary Polling Location




Handicap Accessable: 
"
KALKASKA COUNTY,COLDSPRINGS TOWNSHIP ,     PRECINCT 1,"Permanent Polling Location
COLDSPRINGS TWP HALL
6515 CO. RD.571 NE
MANCELONA MI 49659

Handicap Accessable:
Y
(ON CO. RD. 517 N. OFF M-72)","Temporary Polling Location




Handicap Accessable: 
"
KALKASKA COUNTY,EXCELSIOR TOWNSHIP ,     PRECINCT 1,"Permanent Polling Location
EXCELSIOR TWP. HALL
987 CO. RD. 517 NE
KALKASKA MI 49646

Handicap Accessable:
Y
(CO. RD. 517 N. OFF M-72 E.)","Temporary Polling Location




Handicap Accessable: 
"
KALKASKA COUNTY,GARFIELD TOWNSHIP ,     PRECINCT 1,"Permanent Polling Location
GARFIELD TWP. HALL
466 W. SHARON RD. S.E.
FIFE LAKE MI 49633

Handicap Accessable:
Y
","Temporary Polling Location




Handicap Accessable: 
"
KALKASKA COUNTY,KALKASKA TOWNSHIP ,     PRECINCT 1,"Permanent Polling Location
KALKASKA TWP HALL
209 LAUREL ST
KALKASKA MI 49646

Handicap Accessable:
Y
","Temporary Polling Location




Handicap Accessable: 
"
KALKASKA COUNTY,KALKASKA TOWNSHIP ,     PRECINCT 2,"Permanent Polling Location
KALKASKA TWP HALL
209 LAUREL ST
KALKASKA MI 49646

Handicap Accessable:
Y
","Temporary Polling Location




Handicap Accessable: 
"
KALKASKA COUNTY,OLIVER TOWNSHIP ,     PRECINCT 1,"Permanent Polling Location
OLIVER TWP. HALL
5472 KNISS RD. SE
KALKASKA MI 49646

Handicap Accessable:
Y
(TAKE SIGMA S. OFF M-72 E. TO KNISS RD.)","Temporary Polling Location




Handicap Accessable: 
"
KALKASKA COUNTY,ORANGE TOWNSHIP ,     PRECINCT 1,"Permanent Polling Location
ORANGE TWP. HALL
028 BOARDMAN RD. SW
SOUTH BOARDMAN MI 49680

Handicap Accessable:
Y
(BOARDMAN RD. OF M-66 S.)","Temporary Polling Location




Handicap Accessable: 
"
KALKASKA COUNTY,RAPID RIVER TOWNSHIP ,     PRECINCT 1,"Permanent Polling Location
RAPID RIVER TWP. HAL
1010 PHELPS RD.
KALKASKA MI 49646

Handicap Accessable:
Y
(PHELPS RD. W. OF US-131)","Temporary Polling Location




Handicap Accessable: 
"
KALKASKA COUNTY,SPRINGFIELD TOWNSHIP ,     PRECINCT 1,"Permanent Polling Location
SPRINGFIELD TWP. HAL
5253 INGERSOLL RD. SW
FIFE LAKE MI 49633

Handicap Accessable:
Y
(US-131 TO SHIPPY RD. TO INGERSOLL)","Temporary Polling Location




Handicap Accessable: 
"
KENT COUNTY,ADA TOWNSHIP ,     PRECINCT 1,"Permanent Polling Location
KEYSTONE CHURCH
655 SPAULDING AVE SE
ADA MI 49301

Handicap Accessable:
Y
","Temporary Polling Location




Handicap Accessable: 
"
KENT COUNTY,ADA TOWNSHIP ,     PRECINCT 2,"Permanent Polling Location
KEYSTONE CHURCH
655 SPAULDING AVE SE
ADA MI 49301

Handicap Accessable:
Y
","Temporary Polling Location




Handicap Accessable: 
"
KENT COUNTY,ADA TOWNSHIP ,     PRECINCT 3,"Permanent Polling Location
ADA CONGREGATIONAL
6330 ADA DRIVE SE
ADA MI 49301

Handicap Accessable:
Y
","Temporary Polling Location




Handicap Accessable: 
"
KENT COUNTY,ADA TOWNSHIP ,     PRECINCT 4,"Permanent Polling Location
ROSELLE PARK BLDG
1010 GRAND RIVER DR NE
ADA MI 49301

Handicap Accessable:
Y
(AT ROSELLE PARK, ACROSS FROM WINTER RIDGE DR)","Temporary Polling Location




Handicap Accessable: 
"
KENT COUNTY,ADA TOWNSHIP ,     PRECINCT 5,"Permanent Polling Location
ROSELLE PARK BLDG
1010 GRAND RIVER DR NE
ADA MI 49301

Handicap Accessable:
Y
(AT ROSELLE PARK, ACROSS FROM WINTER RIDGE DR)","Temporary Polling Location




Handicap Accessable: 
"
KENT COUNTY,ADA TOWNSHIP ,     PRECINCT 6,"Permanent Polling Location
ADA CONGREGATIONAL
6330 ADA DRIVE SE
ADA MI 49301

Handicap Accessable:
Y
","Temporary Polling Location




Handicap Accessable: 
"
KENT COUNTY,ALGOMA TOWNSHIP ,     PRECINCT 1,"Permanent Polling Location
ALGOMA BAPTIST CHRCH
10515 GRANGE AVE
ROCKFORD MI 49341

Handicap Accessable:
Y
(13 MI SOUTH ON GRANGE-WEST SIDE OF ROAD)","Temporary Polling Location




Handicap Accessable: 
"
KENT COUNTY,ALGOMA TOWNSHIP ,     PRECINCT 2,"Permanent Polling Location
ALGOMA BAPTIST CHRCH
10515 GRANGE AVE
ROCKFORD MI 49341

Handicap Accessable:
Y
(13 MI SOUTH ON GRANGE-WEST SIDE OF ROAD)","Temporary Polling Location




Handicap Accessable: 
"
KENT COUNTY,ALGOMA TOWNSHIP ,     PRECINCT 3,"Permanent Polling Location
KC ROAD COMMISSION
11723 WHITE CREEK AVE
CEDAR SPRINGS MI 49319

Handicap Accessable:
Y
(NW CORNER OF 14 MILE AND WHITE CREEK AVE)","Temporary Polling Location




Handicap Accessable: 
"
KENT COUNTY,ALGOMA TOWNSHIP ,     PRECINCT 4,"Permanent Polling Location
CITY CHURCH (FORMALLY RES. LIFE)
3233 10 MILE ROAD
ROCKFORD MI 49341

Handicap Accessable:
Y
(E OF 131 EXPRESSWAY - W OF WOLVEN AVE)","Temporary Polling Location




Handicap Accessable: 
"
KENT COUNTY,ALGOMA TOWNSHIP ,     PRECINCT 5,"Permanent Polling Location
CITY CHURCH (FORMALLY RES. LIFE)
3233 10 MILE ROAD
ROCKFORD MI 49341

Handicap Accessable:
Y
(E OF 131 EXPRESSWAY - W OF WOLVEN AVE)","Temporary Polling Location




Handicap Accessable: 
"
KENT COUNTY,ALPINE TOWNSHIP ,     PRECINCT 1,"Permanent Polling Location
ALPINE COMMUNITY BLD
2015 SEVEN MILE NW
COMSTOCK PARK MI 49321

Handicap Accessable:
Y
","Temporary Polling Location




Handicap Accessable: 
"
KENT COUNTY,ALPINE TOWNSHIP ,     PRECINCT 2,"Permanent Polling Location
ZION LUTHERAN CHURCH
582 LAMOREAUX DR NW
COMSTOCK PARK MI 49321

Handicap Accessable:
Y
","Temporary Polling Location




Handicap Accessable: 
"
KENT COUNTY,ALPINE TOWNSHIP ,     PRECINCT 3,"Permanent Polling Location
ALPINE TWP OFFICES
5255 ALPINE AVE NW
COMSTOCK PARK MI 49321

Handicap Accessable:
Y
","Temporary Polling Location




Handicap Accessable: 
"
KENT COUNTY,ALPINE TOWNSHIP ,     PRECINCT 4,"Permanent Polling Location
FIRE STATION #1 - NEW
1100 HENZE STREET NW
COMSTOCK PARK MI 49321

Handicap Accessable:
Y
(CORNER OF FRUIT RIDGE AVE)","Temporary Polling Location




Handicap Accessable: 
"
KENT COUNTY,ALPINE TOWNSHIP ,     PRECINCT 5,"Permanent Polling Location
FIRE STATION #3
610 9-MILE RD NW
COMSTOCK PARK MI 49321

Handicap Accessable:
Y
","Temporary Polling Location




Handicap Accessable: 
"
KENT COUNTY,ALPINE TOWNSHIP ,     PRECINCT 6,"Permanent Polling Location
YORK CREEK COMMUNITY CENTER
3999 ALPENHORN DR NW
COMSTOCK PARK MI 49321

Handicap Accessable:
Y
(ALPENHORN, EAST OF ALPINE, ON CURVE)","Temporary Polling Location




Handicap Accessable: 
"
KENT COUNTY,BOWNE TOWNSHIP ,     PRECINCT 1,"Permanent Polling Location
BOWNE HISTORIC HALL
8240 ALDEN NASH SE
ALTO MI 49302

Handicap Accessable:
Y
","Temporary Polling Location




Handicap Accessable: 
"
KENT COUNTY,BYRON TOWNSHIP ,     PRECINCT 1,"Permanent Polling Location
PATHWAY CHURCH
8350 BYRON CENTER AVENUE
BYRON CENTER MI 49315

Handicap Accessable:
Y
(SW)","Temporary Polling Location




Handicap Accessable: 
"
KENT COUNTY,BYRON TOWNSHIP ,     PRECINCT 2,"Permanent Polling Location
BYRON TWP COMMUNITY CENTER
2120 76TH STREET, SW
BYRON CENTER MI 49315

Handicap Accessable:
Y
","Temporary Polling Location




Handicap Accessable: 
"
KENT COUNTY,BYRON TOWNSHIP ,     PRECINCT 3,"Permanent Polling Location
SPECIAL OLYMPICS OF MICHIGAN
160 68TH ST SW
GRAND RAPIDS MI 49548

Handicap Accessable:
Y
(S OF 68TH ST, E OF QUINCY)","Temporary Polling Location




Handicap Accessable: 
"
KENT COUNTY,BYRON TOWNSHIP ,     PRECINCT 4,"Permanent Polling Location
BYRON TWP COMMUNITY CENTER
2120 76TH STREET, SW
BYRON CENTER MI 49315

Handicap Accessable:
Y
","Temporary Polling Location




Handicap Accessable: 
"
KENT COUNTY,BYRON TOWNSHIP ,     PRECINCT 5,"Permanent Polling Location
PATHWAY CHURCH
8350 BYRON CENTER AVENUE
BYRON CENTER MI 49315

Handicap Accessable:
Y
(SW)","Temporary Polling Location




Handicap Accessable: 
"
KENT COUNTY,BYRON TOWNSHIP ,     PRECINCT 6,"Permanent Polling Location
FIRST CUTLERVILLE CRC
1425 68TH ST
BYRON CENTER MI 49315

Handicap Accessable:
Y
","Temporary Polling Location




Handicap Accessable: 
"
KENT COUNTY,BYRON TOWNSHIP ,     PRECINCT 7,"Permanent Polling Location
FRONTLINE CHURCH
8283 PFEIFFER FARMS DR. SW
BYRON CENTER MI 49315

Handicap Accessable:
Y
(SW)","Temporary Polling Location




Handicap Accessable: 
"
KENT COUNTY,BYRON TOWNSHIP ,     PRECINCT 8,"Permanent Polling Location
FIRST CUTLERVILLE CRC
1425 68TH ST
BYRON CENTER MI 49315

Handicap Accessable:
Y
","Temporary Polling Location




Handicap Accessable: 
"
KENT COUNTY,CALEDONIA TOWNSHIP ,     PRECINCT 1,"Permanent Polling Location
CAL VILLAGE HALL
250 MAPLE ST
CALEDONIA MI 49316

Handicap Accessable:
Y
","Temporary Polling Location




Handicap Accessable: 
"
KENT COUNTY,CALEDONIA TOWNSHIP ,     PRECINCT 2,"Permanent Polling Location
ALASKA BAPTIST CHURCH
7240 68TH ST SE
CALEDONIA MI 49316

Handicap Accessable:
Y
","Temporary Polling Location




Handicap Accessable: 
"
KENT COUNTY,CALEDONIA TOWNSHIP ,     PRECINCT 3,"Permanent Polling Location
LAKESIDE COMMUNITY
6201 WHITNEYVILLE AVE
ALTO MI 49302

Handicap Accessable:
Y
","Temporary Polling Location




Handicap Accessable: 
"
KENT COUNTY,CALEDONIA TOWNSHIP ,     PRECINCT 4,"Permanent Polling Location
WHITNEYVILLE BIBLE
8655  WHITNEYVILLE AVE
ALTO MI 49302

Handicap Accessable:
Y
","Temporary Polling Location




Handicap Accessable: 
"
KENT COUNTY,CALEDONIA TOWNSHIP ,     PRECINCT 5,"Permanent Polling Location
CALEDONIA CHRISTIAN REFORMED CHURCH
9957 CHERRY VALLEY AVE SE
CALEDONIA MI 49316

Handicap Accessable:
Y
(NW CORNER OF CHERRY VALLEY AND 100TH ST)","Temporary Polling Location




Handicap Accessable: 
"
KENT COUNTY,CALEDONIA TOWNSHIP ,     PRECINCT 6,"Permanent Polling Location
SPIRIT OF LIFE CHURCH
7638 BROADMOOR AVE SE
CALEDONIA MI 49316

Handicap Accessable:
Y
","Temporary Polling Location




Handicap Accessable: 
"
KENT COUNTY,CANNON TOWNSHIP ,     PRECINCT 1,"Permanent Polling Location




Handicap Accessable:

","Temporary Polling Location
BOSTWICK LAKE CHURCH
7979 BELDING ROAD NE
ROCKFORD MI 49341

Handicap Accessable: Y
"
KENT COUNTY,CANNON TOWNSHIP ,     PRECINCT 2,"Permanent Polling Location




Handicap Accessable:

","Temporary Polling Location
BOSTWICK LAKE CHURCH
7979 BELDING ROAD NE
ROCKFORD MI 49341

Handicap Accessable: Y
"
KENT COUNTY,CANNON TOWNSHIP ,     PRECINCT 3,"Permanent Polling Location




Handicap Accessable:

","Temporary Polling Location
CROSSROADS CHURCH
8331 MYERS LAKE AVENUE
ROCKFORD MI 49341

Handicap Accessable: Y
"
KENT COUNTY,CANNON TOWNSHIP ,     PRECINCT 4,"Permanent Polling Location




Handicap Accessable:

","Temporary Polling Location
CANNON TWP CENTER
6878 BELDING ROAD NE
ROCKFORD MI 49341

Handicap Accessable: Y
"
KENT COUNTY,CASCADE TOWNSHIP ,     PRECINCT 1,"Permanent Polling Location
CASCADE LIBRARY WISNER CENTER
2870 JACKSMITH AVE SE
GRAND RAPIDS MI 49546

Handicap Accessable:
Y
","Temporary Polling Location




Handicap Accessable: 
"
KENT COUNTY,CASCADE TOWNSHIP ,     PRECINCT 2,"Permanent Polling Location
CASCADE FELLOWSHIP
6655 CASCADE RD SE
GRAND RAPIDS MI 49546

Handicap Accessable:
Y
(BETWEEN BURTON ST AND 28TH STREET)","Temporary Polling Location




Handicap Accessable: 
"
KENT COUNTY,CASCADE TOWNSHIP ,     PRECINCT 3,"Permanent Polling Location
CASCADE CHR CHURCH
2829 THORNAPPLE RIVER DR SE
GRAND RAPIDS MI 49546

Handicap Accessable:
Y
(EAST PARLOR)","Temporary Polling Location




Handicap Accessable: 
"
KENT COUNTY,CASCADE TOWNSHIP ,     PRECINCT 4,"Permanent Polling Location
ADA BIBLE CHURCH
8899 CASCADE RD SE
ADA MI 49301

Handicap Accessable:
Y
(NORTH OF CASCADE RD, EAST OF QUIGGLE)","Temporary Polling Location




Handicap Accessable: 
"
KENT COUNTY,CASCADE TOWNSHIP ,     PRECINCT 5,"Permanent Polling Location
THORNAPPLE COMMUNITY
3260 THORNAPPLE RIVER DR SE
GRAND RAPIDS MI 49546

Handicap Accessable:
Y
(CORNER OF THORNHILLS AVE AND THORNAPPLE RIVER DR)","Temporary Polling Location




Handicap Accessable: 
"
KENT COUNTY,CEDAR SPRINGS CITY ,     PRECINCT 1,"Permanent Polling Location
CEDAR SPRING CITY HALL
130 W. MUSKEGON STREET
CEDAR SPRINGS MI 49319

Handicap Accessable:
Y
","Temporary Polling Location




Handicap Accessable: 
"
KENT COUNTY,COURTLAND TOWNSHIP ,     PRECINCT 1,"Permanent Polling Location
COURTLAND FIRE #2
9535 MYERS LAKE AVE.
ROCKFORD MI 49341

Handicap Accessable:
Y
","Temporary Polling Location




Handicap Accessable: 
"
KENT COUNTY,COURTLAND TOWNSHIP ,     PRECINCT 2,"Permanent Polling Location
ROCKFORD SPGS CHURCH
5815 14 MILE RD.
ROCKFORD MI 49341

Handicap Accessable:
Y
","Temporary Polling Location




Handicap Accessable: 
"
KENT COUNTY,COURTLAND TOWNSHIP ,     PRECINCT 3,"Permanent Polling Location
COURTLAND TWP. HALL
7450 14 MILE ROAD
ROCKFORD MI 49341

Handicap Accessable:
Y
","Temporary Polling Location




Handicap Accessable: 
"
KENT COUNTY,EAST GRAND RAPIDS CITY ,     PRECINCT 1-1,"Permanent Polling Location
CITY HALL
750 LAKESIDE DRIVE SE
GRAND RAPIDS MI 49506

Handicap Accessable:
Y
(CITY COMMISSION CHAMBERS)","Temporary Polling Location




Handicap Accessable: 
"
KENT COUNTY,EAST GRAND RAPIDS CITY ,     PRECINCT 2-2,"Permanent Polling Location
BRETON DOWNS SCHOOL
2500 BOSTON STREET SE
GRAND RAPIDS MI 49506

Handicap Accessable:
Y
","Temporary Polling Location




Handicap Accessable: 
"
KENT COUNTY,EAST GRAND RAPIDS CITY ,     PRECINCT 3-3,"Permanent Polling Location




Handicap Accessable:

","Temporary Polling Location
CITY HALL
750 LAKESIDE DRIVE SE
GRAND RAPIDS MI 49506

Handicap Accessable: Y
(CITY COMMISSION CHAMBERS)"
KENT COUNTY,GAINES TOWNSHIP ,     PRECINCT 1,"Permanent Polling Location
GAINES TWP OFFICES
8555 KALAMAZOO AVE. S.E.
CALEDONIA MI 49316

Handicap Accessable:
Y
(SOUTHWEST CORNER OF KALAMAZOO AND 84TH STREET)","Temporary Polling Location




Handicap Accessable: 
"
KENT COUNTY,GAINES TOWNSHIP ,     PRECINCT 2,"Permanent Polling Location
GAINES TWP OFFICES
8555 KALAMAZOO AVE. S.E.
CALEDONIA MI 49316

Handicap Accessable:
Y
(SOUTHWEST CORNER OF KALAMAZOO AND 84TH STREET)","Temporary Polling Location




Handicap Accessable: 
"
KENT COUNTY,GAINES TOWNSHIP ,     PRECINCT 3,"Permanent Polling Location
GAINES TWP LIBRARY
421- 68TH STREET SE
GRAND RAPIDS MI 49548

Handicap Accessable:
Y
(ON THE NORHTHEAST CORNER OF MADISON AND 68TH)","Temporary Polling Location




Handicap Accessable: 
"
KENT COUNTY,GAINES TOWNSHIP ,     PRECINCT 4,"Permanent Polling Location
HERITAGE BAPT CHURCH
1570 - 60TH STREET SE
GRAND RAPIDS MI 49548

Handicap Accessable:
Y
(ON THE SOUTH SIDE OF 60TH NEAR KALAMAZOO AVE)","Temporary Polling Location




Handicap Accessable: 
"
KENT COUNTY,GAINES TOWNSHIP ,     PRECINCT 5,"Permanent Polling Location
HERITAGE BAPT CHURCH
1570 - 60TH STREET SE
GRAND RAPIDS MI 49548

Handicap Accessable:
Y
(ON THE SOUTH SIDE OF 60TH NEAR KALAMAZOO AVE)","Temporary Polling Location




Handicap Accessable: 
"
KENT COUNTY,GAINES TOWNSHIP ,     PRECINCT 6,"Permanent Polling Location
HILLSIDE COMM CHURCH
1440 -  68TH STREET SE
GRAND RAPIDS MI 49508

Handicap Accessable:
Y
","Temporary Polling Location




Handicap Accessable: 
"
KENT COUNTY,GAINES TOWNSHIP ,     PRECINCT 7,"Permanent Polling Location
PROVIDENCE CHURCH
7730 EASTERN AVE SE
GRAND RAPIDS MI 49548

Handicap Accessable:
Y
(SLIGHTLY SOUTH OF 76TH STREET ON THE EAST SIDE)","Temporary Polling Location




Handicap Accessable: 
"
KENT COUNTY,GAINES TOWNSHIP ,     PRECINCT 8,"Permanent Polling Location
ADA BIBLE CHURCH
2045 68TH STREET SE
CALEDONIA MI 49316

Handicap Accessable:
Y
(NORTH OFF 68TH ST. BETWEEN KALAMAZOO AND HANNA LK.)","Temporary Polling Location




Handicap Accessable: 
"
KENT COUNTY,GAINES TOWNSHIP ,     PRECINCT 9,"Permanent Polling Location
ADA BIBLE CHURCH
2045 68TH STREET SE
CALEDONIA MI 49316

Handicap Accessable:
Y
(NORTH OFF 68TH ST. BETWEEN KALAMAZOO AND HANNA LK.)","Temporary Polling Location




Handicap Accessable: 
"
KENT COUNTY,GRAND RAPIDS CHARTER TOWNSHIP ,     PRECINCT 1,"Permanent Polling Location
GRAND RAPIDS TWP HAL
1836 EAST BELTLINE NE
GRAND RAPIDS MI 49525

Handicap Accessable:
Y
(EAST BELTLINE NORTH OF I 96)","Temporary Polling Location




Handicap Accessable: 
"
KENT COUNTY,GRAND RAPIDS CHARTER TOWNSHIP ,     PRECINCT 2,"Permanent Polling Location
ORCH. VIEW CH OF GOD
2777 LEFFINGWELL AVE NE
GRAND RAPIDS MI 49525

Handicap Accessable:
Y
(LEFFINGWELL AVE AND 3 MILE ROAD)","Temporary Polling Location




Handicap Accessable: 
"
KENT COUNTY,GRAND RAPIDS CHARTER TOWNSHIP ,     PRECINCT 3,"Permanent Polling Location
FOREST HILLS BAPTIST CHURCH
3900 E FULTON ST
GRAND RAPIDS MI 49546

Handicap Accessable:
Y
","Temporary Polling Location




Handicap Accessable: 
"
KENT COUNTY,GRAND RAPIDS CHARTER TOWNSHIP ,     PRECINCT 4,"Permanent Polling Location
ADA BIBLE CHURCH
3869 KNAPP ST NE
GRAND RAPIDS MI 49525

Handicap Accessable:
Y
(N OF KNAPP, W OF MAGUIRE)","Temporary Polling Location




Handicap Accessable: 
"
KENT COUNTY,GRAND RAPIDS CHARTER TOWNSHIP ,     PRECINCT 5,"Permanent Polling Location
TOWNSHIP FIRE STATIO
4433 HEATHER LANE SE
GRAND RAPIDS MI 49546

Handicap Accessable:
Y
(FULTON AND HEATHER LANE)","Temporary Polling Location




Handicap Accessable: 
"
KENT COUNTY,GRAND RAPIDS CHARTER TOWNSHIP ,     PRECINCT 6,"Permanent Polling Location
TWP FIRE STATION
2728 THREE MILE ROAD NE
GRAND RAPIDS MI 49525

Handicap Accessable:
Y
","Temporary Polling Location




Handicap Accessable: 
"
KENT COUNTY,GRAND RAPIDS CITY ,     PRECINCT 1-1,"Permanent Polling Location
KENT CO RECYCLING & EDUCATION CENTER
977 WEALTHY SW
GRAND RAPIDS MI 49503

Handicap Accessable:
Y
","Temporary Polling Location




Handicap Accessable: 
"
KENT COUNTY,GRAND RAPIDS CITY ,     PRECINCT 1-2,"Permanent Polling Location
SIBLEY ELEMENTARY SCHOOL
947 SIBLEY NW
GRAND RAPIDS MI 49504

Handicap Accessable:
Y
","Temporary Polling Location




Handicap Accessable: 
"
KENT COUNTY,GRAND RAPIDS CITY ,     PRECINCT 1-3,"Permanent Polling Location
BROOKSIDE ELEMENTARY SCHOOL
2505 MADISON AVE SE
GRAND RAPIDS MI 49507

Handicap Accessable:
Y
","Temporary Polling Location




Handicap Accessable: 
"
KENT COUNTY,GRAND RAPIDS CITY ,     PRECINCT 1-4,"Permanent Polling Location
GARFIELD PARK GYM
2111 MADISON AVE SE
GRAND RAPIDS MI 49507

Handicap Accessable:
Y
","Temporary Polling Location




Handicap Accessable: 
"
KENT COUNTY,GRAND RAPIDS CITY ,     PRECINCT 1-5,"Permanent Polling Location
MARSH RIDGE SENIOR COMMUNITY
470 MARSH RIDGE NW (COMM. CTR.)
GRAND RAPIDS MI 49504

Handicap Accessable:
Y
","Temporary Polling Location




Handicap Accessable: 
"
KENT COUNTY,GRAND RAPIDS CITY ,     PRECINCT 1-6,"Permanent Polling Location
LAGRAVE CHRISTIAN REFORMED CHURCH
107 LAGRAVE AVE SE
GRAND RAPIDS MI 49503

Handicap Accessable:
Y
","Temporary Polling Location




Handicap Accessable: 
"
KENT COUNTY,GRAND RAPIDS CITY ,     PRECINCT 1-7,"Permanent Polling Location
FIRST EVANGELICAL COVENANT CHURCH
1933 TREMONT BL NW
GRAND RAPIDS MI 49504

Handicap Accessable:
Y
","Temporary Polling Location




Handicap Accessable: 
"
KENT COUNTY,GRAND RAPIDS CITY ,     PRECINCT 1-8,"Permanent Polling Location
FAITH COMMUNITY CHURCH OF WEST MICHIGAN
2600 SEVENTH ST NW
GRAND RAPIDS MI 49504

Handicap Accessable:
Y
","Temporary Polling Location




Handicap Accessable: 
"
KENT COUNTY,GRAND RAPIDS CITY ,     PRECINCT 1-9,"Permanent Polling Location
NEW VINTAGE PLACE 
889 BROADWAY AVENUE NW
GRAND RAPIDS MI 49504

Handicap Accessable:
Y
","Temporary Polling Location




Handicap Accessable: 
"
KENT COUNTY,GRAND RAPIDS CITY ,     PRECINCT 1-10,"Permanent Polling Location
ST MARY'S CHURCH-ACTIVITIES CENTER
420 - 2ND ST NW
GRAND RAPIDS MI 49504

Handicap Accessable:
Y
","Temporary Polling Location




Handicap Accessable: 
"
KENT COUNTY,GRAND RAPIDS CITY ,     PRECINCT 1-11,"Permanent Polling Location
HARRISON PARK ELEMENTARY SCHOOL
1440 DAVIS NW
GRAND RAPIDS MI 49504

Handicap Accessable:
Y
","Temporary Polling Location




Handicap Accessable: 
"
KENT COUNTY,GRAND RAPIDS CITY ,     PRECINCT 1-12,"Permanent Polling Location
CESAR E CHAVEZ ELEMENTARY SCHOOL
1205 CESAR E CHAVEZ SW
GRAND RAPIDS MI 49503

Handicap Accessable:
Y
","Temporary Polling Location




Handicap Accessable: 
"
KENT COUNTY,GRAND RAPIDS CITY ,     PRECINCT 1-13,"Permanent Polling Location
BURTON ELEMENTARY SCHOOL
2133 BUCHANAN AVE SW
GRAND RAPIDS MI 49507

Handicap Accessable:
Y
","Temporary Polling Location




Handicap Accessable: 
"
KENT COUNTY,GRAND RAPIDS CITY ,     PRECINCT 1-14,"Permanent Polling Location
SEVENTH REFORMED CHURCH
950 LEONARD ST NW
GRAND RAPIDS MI 49504

Handicap Accessable:
Y
","Temporary Polling Location




Handicap Accessable: 
"
KENT COUNTY,GRAND RAPIDS CITY ,     PRECINCT 1-15,"Permanent Polling Location
NEW HOPE BAPTIST CHURCH
130 DELAWARE SW
GRAND RAPIDS MI 49507

Handicap Accessable:
Y
","Temporary Polling Location




Handicap Accessable: 
"
KENT COUNTY,GRAND RAPIDS CITY ,     PRECINCT 1-16,"Permanent Polling Location
ST. PETER & PAUL SCHOOL
1430 QUARRY NW 
GRAND RAPIDS MI 49504

Handicap Accessable:
Y
","Temporary Polling Location




Handicap Accessable: 
"
KENT COUNTY,GRAND RAPIDS CITY ,     PRECINCT 1-17,"Permanent Polling Location
ST PAUL'S ANGLICAN CATHOLIC CHURCH
2560 LAKE MICHIGAN DR NW
GRAND RAPIDS MI 49504

Handicap Accessable:
Y
","Temporary Polling Location




Handicap Accessable: 
"
KENT COUNTY,GRAND RAPIDS CITY ,     PRECINCT 1-18,"Permanent Polling Location
WESTVIEW CHRISTIAN REFORMED CHURCH
2929 LEONARD NW
GRAND RAPIDS MI 49504

Handicap Accessable:
Y
","Temporary Polling Location




Handicap Accessable: 
"
KENT COUNTY,GRAND RAPIDS CITY ,     PRECINCT 1-19,"Permanent Polling Location
DOWNTOWN CHRISTIAN CHURCH
1711 WALKER AVE NW
GRAND RAPIDS MI 49504

Handicap Accessable:
Y
","Temporary Polling Location




Handicap Accessable: 
"
KENT COUNTY,GRAND RAPIDS CITY ,     PRECINCT 1-20,"Permanent Polling Location
BUCHANAN ELEMENTARY SCHOOL
1775 BUCHANAN AVE SW
GRAND RAPIDS MI 49507

Handicap Accessable:
Y
","Temporary Polling Location




Handicap Accessable: 
"
KENT COUNTY,GRAND RAPIDS CITY ,     PRECINCT 2-21,"Permanent Polling Location
CONGRESS ELEMENTARY SCHOOL
940 BALDWIN SE
GRAND RAPIDS MI 49506

Handicap Accessable:
Y
","Temporary Polling Location




Handicap Accessable: 
"
KENT COUNTY,GRAND RAPIDS CITY ,     PRECINCT 2-22,"Permanent Polling Location
KENT HILLS ELEMENTARY SCHOOL
1445 EMERALD AVE NE
GRAND RAPIDS MI 49505

Handicap Accessable:
Y
","Temporary Polling Location




Handicap Accessable: 
"
KENT COUNTY,GRAND RAPIDS CITY ,     PRECINCT 2-23,"Permanent Polling Location
ST. ISIDORE PARISH CENTER
625 SPRING AVE NE
GRAND RAPIDS MI 49503

Handicap Accessable:
Y
","Temporary Polling Location




Handicap Accessable: 
"
KENT COUNTY,GRAND RAPIDS CITY ,     PRECINCT 2-24,"Permanent Polling Location
4TH REFORMED CHURCH
1226 UNION NE
GRAND RAPIDS MI 49503

Handicap Accessable:
Y
(BACK ENTRANCE NEW CITY NEIGHBORS)","Temporary Polling Location




Handicap Accessable: 
"
KENT COUNTY,GRAND RAPIDS CITY ,     PRECINCT 2-25,"Permanent Polling Location
ENCOUNTER CHURCH
1736 LYON NE
GRAND RAPIDS MI 49503

Handicap Accessable:
Y
","Temporary Polling Location




Handicap Accessable: 
"
KENT COUNTY,GRAND RAPIDS CITY ,     PRECINCT 2-26,"Permanent Polling Location
PALMER ELEMENTARY SCHOOL
309 PALMER ST NE
GRAND RAPIDS MI 49505

Handicap Accessable:
Y
","Temporary Polling Location




Handicap Accessable: 
"
KENT COUNTY,GRAND RAPIDS CITY ,     PRECINCT 2-27,"Permanent Polling Location
EMERALD FLATS GYM
750 EASTERN NE
GRAND RAPIDS MI 49503

Handicap Accessable:
Y
","Temporary Polling Location




Handicap Accessable: 
"
KENT COUNTY,GRAND RAPIDS CITY ,     PRECINCT 2-28,"Permanent Polling Location
LEONARD TERRACE APTS
1315 LEONARD ST NE
GRAND RAPIDS MI 49505

Handicap Accessable:
Y
","Temporary Polling Location




Handicap Accessable: 
"
KENT COUNTY,GRAND RAPIDS CITY ,     PRECINCT 2-29,"Permanent Polling Location
NORTHLAWN UNITED METHODIST CHURCH
1157 NORTHLAWN NE
GRAND RAPIDS MI 49505

Handicap Accessable:
Y
","Temporary Polling Location




Handicap Accessable: 
"
KENT COUNTY,GRAND RAPIDS CITY ,     PRECINCT 2-30,"Permanent Polling Location
ABERDEEN ELEMENTARY SCHOOL
928 ABERDEEN ST NE
GRAND RAPIDS MI 49505

Handicap Accessable:
Y
(ABERDEEN AND DIAMOND NE)","Temporary Polling Location




Handicap Accessable: 
"
KENT COUNTY,GRAND RAPIDS CITY ,     PRECINCT 2-31,"Permanent Polling Location
COIT ARTS ACADEMY
617 COIT NE (LIVINGSTON ENT)
GRAND RAPIDS MI 49503

Handicap Accessable:
Y
","Temporary Polling Location




Handicap Accessable: 
"
KENT COUNTY,GRAND RAPIDS CITY ,     PRECINCT 2-32,"Permanent Polling Location
WESTMINSTER PRESBYTERIAN CHURCH
47 JEFFERSON AVE SE
GRAND RAPIDS MI 49503

Handicap Accessable:
Y
","Temporary Polling Location




Handicap Accessable: 
"
KENT COUNTY,GRAND RAPIDS CITY ,     PRECINCT 2-33,"Permanent Polling Location
TRINITY METHODIST CHURCH
1100 LAKE DR SE
GRAND RAPIDS MI 49506

Handicap Accessable:
Y
","Temporary Polling Location




Handicap Accessable: 
"
KENT COUNTY,GRAND RAPIDS CITY ,     PRECINCT 2-34,"Permanent Polling Location
NORTH PARK SCHOOL
3375 CHENEY AVE NE
GRAND RAPIDS MI 49505

Handicap Accessable:
Y
","Temporary Polling Location




Handicap Accessable: 
"
KENT COUNTY,GRAND RAPIDS CITY ,     PRECINCT 2-35,"Permanent Polling Location
VISTA SPRINGS-RIVERSIDE GARDENS
2420 COIT AVE NE
GRAND RAPIDS MI 49505

Handicap Accessable:
Y
","Temporary Polling Location




Handicap Accessable: 
"
KENT COUNTY,GRAND RAPIDS CITY ,     PRECINCT 2-36,"Permanent Polling Location
FAITH LUTHERAN CHURCH
2740 FULLER AVE NE
GRAND RAPIDS MI 49505

Handicap Accessable:
Y
","Temporary Polling Location




Handicap Accessable: 
"
KENT COUNTY,GRAND RAPIDS CITY ,     PRECINCT 2-37,"Permanent Polling Location
BECKWITH HILLS CHRISTIAN REFORMED CHURCH
2100 CHELSEA NE
GRAND RAPIDS MI 49505

Handicap Accessable:
Y
","Temporary Polling Location




Handicap Accessable: 
"
KENT COUNTY,GRAND RAPIDS CITY ,     PRECINCT 2-38,"Permanent Polling Location
YANKEE CLIPPER LIBRARY
2025 LEONARD NE (LOWER LEVEL)
GRAND RAPIDS MI 49505

Handicap Accessable:
Y
","Temporary Polling Location




Handicap Accessable: 
"
KENT COUNTY,GRAND RAPIDS CITY ,     PRECINCT 2-39,"Permanent Polling Location
HOLY TRINITY GREEK ORTHODOX CHURCH
330 LAKESIDE DR NE
GRAND RAPIDS MI 49503

Handicap Accessable:
Y
","Temporary Polling Location




Handicap Accessable: 
"
KENT COUNTY,GRAND RAPIDS CITY ,     PRECINCT 2-40,"Permanent Polling Location
RANSOM TOWER APTS
50 RANSOM NE (BARCLAY ENT.)
GRAND RAPIDS MI 49503

Handicap Accessable:
Y
","Temporary Polling Location




Handicap Accessable: 
"
KENT COUNTY,GRAND RAPIDS CITY ,     PRECINCT 3-41,"Permanent Polling Location
GRAND RAPIDS INTERNATIONAL FELLOWSHIP
3765 KALAMAZOO AVE SE
GRAND RAPIDS MI 49508

Handicap Accessable:
Y
","Temporary Polling Location




Handicap Accessable: 
"
KENT COUNTY,GRAND RAPIDS CITY ,     PRECINCT 3-42,"Permanent Polling Location
WOODLAWN CRC MINISTRY CENTER
3190 BURTON SE
GRAND RAPIDS MI 49546

Handicap Accessable:
Y
","Temporary Polling Location




Handicap Accessable: 
"
KENT COUNTY,GRAND RAPIDS CITY ,     PRECINCT 3-43,"Permanent Polling Location
OUR SAVIOR LUTHERAN CHURCH
2900 BURTON SE
GRAND RAPIDS MI 49546

Handicap Accessable:
Y
","Temporary Polling Location




Handicap Accessable: 
"
KENT COUNTY,GRAND RAPIDS CITY ,     PRECINCT 3-44,"Permanent Polling Location
SHAWNEE PARK CHRISTIAN REFORMED CHURCH
2255 TECUMSEH DR SE
GRAND RAPIDS MI 49506

Handicap Accessable:
Y
","Temporary Polling Location




Handicap Accessable: 
"
KENT COUNTY,GRAND RAPIDS CITY ,     PRECINCT 3-45,"Permanent Polling Location
BROOKSIDE CHRISTIAN REFORMED CHURCH
3600 KALAMAZOO SE
GRAND RAPIDS MI 49508

Handicap Accessable:
Y
","Temporary Polling Location




Handicap Accessable: 
"
KENT COUNTY,GRAND RAPIDS CITY ,     PRECINCT 3-46,"Permanent Polling Location
PLYMOUTH UNITED CHURCH OF CHRIST
4010 KALAMAZOO SE
GRAND RAPIDS MI 49508

Handicap Accessable:
Y
","Temporary Polling Location




Handicap Accessable: 
"
KENT COUNTY,GRAND RAPIDS CITY ,     PRECINCT 3-47,"Permanent Polling Location
MARTIN LUTHER KING JR LEADERSHIP ACADEMY
645 LOGAN SE
GRAND RAPIDS MI 49503

Handicap Accessable:
Y
","Temporary Polling Location




Handicap Accessable: 
"
KENT COUNTY,GRAND RAPIDS CITY ,     PRECINCT 3-48,"Permanent Polling Location
CALVIN CHRISTIAN REFORMED CHURCH
700 ETHEL AVE SE
GRAND RAPIDS MI 49506

Handicap Accessable:
Y
","Temporary Polling Location




Handicap Accessable: 
"
KENT COUNTY,GRAND RAPIDS CITY ,     PRECINCT 3-49,"Permanent Polling Location
DICKINSON ELEMENTARY SCHOOL
448 DICKINSON SE
GRAND RAPIDS MI 49507

Handicap Accessable:
Y
","Temporary Polling Location




Handicap Accessable: 
"
KENT COUNTY,GRAND RAPIDS CITY ,     PRECINCT 3-50,"Permanent Polling Location
CROSSWAY COMMUNITY CHURCH
3950 BURTON SE
GRAND RAPIDS MI 49546

Handicap Accessable:
Y
","Temporary Polling Location




Handicap Accessable: 
"
KENT COUNTY,GRAND RAPIDS CITY ,     PRECINCT 3-51,"Permanent Polling Location




Handicap Accessable:

","Temporary Polling Location
BROOKSIDE CHRISTIAN REFORMED CHURCH
3600 KALAMAZOO SE
GRAND RAPIDS MI 49508

Handicap Accessable: Y
"
KENT COUNTY,GRAND RAPIDS CITY ,     PRECINCT 3-52,"Permanent Polling Location
FIRST CHRISTIAN REFORMED CHURCH
651 MARTIN LUTHER KING JR ST, SE
GRAND RAPIDS MI 49507

Handicap Accessable:
Y
","Temporary Polling Location




Handicap Accessable: 
"
KENT COUNTY,GRAND RAPIDS CITY ,     PRECINCT 3-53,"Permanent Polling Location
OAKDALE PARK CHRISTIAN REFORMED CHURCH
961 TEMPLE SE
GRAND RAPIDS MI 49507

Handicap Accessable:
Y
","Temporary Polling Location




Handicap Accessable: 
"
KENT COUNTY,GRAND RAPIDS CITY ,     PRECINCT 3-54,"Permanent Polling Location
EAST CONGREGATIONAL CHURCH
1005 GIDDINGS SE (BASEMENT)
GRAND RAPIDS MI 49506

Handicap Accessable:
Y
","Temporary Polling Location




Handicap Accessable: 
"
KENT COUNTY,GRAND RAPIDS CITY ,     PRECINCT 3-55,"Permanent Polling Location
FULLER AVENUE CHURCH
1239 FULLER AVE SE
GRAND RAPIDS MI 49506

Handicap Accessable:
Y
","Temporary Polling Location




Handicap Accessable: 
"
KENT COUNTY,GRAND RAPIDS CITY ,     PRECINCT 3-56,"Permanent Polling Location
SEYMOUR CHRISTIAN REFORMED CHURCH
840 ALGER ST SE
GRAND RAPIDS MI 49507

Handicap Accessable:
Y
","Temporary Polling Location




Handicap Accessable: 
"
KENT COUNTY,GRAND RAPIDS CITY ,     PRECINCT 3-57,"Permanent Polling Location
HUB 07
1534 KALAMAZOO SE
GRAND RAPIDS MI 49507

Handicap Accessable:
Y
","Temporary Polling Location




Handicap Accessable: 
"
KENT COUNTY,GRAND RAPIDS CITY ,     PRECINCT 3-58,"Permanent Polling Location
EASTERN AVE. CHRISTIAN REFORMED CHURCH
514 EASTERN SE (LOGAN ST ENT)
GRAND RAPIDS MI 49503

Handicap Accessable:
Y
","Temporary Polling Location




Handicap Accessable: 
"
KENT COUNTY,GRAND RAPIDS CITY ,     PRECINCT 3-59,"Permanent Polling Location
PLYMOUTH HEIGHTS CHRISTIAN REF. CHURCH
1800 PLYMOUTH SE
GRAND RAPIDS MI 49506

Handicap Accessable:
Y
","Temporary Polling Location




Handicap Accessable: 
"
KENT COUNTY,GRANDVILLE CITY ,     PRECINCT 1,"Permanent Polling Location
GRANDVILLE LIBRARY COMMONS ROOM
4055 MAPLE ST
GRANDVILLE MI 49418

Handicap Accessable:
Y
(CORNER OF MAPLE AVE  AND WASHINGTON AVE)","Temporary Polling Location




Handicap Accessable: 
"
KENT COUNTY,GRANDVILLE CITY ,     PRECINCT 2,"Permanent Polling Location
FIRST REFORMED CHURCH
3060 WILSON AVE SW
GRANDVILLE MI 49418

Handicap Accessable:
Y
","Temporary Polling Location




Handicap Accessable: 
"
KENT COUNTY,GRANDVILLE CITY ,     PRECINCT 3,"Permanent Polling Location
ST PIUS X
3937 WILSON AVE
GRANDVILLE MI 49418

Handicap Accessable:
Y
","Temporary Polling Location




Handicap Accessable: 
"
KENT COUNTY,GRANDVILLE CITY ,     PRECINCT 4,"Permanent Polling Location
SOUTH GRANDVILLE CRC
4130 WILSON AVE
GRANDVILLE MI 49418

Handicap Accessable:
Y
","Temporary Polling Location




Handicap Accessable: 
"
KENT COUNTY,GRANDVILLE CITY ,     PRECINCT 5,"Permanent Polling Location
GRANDVILLE BIBLE CH
4122 44TH ST
GRANDVILLE MI 49418

Handicap Accessable:
Y
","Temporary Polling Location




Handicap Accessable: 
"
KENT COUNTY,GRANDVILLE CITY ,     PRECINCT 6,"Permanent Polling Location
IVANREST CR CHURCH
3777 IVANREST AVE.
GRANDVILLE MI 49418

Handicap Accessable:
Y
(WEST SIDE OF IVANREST BETWEEN PRAIRIE AND 40TH)","Temporary Polling Location




Handicap Accessable: 
"
KENT COUNTY,GRATTAN TOWNSHIP ,     PRECINCT 1,"Permanent Polling Location
GRATTAN TWP HALL
12050 OLD BELDING RD
BELDING MI 48809

Handicap Accessable:
Y
","Temporary Polling Location




Handicap Accessable: 
"
KENT COUNTY,GRATTAN TOWNSHIP ,     PRECINCT 2,"Permanent Polling Location
GRATTAN FIRE STATION
12134 OLD BELDING RD.
BELDING MI 48809

Handicap Accessable:
Y
","Temporary Polling Location




Handicap Accessable: 
"
KENT COUNTY,KENTWOOD CITY ,     PRECINCT 1-1,"Permanent Polling Location
KWOOD ACTIVITY CNTR
355 - 48TH ST SE
KENTWOOD MI 49548

Handicap Accessable:
Y
(48TH BETWEEN EASTERN AND DIVISION)","Temporary Polling Location




Handicap Accessable: 
"
KENT COUNTY,KENTWOOD CITY ,     PRECINCT 1-2,"Permanent Polling Location
ST MARY MAGDALEN CH
1253 - 52ND ST SE
KENTWOOD MI 49508

Handicap Accessable:
Y
(1/2 BETWEEN KALAMAZOO AND EASTERN ON NORTH SIDE )","Temporary Polling Location




Handicap Accessable: 
"
KENT COUNTY,KENTWOOD CITY ,     PRECINCT 1-3,"Permanent Polling Location
KELLOGGSVILLE CHURCH
610 - 52ND ST SE
KENTWOOD MI 49548

Handicap Accessable:
Y
(ON SOUTH SIDE OF 52ND ST 2 BLOCKS WEST OF EASTERN)","Temporary Polling Location




Handicap Accessable: 
"
KENT COUNTY,KENTWOOD CITY ,     PRECINCT 1-4,"Permanent Polling Location
KWOOD ACTIVITY CNTR
355 - 48TH ST SE
KENTWOOD MI 49548

Handicap Accessable:
Y
(48TH BETWEEN EASTERN AND DIVISION)","Temporary Polling Location




Handicap Accessable: 
"
KENT COUNTY,KENTWOOD CITY ,     PRECINCT 1-5,"Permanent Polling Location
KWOOD ACTIVITY CNTR
355 - 48TH ST SE
KENTWOOD MI 49548

Handicap Accessable:
Y
(48TH BETWEEN EASTERN AND DIVISION)","Temporary Polling Location




Handicap Accessable: 
"
KENT COUNTY,KENTWOOD CITY ,     PRECINCT 1-6,"Permanent Polling Location
KELLOGGSVILLE CHURCH
610 - 52ND ST SE
KENTWOOD MI 49548

Handicap Accessable:
Y
(ON SOUTH SIDE OF 52ND ST 2 BLOCKS WEST OF EASTERN)","Temporary Polling Location




Handicap Accessable: 
"
KENT COUNTY,KENTWOOD CITY ,     PRECINCT 1-7,"Permanent Polling Location
KENTWOOD CHR CHURCH
5841 KALAMAZOO AVE SE
KENTWOOD MI 49508

Handicap Accessable:
Y
(WEST SIDE OF KALAMAZOO NORTH OF 60TH ST)","Temporary Polling Location




Handicap Accessable: 
"
KENT COUNTY,KENTWOOD CITY ,     PRECINCT 1-8,"Permanent Polling Location
PRINCETON CHR REF CH
5330 KALAMAZOO AVE SE
KENTWOOD MI 49508

Handicap Accessable:
Y
(OFF KALAMAZOO BETWEEN 52ND AND 60TH STREETS)","Temporary Polling Location




Handicap Accessable: 
"
KENT COUNTY,KENTWOOD CITY ,     PRECINCT 1-9,"Permanent Polling Location
GR.CHURCH
4525 STAUFFER AVE
KENTWOOD MI 49508

Handicap Accessable:
Y
(CORNER OF STAUFFER & BOWEN, SOUTH OF 44TH ST)","Temporary Polling Location




Handicap Accessable: 
"
KENT COUNTY,KENTWOOD CITY ,     PRECINCT 1-17,"Permanent Polling Location
THE PENTECOSTALS OF KENTWOOD
2627 - 44TH ST SE
KENTWOOD MI 49512

Handicap Accessable:
Y
(ON NORTH SIDE OF 44TH ST BETWEEN BRETON & WALMA)","Temporary Polling Location




Handicap Accessable: 
"
KENT COUNTY,KENTWOOD CITY ,     PRECINCT 2-10,"Permanent Polling Location
ST MARK LUTHERAN CH
1934 - 52ND ST SE
KENTWOOD MI 49508

Handicap Accessable:
Y
(SOUTH SIDE OF 52ND ST AT MAPLE CREEK)","Temporary Polling Location




Handicap Accessable: 
"
KENT COUNTY,KENTWOOD CITY ,     PRECINCT 2-11,"Permanent Polling Location
AFRICAN COMMUNITY FELLOWSHIP CHURCH
4275 SHAFFER AVE SE
KENTWOOD MI 49512

Handicap Accessable:
Y
(NW CORNER OF 44TH ST AND SHAFFER AVE)","Temporary Polling Location




Handicap Accessable: 
"
KENT COUNTY,KENTWOOD CITY ,     PRECINCT 2-12,"Permanent Polling Location
KENTWOOD LIBRARY
4950 BRETON AVE SE
KENTWOOD MI 49508

Handicap Accessable:
Y
(SOUTH OF CITY HALL)","Temporary Polling Location




Handicap Accessable: 
"
KENT COUNTY,KENTWOOD CITY ,     PRECINCT 2-13,"Permanent Polling Location
ST PAUL U M CHURCH
3334 BRETON AVE SE
KENTWOOD MI 49508

Handicap Accessable:
Y
(EAST SIDE OF BRETON SOUTH OF 32ND ST)","Temporary Polling Location




Handicap Accessable: 
"
KENT COUNTY,KENTWOOD CITY ,     PRECINCT 2-14,"Permanent Polling Location
COVENANT PARK
3724 SHAFFER AVE SE
KENTWOOD MI 49512

Handicap Accessable:
Y
(ACCESSIBLE ON SHAFFER BETWEEN 44TH ST AND 32ND ST OR ON 36TH ST BETWEEN SHAFFER AND BROADMOOR AVE)","Temporary Polling Location




Handicap Accessable: 
"
KENT COUNTY,KENTWOOD CITY ,     PRECINCT 2-15,"Permanent Polling Location
ST PAUL U M CHURCH
3334 BRETON AVE SE
KENTWOOD MI 49508

Handicap Accessable:
Y
(EAST SIDE OF BRETON SOUTH OF 32ND ST)","Temporary Polling Location




Handicap Accessable: 
"
KENT COUNTY,KENTWOOD CITY ,     PRECINCT 2-16,"Permanent Polling Location
CHURCH OF SERVANT
3835 BURTON ST SE
KENTWOOD MI 49546

Handicap Accessable:
Y
(BURTON ST WEST OF EAST PARIS)","Temporary Polling Location




Handicap Accessable: 
"
KENT COUNTY,LOWELL CITY ,     PRECINCT 1,"Permanent Polling Location
CITY HALL-2ND FLOOR
301 EAST MAIN STREET
LOWELL MI 49331

Handicap Accessable:
Y
(CORNER OF EAST MAIN AND MONROE )","Temporary Polling Location




Handicap Accessable: 
"
KENT COUNTY,LOWELL CITY ,     PRECINCT 2,"Permanent Polling Location
CITY HALL-2ND FLOOR
301 EAST MAIN STREET
LOWELL MI 49331

Handicap Accessable:
Y
(CORNER OF EAST MAIN AND MONROE )","Temporary Polling Location




Handicap Accessable: 
"
KENT COUNTY,LOWELL TOWNSHIP ,     PRECINCT 1,"Permanent Polling Location
LOWELL TWP HALL - UPPER LEVEL
2910 ALDEN NASH SE
LOWELL MI 49331

Handicap Accessable:
Y
(UPPER LEVEL)","Temporary Polling Location




Handicap Accessable: 
"
KENT COUNTY,LOWELL TOWNSHIP ,     PRECINCT 2,"Permanent Polling Location
LOWELL TWP HALL - LOWER LEVEL
2910 ALDEN NASH SE
LOWELL MI 49331

Handicap Accessable:
Y
(LOWER LEVEL)","Temporary Polling Location




Handicap Accessable: 
"
KENT COUNTY,NELSON TOWNSHIP ,     PRECINCT 1,"Permanent Polling Location
NELSON TWP LIBRARY
88 EIGHTH STREET
SAND LAKE MI 49343

Handicap Accessable:
Y
","Temporary Polling Location




Handicap Accessable: 
"
KENT COUNTY,NELSON TOWNSHIP ,     PRECINCT 2,"Permanent Polling Location
THE GATHERING PLACE
18 LAKE STREET
SAND LAKE MI 49343

Handicap Accessable:
Y
","Temporary Polling Location




Handicap Accessable: 
"
KENT COUNTY,OAKFIELD TOWNSHIP ,     PRECINCT 1,"Permanent Polling Location
OAKFIELD TWP HALL
10300 14 MILE RD.
ROCKFORD MI 49341

Handicap Accessable:
Y
(14 MILE RD & HARVARD)","Temporary Polling Location




Handicap Accessable: 
"
KENT COUNTY,OAKFIELD TOWNSHIP ,     PRECINCT 2,"Permanent Polling Location
OAKFIELD TWP HALL
10300 14 MILE RD.
ROCKFORD MI 49341

Handicap Accessable:
Y
(14 MILE RD & HARVARD)","Temporary Polling Location




Handicap Accessable: 
"
KENT COUNTY,OAKFIELD TOWNSHIP ,     PRECINCT 3,"Permanent Polling Location
OAKFIELD TWP HALL
10300 14 MILE RD.
ROCKFORD MI 49341

Handicap Accessable:
Y
(14 MILE RD & HARVARD)","Temporary Polling Location




Handicap Accessable: 
"
KENT COUNTY,PLAINFIELD TOWNSHIP ,     PRECINCT 1,"Permanent Polling Location
REVELATION POINTE CHURCH
6446 BELMONT AVE NE
BELMONT MI 49306

Handicap Accessable:
Y
(BELMONT AVE NE BETWEEN POST DR AND BELMONT CENTER DR NE)","Temporary Polling Location




Handicap Accessable: 
"
KENT COUNTY,PLAINFIELD TOWNSHIP ,     PRECINCT 2,"Permanent Polling Location
PF CHRISTIAN CHURCH
7255 PINE ISLAND DRIVE NE
COMSTOCK PARK MI 49321

Handicap Accessable:
Y
(FELLOWSHIP HALL)","Temporary Polling Location




Handicap Accessable: 
"
KENT COUNTY,PLAINFIELD TOWNSHIP ,     PRECINCT 3,"Permanent Polling Location
PARCC SIDE CLEAN WATER PLANT
4775 COIT AVE 
GRAND RAPIDS MI 49525

Handicap Accessable:
Y
(COIT AVE BETWEEN HUNSBERGER NE AND WOODWORTH ST NE)","Temporary Polling Location




Handicap Accessable: 
"
KENT COUNTY,PLAINFIELD TOWNSHIP ,     PRECINCT 4,"Permanent Polling Location
FIRE ST #3 - TRN CTR
4383 PLAINFIELD AVENUE NE
GRAND RAPIDS MI 49525

Handicap Accessable:
Y
(TRAINING CENTER CLASSROOM)","Temporary Polling Location




Handicap Accessable: 
"
KENT COUNTY,PLAINFIELD TOWNSHIP ,     PRECINCT 6,"Permanent Polling Location
MAGNIFY CHURCH
6727 KUTTSHILL DRIVE NE
ROCKFORD MI 49341

Handicap Accessable:
Y
(BETWEEN CHILDSDALE AVENUE & BREWER STREET)","Temporary Polling Location




Handicap Accessable: 
"
KENT COUNTY,PLAINFIELD TOWNSHIP ,     PRECINCT 7,"Permanent Polling Location
ST LUKES CHURCH
3215 FOUR MILE ROAD NE
GRAND RAPIDS MI 49525

Handicap Accessable:
Y
(FELLOWSHIP HALL)","Temporary Polling Location




Handicap Accessable: 
"
KENT COUNTY,PLAINFIELD TOWNSHIP ,     PRECINCT 8,"Permanent Polling Location
PF COMMUNITY CENTER
5255 GRAND RIVER DRIVE NE
GRAND RAPIDS MI 49525

Handicap Accessable:
Y
(MULTI-PURPOSE ROOM)","Temporary Polling Location




Handicap Accessable: 
"
KENT COUNTY,PLAINFIELD TOWNSHIP ,     PRECINCT 9,"Permanent Polling Location
GRACE FELLOWSHIP CHR
735 BUTH DRIVE NE
COMSTOCK PARK MI 49321

Handicap Accessable:
Y
(1 BLOCK EAST OF PINE ISLAND DRIVE)","Temporary Polling Location




Handicap Accessable: 
"
KENT COUNTY,PLAINFIELD TOWNSHIP ,     PRECINCT 10,"Permanent Polling Location
ASSUMPTION BVM
6390 BELMONT AVENUE NE
BELMONT MI 49306

Handicap Accessable:
Y
(BASEMENT - FELLOWSHIP HALL)","Temporary Polling Location




Handicap Accessable: 
"
KENT COUNTY,PLAINFIELD TOWNSHIP ,     PRECINCT 11,"Permanent Polling Location




Handicap Accessable:

","Temporary Polling Location
BLYTHEFIELD CHRISTIAN REFORMED CHURCH
6350 KUTTSHILL DRIVE NE
ROCKFORD MI 49341

Handicap Accessable: Y
"
KENT COUNTY,ROCKFORD CITY ,     PRECINCT 1,"Permanent Polling Location
FIRE STATION
7 S MONROE ST
ROCKFORD MI 49341

Handicap Accessable:
Y
","Temporary Polling Location




Handicap Accessable: 
"
KENT COUNTY,ROCKFORD CITY ,     PRECINCT 2,"Permanent Polling Location
CITY HALL
7 S MONROE ST
ROCKFORD MI 49341

Handicap Accessable:
Y
","Temporary Polling Location




Handicap Accessable: 
"
KENT COUNTY,SOLON TOWNSHIP ,     PRECINCT 1,"Permanent Polling Location
SOLON TOWNSHIP FD
2305 19-MILE RD.
CEDAR SPRINGS MI 49319

Handicap Accessable:
Y
(WEST OFF OF ALGOMA AVE. ABOVE FIRE BARN)","Temporary Polling Location




Handicap Accessable: 
"
KENT COUNTY,SOLON TOWNSHIP ,     PRECINCT 2,"Permanent Polling Location
SOLON TOWNSHIP HALL
15185 ALGOMA AVENUE NE
CEDAR SPRINGS MI 49319

Handicap Accessable:
Y
(BETWEEN 18 MILE ROAD AND 19 MILE ROAD)","Temporary Polling Location




Handicap Accessable: 
"
KENT COUNTY,SOLON TOWNSHIP ,     PRECINCT 3,"Permanent Polling Location
BEHIND SOLON TOWNSHIP HALL/RED BUILDING
15185 ALGOMA AVE NE
CEDAR SPRINGS MI 49319

Handicap Accessable:
Y
","Temporary Polling Location




Handicap Accessable: 
"
KENT COUNTY,SPARTA TOWNSHIP ,     PRECINCT 1,"Permanent Polling Location
TRINITY CRC CHURCH
660 S STATE STREET
SPARTA MI 49345

Handicap Accessable:
Y
","Temporary Polling Location




Handicap Accessable: 
"
KENT COUNTY,SPARTA TOWNSHIP ,     PRECINCT 2,"Permanent Polling Location
TRINITY CRC CHURCH
660 S STATE STREET
SPARTA MI 49345

Handicap Accessable:
Y
","Temporary Polling Location




Handicap Accessable: 
"
KENT COUNTY,SPENCER TOWNSHIP ,     PRECINCT 1,"Permanent Polling Location
SPENCER TWP HALL
14960 MEDDLER
GOWEN MI 49326

Handicap Accessable:
Y
","Temporary Polling Location




Handicap Accessable: 
"
KENT COUNTY,SPENCER TOWNSHIP ,     PRECINCT 2,"Permanent Polling Location
SPENCER TWP HALL
14960 MEDDLER
GOWEN MI 49326

Handicap Accessable:
Y
","Temporary Polling Location




Handicap Accessable: 
"
KENT COUNTY,TYRONE TOWNSHIP ,     PRECINCT 1,"Permanent Polling Location
TYRONE TWP COM BLDG
28 E MUSKEGON ST
KENT CITY MI 49330

Handicap Accessable:
Y
(SOUTH ADDITION TO TWP OFFICE EAST OF MAIN ST)","Temporary Polling Location




Handicap Accessable: 
"
KENT COUNTY,VERGENNES TOWNSHIP ,     PRECINCT 1,"Permanent Polling Location
VERGENNES TWP HALL - NEW LOCATION
69 LINCOLN LAKE AVE NE
LOWELL MI 49331

Handicap Accessable:
Y
(WEST SIDE OF LINCOLN LAKE AVE BETWEEN VERGENNES AND BAILEY)","Temporary Polling Location




Handicap Accessable: 
"
KENT COUNTY,VERGENNES TOWNSHIP ,     PRECINCT 2,"Permanent Polling Location
VERGENNES TWP HALL - NEW LOCATION
69 LINCOLN LAKE AVE NE
LOWELL MI 49331

Handicap Accessable:
Y
(WEST SIDE OF LINCOLN LAKE AVE BETWEEN VERGENNES AND BAILEY)","Temporary Polling Location




Handicap Accessable: 
"
KENT COUNTY,WALKER CITY ,     PRECINCT 1-1,"Permanent Polling Location
ORCHARD HILL REF CH
1465 3 MILE RD NW
GRAND RAPIDS MI 49544

Handicap Accessable:
Y
","Temporary Polling Location




Handicap Accessable: 
"
KENT COUNTY,WALKER CITY ,     PRECINCT 1-2,"Permanent Polling Location
FIRE STATION #3 - UPPER LEVEL
1470 3 MILE NW
GRAND RAPIDS MI 49544

Handicap Accessable:
Y
(UPPER LEVEL)","Temporary Polling Location




Handicap Accessable: 
"
KENT COUNTY,WALKER CITY ,     PRECINCT 2-3,"Permanent Polling Location
WALKER CITY HALL
4243 REMEMBRANCE RD
GRAND RAPIDS MI 49534

Handicap Accessable:
Y
","Temporary Polling Location




Handicap Accessable: 
"
KENT COUNTY,WALKER CITY ,     PRECINCT 2-4,"Permanent Polling Location
WALKER ICE & FITNESS
4151 REMEMBRANCE RD.
GRAND RAPIDS MI 49544

Handicap Accessable:
Y
","Temporary Polling Location




Handicap Accessable: 
"
KENT COUNTY,WALKER CITY ,     PRECINCT 3-5,"Permanent Polling Location
FIRE STATION #2
4101 LAKE MICHIGAN DR NW
GRAND RAPIDS MI 49544

Handicap Accessable:
Y
","Temporary Polling Location




Handicap Accessable: 
"
KENT COUNTY,WALKER CITY ,     PRECINCT 3-6,"Permanent Polling Location
STANDALE BAPTIST CHU
3714 LAKE MICH DR. NW
GRAND RAPIDS MI 49544

Handicap Accessable:
Y
","Temporary Polling Location




Handicap Accessable: 
"
KENT COUNTY,WYOMING CITY ,     PRECINCT 1-1,"Permanent Polling Location
GODWIN PHYS ED BLDG
31 36TH STREET SW
WYOMING MI 49548

Handicap Accessable:
Y
","Temporary Polling Location




Handicap Accessable: 
"
KENT COUNTY,WYOMING CITY ,     PRECINCT 1-2,"Permanent Polling Location
IDEAL PARK CHURCH
320 56TH STREET SW
WYOMING MI 49509

Handicap Accessable:
Y
","Temporary Polling Location




Handicap Accessable: 
"
KENT COUNTY,WYOMING CITY ,     PRECINCT 1-3,"Permanent Polling Location
FIRE STATION COMM RM
2300 GEZON PARKWAY SW
WYOMING MI 49509

Handicap Accessable:
Y
","Temporary Polling Location




Handicap Accessable: 
"
KENT COUNTY,WYOMING CITY ,     PRECINCT 1-4,"Permanent Polling Location
SUNSET PARK CHURCH OF GOD
3450 MICHAEL AVENUE SW
WYOMING MI 49509

Handicap Accessable:
Y
","Temporary Polling Location




Handicap Accessable: 
"
KENT COUNTY,WYOMING CITY ,     PRECINCT 1-5,"Permanent Polling Location
GRAND RAPIDS FIRST
2100 44TH STREET SW
WYOMING MI 49509

Handicap Accessable:
Y
","Temporary Polling Location




Handicap Accessable: 
"
KENT COUNTY,WYOMING CITY ,     PRECINCT 1-6,"Permanent Polling Location
TOGETHER CHURCH
2950 CLYDE PARK AVE SW
WYOMING MI 49509

Handicap Accessable:
Y
","Temporary Polling Location




Handicap Accessable: 
"
KENT COUNTY,WYOMING CITY ,     PRECINCT 2-7,"Permanent Polling Location
WYO PUBLIC LIBRARY
3350 MICHAEL AVE SW
WYOMING MI 49509

Handicap Accessable:
Y
","Temporary Polling Location




Handicap Accessable: 
"
KENT COUNTY,WYOMING CITY ,     PRECINCT 2-8,"Permanent Polling Location
WYOMING SR. CENTER
2380 DEHOOP AVE SW
WYOMING MI 49509

Handicap Accessable:
Y
","Temporary Polling Location




Handicap Accessable: 
"
KENT COUNTY,WYOMING CITY ,     PRECINCT 2-9,"Permanent Polling Location
PINERY PARK LODGE
2301 DEHOOP AVENUE SW
WYOMING MI 49509

Handicap Accessable:
Y
","Temporary Polling Location




Handicap Accessable: 
"
KENT COUNTY,WYOMING CITY ,     PRECINCT 2-10,"Permanent Polling Location
GRACE CHRISTIAN UNIVERSITY
1011 ALDON ST SW
WYOMING MI 49509

Handicap Accessable:
Y
","Temporary Polling Location




Handicap Accessable: 
"
KENT COUNTY,WYOMING CITY ,     PRECINCT 2-11,"Permanent Polling Location
WYOMING MOOSE LODGE #763
2630 BURLINGAME AVENUE SW
WYOMING MI 49509

Handicap Accessable:
Y
","Temporary Polling Location




Handicap Accessable: 
"
KENT COUNTY,WYOMING CITY ,     PRECINCT 2-12,"Permanent Polling Location
WESLEY PARK CHURCH
1150 32ND STREET SW
WYOMING MI 49509

Handicap Accessable:
Y
","Temporary Polling Location




Handicap Accessable: 
"
KENT COUNTY,WYOMING CITY ,     PRECINCT 3-13,"Permanent Polling Location
GRACE REFORMED CHUR
3330 BURLINGAME AVE SW
WYOMING MI 49509

Handicap Accessable:
Y
","Temporary Polling Location




Handicap Accessable: 
"
KENT COUNTY,WYOMING CITY ,     PRECINCT 3-14,"Permanent Polling Location
CALVARY CHR REFORMED
3500 BYRON CENTER AVE SW
WYOMING MI 49509

Handicap Accessable:
Y
","Temporary Polling Location




Handicap Accessable: 
"
KENT COUNTY,WYOMING CITY ,     PRECINCT 3-15,"Permanent Polling Location
CHRIST LUTHERAN CHUR
2350 44TH STREET SW
WYOMING MI 49509

Handicap Accessable:
Y
","Temporary Polling Location




Handicap Accessable: 
"
KENT COUNTY,WYOMING CITY ,     PRECINCT 3-16,"Permanent Polling Location
BETHANY UNITED REF
5401 BYRON CENTER AVE SW
WYOMING MI 49519

Handicap Accessable:
Y
","Temporary Polling Location




Handicap Accessable: 
"
KENT COUNTY,WYOMING CITY ,     PRECINCT 3-17,"Permanent Polling Location
RESURRECTION LIFE CH
5100 IVANREST AVENUE SW
WYOMING MI 49418

Handicap Accessable:
Y
(NE CORNER OF IVANREST AND 52ND STREET)","Temporary Polling Location




Handicap Accessable: 
"
KENT COUNTY,WYOMING CITY ,     PRECINCT 3-18,"Permanent Polling Location
RESURRECTION LIFE CH
5100 IVANREST AVENUE SW
WYOMING MI 49418

Handicap Accessable:
Y
(NE CORNER OF IVANREST AND 52ND STREET)","Temporary Polling Location




Handicap Accessable: 
"
KEWEENAW COUNTY,ALLOUEZ TOWNSHIP ,     PRECINCT 1,"Permanent Polling Location
ALLOUEZ COMM. BLDG.
388 BUMBLETOWN RD
ALLOUEZ MI 49805

Handicap Accessable:
Y
(U.S. 41 & BUMBLETOWN RD.)","Temporary Polling Location




Handicap Accessable: 
"
KEWEENAW COUNTY,EAGLE HARBOR TOWNSHIP ,     PRECINCT 1,"Permanent Polling Location
EAGLEHARBOR TWP HALL
321 CENTER ST
MOHAWK MI 49950

Handicap Accessable:
Y
(CENTER & 3RD ST)","Temporary Polling Location




Handicap Accessable: 
"
KEWEENAW COUNTY,GRANT TOWNSHIP ,     PRECINCT 1,"Permanent Polling Location
CH VISITORS CENTER
230 GRATIOT ST
COPPER HARBOR MI 49918

Handicap Accessable:
Y
(U.S. 41 AND 2ND ST)","Temporary Polling Location




Handicap Accessable: 
"
KEWEENAW COUNTY,HOUGHTON TOWNSHIP ,     PRECINCT 1,"Permanent Polling Location
TOWNSHIP BLDG.
5059 4TH
MOHAWK MI 49950

Handicap Accessable:
Y
(M-26 & 4TH ST.)","Temporary Polling Location




Handicap Accessable: 
"
KEWEENAW COUNTY,SHERMAN TOWNSHIP ,     PRECINCT 1,"Permanent Polling Location
TOWNSHIP OFFICE
8872 2ND ST
LAKE LINDEN MI 49945

Handicap Accessable:
Y
(SECOND AND LAKE ST)","Temporary Polling Location




Handicap Accessable: 
"
LAKE COUNTY,CHASE TOWNSHIP ,     PRECINCT 1,"Permanent Polling Location
CHASE TWP HALL
8264 E. US 10
CHASE MI 49623

Handicap Accessable:
Y
(ON HIGHWAY 10 IN CHASE)","Temporary Polling Location




Handicap Accessable: 
"
LAKE COUNTY,CHERRY VALLEY TOWNSHIP ,     PRECINCT 2,"Permanent Polling Location
CHERRYVALLY TWP HALL
5850 S KINGS HWY
CHASE MI 49623

Handicap Accessable:
Y
","Temporary Polling Location




Handicap Accessable: 
"
LAKE COUNTY,DOVER TOWNSHIP ,     PRECINCT 3,"Permanent Polling Location
DOVER TOWNSHIP HALL
8092 RAYMOND ROAD
TUSTIN MI 49688

Handicap Accessable:
Y
","Temporary Polling Location




Handicap Accessable: 
"
LAKE COUNTY,EDEN TOWNSHIP ,     PRECINCT 4,"Permanent Polling Location
EDEN TWP HALL
5837 W 10 1/2 MILE RD
IRONS MI 49644

Handicap Accessable:
Y
","Temporary Polling Location




Handicap Accessable: 
"
LAKE COUNTY,ELK TOWNSHIP ,     PRECINCT 5,"Permanent Polling Location
ELK TWP HALL
8966 N BASS LAKE ROAD
IRONS MI 49644

Handicap Accessable:
Y
","Temporary Polling Location




Handicap Accessable: 
"
LAKE COUNTY,ELLSWORTH TOWNSHIP ,     PRECINCT 6,"Permanent Polling Location
ELLSWORTH TWP HALL
210 N STATE STREET
LUTHER MI 49656

Handicap Accessable:
Y
","Temporary Polling Location




Handicap Accessable: 
"
LAKE COUNTY,LAKE TOWNSHIP ,     PRECINCT 7,"Permanent Polling Location
LAKE TWP PAVILION
15580 S STAR LAKE DR
BALDWIN MI 49304

Handicap Accessable:
Y
","Temporary Polling Location




Handicap Accessable: 
"
LAKE COUNTY,NEWKIRK TOWNSHIP ,     PRECINCT 8,"Permanent Polling Location
MUNICIPAL HALL
301 N STATE STREET
LUTHER MI 49656

Handicap Accessable:
Y
","Temporary Polling Location




Handicap Accessable: 
"
LAKE COUNTY,PEACOCK TOWNSHIP ,     PRECINCT 10,"Permanent Polling Location
PEACOCK TWP HALL
4480 W 4 MILE RD
IRONS MI 49644

Handicap Accessable:
Y
","Temporary Polling Location




Handicap Accessable: 
"
LAKE COUNTY,PINORA TOWNSHIP ,     PRECINCT 11,"Permanent Polling Location
PINORA TWP HALL
4032 S DEER LAKE RD
REED CITY MI 49677

Handicap Accessable:
Y
","Temporary Polling Location




Handicap Accessable: 
"
LAKE COUNTY,PLEASANT PLAINS TOWNSHIP ,     PRECINCT 12,"Permanent Polling Location
PLEASANT PLAINS TOWNSHIP BUILDING
7333 S M-37
BALDWIN MI 49304

Handicap Accessable:
Y
(SOUTH OF BALDWIN ON M-37, EAST SIDE OF ROAD)","Temporary Polling Location




Handicap Accessable: 
"
LAKE COUNTY,SAUBLE TOWNSHIP ,     PRECINCT 15,"Permanent Polling Location
SAUBLE TOWNSHIP HALL
8906 W. 6 MI RD.
IRONS MI 49644

Handicap Accessable:
Y
","Temporary Polling Location




Handicap Accessable: 
"
LAKE COUNTY,SWEETWATER TOWNSHIP ,     PRECINCT 16,"Permanent Polling Location
SWEETWATER TWP HALL
11265 W STEVENSEN RD
BRANCH MI 49402

Handicap Accessable:
Y
","Temporary Polling Location




Handicap Accessable: 
"
LAKE COUNTY,WEBBER TOWNSHIP ,     PRECINCT 17,"Permanent Polling Location
WEBBER TWP HALL
2286 W SPRINGTIME STREET
BALDWIN MI 49304

Handicap Accessable:
Y
(N ON M-37 TURN E ON SPRINGTIME OLD YATES SCHOOL)","Temporary Polling Location




Handicap Accessable: 
"
LAKE COUNTY,YATES TOWNSHIP ,     PRECINCT 19,"Permanent Polling Location
YATES TOWNSHIP
6437 SOUTH NELSON ROAD
IDLEWILD MI 49642

Handicap Accessable:
Y
(OFF US 10 TURN SOUTH ON NELSON ROAD APPROX 3/4 MI)","Temporary Polling Location




Handicap Accessable: 
"
LAPEER COUNTY,ALMONT TOWNSHIP ,     PRECINCT 1,"Permanent Polling Location
ALMONT TOWNSHIP FIRE HALL
7487 TUBSPRING
ALMONT MI 48003

Handicap Accessable:
Y
","Temporary Polling Location




Handicap Accessable: 
"
LAPEER COUNTY,ALMONT TOWNSHIP ,     PRECINCT 2,"Permanent Polling Location
ALMONT TOWNSHIP FIRE HALL
7487 TUBSPRING
ALMONT MI 48003

Handicap Accessable:
Y
","Temporary Polling Location




Handicap Accessable: 
"
LAPEER COUNTY,ARCADIA TOWNSHIP ,     PRECINCT 1,"Permanent Polling Location
ARCADIA TWP HALL
4900 SPENCER STREET
ATTICA MI 48412

Handicap Accessable:
Y
","Temporary Polling Location




Handicap Accessable: 
"
LAPEER COUNTY,ATTICA TOWNSHIP ,     PRECINCT 1,"Permanent Polling Location
ATTICA TWP HALL
4350 PEPPERMILL ROAD
ATTICA MI 48412

Handicap Accessable:
Y
","Temporary Polling Location




Handicap Accessable: 
"
LAPEER COUNTY,ATTICA TOWNSHIP ,     PRECINCT 2,"Permanent Polling Location
ATTICA TWP HALL
4350 PEPPERMILL ROAD
ATTICA MI 48412

Handicap Accessable:
Y
","Temporary Polling Location




Handicap Accessable: 
"
LAPEER COUNTY,BROWN CITY CITY ,     PRECINCT 1,"Permanent Polling Location
BROWN CITY HALL
4205 MAIN ST., BROWN CITY
BROWN CITY MI 48416

Handicap Accessable:
Y
","Temporary Polling Location




Handicap Accessable: 
"
LAPEER COUNTY,BROWN CITY CITY ,     PRECINCT 1,"Permanent Polling Location
BROWN CITY HALL
4205 MAIN ST., BROWN CITY
BROWN CITY MI 48416

Handicap Accessable:
Y
","Temporary Polling Location




Handicap Accessable: 
"
LAPEER COUNTY,BURLINGTON TOWNSHIP ,     PRECINCT 1,"Permanent Polling Location
CLIFFORD MUNICIPAL
4548 MADISON
CLIFFORD MI 48727

Handicap Accessable:
Y
","Temporary Polling Location




Handicap Accessable: 
"
LAPEER COUNTY,BURNSIDE TOWNSHIP ,     PRECINCT 1,"Permanent Polling Location
TOWNSHIP HALL
7045 BURNSIDE ROAD
BROWN CITY MI 48416

Handicap Accessable:
Y
(NE CORNER OF M-90 AND M-53)","Temporary Polling Location




Handicap Accessable: 
"
LAPEER COUNTY,DEERFIELD TOWNSHIP ,     PRECINCT 1,"Permanent Polling Location
DEERFIELD TOWNSHIP
30 E BURNSIDE ROAD
NORTH BRANCH MI 48461

Handicap Accessable:
Y
","Temporary Polling Location




Handicap Accessable: 
"
LAPEER COUNTY,DEERFIELD TOWNSHIP ,     PRECINCT 2,"Permanent Polling Location
DEERFIELD TOWNSHIP
30 E BURNSIDE ROAD
NORTH BRANCH MI 48461

Handicap Accessable:
Y
","Temporary Polling Location




Handicap Accessable: 
"
LAPEER COUNTY,DRYDEN TOWNSHIP ,     PRECINCT 1,"Permanent Polling Location
DRYDEN TWP HALL
4849 DRYDEN ROAD
DRYDEN MI 48428

Handicap Accessable:
Y
","Temporary Polling Location




Handicap Accessable: 
"
LAPEER COUNTY,ELBA TOWNSHIP ,     PRECINCT 1,"Permanent Polling Location
ELBA TOWNSHIP
4717 LIPPINCOTT RD
LAPEER MI 48446

Handicap Accessable:
Y
","Temporary Polling Location




Handicap Accessable: 
"
LAPEER COUNTY,ELBA TOWNSHIP ,     PRECINCT 2,"Permanent Polling Location
ELBA TOWNSHIP
4717 LIPPINCOTT RD
LAPEER MI 48446

Handicap Accessable:
Y
","Temporary Polling Location




Handicap Accessable: 
"
LAPEER COUNTY,ELBA TOWNSHIP ,     PRECINCT 3,"Permanent Polling Location
ELBA TOWNSHIP
4717 LIPPINCOTT RD
LAPEER MI 48446

Handicap Accessable:
Y
","Temporary Polling Location




Handicap Accessable: 
"
LAPEER COUNTY,GOODLAND TOWNSHIP ,     PRECINCT 1,"Permanent Polling Location
GOODLAND TWP HALL
2374 N. VAN DYKE ROAD
IMLAY CITY MI 48444

Handicap Accessable:
Y
(1/8 MILE NORTH OF SHAW ROAD ON M-53)","Temporary Polling Location




Handicap Accessable: 
"
LAPEER COUNTY,HADLEY TOWNSHIP ,     PRECINCT 1,"Permanent Polling Location
TOWNSHIP OFFICES
4293 PRATT RD
HADLEY MI 48440

Handicap Accessable:
Y
(EAST OF HADLEY RD ON PRATT RD)","Temporary Polling Location




Handicap Accessable: 
"
LAPEER COUNTY,IMLAY CITY CITY ,     PRECINCT 1,"Permanent Polling Location
IMLAY CITY HALL
150 NORTH MAIN STREET
IMLAY CITY MI 48444

Handicap Accessable:
Y
","Temporary Polling Location




Handicap Accessable: 
"
LAPEER COUNTY,IMLAY CITY CITY ,     PRECINCT 2,"Permanent Polling Location
IMLAY CITY HALL
150 NORTH MAIN STREET
IMLAY CITY MI 48444

Handicap Accessable:
Y
","Temporary Polling Location




Handicap Accessable: 
"
LAPEER COUNTY,IMLAY TOWNSHIP ,     PRECINCT 1,"Permanent Polling Location
IMLAY TWP HALL
682 N. FAIRGROUNDS ROAD
IMLAY CITY MI 48444

Handicap Accessable:
Y
","Temporary Polling Location




Handicap Accessable: 
"
LAPEER COUNTY,LAPEER CITY ,     PRECINCT 1,"Permanent Polling Location
TRINITY METHODIST CHURCH
1310 N. MAIN ST.
LAPEER MI 48446

Handicap Accessable:
Y
(EAST SIDE OF M-24 ACROSS FROM HOSPITAL)","Temporary Polling Location




Handicap Accessable: 
"
LAPEER COUNTY,LAPEER CITY ,     PRECINCT 2,"Permanent Polling Location
CALVARY BIBLE CHURCH
923 S MAIN STREET
LAPEER MI 48446

Handicap Accessable:
Y
(NORTH OF STATE POLICE POST - EAST SIDE OF M-24)","Temporary Polling Location




Handicap Accessable: 
"
LAPEER COUNTY,LAPEER TOWNSHIP ,     PRECINCT 1,"Permanent Polling Location
LAPEER TOWNSHIP HALL
1500 MORRIS ROAD
LAPEER MI 48446

Handicap Accessable:
Y
","Temporary Polling Location




Handicap Accessable: 
"
LAPEER COUNTY,LAPEER TOWNSHIP ,     PRECINCT 2,"Permanent Polling Location
LAPEER TOWNSHIP HALL
1500 MORRIS ROAD
LAPEER MI 48446

Handicap Accessable:
Y
","Temporary Polling Location




Handicap Accessable: 
"
LAPEER COUNTY,MARATHON TOWNSHIP ,     PRECINCT 1,"Permanent Polling Location
COLUMBIAVILLE COMMUNITY CENTER
4620 WATER ST
COLUMBIAVILLE MI 48421

Handicap Accessable:
Y
","Temporary Polling Location




Handicap Accessable: 
"
LAPEER COUNTY,MAYFIELD TOWNSHIP ,     PRECINCT 1,"Permanent Polling Location
MAYFIELD TOWNSHIP
1900 N SAGINAW RD
LAPEER MI 48446

Handicap Accessable:
Y
","Temporary Polling Location




Handicap Accessable: 
"
LAPEER COUNTY,MAYFIELD TOWNSHIP ,     PRECINCT 2,"Permanent Polling Location
MAYFIELD TOWNSHIP
1900 N SAGINAW RD
LAPEER MI 48446

Handicap Accessable:
Y
","Temporary Polling Location




Handicap Accessable: 
"
LAPEER COUNTY,MAYFIELD TOWNSHIP ,     PRECINCT 3,"Permanent Polling Location
MAYFIELD TOWNSHIP
1900 N SAGINAW RD
LAPEER MI 48446

Handicap Accessable:
Y
","Temporary Polling Location




Handicap Accessable: 
"
LAPEER COUNTY,METAMORA TOWNSHIP ,     PRECINCT 1,"Permanent Polling Location
MET. TWP FIRE HALL
730 W. DRYDEN RD.
METAMORA MI 48455

Handicap Accessable:
Y
","Temporary Polling Location




Handicap Accessable: 
"
LAPEER COUNTY,METAMORA TOWNSHIP ,     PRECINCT 2,"Permanent Polling Location
METAMORA TWP HALL
730 W DRYDEN RD
METAMORA MI 48455

Handicap Accessable:
Y
","Temporary Polling Location




Handicap Accessable: 
"
LAPEER COUNTY,NORTH BRANCH TOWNSHIP ,     PRECINCT 1,"Permanent Polling Location
TOWNSHIP HALL
6771 ELM STREET
NORTH BRANCH MI 48461

Handicap Accessable:
Y
","Temporary Polling Location




Handicap Accessable: 
"
LAPEER COUNTY,OREGON TOWNSHIP ,     PRECINCT 1,"Permanent Polling Location
OREGON TOWNSHIP
2525 MARATHON RD
LAPEER MI 48446

Handicap Accessable:
Y
","Temporary Polling Location




Handicap Accessable: 
"
LAPEER COUNTY,OREGON TOWNSHIP ,     PRECINCT 2,"Permanent Polling Location
OREGON TOWNSHIP
2525 MARATHON RD
LAPEER MI 48446

Handicap Accessable:
Y
","Temporary Polling Location




Handicap Accessable: 
"
LAPEER COUNTY,RICH TOWNSHIP ,     PRECINCT 1,"Permanent Polling Location
TOWNSHIP HALL
8482 N. LAPEER ROAD
MAYVILLE MI 48744

Handicap Accessable:
Y
(SE CORNER OF M-24 AND MILLINGTON ROADS)","Temporary Polling Location




Handicap Accessable: 
"
LEELANAU COUNTY,BINGHAM TOWNSHIP ,     PRECINCT 1,"Permanent Polling Location
TOWNSHIP OFFICE
7171 S. CENTER HWY
TRAVERSE CITY MI 49684

Handicap Accessable:
Y
(OLD BINGHAM SCHOOL HOUSE)","Temporary Polling Location




Handicap Accessable: 
"
LEELANAU COUNTY,CENTERVILLE TOWNSHIP ,     PRECINCT 1,"Permanent Polling Location
TOWNSHIP HALL
5001 S FRENCH RD
CEDAR MI 49621

Handicap Accessable:
Y
(INTERSECTION OF BODUS AND FRENCH RD)","Temporary Polling Location




Handicap Accessable: 
"
LEELANAU COUNTY,CLEVELAND TOWNSHIP ,     PRECINCT 1,"Permanent Polling Location
TOWNSHIP HALL
955 W. HARBOR HWY
MAPLE CITY MI 49664

Handicap Accessable:
Y
","Temporary Polling Location




Handicap Accessable: 
"
LEELANAU COUNTY,ELMWOOD TOWNSHIP ,     PRECINCT 1,"Permanent Polling Location
TOWNSHIP CENTER
10090 E. LINCOLN RD
TRAVERSE CITY MI 49684

Handicap Accessable:
Y
","Temporary Polling Location




Handicap Accessable: 
"
LEELANAU COUNTY,ELMWOOD TOWNSHIP ,     PRECINCT 2,"Permanent Polling Location
FIRE STATION
10750 E. CHERRY BEND RD
TRAVERSE CITY MI 49684

Handicap Accessable:
Y
","Temporary Polling Location




Handicap Accessable: 
"
LEELANAU COUNTY,EMPIRE TOWNSHIP ,     PRECINCT 1,"Permanent Polling Location
EMPIRE TWP HALL
10088 FRONT STREET
EMPIRE MI 49630

Handicap Accessable:
Y
","Temporary Polling Location




Handicap Accessable: 
"
LEELANAU COUNTY,GLEN ARBOR TOWNSHIP ,     PRECINCT 1,"Permanent Polling Location
TOWNSHIP HALL
6394 W. WESTERN AVE.
GLEN ARBOR MI 49636

Handicap Accessable:
Y
","Temporary Polling Location




Handicap Accessable: 
"
LEELANAU COUNTY,KASSON TOWNSHIP ,     PRECINCT 1,"Permanent Polling Location
TOWNSHIP HALL
10988 S. NEWMAN RD
MAPLE CITY MI 49664

Handicap Accessable:
Y
","Temporary Polling Location




Handicap Accessable: 
"
LEELANAU COUNTY,LEELANAU TOWNSHIP ,     PRECINCT 1,"Permanent Polling Location
TOWNSHIP FIRE HALL
100 8TH STREET
NORTHPORT MI 49670

Handicap Accessable:
Y
(LEELANAU TWP FIREHALL)","Temporary Polling Location




Handicap Accessable: 
"
LEELANAU COUNTY,LELAND TOWNSHIP ,     PRECINCT 1,"Permanent Polling Location
LELAND FIRE STATION
203 S. GRAND AVENUE
LELAND MI 49654

Handicap Accessable:
Y
","Temporary Polling Location




Handicap Accessable: 
"
LEELANAU COUNTY,SOLON TOWNSHIP ,     PRECINCT 1,"Permanent Polling Location
TOWNSHIP HALL
9191 S KASSON ST.
CEDAR MI 49621

Handicap Accessable:
Y
(ON EAST SIDE OF ROAD, JUST SOUTH OF WHITMAN RD)","Temporary Polling Location




Handicap Accessable: 
"
LEELANAU COUNTY,SUTTONS BAY TOWNSHIP ,     PRECINCT 1,"Permanent Polling Location
SUTTONS BAY FIRE HALL
201 S. ST. MARYS AVENUE
SUTTONS BAY MI 49682

Handicap Accessable:
Y
","Temporary Polling Location




Handicap Accessable: 
"
LENAWEE COUNTY,ADRIAN CITY ,     PRECINCT 1,"Permanent Polling Location
LENAWEE FAIRGROUNDS - MERCHANTS BLDG.
602 N DEAN ST
ADRIAN MI 49221

Handicap Accessable:
Y
","Temporary Polling Location




Handicap Accessable: 
"
LENAWEE COUNTY,ADRIAN CITY ,     PRECINCT 2,"Permanent Polling Location
LENAWEE FAIRGROUNDS - MERCHANTS BLDG.
602 N DEAN ST
ADRIAN MI 49221

Handicap Accessable:
Y
","Temporary Polling Location




Handicap Accessable: 
"
LENAWEE COUNTY,ADRIAN CITY ,     PRECINCT 3,"Permanent Polling Location
LENAWEE FAIRGROUNDS - MERCHANTS BLDG.
602 N DEAN ST
ADRIAN MI 49221

Handicap Accessable:
Y
","Temporary Polling Location




Handicap Accessable: 
"
LENAWEE COUNTY,ADRIAN CITY ,     PRECINCT 4,"Permanent Polling Location
LENAWEE FAIRGROUNDS - MERCHANTS BLDG.
602 N DEAN ST
ADRIAN MI 49221

Handicap Accessable:
Y
","Temporary Polling Location




Handicap Accessable: 
"
LENAWEE COUNTY,ADRIAN CITY ,     PRECINCT 5,"Permanent Polling Location
LENAWEE FAIRGROUNDS - MERCHANTS BLDG.
602 N DEAN ST
ADRIAN MI 49221

Handicap Accessable:
Y
","Temporary Polling Location




Handicap Accessable: 
"
LENAWEE COUNTY,ADRIAN CITY ,     PRECINCT 6,"Permanent Polling Location
LENAWEE FAIRGROUNDS - MERCHANTS BLDG.
602 N DEAN ST
ADRIAN MI 49221

Handicap Accessable:
Y
","Temporary Polling Location




Handicap Accessable: 
"
LENAWEE COUNTY,ADRIAN TOWNSHIP ,     PRECINCT 1,"Permanent Polling Location
ADRIAN TWP FIRE HALL
2889 TIPTON HWY
ADRIAN MI 49221

Handicap Accessable:
Y
","Temporary Polling Location




Handicap Accessable: 
"
LENAWEE COUNTY,ADRIAN TOWNSHIP ,     PRECINCT 2,"Permanent Polling Location
ADRIAN TWP FIRE HALL
2889 TIPTON HWY
ADRIAN MI 49221

Handicap Accessable:
Y
","Temporary Polling Location




Handicap Accessable: 
"
LENAWEE COUNTY,BLISSFIELD TOWNSHIP ,     PRECINCT 1,"Permanent Polling Location
177 WEST BROOKE LANE
177 W. BROOKE LANE
BLISSFIELD MI 49228

Handicap Accessable:
Y
","Temporary Polling Location




Handicap Accessable: 
"
LENAWEE COUNTY,BLISSFIELD TOWNSHIP ,     PRECINCT 2,"Permanent Polling Location
177 WEST BROOKE LANE
177 W. BROOKE LANE
BLISSFIELD MI 49228

Handicap Accessable:
Y
","Temporary Polling Location




Handicap Accessable: 
"
LENAWEE COUNTY,CAMBRIDGE TOWNSHIP ,     PRECINCT 1,"Permanent Polling Location
CAMBRIDGE TOWNSHIP
9990 W. M-50  P.O. BOX 417
ONSTED MI 49265

Handicap Accessable:
Y
","Temporary Polling Location




Handicap Accessable: 
"
LENAWEE COUNTY,CAMBRIDGE TOWNSHIP ,     PRECINCT 2,"Permanent Polling Location
CAMBRIDGE TOWNSHIP
9990 W. M-50  P.O. BOX 417
ONSTED MI 49265

Handicap Accessable:
Y
","Temporary Polling Location




Handicap Accessable: 
"
LENAWEE COUNTY,CAMBRIDGE TOWNSHIP ,     PRECINCT 3,"Permanent Polling Location
CAMBRIDGE TOWNSHIP
9990 W. M-50  P.O. BOX 417
ONSTED MI 49265

Handicap Accessable:
Y
","Temporary Polling Location




Handicap Accessable: 
"
LENAWEE COUNTY,CLINTON TOWNSHIP ,     PRECINCT 1,"Permanent Polling Location
CLINTON TWP.HALL
172 W. MICHIGAN AVE.
CLINTON MI 49236

Handicap Accessable:
Y
","Temporary Polling Location




Handicap Accessable: 
"
LENAWEE COUNTY,DEERFIELD TOWNSHIP ,     PRECINCT 1,"Permanent Polling Location
DEERFIELD TWP. HALL
468 CAREY
DEERFIELD MI 49238

Handicap Accessable:
Y
","Temporary Polling Location




Handicap Accessable: 
"
LENAWEE COUNTY,DOVER TOWNSHIP ,     PRECINCT 1,"Permanent Polling Location
DOVER TWP. HALL
7712 W. CARLETON ROAD
CLAYTON MI 49235

Handicap Accessable:
Y
","Temporary Polling Location




Handicap Accessable: 
"
LENAWEE COUNTY,FAIRFIELD TOWNSHIP ,     PRECINCT 1,"Permanent Polling Location
FAIRFIELD TOWNSHIP FIRE HALL
9965 BROWN STREET
WESTON MI 49289

Handicap Accessable:
Y
","Temporary Polling Location




Handicap Accessable: 
"
LENAWEE COUNTY,FRANKLIN TOWNSHIP ,     PRECINCT 1,"Permanent Polling Location
FRANKLIN TWP. HALL
3922 MONROE ROAD
TIPTON MI 49287

Handicap Accessable:
N
","Temporary Polling Location




Handicap Accessable: 
"
LENAWEE COUNTY,HUDSON CITY ,     PRECINCT 1,"Permanent Polling Location
HUDSON MUNICIPAL BLD
121 NORTH CHURCH STREET
HUDSON MI 49247

Handicap Accessable:
Y
(ENTER DOOR ON THE NORTH SIDE - RAILROAD STREET FIRE DEPARTMENT SIDE OF BUILDING)","Temporary Polling Location




Handicap Accessable: 
"
LENAWEE COUNTY,HUDSON TOWNSHIP ,     PRECINCT 1,"Permanent Polling Location
HUDSON TOWNSHIP OFFICE
14900 W CARELETON RD
HUDSON MI 49247

Handicap Accessable:
Y
","Temporary Polling Location




Handicap Accessable: 
"
LENAWEE COUNTY,MACON TOWNSHIP ,     PRECINCT 1,"Permanent Polling Location
MACON TOWNSHIP HALL
8320 CLINTON-MACON RD.
CLINTON MI 49236

Handicap Accessable:
Y
","Temporary Polling Location




Handicap Accessable: 
"
LENAWEE COUNTY,MADISON CHARTER TOWNSHIP ,     PRECINCT 1,"Permanent Polling Location
MADISON TWP. HALL
3804 S. ADRIAN HWY.
ADRIAN MI 49221

Handicap Accessable:
Y
(SOUTH M-52 WEST SIDE)","Temporary Polling Location




Handicap Accessable: 
"
LENAWEE COUNTY,MADISON CHARTER TOWNSHIP ,     PRECINCT 2,"Permanent Polling Location
MADISON TWP. HALL
3804 S. ADRIAN HWY.
ADRIAN MI 49221

Handicap Accessable:
Y
(SOUTH M-52 WEST SIDE)","Temporary Polling Location




Handicap Accessable: 
"
LENAWEE COUNTY,MADISON CHARTER TOWNSHIP ,     PRECINCT 3,"Permanent Polling Location
MADISON TWP. HALL
3804 S. ADRIAN HWY.
ADRIAN MI 49221

Handicap Accessable:
Y
(SOUTH M-52 WEST SIDE)","Temporary Polling Location




Handicap Accessable: 
"
LENAWEE COUNTY,MEDINA TOWNSHIP ,     PRECINCT 1,"Permanent Polling Location
MEDINA TWP. HALL
13450 LIME CREEK RD
MORENCI MI 49256

Handicap Accessable:
Y
","Temporary Polling Location




Handicap Accessable: 
"
LENAWEE COUNTY,MORENCI CITY ,     PRECINCT 1,"Permanent Polling Location
CITY OF MORENCI
118 ORCHARD STREET
MORENCI MI 49256

Handicap Accessable:
Y
","Temporary Polling Location




Handicap Accessable: 
"
LENAWEE COUNTY,OGDEN TOWNSHIP ,     PRECINCT 1,"Permanent Polling Location
OGDEN TWP.  HALL
10128 PENCE HWY
BLISSFIELD MI 49228

Handicap Accessable:
Y
","Temporary Polling Location




Handicap Accessable: 
"
LENAWEE COUNTY,PALMYRA TOWNSHIP ,     PRECINCT 1,"Permanent Polling Location
PALMYRA TOWNSHIP HALL
6490 PALMYRA ROAD
PALMYRA  MI 49268

Handicap Accessable:
Y
","Temporary Polling Location




Handicap Accessable: 
"
LENAWEE COUNTY,RAISIN TOWNSHIP ,     PRECINCT 1,"Permanent Polling Location
RAISIN COMM. CENTER
3266 GADY RD.
ADRIAN MI 49221

Handicap Accessable:
Y
","Temporary Polling Location




Handicap Accessable: 
"
LENAWEE COUNTY,RAISIN TOWNSHIP ,     PRECINCT 2,"Permanent Polling Location
RAISIN COMM. CENTER
3266 GADY RD.
ADRIAN MI 49221

Handicap Accessable:
Y
","Temporary Polling Location




Handicap Accessable: 
"
LENAWEE COUNTY,RAISIN TOWNSHIP ,     PRECINCT 3,"Permanent Polling Location
RAISIN COMM. CENTER
3266 GADY RD.
ADRIAN MI 49221

Handicap Accessable:
Y
","Temporary Polling Location




Handicap Accessable: 
"
LENAWEE COUNTY,RIDGEWAY TOWNSHIP ,     PRECINCT 1,"Permanent Polling Location
RIDGEWAY TWP HALL
103 W. CHICAGO BLVD
BRITTON MI 49229

Handicap Accessable:
Y
(M-50 AND MAIN STREET)","Temporary Polling Location




Handicap Accessable: 
"
LENAWEE COUNTY,RIGA TOWNSHIP ,     PRECINCT 1,"Permanent Polling Location
RIGA TOWNSHIP HALL
7817 SOUTH RIGA HWY
RIGA MI 49276

Handicap Accessable:
Y
(ON EAST SIDE OF RIGA, SOUTH OF WEGNER RD)","Temporary Polling Location




Handicap Accessable: 
"
LENAWEE COUNTY,ROLLIN TOWNSHIP ,     PRECINCT 1,"Permanent Polling Location
ROLLIN TWP HALL
730 MANITOU ROAD
MANITOU BEACH MI 49253

Handicap Accessable:
Y
","Temporary Polling Location




Handicap Accessable: 
"
LENAWEE COUNTY,ROME TOWNSHIP ,     PRECINCT 1,"Permanent Polling Location
ROME TOWNSHIP HALL
9344 FORRISTER ROAD
ADRIAN MI 49221

Handicap Accessable:
Y
","Temporary Polling Location




Handicap Accessable: 
"
LENAWEE COUNTY,SENECA TOWNSHIP ,     PRECINCT 1,"Permanent Polling Location
SENECA TWP. HALL
8709 SENECA HWY
MORENCI MI 49256

Handicap Accessable:
Y
(ON EAST SIDE OF SENECA HWY, JUST S OF RR TRACKS)","Temporary Polling Location




Handicap Accessable: 
"
LENAWEE COUNTY,TECUMSEH CITY ,     PRECINCT 1,"Permanent Polling Location
A J SMITH RECREATION
810 N EVANS
TECUMSEH MI 49286

Handicap Accessable:
Y
","Temporary Polling Location




Handicap Accessable: 
"
LENAWEE COUNTY,TECUMSEH CITY ,     PRECINCT 2,"Permanent Polling Location
A J SMITH RECREATION
810 N EVANS
TECUMSEH MI 49286

Handicap Accessable:
Y
","Temporary Polling Location




Handicap Accessable: 
"
LENAWEE COUNTY,TECUMSEH TOWNSHIP ,     PRECINCT 1,"Permanent Polling Location
RIVERBEND FRIENDS CHURCH
9500 TECUMSEH CLINTON HWY
TECUMSEH MI 49286

Handicap Accessable:
Y
","Temporary Polling Location




Handicap Accessable: 
"
LENAWEE COUNTY,WOODSTOCK TOWNSHIP ,     PRECINCT 1,"Permanent Polling Location
TOWNSHIP HALL
6486 DEVILS LAKE HWY
ADDISON MI 49220

Handicap Accessable:
Y
","Temporary Polling Location




Handicap Accessable: 
"
LIVINGSTON COUNTY,BRIGHTON CHARTER TOWNSHIP ,     PRECINCT 1,"Permanent Polling Location
SPENCER SCHOOL
10639 SPENCER ROAD
BRIGHTON MI 48114

Handicap Accessable:
Y
","Temporary Polling Location




Handicap Accessable: 
"
LIVINGSTON COUNTY,BRIGHTON CHARTER TOWNSHIP ,     PRECINCT 2,"Permanent Polling Location
HILTON SCHOOL
9600 HILTON RD
BRIGHTON MI 48114

Handicap Accessable:
Y
(BETWEEN US 23 & GRAND RIVER)","Temporary Polling Location




Handicap Accessable: 
"
LIVINGSTON COUNTY,BRIGHTON CHARTER TOWNSHIP ,     PRECINCT 3,"Permanent Polling Location
HILTON SCHOOL
9600 HILTON RD
BRIGHTON MI 48114

Handicap Accessable:
Y
(BETWEEN US 23 & GRAND RIVER)","Temporary Polling Location




Handicap Accessable: 
"
LIVINGSTON COUNTY,BRIGHTON CHARTER TOWNSHIP ,     PRECINCT 4,"Permanent Polling Location
SPENCER SCHOOL
10639 SPENCER ROAD
BRIGHTON MI 48114

Handicap Accessable:
Y
","Temporary Polling Location




Handicap Accessable: 
"
LIVINGSTON COUNTY,BRIGHTON CHARTER TOWNSHIP ,     PRECINCT 5,"Permanent Polling Location
VFW HALL
10590 GRAND RIVER AVE.
BRIGHTON MI 48116

Handicap Accessable:
Y
","Temporary Polling Location




Handicap Accessable: 
"
LIVINGSTON COUNTY,BRIGHTON CHARTER TOWNSHIP ,     PRECINCT 6,"Permanent Polling Location
TOWNSHIP FIRE HALL
1580 S. OLD U.S. 23
BRIGHTON MI 48114

Handicap Accessable:
Y
(CORNER OF HYNE RD AND OLD US 23)","Temporary Polling Location




Handicap Accessable: 
"
LIVINGSTON COUNTY,BRIGHTON CHARTER TOWNSHIP ,     PRECINCT 7,"Permanent Polling Location
ALIVE FAMILY CHURCH
1623 S OLD US 23 HWY
BRIGHTON MI 48114

Handicap Accessable:
Y
(EAST SIDE OF US 23, SOUTH OF HYNE RD)","Temporary Polling Location




Handicap Accessable: 
"
LIVINGSTON COUNTY,BRIGHTON CITY ,     PRECINCT 1,"Permanent Polling Location
BRIGHTON LIBRARY
100 LIBRARY DR
BRIGHTON MI 48116

Handicap Accessable:
Y
","Temporary Polling Location




Handicap Accessable: 
"
LIVINGSTON COUNTY,BRIGHTON CITY ,     PRECINCT 2,"Permanent Polling Location
BRIGHTON COMMUNITY CENTER
555 BRIGHTON STREET
BRIGHTON MI 48116

Handicap Accessable:
Y
","Temporary Polling Location




Handicap Accessable: 
"
LIVINGSTON COUNTY,BRIGHTON CITY ,     PRECINCT 3,"Permanent Polling Location
BAS ADMINISTRATION (BECC BUILDING)
125 S. CHURCH STREET
BRIGHTON MI 48116

Handicap Accessable:
Y
","Temporary Polling Location




Handicap Accessable: 
"
LIVINGSTON COUNTY,COHOCTAH TOWNSHIP ,     PRECINCT 1,"Permanent Polling Location
TOWNSHIP HALL
10518  ANTCLIFF ROAD
FOWLERVILLE MI 48836

Handicap Accessable:
Y
","Temporary Polling Location




Handicap Accessable: 
"
LIVINGSTON COUNTY,CONWAY TOWNSHIP ,     PRECINCT 1,"Permanent Polling Location
TOWNSHIP HALL
8015 N. FOWLERVILLE ROAD
FOWLERVILLE MI 48836

Handicap Accessable:
Y
","Temporary Polling Location




Handicap Accessable: 
"
LIVINGSTON COUNTY,DEERFIELD TOWNSHIP ,     PRECINCT 1,"Permanent Polling Location
DEERFIELD TWP HALL
4492 CENTER ROAD
LINDEN MI 48451

Handicap Accessable:
Y
","Temporary Polling Location




Handicap Accessable: 
"
LIVINGSTON COUNTY,GENOA TOWNSHIP ,     PRECINCT 1,"Permanent Polling Location
CLEARY UNIVERSITY
3750 CLEARY DRIVE
HOWELL MI 48843

Handicap Accessable:
Y
(CLEARY DR SOUTH OF GRAND RIVER AND WEST OF LATSON)","Temporary Polling Location




Handicap Accessable: 
"
LIVINGSTON COUNTY,GENOA TOWNSHIP ,     PRECINCT 2,"Permanent Polling Location
THREE FIRES SCHOOL
4125  W. CROOKED LAKE
HOWELL MI 48843

Handicap Accessable:
Y
(NORTH OF CROOKED LAKE AND EAST OF NIXON ROAD)","Temporary Polling Location




Handicap Accessable: 
"
LIVINGSTON COUNTY,GENOA TOWNSHIP ,     PRECINCT 3,"Permanent Polling Location
COMMUNITY BIBLE CHURCH
7372  W. GRAND RIVER
BRIGHTON MI 48114

Handicap Accessable:
Y
(ACROSS FROM GRAND RIVER GRILL/LEPEEKS NURSERY)","Temporary Polling Location




Handicap Accessable: 
"
LIVINGSTON COUNTY,GENOA TOWNSHIP ,     PRECINCT 4,"Permanent Polling Location
BRIGHTON NAZARENE CHURCH
7679 BRIGHTON RD
BRIGHTON MI 48116

Handicap Accessable:
Y
(ACROSS STREET/BRIGHTON HIGH SCHOOL FOOTBALL FIELD)","Temporary Polling Location




Handicap Accessable: 
"
LIVINGSTON COUNTY,GENOA TOWNSHIP ,     PRECINCT 5,"Permanent Polling Location
CHILSON HILLS BAPTIST
4440 BRIGHTON RD
BRIGHTON MI 48116

Handicap Accessable:
Y
(WEST OF CHILSON ON SOUTH SIDE OF BRIGHTON RD)","Temporary Polling Location




Handicap Accessable: 
"
LIVINGSTON COUNTY,GENOA TOWNSHIP ,     PRECINCT 6,"Permanent Polling Location
CHILSON HILLS BAPTIST
4440 BRIGHTON RD
BRIGHTON MI 48116

Handicap Accessable:
Y
(WEST OF CHILSON ON SOUTH SIDE OF BRIGHTON RD)","Temporary Polling Location




Handicap Accessable: 
"
LIVINGSTON COUNTY,GREEN OAK TOWNSHIP ,     PRECINCT 1,"Permanent Polling Location
FELLOWSHIP BAPTIST
10774 NINE MILE RD
WHITMORE LAKE MI 48189

Handicap Accessable:
Y
(EAST OF US 23 ON NINE MILE)","Temporary Polling Location




Handicap Accessable: 
"
LIVINGSTON COUNTY,GREEN OAK TOWNSHIP ,     PRECINCT 2,"Permanent Polling Location
SCRANTON MIDDLE SCHOOL
8415 MALTBY ROAD
BRIGHTON MI 48116

Handicap Accessable:
Y
(MALTBY RD & RICKETT RD)","Temporary Polling Location




Handicap Accessable: 
"
LIVINGSTON COUNTY,GREEN OAK TOWNSHIP ,     PRECINCT 3,"Permanent Polling Location
FREE METHODIST CHURCH
10111 FIELDCREST
BRIGHTON MI 48116

Handicap Accessable:
Y
","Temporary Polling Location




Handicap Accessable: 
"
LIVINGSTON COUNTY,GREEN OAK TOWNSHIP ,     PRECINCT 4,"Permanent Polling Location
BRUMMER SCHOOL
9919 N RUSHTON RD
SOUTH LYON MI 48178

Handicap Accessable:
Y
(TEN MILE & RUSHTON)","Temporary Polling Location




Handicap Accessable: 
"
LIVINGSTON COUNTY,GREEN OAK TOWNSHIP ,     PRECINCT 5,"Permanent Polling Location
GREEN OAK TWP HALL
10001 SILVER LAKE ROAD
BRIGHTON MI 48116

Handicap Accessable:
Y
(SILVER LAKE RD & FEILDCREST)","Temporary Polling Location




Handicap Accessable: 
"
LIVINGSTON COUNTY,GREEN OAK TOWNSHIP ,     PRECINCT 6,"Permanent Polling Location
BRUMMER SCHOOL
9919 N RUSHTON RD
SOUTH LYON MI 48178

Handicap Accessable:
Y
(TEN MILE & RUSHTON)","Temporary Polling Location




Handicap Accessable: 
"
LIVINGSTON COUNTY,GREEN OAK TOWNSHIP ,     PRECINCT 7,"Permanent Polling Location
FREE METHODIST CHURCH
10111 FIELDCREST
BRIGHTON MI 48116

Handicap Accessable:
Y
","Temporary Polling Location




Handicap Accessable: 
"
LIVINGSTON COUNTY,GREEN OAK TOWNSHIP ,     PRECINCT 8,"Permanent Polling Location
SCRANTON MIDDLE SCHOOL
8415 MALTBY ROAD
BRIGHTON MI 48116

Handicap Accessable:
Y
(MALTBY RD & RICKETT RD)","Temporary Polling Location




Handicap Accessable: 
"
LIVINGSTON COUNTY,HAMBURG TOWNSHIP ,     PRECINCT 1,"Permanent Polling Location
ST. PAUL LUTH CHURCH
7701 E. M-36
HAMBURG MI 48139

Handicap Accessable:
Y
","Temporary Polling Location




Handicap Accessable: 
"
LIVINGSTON COUNTY,HAMBURG TOWNSHIP ,     PRECINCT 2,"Permanent Polling Location
HAMBURG TWP FIRE BLD
3666 E M-36
HAMBURG MI 48139

Handicap Accessable:
Y
","Temporary Polling Location




Handicap Accessable: 
"
LIVINGSTON COUNTY,HAMBURG TOWNSHIP ,     PRECINCT 3,"Permanent Polling Location
BOARD OF EDUCATION
2130 E. M-36
PINCKNEY MI 48169

Handicap Accessable:
Y
","Temporary Polling Location




Handicap Accessable: 
"
LIVINGSTON COUNTY,HAMBURG TOWNSHIP ,     PRECINCT 4,"Permanent Polling Location
HAMBURG SENIOR CENTER
10407 MERRILL RD
WHITMORE LAKE MI 48189

Handicap Accessable:
Y
(SOUTH OF M36, ON THE EAST SIDE OF MERRILL)","Temporary Polling Location




Handicap Accessable: 
"
LIVINGSTON COUNTY,HAMBURG TOWNSHIP ,     PRECINCT 5,"Permanent Polling Location
HAMBURG LIBRARY
10411 MERRILL ROAD
HAMBURG MI 48139

Handicap Accessable:
Y
(HAMBURG TOWNSHIP BUILDING COMPLEX)","Temporary Polling Location




Handicap Accessable: 
"
LIVINGSTON COUNTY,HAMBURG TOWNSHIP ,     PRECINCT 6,"Permanent Polling Location
BOARD OF EDUCATION
2130 E. M-36
PINCKNEY MI 48169

Handicap Accessable:
Y
","Temporary Polling Location




Handicap Accessable: 
"
LIVINGSTON COUNTY,HAMBURG TOWNSHIP ,     PRECINCT 7,"Permanent Polling Location
CONSERVATION CLUB
6060 E. M-36
HAMBURG MI 48139

Handicap Accessable:
Y
","Temporary Polling Location




Handicap Accessable: 
"
LIVINGSTON COUNTY,HANDY TOWNSHIP ,     PRECINCT 1,"Permanent Polling Location
HANDY TOWNSHIP VOTING CENTER
6520 W. GRAND RIVER
FOWLERVILLE MI 48836

Handicap Accessable:
Y
","Temporary Polling Location




Handicap Accessable: 
"
LIVINGSTON COUNTY,HANDY TOWNSHIP ,     PRECINCT 2,"Permanent Polling Location
HANDY TOWNSHIP VOTING CENTER
6520 W. GRAND RIVER
FOWLERVILLE MI 48836

Handicap Accessable:
Y
","Temporary Polling Location




Handicap Accessable: 
"
LIVINGSTON COUNTY,HANDY TOWNSHIP ,     PRECINCT 3,"Permanent Polling Location
HANDY TOWNSHIP VOTING CENTER
6520 W. GRAND RIVER
FOWLERVILLE MI 48836

Handicap Accessable:
Y
","Temporary Polling Location




Handicap Accessable: 
"
LIVINGSTON COUNTY,HARTLAND TOWNSHIP ,     PRECINCT 1,"Permanent Polling Location
FORMER HARTLAND H.S.
9525 HIGHLAND RD.
HOWELL MI 48843

Handicap Accessable:
Y
(HARTLAND EDUCATIONAL SUPPORT SERVICE CTR. ON M-59)","Temporary Polling Location




Handicap Accessable: 
"
LIVINGSTON COUNTY,HARTLAND TOWNSHIP ,     PRECINCT 2,"Permanent Polling Location
FORMER HARTLAND H.S.
9525 HIGHLAND RD.
HOWELL MI 48843

Handicap Accessable:
Y
(HARTLAND EDUCATIONAL SUPPORT SERVICE CTR. ON M-59)","Temporary Polling Location




Handicap Accessable: 
"
LIVINGSTON COUNTY,HARTLAND TOWNSHIP ,     PRECINCT 3,"Permanent Polling Location
FORMER HARTLAND H.S.
9525 HIGHLAND RD.
HOWELL MI 48843

Handicap Accessable:
Y
(HARTLAND EDUCATIONAL SUPPORT SERVICE CTR. ON M-59)","Temporary Polling Location




Handicap Accessable: 
"
LIVINGSTON COUNTY,HARTLAND TOWNSHIP ,     PRECINCT 4,"Permanent Polling Location
FORMER HARTLAND H.S.
9525 HIGHLAND RD.
HOWELL MI 48843

Handicap Accessable:
Y
(HARTLAND EDUCATIONAL SUPPORT SERVICE CTR. ON M-59)","Temporary Polling Location




Handicap Accessable: 
"
LIVINGSTON COUNTY,HARTLAND TOWNSHIP ,     PRECINCT 5,"Permanent Polling Location
FORMER HARTLAND H.S.
9525 HIGHLAND RD.
HOWELL MI 48843

Handicap Accessable:
Y
(HARTLAND EDUCATIONAL SUPPORT SERVICE CTR. ON M-59)","Temporary Polling Location




Handicap Accessable: 
"
LIVINGSTON COUNTY,HOWELL CITY ,     PRECINCT 1,"Permanent Polling Location
CITY HALL
611 E GRAND RIVER
HOWELL MI 48843

Handicap Accessable:
Y
(FIRST FLOOR COUNCIL CHAMBERS)","Temporary Polling Location




Handicap Accessable: 
"
LIVINGSTON COUNTY,HOWELL CITY ,     PRECINCT 2,"Permanent Polling Location
CITY HALL
611 E GRAND RIVER
HOWELL MI 48843

Handicap Accessable:
Y
(FIRST FLOOR COUNCIL CHAMBERS)","Temporary Polling Location




Handicap Accessable: 
"
LIVINGSTON COUNTY,HOWELL TOWNSHIP ,     PRECINCT 1,"Permanent Polling Location
LIVINGSTON COUNTY EMS BUILDING
1911 TOOLEY ROAD
HOWELL MI 48855

Handicap Accessable:
Y
","Temporary Polling Location




Handicap Accessable: 
"
LIVINGSTON COUNTY,HOWELL TOWNSHIP ,     PRECINCT 2,"Permanent Polling Location
LIVINGSTON COUNTY EMS BUILDING
1911 TOOLEY ROAD
HOWELL MI 48855

Handicap Accessable:
Y
","Temporary Polling Location




Handicap Accessable: 
"
LIVINGSTON COUNTY,IOSCO TOWNSHIP ,     PRECINCT 1,"Permanent Polling Location
TOWNSHIP HALL
2050 BRADLEY ROAD
WEBBERVILLE MI 48892

Handicap Accessable:
Y
(1 BLOCK SOUTH OF IOSCO ROAD, WEST SIDE OF ROAD.)","Temporary Polling Location




Handicap Accessable: 
"
LIVINGSTON COUNTY,IOSCO TOWNSHIP ,     PRECINCT 2,"Permanent Polling Location
MASON ROAD BIBLE CHURCH
9981 MASON RD
FOWLERVILLE MI 48836

Handicap Accessable:
Y
","Temporary Polling Location




Handicap Accessable: 
"
LIVINGSTON COUNTY,MARION TOWNSHIP ,     PRECINCT 1,"Permanent Polling Location
MARION TOWNSHIP ASSEMBLY HALL
2877 W. COON LAKE RD.
HOWELL MI 48843

Handicap Accessable:
Y
","Temporary Polling Location




Handicap Accessable: 
"
LIVINGSTON COUNTY,MARION TOWNSHIP ,     PRECINCT 2,"Permanent Polling Location
MARION TOWNSHIP ASSEMBLY HALL
2877 W. COON LAKE RD.
HOWELL MI 48843

Handicap Accessable:
Y
","Temporary Polling Location




Handicap Accessable: 
"
LIVINGSTON COUNTY,MARION TOWNSHIP ,     PRECINCT 3,"Permanent Polling Location
MARION TOWNSHIP LOWER LEVEL
2877 WEST COON LAKE ROAD
HOWELL MI 48843

Handicap Accessable:
Y
","Temporary Polling Location




Handicap Accessable: 
"
LIVINGSTON COUNTY,MARION TOWNSHIP ,     PRECINCT 4,"Permanent Polling Location
MARION TOWNSHIP LOWER LEVEL
2877 WEST COON LAKE ROAD
HOWELL MI 48843

Handicap Accessable:
Y
","Temporary Polling Location




Handicap Accessable: 
"
LIVINGSTON COUNTY,OCEOLA TOWNSHIP ,     PRECINCT 1,"Permanent Polling Location
OCEOLA COMMUNITY CENTER
1661 N LATSON ROAD
HOWELL MI 48843

Handicap Accessable:
Y
(SOUTH OF M-59 ON LATSON ROAD)","Temporary Polling Location




Handicap Accessable: 
"
LIVINGSTON COUNTY,OCEOLA TOWNSHIP ,     PRECINCT 2,"Permanent Polling Location
OCEOLA COMMUNITY CENTER
1661 N LATSON ROAD
HOWELL MI 48843

Handicap Accessable:
Y
(SOUTH OF M-59 ON LATSON ROAD)","Temporary Polling Location




Handicap Accessable: 
"
LIVINGSTON COUNTY,OCEOLA TOWNSHIP ,     PRECINCT 3,"Permanent Polling Location
OCEOLA COMMUNITY CENTER
1661 N LATSON ROAD
HOWELL MI 48843

Handicap Accessable:
Y
(SOUTH OF M-59 ON LATSON ROAD)","Temporary Polling Location




Handicap Accessable: 
"
LIVINGSTON COUNTY,OCEOLA TOWNSHIP ,     PRECINCT 4,"Permanent Polling Location
OCEOLA COMMUNITY CENTER
1661 N LATSON ROAD
HOWELL MI 48843

Handicap Accessable:
Y
(SOUTH OF M-59 ON LATSON ROAD)","Temporary Polling Location




Handicap Accessable: 
"
LIVINGSTON COUNTY,OCEOLA TOWNSHIP ,     PRECINCT 5,"Permanent Polling Location
OCEOLA COMMUNITY CENTER
1661 N LATSON ROAD
HOWELL MI 48843

Handicap Accessable:
Y
(SOUTH OF M-59 ON LATSON ROAD)","Temporary Polling Location




Handicap Accessable: 
"
LIVINGSTON COUNTY,OCEOLA TOWNSHIP ,     PRECINCT 6,"Permanent Polling Location
OCEOLA COMMUNITY CENTER
1661 N LATSON ROAD
HOWELL MI 48843

Handicap Accessable:
Y
(SOUTH OF M-59 ON LATSON ROAD)","Temporary Polling Location




Handicap Accessable: 
"
LIVINGSTON COUNTY,PUTNAM TOWNSHIP ,     PRECINCT 1,"Permanent Polling Location
PUTNAM TOWNSHIP HALL
3280 W M-36
PINCKNEY MI 48169

Handicap Accessable:
Y
(ABOUT 1 1/2 MILES WEST OF VILLAGE ON NORTH SIDE )","Temporary Polling Location




Handicap Accessable: 
"
LIVINGSTON COUNTY,PUTNAM TOWNSHIP ,     PRECINCT 2,"Permanent Polling Location
PUTNAM TOWNSHIP HALL
3280 W M-36
PINCKNEY MI 48169

Handicap Accessable:
Y
(ABOUT 1 1/2 MILES WEST OF VILLAGE ON NORTH SIDE )","Temporary Polling Location




Handicap Accessable: 
"
LIVINGSTON COUNTY,TYRONE TOWNSHIP ,     PRECINCT 1,"Permanent Polling Location
TYRONE TOWNSHIP HALL
8420 RUNYAN LAKE ROAD
FENTON MI 48430

Handicap Accessable:
Y
","Temporary Polling Location




Handicap Accessable: 
"
LIVINGSTON COUNTY,TYRONE TOWNSHIP ,     PRECINCT 2,"Permanent Polling Location
TYRONE COVEN PRES CH
10235 WHITE LAKE ROAD
FENTON MI 48430

Handicap Accessable:
Y
(US 23, WEST, NORTH SIDE)","Temporary Polling Location




Handicap Accessable: 
"
LIVINGSTON COUNTY,TYRONE TOWNSHIP ,     PRECINCT 3,"Permanent Polling Location
TYRONE COVEN PRES CH
10235 WHITE LAKE ROAD
FENTON MI 48430

Handicap Accessable:
Y
(US 23, WEST, NORTH SIDE)","Temporary Polling Location




Handicap Accessable: 
"
LIVINGSTON COUNTY,TYRONE TOWNSHIP ,     PRECINCT 4,"Permanent Polling Location
TYRONE TOWNSHIP HALL
8420 RUNYAN LAKE ROAD
FENTON MI 48430

Handicap Accessable:
Y
","Temporary Polling Location




Handicap Accessable: 
"
LIVINGSTON COUNTY,UNADILLA TOWNSHIP ,     PRECINCT 1,"Permanent Polling Location
UNADILLA TWP HALL
126 WEBB ST
GREGORY MI 48137

Handicap Accessable:
Y
","Temporary Polling Location




Handicap Accessable: 
"
LUCE COUNTY,COLUMBUS TOWNSHIP ,     PRECINCT 1,"Permanent Polling Location
COLUMBUS TWP HALL
7459 N. COUNTY ROAD 415
MCMILLAN MI 49853

Handicap Accessable:
Y
","Temporary Polling Location




Handicap Accessable: 
"
LUCE COUNTY,LAKEFIELD TOWNSHIP ,     PRECINCT 1,"Permanent Polling Location
LAKEFIELD TWP HALL
26344 COUNTY ROAD 98
MCMILLAN MI 49853

Handicap Accessable:
Y
","Temporary Polling Location




Handicap Accessable: 
"
LUCE COUNTY,MCMILLAN TOWNSHIP ,     PRECINCT 1,"Permanent Polling Location
MCMILLAN TWP HALL
405 NEWBERRY AVENUE
NEWBERRY MI 49868

Handicap Accessable:
Y
","Temporary Polling Location




Handicap Accessable: 
"
LUCE COUNTY,PENTLAND TOWNSHIP ,     PRECINCT 1,"Permanent Polling Location
PENTLAND TOWNSHIP HALL
15218 M-28
NEWBERRY MI 49868

Handicap Accessable:
Y
","Temporary Polling Location




Handicap Accessable: 
"
MACKINAC COUNTY,BOIS BLANC TOWNSHIP ,     PRECINCT 1,"Permanent Polling Location
TOWNSHIP HALL
431 SIOUX AVE
POINTE AUX PINS MI 49775

Handicap Accessable:
Y
","Temporary Polling Location




Handicap Accessable: 
"
MACKINAC COUNTY,BREVORT TOWNSHIP ,     PRECINCT 1,"Permanent Polling Location
COMMUNITY CENTER
4020N CHURCH ST.
MORAN MI 49760

Handicap Accessable:
Y
","Temporary Polling Location




Handicap Accessable: 
"
MACKINAC COUNTY,CLARK TOWNSHIP ,     PRECINCT 1,"Permanent Polling Location
COMMUNITY CENTER
133 E M-134
CEDARVILLE MI 49719

Handicap Accessable:
Y
","Temporary Polling Location




Handicap Accessable: 
"
MACKINAC COUNTY,GARFIELD TOWNSHIP ,     PRECINCT 1,"Permanent Polling Location
GARFIELD TWP HALL
N6760 M-117
ENGADINE MI 49827

Handicap Accessable:
Y
","Temporary Polling Location




Handicap Accessable: 
"
MACKINAC COUNTY,GARFIELD TOWNSHIP ,     PRECINCT 2,"Permanent Polling Location
NAUBINWAY PAVILION
W11609 MAIN STREET
NAUBINWAY MI 49762

Handicap Accessable:
Y
","Temporary Polling Location




Handicap Accessable: 
"
MACKINAC COUNTY,HENDRICKS TOWNSHIP ,     PRECINCT 1,"Permanent Polling Location
TOWNSHIP FIRE HALL
N5115 HIAWATHA TRAIL
NAUBINWAY MI 49762

Handicap Accessable:
Y
","Temporary Polling Location




Handicap Accessable: 
"
MACKINAC COUNTY,HUDSON TOWNSHIP ,     PRECINCT 1,"Permanent Polling Location
COMMUNITY CENTER
N7961 CHURCH STREET
NAUBINWAY MI 49762

Handicap Accessable:
Y
","Temporary Polling Location




Handicap Accessable: 
"
MACKINAC COUNTY,MACKINAC ISLAND CITY ,     PRECINCT 1,"Permanent Polling Location
COMMUNITY HALL
PO BOX 455
MACKINAC ISLAND MI 49757

Handicap Accessable:
Y
(1ST FLOOR)","Temporary Polling Location




Handicap Accessable: 
"
MACKINAC COUNTY,MARQUETTE TOWNSHIP ,     PRECINCT 1,"Permanent Polling Location
TOWNSHIP HALL
7177 E. JAMES ST.
PICKFORD MI 49774

Handicap Accessable:
Y
","Temporary Polling Location




Handicap Accessable: 
"
MACKINAC COUNTY,MORAN TOWNSHIP ,     PRECINCT 1,"Permanent Polling Location
MORAN TOWNSHIP HALL
W1362 US 2    
ST IGNACE MI 49781

Handicap Accessable:
Y
","Temporary Polling Location




Handicap Accessable: 
"
MACKINAC COUNTY,NEWTON TOWNSHIP ,     PRECINCT 1,"Permanent Polling Location
NEWTON TWP HALL
N6164 SOUTH GOULD CITY RD
GOULD CITY MI 49838

Handicap Accessable:
Y
","Temporary Polling Location




Handicap Accessable: 
"
MACKINAC COUNTY,PORTAGE TOWNSHIP ,     PRECINCT 1,"Permanent Polling Location
CURTIS COMMUNITY BLD
W17353 DAVIS ST
CURTIS MI 49820

Handicap Accessable:
Y
","Temporary Polling Location




Handicap Accessable: 
"
MACKINAC COUNTY,ST IGNACE CITY ,     PRECINCT 1,"Permanent Polling Location
LITTLE BEAR EAST
275 MARQUETTE ST
ST IGNACE MI 49781

Handicap Accessable:
Y
(MARQUETEE STREET)","Temporary Polling Location




Handicap Accessable: 
"
MACKINAC COUNTY,ST IGNACE TOWNSHIP ,     PRECINCT 1,"Permanent Polling Location
TOWNSHIP HALL
N4298 GORMAN ROAD
SAINT IGNACE MI 49781

Handicap Accessable:
Y
","Temporary Polling Location




Handicap Accessable: 
"
MACOMB COUNTY,ARMADA TOWNSHIP ,     PRECINCT 1,"Permanent Polling Location
ARMADA SCHOOL ADMIN.
74500 BURK STREET
ARMADA MI 48005

Handicap Accessable:
Y
","Temporary Polling Location




Handicap Accessable: 
"
MACOMB COUNTY,ARMADA TOWNSHIP ,     PRECINCT 2,"Permanent Polling Location
ARMADA SENIOR CENTER
75400 NORTH AVE.
ARMADA MI 48005

Handicap Accessable:
Y
(NORTH OF ARMADA CENTER)","Temporary Polling Location




Handicap Accessable: 
"
MACOMB COUNTY,BRUCE TOWNSHIP ,     PRECINCT 1,"Permanent Polling Location
BRUCE TOWNSHIP HALL
223 EAST GATES STREET
ROMEO MI 48065

Handicap Accessable:
Y
","Temporary Polling Location




Handicap Accessable: 
"
MACOMB COUNTY,BRUCE TOWNSHIP ,     PRECINCT 2,"Permanent Polling Location
ROMEO COMM. CENTER
361 MORTON STREET
ROMEO MI 48065

Handicap Accessable:
Y
","Temporary Polling Location




Handicap Accessable: 
"
MACOMB COUNTY,BRUCE TOWNSHIP ,     PRECINCT 3,"Permanent Polling Location
ORCHARDS CHURCH
74903 MCKAY ROAD
ROMEO MI 48065

Handicap Accessable:
Y
(ON MCKAY BETWEEN 34 MILE AND EBELING ROADS)","Temporary Polling Location




Handicap Accessable: 
"
MACOMB COUNTY,BRUCE TOWNSHIP ,     PRECINCT 4,"Permanent Polling Location
ORCHARDS CHURCH
74903 MCKAY ROAD
ROMEO MI 48065

Handicap Accessable:
Y
(ON MCKAY BETWEEN 34 MILE AND EBELING ROADS)","Temporary Polling Location




Handicap Accessable: 
"
MACOMB COUNTY,CENTER LINE CITY ,     PRECINCT 1,"Permanent Polling Location
CENTER LINE H.S.
26300 ARSENAL
CENTER LINE MI 48015

Handicap Accessable:
Y
","Temporary Polling Location




Handicap Accessable: 
"
MACOMB COUNTY,CENTER LINE CITY ,     PRECINCT 2,"Permanent Polling Location
CENTER LINE CITYHALL
7070 E. TEN MILE RD.
CENTER LINE MI 48015

Handicap Accessable:
N
","Temporary Polling Location




Handicap Accessable: 
"
MACOMB COUNTY,CENTER LINE CITY ,     PRECINCT 3,"Permanent Polling Location
PARKS & RECREATION
25355 LAWRENCE
CENTER LINE MI 48015

Handicap Accessable:
Y
","Temporary Polling Location




Handicap Accessable: 
"
MACOMB COUNTY,CENTER LINE CITY ,     PRECINCT 4,"Permanent Polling Location
KRAMER CENTER
8830 E. TEN MILE ROAD
CENTER LINE MI 48015

Handicap Accessable:
Y
(TEN MILE EAST OF VAN DYKE)","Temporary Polling Location




Handicap Accessable: 
"
MACOMB COUNTY,CHESTERFIELD TOWNSHIP ,     PRECINCT 1,"Permanent Polling Location
GREAT OAKS ELEM SCHL
32900 24 MILE ROAD
NEW BALTIMORE MI 48047

Handicap Accessable:
Y
(BETWEEN BAKER RD. & SASS)","Temporary Polling Location




Handicap Accessable: 
"
MACOMB COUNTY,CHESTERFIELD TOWNSHIP ,     PRECINCT 2,"Permanent Polling Location
GREAT OAKS ELEM SCHL
32900 24 MILE ROAD
NEW BALTIMORE MI 48047

Handicap Accessable:
Y
(BETWEEN BAKER RD. & SASS)","Temporary Polling Location




Handicap Accessable: 
"
MACOMB COUNTY,CHESTERFIELD TOWNSHIP ,     PRECINCT 3,"Permanent Polling Location
CHESTERFIELD TWP. COMMUNITY CENTER
48400 SUGARBUSH
NEW BALTIMORE MI 48047

Handicap Accessable:
Y
(586-949-0400 EXT.5)","Temporary Polling Location




Handicap Accessable: 
"
MACOMB COUNTY,CHESTERFIELD TOWNSHIP ,     PRECINCT 4,"Permanent Polling Location
CHESTERFIELD TWP. COMMUNITY CENTER
48400 SUGARBUSH
NEW BALTIMORE MI 48047

Handicap Accessable:
Y
(586-949-0400 EXT.5)","Temporary Polling Location




Handicap Accessable: 
"
MACOMB COUNTY,CHESTERFIELD TOWNSHIP ,     PRECINCT 5,"Permanent Polling Location
GREEN ELEM  SCHL
47260 SUGARBUSH RD
NEW BALTIMORE MI 48047

Handicap Accessable:
Y
","Temporary Polling Location




Handicap Accessable: 
"
MACOMB COUNTY,CHESTERFIELD TOWNSHIP ,     PRECINCT 6,"Permanent Polling Location
GREEN ELEM  SCHL
47260 SUGARBUSH RD
NEW BALTIMORE MI 48047

Handicap Accessable:
Y
","Temporary Polling Location




Handicap Accessable: 
"
MACOMB COUNTY,CHESTERFIELD TOWNSHIP ,     PRECINCT 7,"Permanent Polling Location
CHESTERFIELD TWP. COMMUNITY CENTER
48400 SUGARBUSH
NEW BALTIMORE MI 48047

Handicap Accessable:
Y
(586-949-0400 EXT.5)","Temporary Polling Location




Handicap Accessable: 
"
MACOMB COUNTY,CHESTERFIELD TOWNSHIP ,     PRECINCT 8,"Permanent Polling Location
GREEN ELEM  SCHL
47260 SUGARBUSH RD
NEW BALTIMORE MI 48047

Handicap Accessable:
Y
","Temporary Polling Location




Handicap Accessable: 
"
MACOMB COUNTY,CHESTERFIELD TOWNSHIP ,     PRECINCT 9,"Permanent Polling Location
L'ANSE CREUSE MIDDLE SCHOOL EAST
30300 HICKEY RD.
CHESTERFIELD MI 48051

Handicap Accessable:
Y
","Temporary Polling Location




Handicap Accessable: 
"
MACOMB COUNTY,CHESTERFIELD TOWNSHIP ,     PRECINCT 10,"Permanent Polling Location
L'ANSE CREUSE MIDDLE SCHOOL EAST
30300 HICKEY RD.
CHESTERFIELD MI 48051

Handicap Accessable:
Y
","Temporary Polling Location




Handicap Accessable: 
"
MACOMB COUNTY,CLINTON TOWNSHIP ,     PRECINCT 1,"Permanent Polling Location
CVHS 9TH GRADE CTR
42755 ROMEO PLANK ROAD
CLINTON TOWNSHIP MI 48038

Handicap Accessable:
Y
(IN FRONT OF CHIPPEWA VALLEY HIGH SCHOOL)","Temporary Polling Location




Handicap Accessable: 
"
MACOMB COUNTY,CLINTON TOWNSHIP ,     PRECINCT 2,"Permanent Polling Location
CHEROKEE ELEM
42900 RIVERGATE
CLINTON TOWNSHIP MI 48038

Handicap Accessable:
Y
","Temporary Polling Location




Handicap Accessable: 
"
MACOMB COUNTY,CLINTON TOWNSHIP ,     PRECINCT 3,"Permanent Polling Location
ERIE ELEM
42276 ROMEO PLANK ROAD
CLINTON TOWNSHIP MI 48038

Handicap Accessable:
Y
","Temporary Polling Location




Handicap Accessable: 
"
MACOMB COUNTY,CLINTON TOWNSHIP ,     PRECINCT 4,"Permanent Polling Location
HARRY L. WHEELER COMMUNITY CENTER
24076 F.V. PANKOW BOULEVARD
CLINTON TOWNSHIP MI 48036

Handicap Accessable:
Y
(SOUTH OF HALL / EAST SIDE OF GRATIOT)","Temporary Polling Location




Handicap Accessable: 
"
MACOMB COUNTY,CLINTON TOWNSHIP ,     PRECINCT 5,"Permanent Polling Location
MIAMI ELEM
41290 KENTVALE
CLINTON TOWNSHIP MI 48038

Handicap Accessable:
Y
","Temporary Polling Location




Handicap Accessable: 
"
MACOMB COUNTY,CLINTON TOWNSHIP ,     PRECINCT 6,"Permanent Polling Location
CHIPPEWA VALLEY HIGH
18300 NINETEEN MILE ROAD
CLINTON TOWNSHIP MI 48038

Handicap Accessable:
Y
","Temporary Polling Location




Handicap Accessable: 
"
MACOMB COUNTY,CLINTON TOWNSHIP ,     PRECINCT 7,"Permanent Polling Location
CLINTON VALLEY ELEM
1260 MULBERRY
CLINTON TOWNSHIP MI 48035

Handicap Accessable:
Y
","Temporary Polling Location




Handicap Accessable: 
"
MACOMB COUNTY,CLINTON TOWNSHIP ,     PRECINCT 8,"Permanent Polling Location
HURON ELEM
15800 TERRA BELLA
CLINTON TOWNSHIP MI 48038

Handicap Accessable:
Y
","Temporary Polling Location




Handicap Accessable: 
"
MACOMB COUNTY,CLINTON TOWNSHIP ,     PRECINCT 9,"Permanent Polling Location
WYANDOT MIDDLE
39490 GARFIELD
CLINTON TOWNSHIP MI 48038

Handicap Accessable:
Y
","Temporary Polling Location




Handicap Accessable: 
"
MACOMB COUNTY,CLINTON TOWNSHIP ,     PRECINCT 10,"Permanent Polling Location
OTTAWA ELEM
18601 MILLAR
CLINTON TOWNSHIP MI 48036

Handicap Accessable:
Y
","Temporary Polling Location




Handicap Accessable: 
"
MACOMB COUNTY,CLINTON TOWNSHIP ,     PRECINCT 11,"Permanent Polling Location
HURON ACADEMY
36301 UTICA ROAD
CLINTON TOWNSHIP MI 48035

Handicap Accessable:
Y
","Temporary Polling Location




Handicap Accessable: 
"
MACOMB COUNTY,CLINTON TOWNSHIP ,     PRECINCT 12,"Permanent Polling Location
ALGONQUIN MIDDLE SCH
19150 BRIARWOOD
CLINTON TOWNSHIP MI 48036

Handicap Accessable:
Y
","Temporary Polling Location




Handicap Accessable: 
"
MACOMB COUNTY,CLINTON TOWNSHIP ,     PRECINCT 13,"Permanent Polling Location
NEIL E REID HIGH SCHOOL
37701 HARPER
CLINTON TOWNSHIP MI 48036

Handicap Accessable:
Y
","Temporary Polling Location




Handicap Accessable: 
"
MACOMB COUNTY,CLINTON TOWNSHIP ,     PRECINCT 14,"Permanent Polling Location
DISNEY ELEM
36155 KELLY ROAD
CLINTON TOWNSHIP MI 48035

Handicap Accessable:
Y
","Temporary Polling Location




Handicap Accessable: 
"
MACOMB COUNTY,CLINTON TOWNSHIP ,     PRECINCT 15,"Permanent Polling Location
MCGLINNEN ELEM
21415 SUNNYVIEW
CLINTON TOWNSHIP MI 48035

Handicap Accessable:
Y
","Temporary Polling Location




Handicap Accessable: 
"
MACOMB COUNTY,CLINTON TOWNSHIP ,     PRECINCT 16,"Permanent Polling Location
TENNISWOOD ELEM
23450 GLENWOOD
CLINTON TOWNSHIP MI 48035

Handicap Accessable:
Y
","Temporary Polling Location




Handicap Accessable: 
"
MACOMB COUNTY,CLINTON TOWNSHIP ,     PRECINCT 17,"Permanent Polling Location
CLINTONDALE HIGH
35200 LITTLE MACK
CLINTON TOWNSHIP MI 48035

Handicap Accessable:
Y
","Temporary Polling Location




Handicap Accessable: 
"
MACOMB COUNTY,CLINTON TOWNSHIP ,     PRECINCT 18,"Permanent Polling Location
ROBBIE PARKER ELEM
22055 QUINN ROAD
CLINTON TOWNSHIP MI 48035

Handicap Accessable:
Y
","Temporary Polling Location




Handicap Accessable: 
"
MACOMB COUNTY,EASTPOINTE CITY ,     PRECINCT 1,"Permanent Polling Location
EASTPOINTE HIGH SCHOOL
15320 NINE MILE RD
EASTPOINTE MI 48021

Handicap Accessable:
Y
","Temporary Polling Location




Handicap Accessable: 
"
MACOMB COUNTY,EASTPOINTE CITY ,     PRECINCT 2,"Permanent Polling Location
BELLVIEW SCHOOL
15800 BELL
EASTPOINTE MI 48021

Handicap Accessable:
Y
","Temporary Polling Location




Handicap Accessable: 
"
MACOMB COUNTY,EASTPOINTE CITY ,     PRECINCT 3,"Permanent Polling Location
MICH MILITARY MUSEUM
16600 STEPHENS
EASTPOINTE MI 48021

Handicap Accessable:
Y
","Temporary Polling Location




Handicap Accessable: 
"
MACOMB COUNTY,EASTPOINTE CITY ,     PRECINCT 4,"Permanent Polling Location
PLEASANTVIEW SCHOOL
16501 TOEPFER
EASTPOINTE MI 48021

Handicap Accessable:
Y
","Temporary Polling Location




Handicap Accessable: 
"
MACOMB COUNTY,EASTPOINTE CITY ,     PRECINCT 5,"Permanent Polling Location
LOVE LIFE CHURCH
17363 TOEPFER
EASTPOINTE MI 48021

Handicap Accessable:
Y
","Temporary Polling Location




Handicap Accessable: 
"
MACOMB COUNTY,EASTPOINTE CITY ,     PRECINCT 6,"Permanent Polling Location
ST THOMAS LUTHERAN CHURCH
23801 KELLY RD
EASTPOINTE MI 48021

Handicap Accessable:
Y
","Temporary Polling Location




Handicap Accessable: 
"
MACOMB COUNTY,EASTPOINTE CITY ,     PRECINCT 7,"Permanent Polling Location
FOREST PARK SCHOOL
18361 FOREST
EASTPOINTE MI 48021

Handicap Accessable:
Y
","Temporary Polling Location




Handicap Accessable: 
"
MACOMB COUNTY,EASTPOINTE CITY ,     PRECINCT 8,"Permanent Polling Location
SPINDLER PARK BUILDING
19400 STEPHENS
EASTPOINTE MI 48021

Handicap Accessable:
Y
","Temporary Polling Location




Handicap Accessable: 
"
MACOMB COUNTY,FRASER CITY ,     PRECINCT 1,"Permanent Polling Location
FRASER HIGH SCHOOL GYM
34270 GARFIELD RD
FRASER MI 48026

Handicap Accessable:
Y
","Temporary Polling Location




Handicap Accessable: 
"
MACOMB COUNTY,FRASER CITY ,     PRECINCT 2,"Permanent Polling Location
EDISON ELEMENTARY
17470 SEWEL
FRASER MI 48026

Handicap Accessable:
Y
","Temporary Polling Location




Handicap Accessable: 
"
MACOMB COUNTY,FRASER CITY ,     PRECINCT 3,"Permanent Polling Location
EISENHOWER ELEMENTARY SCHOOL
31275 EVENINGSIDE
FRASER MI 48026

Handicap Accessable:
Y
(N OF 13 MILE/ E OF UTICA)","Temporary Polling Location




Handicap Accessable: 
"
MACOMB COUNTY,FRASER CITY ,     PRECINCT 4,"Permanent Polling Location
EMERSON ELEMENTARY SCHOOL
32151 DANNA
FRASER MI 48026

Handicap Accessable:
Y
(N OF MASONIC/W OF UTICA)","Temporary Polling Location




Handicap Accessable: 
"
MACOMB COUNTY,FRASER CITY ,     PRECINCT 5,"Permanent Polling Location
FRASER SENIOR ACTIVITIES CENTER
34935 HIDDEN PINE DR
FRASER MI 48026

Handicap Accessable:
Y
(S OF 15 MILE/W OF UTICA)","Temporary Polling Location




Handicap Accessable: 
"
MACOMB COUNTY,HARRISON TOWNSHIP ,     PRECINCT 1,"Permanent Polling Location
SENIOR ACTIVITY CTR
26980 BALLARD
HARRISON TOWNSHIP MI 48045

Handicap Accessable:
Y
","Temporary Polling Location




Handicap Accessable: 
"
MACOMB COUNTY,HARRISON TOWNSHIP ,     PRECINCT 2,"Permanent Polling Location
EMMA V. LOBBESTAEL
38495 PRENTISS
HARRISON TOWNSHIP MI 48045

Handicap Accessable:
Y
","Temporary Polling Location




Handicap Accessable: 
"
MACOMB COUNTY,HARRISON TOWNSHIP ,     PRECINCT 3,"Permanent Polling Location
ST HUBERT CHURCH
38775 PRENTISS
HARRISON TOWNSHIP MI 48045

Handicap Accessable:
Y
","Temporary Polling Location




Handicap Accessable: 
"
MACOMB COUNTY,HARRISON TOWNSHIP ,     PRECINCT 4,"Permanent Polling Location
SOUTH RIVER ELEM.
27733 SOUTH RIVER RD.
HARRISON TWP MI 48045-6314

Handicap Accessable:
Y
","Temporary Polling Location




Handicap Accessable: 
"
MACOMB COUNTY,HARRISON TOWNSHIP ,     PRECINCT 5,"Permanent Polling Location
MARIE C. GRAHAM ELEM
25555 CROCKER BLVD.
HARRISON TOWNSHIP MI 48045

Handicap Accessable:
Y
","Temporary Polling Location




Handicap Accessable: 
"
MACOMB COUNTY,HARRISON TOWNSHIP ,     PRECINCT 6,"Permanent Polling Location
SOUTH RIVER ELEM.
27733 SOUTH RIVER RD.
HARRISON TWP MI 48045-6314

Handicap Accessable:
Y
","Temporary Polling Location




Handicap Accessable: 
"
MACOMB COUNTY,LENOX TOWNSHIP ,     PRECINCT 1,"Permanent Polling Location
LENOX TWP. OFFICES
63775 GRATIOT AVENUE
LENOX MI 48050

Handicap Accessable:
Y
(WEST SIDE OF GRATIOT AVE - BETWEEN 29 & 30 MILE RD)","Temporary Polling Location




Handicap Accessable: 
"
MACOMB COUNTY,LENOX TOWNSHIP ,     PRECINCT 2,"Permanent Polling Location
LENOX TWP. OFFICES
63775 GRATIOT AVENUE
LENOX MI 48050

Handicap Accessable:
Y
(WEST SIDE OF GRATIOT AVE - BETWEEN 29 & 30 MILE RD)","Temporary Polling Location




Handicap Accessable: 
"
MACOMB COUNTY,LENOX TOWNSHIP ,     PRECINCT 3,"Permanent Polling Location
LENOX TWP. OFFICES
63775 GRATIOT AVENUE
LENOX MI 48050

Handicap Accessable:
Y
(WEST SIDE OF GRATIOT AVE - BETWEEN 29 & 30 MILE RD)","Temporary Polling Location




Handicap Accessable: 
"
MACOMB COUNTY,LENOX TOWNSHIP ,     PRECINCT 4,"Permanent Polling Location
LENOX TWP. OFFICES
63775 GRATIOT AVENUE
LENOX MI 48050

Handicap Accessable:
Y
(WEST SIDE OF GRATIOT AVE - BETWEEN 29 & 30 MILE RD)","Temporary Polling Location




Handicap Accessable: 
"
MACOMB COUNTY,MACOMB TOWNSHIP ,     PRECINCT 1,"Permanent Polling Location
FOX ELEMENTARY
17500 MILLSTONE
MACOMB MI 48044

Handicap Accessable:
Y
(W. OF ROMEO PLANK, N. OF HALL RD.)","Temporary Polling Location




Handicap Accessable: 
"
MACOMB COUNTY,MACOMB TOWNSHIP ,     PRECINCT 2,"Permanent Polling Location
SENECA MIDDLE SCHOOL
47200 HEYDENREICH RD
MACOMB MI 48044

Handicap Accessable:
Y
(E. SIDE OF HEYDENREICH, N. OF 21 MILE)","Temporary Polling Location




Handicap Accessable: 
"
MACOMB COUNTY,MACOMB TOWNSHIP ,     PRECINCT 3,"Permanent Polling Location
DAKOTA HIGH SCHOOL
21051 21 MILE ROAD
MACOMB MI 48044

Handicap Accessable:
Y
(N. SIDE OF 21 MILE, 1/4 MILE EAST OF HEYDENREICH)","Temporary Polling Location




Handicap Accessable: 
"
MACOMB COUNTY,MACOMB TOWNSHIP ,     PRECINCT 4,"Permanent Polling Location
DAKOTA HIGH SCHOOL
21051 21 MILE ROAD
MACOMB MI 48044

Handicap Accessable:
Y
(N. SIDE OF 21 MILE, 1/4 MILE EAST OF HEYDENREICH)","Temporary Polling Location




Handicap Accessable: 
"
MACOMB COUNTY,MACOMB TOWNSHIP ,     PRECINCT 5,"Permanent Polling Location
LC HIGH SCHOOL NORTH
23700 21 MILE RD
MACOMB MI 48042

Handicap Accessable:
Y
(N. OF HALL RD., W. SIDE OF FAIRCHILD)","Temporary Polling Location




Handicap Accessable: 
"
MACOMB COUNTY,MACOMB TOWNSHIP ,     PRECINCT 6,"Permanent Polling Location
LC MIDDLE SCH. NORTH
46201 FAIRCHILD ROAD
MACOMB MI 48042

Handicap Accessable:
Y
(N. OF HALL RD., WEST  SIDE OF FAIRCHILD)","Temporary Polling Location




Handicap Accessable: 
"
MACOMB COUNTY,MACOMB TOWNSHIP ,     PRECINCT 7,"Permanent Polling Location
EBELING ELEMENTARY
15970 HAVERHILL
MACOMB MI 48044

Handicap Accessable:
Y
(N. OF 21 MILE, E. OF HAYES RD.)","Temporary Polling Location




Handicap Accessable: 
"
MACOMB COUNTY,MACOMB TOWNSHIP ,     PRECINCT 8,"Permanent Polling Location
IROQUOIS MIDDLE SCHL
48301 ROMEO PLANK
MACOMB MI 48044

Handicap Accessable:
Y
(W. SIDE OF ROMEO PLANK, S. OF 22 MILE)","Temporary Polling Location




Handicap Accessable: 
"
MACOMB COUNTY,MACOMB TOWNSHIP ,     PRECINCT 9,"Permanent Polling Location
SENECA MIDDLE SCHOOL
47200 HEYDENREICH RD
MACOMB MI 48044

Handicap Accessable:
Y
(E. SIDE OF HEYDENREICH, N. OF 21 MILE)","Temporary Polling Location




Handicap Accessable: 
"
MACOMB COUNTY,MACOMB TOWNSHIP ,     PRECINCT 10,"Permanent Polling Location
CHEYENNE ELEMENTARY
47600 HEYDENREICH
MACOMB MI 48044

Handicap Accessable:
Y
(E. SIDE OF HEYDENREICH, N. OF 21 MILE RD.)","Temporary Polling Location




Handicap Accessable: 
"
MACOMB COUNTY,MACOMB TOWNSHIP ,     PRECINCT 11,"Permanent Polling Location
EBELING ELEMENTARY
15970 HAVERHILL
MACOMB MI 48044

Handicap Accessable:
Y
(N. OF 21 MILE, E. OF HAYES RD.)","Temporary Polling Location




Handicap Accessable: 
"
MACOMB COUNTY,MACOMB TOWNSHIP ,     PRECINCT 12,"Permanent Polling Location
BECK CENTENNIAL ELEM
54600 HAYES
MACOMB MI 48042

Handicap Accessable:
Y
(E. SIDE OF HAYES RD., 1/4 MILE S. OF 25 MILE RD.)","Temporary Polling Location




Handicap Accessable: 
"
MACOMB COUNTY,MACOMB TOWNSHIP ,     PRECINCT 13,"Permanent Polling Location
SEQUOYAH ELEMENTARY
18500 24 MILE ROAD
MACOMB MI 48042

Handicap Accessable:
Y
","Temporary Polling Location




Handicap Accessable: 
"
MACOMB COUNTY,MACOMB TOWNSHIP ,     PRECINCT 14,"Permanent Polling Location
TWP SENIOR CTR
51210 ALMA DR
MACOMB MI 48042

Handicap Accessable:
Y
(N OF 23 MILE, EAST OF ROMEO PLANK)","Temporary Polling Location




Handicap Accessable: 
"
MACOMB COUNTY,MACOMB TOWNSHIP ,     PRECINCT 15,"Permanent Polling Location
SHAWNEE ELEMENTARY
21555 VESPER
MACOMB MI 48044

Handicap Accessable:
Y
(W. SIDE OF CARD, 1/4 MILE S. OF 23 MILE RD.)","Temporary Polling Location




Handicap Accessable: 
"
MACOMB COUNTY,MACOMB TOWNSHIP ,     PRECINCT 16,"Permanent Polling Location
CLINTON-MACOMB LIBRARY NORTH
54100 BROUGHTON RD
MACOMB MI 48042

Handicap Accessable:
Y
(BROUGHTON RD SOUTH OF 25 MILE)","Temporary Polling Location




Handicap Accessable: 
"
MACOMB COUNTY,MACOMB TOWNSHIP ,     PRECINCT 17,"Permanent Polling Location
TWP SENIOR CTR
51210 ALMA DR
MACOMB MI 48042

Handicap Accessable:
Y
(N OF 23 MILE, EAST OF ROMEO PLANK)","Temporary Polling Location




Handicap Accessable: 
"
MACOMB COUNTY,MACOMB TOWNSHIP ,     PRECINCT 18,"Permanent Polling Location
SEQUOYAH ELEMENTARY
18500 24 MILE ROAD
MACOMB MI 48042

Handicap Accessable:
Y
","Temporary Polling Location




Handicap Accessable: 
"
MACOMB COUNTY,MACOMB TOWNSHIP ,     PRECINCT 19,"Permanent Polling Location
BECK CENTENNIAL ELEM
54600 HAYES
MACOMB MI 48042

Handicap Accessable:
Y
(E. SIDE OF HAYES RD., 1/4 MILE S. OF 25 MILE RD.)","Temporary Polling Location




Handicap Accessable: 
"
MACOMB COUNTY,MACOMB TOWNSHIP ,     PRECINCT 20,"Permanent Polling Location
BECK CENTENNIAL ELEM
54600 HAYES
MACOMB MI 48042

Handicap Accessable:
Y
(E. SIDE OF HAYES RD., 1/4 MILE S. OF 25 MILE RD.)","Temporary Polling Location




Handicap Accessable: 
"
MACOMB COUNTY,MACOMB TOWNSHIP ,     PRECINCT 21,"Permanent Polling Location
MACOMB TWP RECREATION CENTER
20699 MACOMB ST
MACOMB MI 48042

Handicap Accessable:
Y
","Temporary Polling Location




Handicap Accessable: 
"
MACOMB COUNTY,MACOMB TOWNSHIP ,     PRECINCT 22,"Permanent Polling Location
MACOMB TWP RECREATION CENTER
20699 MACOMB ST
MACOMB MI 48042

Handicap Accessable:
Y
","Temporary Polling Location




Handicap Accessable: 
"
MACOMB COUNTY,MACOMB TOWNSHIP ,     PRECINCT 23,"Permanent Polling Location
MACOMB TWP RECREATION CENTER
20699 MACOMB ST
MACOMB MI 48042

Handicap Accessable:
Y
","Temporary Polling Location




Handicap Accessable: 
"
MACOMB COUNTY,MACOMB TOWNSHIP ,     PRECINCT 24,"Permanent Polling Location
CLINTON-MACOMB LIBRARY NORTH
54100 BROUGHTON RD
MACOMB MI 48042

Handicap Accessable:
Y
(BROUGHTON RD SOUTH OF 25 MILE)","Temporary Polling Location




Handicap Accessable: 
"
MACOMB COUNTY,MEMPHIS CITY ,     PRECINCT 1,"Permanent Polling Location
CITY CLERK OFFICE
80375 MAIN STREET
MEMPHIS MI 48041

Handicap Accessable:
Y
","Temporary Polling Location




Handicap Accessable: 
"
MACOMB COUNTY,MEMPHIS CITY ,     PRECINCT 2,"Permanent Polling Location
CITY CLERK OFFICE
80375 MAIN STREET
MEMPHIS MI 48041

Handicap Accessable:
Y
","Temporary Polling Location




Handicap Accessable: 
"
MACOMB COUNTY,MOUNT CLEMENS CITY ,     PRECINCT 1,"Permanent Polling Location
GREATER MORNING STAR CHURCH
87 ROBERTSON ST
MOUNT CLEMENS MI 48043

Handicap Accessable:
Y
","Temporary Polling Location




Handicap Accessable: 
"
MACOMB COUNTY,MOUNT CLEMENS CITY ,     PRECINCT 2,"Permanent Polling Location
WILSON GYMNASIUM
58 S. WILSON
MOUNT CLEMENS MI 48043

Handicap Accessable:
Y
(CORNER OF CHURCH AND S. WILSON)","Temporary Polling Location




Handicap Accessable: 
"
MACOMB COUNTY,MOUNT CLEMENS CITY ,     PRECINCT 3,"Permanent Polling Location
COMMUNITY CENTER
300 GROESBECK
MOUNT CLEMENS MI 48043

Handicap Accessable:
Y
","Temporary Polling Location




Handicap Accessable: 
"
MACOMB COUNTY,MOUNT CLEMENS CITY ,     PRECINCT 4,"Permanent Polling Location
COMMUNITY CENTER
300 GROESBECK
MOUNT CLEMENS MI 48043

Handicap Accessable:
Y
","Temporary Polling Location




Handicap Accessable: 
"
MACOMB COUNTY,MOUNT CLEMENS CITY ,     PRECINCT 5,"Permanent Polling Location
SEMINOLE SCHOOL
1500 MULBERRY
MOUNT CLEMENS MI 48043

Handicap Accessable:
Y
","Temporary Polling Location




Handicap Accessable: 
"
MACOMB COUNTY,MOUNT CLEMENS CITY ,     PRECINCT 6,"Permanent Polling Location
CITY HALL
ONE CROCKER BLVD.
MOUNT CLEMENS MI 48043

Handicap Accessable:
Y
(MAIN COURTROOM)","Temporary Polling Location




Handicap Accessable: 
"
MACOMB COUNTY,NEW BALTIMORE CITY ,     PRECINCT 1,"Permanent Polling Location
A B MIDDLE SCHOOL NORTH
52805 ASHLEY,   DOOR #1
NEW BALTIMORE MI 48047

Handicap Accessable:
Y
(DOOR #1)","Temporary Polling Location




Handicap Accessable: 
"
MACOMB COUNTY,NEW BALTIMORE CITY ,     PRECINCT 2,"Permanent Polling Location
ANCHOR BAY MIDDLE SCHOOL NORTH
52805 ASHLEY STREET, DOOR 1 
NEW BALTIMORE MI 48047

Handicap Accessable:
Y
( COMMONS/CAFETERIA DOOR #1)","Temporary Polling Location




Handicap Accessable: 
"
MACOMB COUNTY,NEW BALTIMORE CITY ,     PRECINCT 3,"Permanent Polling Location
A B MIDDLE SCHOOL NORTH
52805 ASHLEY,  DOOR #3
NEW BALTIMORE MI 48047

Handicap Accessable:
Y
(LIBRARY /  DOOR #3)","Temporary Polling Location




Handicap Accessable: 
"
MACOMB COUNTY,NEW BALTIMORE CITY ,     PRECINCT 4,"Permanent Polling Location
ASHLEY ELEMENTARY
52347 ASHLEY
NEW BALTIMORE MI 48047

Handicap Accessable:
Y
","Temporary Polling Location




Handicap Accessable: 
"
MACOMB COUNTY,NEW BALTIMORE CITY ,     PRECINCT 5,"Permanent Polling Location
A B LIGHTHOUSE ELEM.
51880 WASHINGTON
NEW BALTIMORE MI 48047

Handicap Accessable:
Y
(GYM)","Temporary Polling Location




Handicap Accessable: 
"
MACOMB COUNTY,RAY TOWNSHIP ,     PRECINCT 1,"Permanent Polling Location
RAY TOWNSHIP HALL
64255 WOLCOTT RD
RAY MI 48096

Handicap Accessable:
Y
(BETWEEN 29 MILE RD & 30 MILE RD)","Temporary Polling Location




Handicap Accessable: 
"
MACOMB COUNTY,RAY TOWNSHIP ,     PRECINCT 2,"Permanent Polling Location
RAY TOWNSHIP HALL
64255 WOLCOTT RD
RAY MI 48096

Handicap Accessable:
Y
(BETWEEN 29 MILE RD & 30 MILE RD)","Temporary Polling Location




Handicap Accessable: 
"
MACOMB COUNTY,RICHMOND CITY ,     PRECINCT 1,"Permanent Polling Location
COMMUNITY CENTER
36164 FESTIVAL DRIVE
RICHMOND MI 48062

Handicap Accessable:
Y
(BEEBE STREET MEMORIAL PARK)","Temporary Polling Location




Handicap Accessable: 
"
MACOMB COUNTY,RICHMOND CITY ,     PRECINCT 1,"Permanent Polling Location
COMMUNITY CENTER
36164 FESTIVAL DRIVE
RICHMOND MI 48062

Handicap Accessable:
Y
(BEEBE STREET MEMORIAL PARK)","Temporary Polling Location




Handicap Accessable: 
"
MACOMB COUNTY,RICHMOND CITY ,     PRECINCT 2,"Permanent Polling Location
RICHMOND CITY HALL - COUNCIL CHAMBERS
36725 DIVISION ROAD
RICHMOND MI 48062

Handicap Accessable:
Y
","Temporary Polling Location




Handicap Accessable: 
"
MACOMB COUNTY,RICHMOND TOWNSHIP ,     PRECINCT 1,"Permanent Polling Location
TOWNSHIP OFFICE
34900 SCHOOL SECTION ROAD
RICHMOND MI 48062

Handicap Accessable:
Y
","Temporary Polling Location




Handicap Accessable: 
"
MACOMB COUNTY,RICHMOND TOWNSHIP ,     PRECINCT 2,"Permanent Polling Location
SENIOR CENTER
34900 SCHOOL SECTION
RICHMOND MI 48062

Handicap Accessable:
N
","Temporary Polling Location




Handicap Accessable: 
"
MACOMB COUNTY,ROSEVILLE CITY ,     PRECINCT 1,"Permanent Polling Location
DORT ELEMENTARY
16225 DORT
ROSEVILLE MI 48066

Handicap Accessable:
Y
(FRAZHO TO ROSE OR HUDSON, SOUTH TO DORT ST.)","Temporary Polling Location




Handicap Accessable: 
"
MACOMB COUNTY,ROSEVILLE CITY ,     PRECINCT 2,"Permanent Polling Location
MARK TWAIN ELEM.
30601 CALAHAN
ROSEVILLE MI 48066

Handicap Accessable:
Y
(ON CALAHAN BETWEEN COMMON & 13 MILE)","Temporary Polling Location




Handicap Accessable: 
"
MACOMB COUNTY,ROSEVILLE CITY ,     PRECINCT 3,"Permanent Polling Location
RSVL SCHLS ADMIN BLD
18975 CHURCH
ROSEVILLE MI 48066

Handicap Accessable:
Y
(CHURCH STREET 3 BLKS EAST OF KELLY NORTH OF 10 MI)","Temporary Polling Location




Handicap Accessable: 
"
MACOMB COUNTY,ROSEVILLE CITY ,     PRECINCT 4,"Permanent Polling Location
RUTH H. GREEN ELEMENTARY
18530 MARQUETTE
ROSEVILLE MI 48066

Handicap Accessable:
Y
(E. OF GRATIOT, BETWEEN FRAZHO & 11 MILE, NEAR OAK)","Temporary Polling Location




Handicap Accessable: 
"
MACOMB COUNTY,ROSEVILLE CITY ,     PRECINCT 5,"Permanent Polling Location
CORNERSTONE BAPTIST
17017 12 MILE RD
ROSEVILLE MI 48066

Handicap Accessable:
Y
(ON TWELVE MILE BETWEEN GROESBECK & UTICA)","Temporary Polling Location




Handicap Accessable: 
"
MACOMB COUNTY,ROSEVILLE CITY ,     PRECINCT 6,"Permanent Polling Location
ROSEVILLE RECREATION
18185 SYCAMORE
ROSEVILLE MI 48066

Handicap Accessable:
Y
(N OF I-696 SERVICE DRIVE, EAST OFF GRATIOT)","Temporary Polling Location




Handicap Accessable: 
"
MACOMB COUNTY,ROSEVILLE CITY ,     PRECINCT 7,"Permanent Polling Location
KAISER SCHOOL
16700 WILDWOOD
ROSEVILLE MI 48066

Handicap Accessable:
Y
(SOUTH OF 696, EAST OF GROVELAND ON WILDWOOD)","Temporary Polling Location




Handicap Accessable: 
"
MACOMB COUNTY,ROSEVILLE CITY ,     PRECINCT 8,"Permanent Polling Location
EASTLAND MIDDLE
18700 FRANK
ROSEVILLE MI 48066

Handicap Accessable:
Y
(BETWEEN COMMON & 13 MILE, EAST OFF PARK)","Temporary Polling Location




Handicap Accessable: 
"
MACOMB COUNTY,ROSEVILLE CITY ,     PRECINCT 9,"Permanent Polling Location
STEENLAND ELEMENTARY
16335 CHESTNUT
ROSEVILLE MI 48066

Handicap Accessable:
Y
(SOUTH OF MARTIN RD., WEST OF BARKMAN)","Temporary Polling Location




Handicap Accessable: 
"
MACOMB COUNTY,ROSEVILLE CITY ,     PRECINCT 10,"Permanent Polling Location
KMENT ELEMENTARY
20033 WASHINGTON
ROSEVILLE MI 48066

Handicap Accessable:
Y
(WEST OF LITTLE MACK, NORTH OF 12 MILE RD.)","Temporary Polling Location




Handicap Accessable: 
"
MACOMB COUNTY,ROSEVILLE CITY ,     PRECINCT 11,"Permanent Polling Location
ROSEVILLE MIDDLE
16250 MARTIN
ROSEVILLE MI 48066

Handicap Accessable:
Y
(CORNER OF BARKMAN, 2 BLKS EAST OF GROESBECK)","Temporary Polling Location




Handicap Accessable: 
"
MACOMB COUNTY,ROSEVILLE CITY ,     PRECINCT 12,"Permanent Polling Location
PATTON ELEMENTARY
18851 MCKINNON
ROSEVILLE MI 48066

Handicap Accessable:
Y
(SOUTH OF MASONIC BET. KELLY & BEACONSFIELD)","Temporary Polling Location




Handicap Accessable: 
"
MACOMB COUNTY,SHELBY CHARTER TOWNSHIP ,     PRECINCT 1,"Permanent Polling Location
LAKESIDE ASSEMBLY OF GOD
46155 SCHOENHERR
SHELBY TOWNSHIP MI 48315

Handicap Accessable:
Y
(W SIDE OF SCHOENHERR, NORTH OFHALL ROAD)","Temporary Polling Location




Handicap Accessable: 
"
MACOMB COUNTY,SHELBY CHARTER TOWNSHIP ,     PRECINCT 2,"Permanent Polling Location
ST THERESE CHURCH
48115 SCHOENHERR
SHELBY TOWNSHIP MI 48315

Handicap Accessable:
Y
(W SIDE OF SCHOENHERR, NORTH OF 21 MILE RD)","Temporary Polling Location




Handicap Accessable: 
"
MACOMB COUNTY,SHELBY CHARTER TOWNSHIP ,     PRECINCT 3,"Permanent Polling Location
ST THERESE CHURCH
48115 SCHOENHERR
SHELBY TOWNSHIP MI 48315

Handicap Accessable:
Y
(W SIDE OF SCHOENHERR, NORTH OF 21 MILE RD)","Temporary Polling Location




Handicap Accessable: 
"
MACOMB COUNTY,SHELBY CHARTER TOWNSHIP ,     PRECINCT 4,"Permanent Polling Location
WILEY ELEMENTARY
47240 SHELBY RD
UTICA MI 48317

Handicap Accessable:
Y
(EAST SIDE OF SHELBY RD, NORTH OF 21 MILE RD)","Temporary Polling Location




Handicap Accessable: 
"
MACOMB COUNTY,SHELBY CHARTER TOWNSHIP ,     PRECINCT 5,"Permanent Polling Location
WILEY ELEMENTARY
47240 SHELBY RD
UTICA MI 48317

Handicap Accessable:
Y
(EAST SIDE OF SHELBY RD, NORTH OF 21 MILE RD)","Temporary Polling Location




Handicap Accessable: 
"
MACOMB COUNTY,SHELBY CHARTER TOWNSHIP ,     PRECINCT 6,"Permanent Polling Location
WEST UTICA ELEMENTARY
5415 WEST UTICA RD
SHELBY TOWNSHIP MI 48317

Handicap Accessable:
Y
(NORTH SIDE OF WEST UTICA RD, BETWEEN AUBURN/RYAN)","Temporary Polling Location




Handicap Accessable: 
"
MACOMB COUNTY,SHELBY CHARTER TOWNSHIP ,     PRECINCT 7,"Permanent Polling Location
WEST UTICA ELEMENTARY
5415 WEST UTICA RD
SHELBY TOWNSHIP MI 48317

Handicap Accessable:
Y
(NORTH SIDE OF WEST UTICA RD, BETWEEN AUBURN/RYAN)","Temporary Polling Location




Handicap Accessable: 
"
MACOMB COUNTY,SHELBY CHARTER TOWNSHIP ,     PRECINCT 8,"Permanent Polling Location
FIRE STATION #1
6345 23 MILE
SHELBY TOWNSHIP MI 48316

Handicap Accessable:
Y
","Temporary Polling Location




Handicap Accessable: 
"
MACOMB COUNTY,SHELBY CHARTER TOWNSHIP ,     PRECINCT 9,"Permanent Polling Location
SHEPHERD'S GATE CHURCH
12400 23 MILE ROAD
SHELBY TOWNSHIP MI 48315

Handicap Accessable:
Y
(S OF 23 MILE, E OF M-53 FREEWAY)","Temporary Polling Location




Handicap Accessable: 
"
MACOMB COUNTY,SHELBY CHARTER TOWNSHIP ,     PRECINCT 10,"Permanent Polling Location
SHEPHERD'S GATE CHURCH
12400 23 MILE ROAD
SHELBY TOWNSHIP MI 48315

Handicap Accessable:
Y
(S OF 23 MILE, E OF M-53 FREEWAY)","Temporary Polling Location




Handicap Accessable: 
"
MACOMB COUNTY,SHELBY CHARTER TOWNSHIP ,     PRECINCT 11,"Permanent Polling Location
CRISSMAN ELEMENTARY
53550 WOLF DR
SHELBY TOWNSHIP MI 48316

Handicap Accessable:
Y
(N OFF 24 MILE RD, EAST OF VAN DYKE)","Temporary Polling Location




Handicap Accessable: 
"
MACOMB COUNTY,SHELBY CHARTER TOWNSHIP ,     PRECINCT 12,"Permanent Polling Location
MORGAN ELEMENTARY
53800 MOUND RD
SHELBY TOWNSHIP MI 48316

Handicap Accessable:
Y
(E SIDE OF MOUND, BETWEEN 24 & 25 MILE RDS)","Temporary Polling Location




Handicap Accessable: 
"
MACOMB COUNTY,SHELBY CHARTER TOWNSHIP ,     PRECINCT 13,"Permanent Polling Location
SWITZER ELEMENTARY
53200 SHELBY RD
SHELBY TOWNSHIP MI 48316

Handicap Accessable:
Y
(NE CORNER OF 24 MILE AND SHELBY RDS)","Temporary Polling Location




Handicap Accessable: 
"
MACOMB COUNTY,SHELBY CHARTER TOWNSHIP ,     PRECINCT 14,"Permanent Polling Location
MORGAN ELEMENTARY
53800 MOUND RD
SHELBY TOWNSHIP MI 48316

Handicap Accessable:
Y
(E SIDE OF MOUND, BETWEEN 24 & 25 MILE RDS)","Temporary Polling Location




Handicap Accessable: 
"
MACOMB COUNTY,SHELBY CHARTER TOWNSHIP ,     PRECINCT 15,"Permanent Polling Location
MALOW JR HIGH
6400 25 MILE RD
SHELBY TOWNSHIP MI 48316

Handicap Accessable:
Y
(S SIDE OF 25 MILE EAST OF MOUND RD)","Temporary Polling Location




Handicap Accessable: 
"
MACOMB COUNTY,SHELBY CHARTER TOWNSHIP ,     PRECINCT 16,"Permanent Polling Location
MALOW JR HIGH
6400 25 MILE RD
SHELBY TOWNSHIP MI 48316

Handicap Accessable:
Y
(S SIDE OF 25 MILE EAST OF MOUND RD)","Temporary Polling Location




Handicap Accessable: 
"
MACOMB COUNTY,SHELBY CHARTER TOWNSHIP ,     PRECINCT 17,"Permanent Polling Location
EISENHOWER HIGH
6500 25 MILE RD
SHELBY TOWNSHIP MI 48316

Handicap Accessable:
Y
(S SIDE OF 25 MILE, EAST OF MOUND RD)","Temporary Polling Location




Handicap Accessable: 
"
MACOMB COUNTY,SHELBY CHARTER TOWNSHIP ,     PRECINCT 18,"Permanent Polling Location
CRISSMAN ELEMENTARY
53550 WOLF DR
SHELBY TOWNSHIP MI 48316

Handicap Accessable:
Y
(N OFF 24 MILE RD, EAST OF VAN DYKE)","Temporary Polling Location




Handicap Accessable: 
"
MACOMB COUNTY,SHELBY CHARTER TOWNSHIP ,     PRECINCT 19,"Permanent Polling Location
ST JOHN VIANNEY CHURCH
54045 SCHOENHERR
SHELBY TOWNSHIP MI 48315

Handicap Accessable:
Y
(WEST SIDE OF SCHOENHERR, NORTH OF 24 MILE ROAD)","Temporary Polling Location




Handicap Accessable: 
"
MACOMB COUNTY,SHELBY CHARTER TOWNSHIP ,     PRECINCT 20,"Permanent Polling Location
ST JOHN VIANNEY CHURCH
54045 SCHOENHERR
SHELBY TOWNSHIP MI 48315

Handicap Accessable:
Y
(WEST SIDE OF SCHOENHERR, NORTH OF 24 MILE ROAD)","Temporary Polling Location




Handicap Accessable: 
"
MACOMB COUNTY,ST CLAIR SHORES CITY ,     PRECINCT 1,"Permanent Polling Location
SCS SENIOR CENTER
20000 STEPHENS
SAINT CLAIR SHORES MI 48080

Handicap Accessable:
Y
(SOUTH SIDE OF STEPHENS ST, E OF I-94)","Temporary Polling Location




Handicap Accessable: 
"
MACOMB COUNTY,ST CLAIR SHORES CITY ,     PRECINCT 2,"Permanent Polling Location
ST PAULS LUTHERAN CH
22915 GREATER MACK
ST CLAIR SHORES MI 48080

Handicap Accessable:
Y
","Temporary Polling Location




Handicap Accessable: 
"
MACOMB COUNTY,ST CLAIR SHORES CITY ,     PRECINCT 3,"Permanent Polling Location
ST. LUCY'S CHURCH
23401 JEFFERSON
SAINT CLAIR SHORES MI 48080

Handicap Accessable:
Y
","Temporary Polling Location




Handicap Accessable: 
"
MACOMB COUNTY,ST CLAIR SHORES CITY ,     PRECINCT 4,"Permanent Polling Location
ASSUMPTION GREEK CHU
21800 MARTER
ST CLAIR SHORES MI 48080

Handicap Accessable:
Y
","Temporary Polling Location




Handicap Accessable: 
"
MACOMB COUNTY,ST CLAIR SHORES CITY ,     PRECINCT 5,"Permanent Polling Location
SCS SENIOR CENTER
20000 STEPHENS
SAINT CLAIR SHORES MI 48080

Handicap Accessable:
Y
(SOUTH SIDE OF STEPHENS ST, E OF I-94)","Temporary Polling Location




Handicap Accessable: 
"
MACOMB COUNTY,ST CLAIR SHORES CITY ,     PRECINCT 6,"Permanent Polling Location
BLOSSOM HEATH INN
24800 JEFFERSON
ST CLAIR SHORES MI 48080

Handicap Accessable:
Y
","Temporary Polling Location




Handicap Accessable: 
"
MACOMB COUNTY,ST CLAIR SHORES CITY ,     PRECINCT 7,"Permanent Polling Location
THE SHORES CHURCH
24905 MANHATTAN
SAINT CLAIR SHORES MI 48080

Handicap Accessable:
Y
","Temporary Polling Location




Handicap Accessable: 
"
MACOMB COUNTY,ST CLAIR SHORES CITY ,     PRECINCT 8,"Permanent Polling Location
LAKEVIEW HIGH SCHOOL
21100 11 MILE ROAD
SAINT CLAIR SHORES MI 48081

Handicap Accessable:
Y
","Temporary Polling Location




Handicap Accessable: 
"
MACOMB COUNTY,ST CLAIR SHORES CITY ,     PRECINCT 9,"Permanent Polling Location
VFW BRUCE POST HALL
28404 JEFFERSON
SAINT CLAIR SHORES MI 48081

Handicap Accessable:
Y
","Temporary Polling Location




Handicap Accessable: 
"
MACOMB COUNTY,ST CLAIR SHORES CITY ,     PRECINCT 10,"Permanent Polling Location
ST. MARGARET CHURCH
21201 13 MILE ROAD
ST CLAIR SHORES MI 48082

Handicap Accessable:
Y
","Temporary Polling Location




Handicap Accessable: 
"
MACOMB COUNTY,ST CLAIR SHORES CITY ,     PRECINCT 11,"Permanent Polling Location
LAKE SHORE HIGH SCH
22980 13 MILE ROAD
ST CLAIR SHORES MI 48082

Handicap Accessable:
Y
","Temporary Polling Location




Handicap Accessable: 
"
MACOMB COUNTY,ST CLAIR SHORES CITY ,     PRECINCT 12,"Permanent Polling Location
LAKE SHORE ADMINISTRATIVE CENTER
23055 MASONIC
ST CLAIR SHORES MI 48082

Handicap Accessable:
Y
","Temporary Polling Location




Handicap Accessable: 
"
MACOMB COUNTY,STERLING HEIGHTS CITY ,     PRECINCT 1,"Permanent Polling Location
ANGUS ELEM. SCHOOL
3180 HEIN DR
STERLING HEIGHTS MI 48310

Handicap Accessable:
Y
(N OF 14 MILE RD / W OF RYAN RD)","Temporary Polling Location




Handicap Accessable: 
"
MACOMB COUNTY,STERLING HEIGHTS CITY ,     PRECINCT 2,"Permanent Polling Location
HARWOOD ELEMENTARY
4900 SOUTHLAWN DRIVE
STERLING HEIGHTS MI 48310

Handicap Accessable:
Y
","Temporary Polling Location




Handicap Accessable: 
"
MACOMB COUNTY,STERLING HEIGHTS CITY ,     PRECINCT 3,"Permanent Polling Location
GRISSOM MIDDLE SCHOO
35701 RYAN ROAD
STERLING HEIGHTS MI 48310

Handicap Accessable:
Y
","Temporary Polling Location




Handicap Accessable: 
"
MACOMB COUNTY,STERLING HEIGHTS CITY ,     PRECINCT 4,"Permanent Polling Location
HATHERLY ELEMENTARY
35201 DAVISON ST
STERLING HEIGHTS MI 48310

Handicap Accessable:
Y
","Temporary Polling Location




Handicap Accessable: 
"
MACOMB COUNTY,STERLING HEIGHTS CITY ,     PRECINCT 5,"Permanent Polling Location
GRISSOM MIDDLE SCHOO
35701 RYAN ROAD
STERLING HEIGHTS MI 48310

Handicap Accessable:
Y
","Temporary Polling Location




Handicap Accessable: 
"
MACOMB COUNTY,STERLING HEIGHTS CITY ,     PRECINCT 6,"Permanent Polling Location
HATHERLY ELEMENTARY
35201 DAVISON ST
STERLING HEIGHTS MI 48310

Handicap Accessable:
Y
","Temporary Polling Location




Handicap Accessable: 
"
MACOMB COUNTY,STERLING HEIGHTS CITY ,     PRECINCT 7,"Permanent Polling Location
HOLDEN ELEMENTARY
37565 CALKA DR
STERLING HEIGHTS MI 48310

Handicap Accessable:
Y
(FOX HILL DR / DEQUINDRE RD)","Temporary Polling Location




Handicap Accessable: 
"
MACOMB COUNTY,STERLING HEIGHTS CITY ,     PRECINCT 8,"Permanent Polling Location
HOLDEN ELEMENTARY
37565 CALKA DR
STERLING HEIGHTS MI 48310

Handicap Accessable:
Y
(FOX HILL DR / DEQUINDRE RD)","Temporary Polling Location




Handicap Accessable: 
"
MACOMB COUNTY,STERLING HEIGHTS CITY ,     PRECINCT 9,"Permanent Polling Location
JEFFERSON ELEMENTARY
37555 CAROL DR
STERLING HEIGHTS MI 48310

Handicap Accessable:
Y
(16 MILE RD / EAST OF RYAN RD)","Temporary Polling Location




Handicap Accessable: 
"
MACOMB COUNTY,STERLING HEIGHTS CITY ,     PRECINCT 10,"Permanent Polling Location
SCHUCHARD ELEMENTARY
2900 HOLLY DR
STERLING HEIGHTS MI 48310

Handicap Accessable:
Y
(FRANKLIN PARK DR BETWEEN RYAN AND DEQUINDRE)","Temporary Polling Location




Handicap Accessable: 
"
MACOMB COUNTY,STERLING HEIGHTS CITY ,     PRECINCT 11,"Permanent Polling Location
JEANNETTE JR HIGH
40400 GULLIVER DR
STERLING HEIGHTS MI 48310

Handicap Accessable:
Y
(S OF 18 MILE RD / W OF RYAN RD)","Temporary Polling Location




Handicap Accessable: 
"
MACOMB COUNTY,STERLING HEIGHTS CITY ,     PRECINCT 12,"Permanent Polling Location
BURR ELEMENTARY
41460 RYAN RD
STERLING HEIGHTS MI 48314

Handicap Accessable:
Y
(N OF 18 MILE RD ON EAST SIDE OF RYAN RD)","Temporary Polling Location




Handicap Accessable: 
"
MACOMB COUNTY,STERLING HEIGHTS CITY ,     PRECINCT 13,"Permanent Polling Location
BURR ELEMENTARY
41460 RYAN RD
STERLING HEIGHTS MI 48314

Handicap Accessable:
Y
(N OF 18 MILE RD ON EAST SIDE OF RYAN RD)","Temporary Polling Location




Handicap Accessable: 
"
MACOMB COUNTY,STERLING HEIGHTS CITY ,     PRECINCT 14,"Permanent Polling Location
MACEDONIAN CULTURAL CENTER
43133 RYAN RD
STERLING HEIGHTS MI 48314

Handicap Accessable:
Y
(WEST SIDE OF RYAN RD, NORTH OF 19 MILE)","Temporary Polling Location




Handicap Accessable: 
"
MACOMB COUNTY,STERLING HEIGHTS CITY ,     PRECINCT 15,"Permanent Polling Location
MACEDONIAN CULTURAL CENTER
43133 RYAN RD
STERLING HEIGHTS MI 48314

Handicap Accessable:
Y
(WEST SIDE OF RYAN RD, NORTH OF 19 MILE)","Temporary Polling Location




Handicap Accessable: 
"
MACOMB COUNTY,STERLING HEIGHTS CITY ,     PRECINCT 17,"Permanent Polling Location




Handicap Accessable:

","Temporary Polling Location
UTICA UNITED METHODIST CHURCH
8650 CANAL RD
STERLING HEIGHTS MI 48314

Handicap Accessable: Y
(CANAL RD / CLINTON RIVER RD)"
MACOMB COUNTY,STERLING HEIGHTS CITY ,     PRECINCT 18,"Permanent Polling Location
CHRIST LUTHERAN CHUR
12500 CANAL RD
STERLING HEIGHTS MI 48313

Handicap Accessable:
Y
(E OF VAN DYKE)","Temporary Polling Location




Handicap Accessable: 
"
MACOMB COUNTY,STERLING HEIGHTS CITY ,     PRECINCT 19,"Permanent Polling Location




Handicap Accessable:

","Temporary Polling Location
UTICA UNITED METHODIST CHURCH
8650 CANAL RD
STERLING HEIGHTS MI 48314

Handicap Accessable: Y
(CANAL RD / CLINTON RIVER RD)"
MACOMB COUNTY,STERLING HEIGHTS CITY ,     PRECINCT 20,"Permanent Polling Location
CHRIST LUTHERAN CHUR
12500 CANAL RD
STERLING HEIGHTS MI 48313

Handicap Accessable:
Y
(E OF VAN DYKE)","Temporary Polling Location




Handicap Accessable: 
"
MACOMB COUNTY,STERLING HEIGHTS CITY ,     PRECINCT 21,"Permanent Polling Location
BEMIS JR HIGH SCHOOL
12500 NINETEEN MILE ROAD
STERLING HEIGHTS MI 48313

Handicap Accessable:
Y
(E OF CLINTON RIVER RD)","Temporary Polling Location




Handicap Accessable: 
"
MACOMB COUNTY,STERLING HEIGHTS CITY ,     PRECINCT 22,"Permanent Polling Location
BROWNING ELEMENTARY
12400 NINETEEN MILE RD.
STERLING HEIGHTS MI 48313

Handicap Accessable:
Y
","Temporary Polling Location




Handicap Accessable: 
"
MACOMB COUNTY,STERLING HEIGHTS CITY ,     PRECINCT 23,"Permanent Polling Location




Handicap Accessable:

","Temporary Polling Location
STEVENSON HIGH SCHOOL
39701 DODGE PARK RD
STERLING HEIGHTS MI 48313

Handicap Accessable: Y
"
MACOMB COUNTY,STERLING HEIGHTS CITY ,     PRECINCT 25,"Permanent Polling Location
SCHWARZKOFF ELEM
8401 CONSTITUTION BLVD
STERLING HEIGHTS MI 48313

Handicap Accessable:
Y
(S OF 18 MILE RD / E OF VAN DYKE)","Temporary Polling Location




Handicap Accessable: 
"
MACOMB COUNTY,STERLING HEIGHTS CITY ,     PRECINCT 26,"Permanent Polling Location
SCHWARZKOFF ELEM
8401 CONSTITUTION BLVD
STERLING HEIGHTS MI 48313

Handicap Accessable:
Y
(S OF 18 MILE RD / E OF VAN DYKE)","Temporary Polling Location




Handicap Accessable: 
"
MACOMB COUNTY,STERLING HEIGHTS CITY ,     PRECINCT 27,"Permanent Polling Location




Handicap Accessable:

","Temporary Polling Location
STEVENSON HIGH SCHOOL
39701 DODGE PARK RD
STERLING HEIGHTS MI 48313

Handicap Accessable: Y
"
MACOMB COUNTY,STERLING HEIGHTS CITY ,     PRECINCT 28,"Permanent Polling Location




Handicap Accessable:

","Temporary Polling Location
STEVENSON HIGH SCHOOL
39701 DODGE PARK RD
STERLING HEIGHTS MI 48313

Handicap Accessable: Y
"
MACOMB COUNTY,STERLING HEIGHTS CITY ,     PRECINCT 29,"Permanent Polling Location




Handicap Accessable:

","Temporary Polling Location
STEVENSON HIGH SCHOOL
39701 DODGE PARK RD
STERLING HEIGHTS MI 48313

Handicap Accessable: Y
"
MACOMB COUNTY,STERLING HEIGHTS CITY ,     PRECINCT 30,"Permanent Polling Location
HOPE BAPTIST CHURCH
42259 HAYES ROAD
STERLING HEIGHTS MI 48313

Handicap Accessable:
Y
(ON HAYES NORTH OF 18)","Temporary Polling Location




Handicap Accessable: 
"
MACOMB COUNTY,STERLING HEIGHTS CITY ,     PRECINCT 31,"Permanent Polling Location




Handicap Accessable:

","Temporary Polling Location
PLUMBROOK ELEMENTARY
39660 SPALDING DR
STERLING HEIGHTS MI 48313

Handicap Accessable: Y
(N OF 17 MILE RD W OF DODGE PARK RD)"
MACOMB COUNTY,STERLING HEIGHTS CITY ,     PRECINCT 32,"Permanent Polling Location
PLUMBROOK ELEMENTARY
39660 SPALDING DR
STERLING HEIGHTS MI 48313

Handicap Accessable:
Y
(N OF 17 MILE RD W OF DODGE PARK RD)","Temporary Polling Location




Handicap Accessable: 
"
MACOMB COUNTY,STERLING HEIGHTS CITY ,     PRECINCT 33,"Permanent Polling Location
MESSMORE ELEMENTARY
8742 DILL DR
STERLING HEIGHTS MI 48312

Handicap Accessable:
Y
(N OF 16 1/2 MILE RD W OF DODGE PARK RD)","Temporary Polling Location




Handicap Accessable: 
"
MACOMB COUNTY,STERLING HEIGHTS CITY ,     PRECINCT 34,"Permanent Polling Location
GENE L. KLIDA UIAS / HERITAGE JR HIGH
37400 DODGE PARK RD
STERLING HEIGHTS MI 48312

Handicap Accessable:
Y
(16 MILE RD / DODGE PARK RD)","Temporary Polling Location




Handicap Accessable: 
"
MACOMB COUNTY,STERLING HEIGHTS CITY ,     PRECINCT 35,"Permanent Polling Location
GENE L. KLIDA UIAS / HERITAGE JR HIGH
37400 DODGE PARK RD
STERLING HEIGHTS MI 48312

Handicap Accessable:
Y
(16 MILE RD / DODGE PARK RD)","Temporary Polling Location




Handicap Accessable: 
"
MACOMB COUNTY,STERLING HEIGHTS CITY ,     PRECINCT 36,"Permanent Polling Location




Handicap Accessable:

","Temporary Polling Location
GENE L. KLIDA UIAS / HERITAGE JR HIGH
37400 DODGE PARK RD
STERLING HEIGHTS MI 48312

Handicap Accessable: Y
(16 MILE RD / DODGE PARK RD)"
MACOMB COUNTY,STERLING HEIGHTS CITY ,     PRECINCT 37,"Permanent Polling Location
BRUCE COLLINS ELEM
12900 GRAND HAVEN DR
STERLING HEIGHTS MI 48312

Handicap Accessable:
Y
(16 MILE RD / SCHOENHERR RD)","Temporary Polling Location




Handicap Accessable: 
"
MACOMB COUNTY,STERLING HEIGHTS CITY ,     PRECINCT 38,"Permanent Polling Location
STERLING HEIGHTS HIGH SCHOOL
12901 15 MILE RD
STERLING HEIGHTS MI 48312

Handicap Accessable:
Y
","Temporary Polling Location




Handicap Accessable: 
"
MACOMB COUNTY,STERLING HEIGHTS CITY ,     PRECINCT 39,"Permanent Polling Location
WILLOW WOODS ELEM
11001 DANIEL DR
STERLING HEIGHTS MI 48312

Handicap Accessable:
Y
(15 MILE RD / DODGE PARK RD)","Temporary Polling Location




Handicap Accessable: 
"
MACOMB COUNTY,STERLING HEIGHTS CITY ,     PRECINCT 40,"Permanent Polling Location
CARLETON MIDDLE SCH
8900 FIFTEEN MILE RD
STERLING HEIGHTS MI 48312

Handicap Accessable:
Y
(E OF VAN DYKE)","Temporary Polling Location




Handicap Accessable: 
"
MACOMB COUNTY,STERLING HEIGHTS CITY ,     PRECINCT 42,"Permanent Polling Location
STERLING HEIGHTS HIGH SCHOOL
12901 15 MILE RD
STERLING HEIGHTS MI 48312

Handicap Accessable:
Y
","Temporary Polling Location




Handicap Accessable: 
"
MACOMB COUNTY,STERLING HEIGHTS CITY ,     PRECINCT 43,"Permanent Polling Location
BLACK ELEMENTARY SCH
14100 HERITAGE ROAD
STERLING HEIGHTS MI 48310

Handicap Accessable:
Y
","Temporary Polling Location




Handicap Accessable: 
"
MACOMB COUNTY,UTICA CITY ,     PRECINCT 1,"Permanent Polling Location
FLICKINGER SCHOOL
45400 VANKER
UTICA MI 48317

Handicap Accessable:
Y
","Temporary Polling Location




Handicap Accessable: 
"
MACOMB COUNTY,WARREN CITY ,     PRECINCT 1-1,"Permanent Polling Location
NEIGEBAUR ADMIN BUILDING
23020 RYAN ROAD
WARREN MI 48091

Handicap Accessable:
Y
(NINE MILE AND RYAN)","Temporary Polling Location




Handicap Accessable: 
"
MACOMB COUNTY,WARREN CITY ,     PRECINCT 2-2,"Permanent Polling Location
NEIGEBAUR ADMIN BUILDING
23020 RYAN ROAD
WARREN MI 48091

Handicap Accessable:
Y
(NINE MILE AND RYAN)","Temporary Polling Location




Handicap Accessable: 
"
MACOMB COUNTY,WARREN CITY ,     PRECINCT 2-3,"Permanent Polling Location
NEIGEBAUR ADMIN BUILDING
23020 RYAN ROAD
WARREN MI 48091

Handicap Accessable:
Y
(NINE MILE AND RYAN)","Temporary Polling Location




Handicap Accessable: 
"
MACOMB COUNTY,WARREN CITY ,     PRECINCT 1-4,"Permanent Polling Location
BUSCH BRANCH LIBRARY
23333 RYAN
WARREN MI 48091

Handicap Accessable:
Y
(NEAR CAPITOL)","Temporary Polling Location




Handicap Accessable: 
"
MACOMB COUNTY,WARREN CITY ,     PRECINCT 1-5,"Permanent Polling Location
BUSCH BRANCH LIBRARY
23333 RYAN
WARREN MI 48091

Handicap Accessable:
Y
(NEAR CAPITOL)","Temporary Polling Location




Handicap Accessable: 
"
MACOMB COUNTY,WARREN CITY ,     PRECINCT 5-6,"Permanent Polling Location
VAN DYKE SCHOOLS DISTRICT ADMIN BLDG
23500 MAC ARTHUR BLVD
WARREN MI 48089-1741

Handicap Accessable:
Y
","Temporary Polling Location




Handicap Accessable: 
"
MACOMB COUNTY,WARREN CITY ,     PRECINCT 5-7,"Permanent Polling Location
VAN DYKE SCHOOLS DISTRICT ADMIN BLDG
23500 MAC ARTHUR BLVD
WARREN MI 48089-1741

Handicap Accessable:
Y
","Temporary Polling Location




Handicap Accessable: 
"
MACOMB COUNTY,WARREN CITY ,     PRECINCT 5-8,"Permanent Polling Location
LINCOLN ELEMENTARY
22100 FEDERAL
WARREN MI 48089

Handicap Accessable:
Y
(NINE MILE AND HOOVER)","Temporary Polling Location




Handicap Accessable: 
"
MACOMB COUNTY,WARREN CITY ,     PRECINCT 3-9,"Permanent Polling Location
MC KINLEY SCHOOL
13173 TOEPFER
WARREN MI 48089

Handicap Accessable:
Y
","Temporary Polling Location




Handicap Accessable: 
"
MACOMB COUNTY,WARREN CITY ,     PRECINCT 3-10,"Permanent Polling Location
LINCOLN ELEMENTARY
22100 FEDERAL
WARREN MI 48089

Handicap Accessable:
Y
(NINE MILE AND HOOVER)","Temporary Polling Location




Handicap Accessable: 
"
MACOMB COUNTY,WARREN CITY ,     PRECINCT 5-11,"Permanent Polling Location
LINCOLN ELEMENTARY
22100 FEDERAL
WARREN MI 48089

Handicap Accessable:
Y
(NINE MILE AND HOOVER)","Temporary Polling Location




Handicap Accessable: 
"
MACOMB COUNTY,WARREN CITY ,     PRECINCT 5-12,"Permanent Polling Location
KENNEDY EARLY CHILDHOOD CENTER
11333 KALTZ
WARREN MI 48089

Handicap Accessable:
Y
","Temporary Polling Location




Handicap Accessable: 
"
MACOMB COUNTY,WARREN CITY ,     PRECINCT 3-13,"Permanent Polling Location
CARLSON SCHOOL
12355 MRUK
WARREN MI 48089

Handicap Accessable:
Y
","Temporary Polling Location




Handicap Accessable: 
"
MACOMB COUNTY,WARREN CITY ,     PRECINCT 4-14,"Permanent Polling Location
CRESCENTWOOD
14500 CRESCENTWOOD
WARREN MI 48089

Handicap Accessable:
Y
(N TOEPFER W HAYES)","Temporary Polling Location




Handicap Accessable: 
"
MACOMB COUNTY,WARREN CITY ,     PRECINCT 4-15,"Permanent Polling Location
CRESCENTWOOD
14500 CRESCENTWOOD
WARREN MI 48089

Handicap Accessable:
Y
(N TOEPFER W HAYES)","Temporary Polling Location




Handicap Accessable: 
"
MACOMB COUNTY,WARREN CITY ,     PRECINCT 4-16,"Permanent Polling Location
CRESCENTWOOD
14500 CRESCENTWOOD
WARREN MI 48089

Handicap Accessable:
Y
(N TOEPFER W HAYES)","Temporary Polling Location




Handicap Accessable: 
"
MACOMB COUNTY,WARREN CITY ,     PRECINCT 5-17,"Permanent Polling Location
VAN DYKE SCHOOLS DISTRICT ADMIN BLDG
23500 MAC ARTHUR BLVD
WARREN MI 48089-1741

Handicap Accessable:
Y
","Temporary Polling Location




Handicap Accessable: 
"
MACOMB COUNTY,WARREN CITY ,     PRECINCT 2-18,"Permanent Polling Location
ROOSE ELEMENTARY
4701 MARCY
WARREN MI 48091

Handicap Accessable:
Y
(CUNNINGHAM AND MARCY)","Temporary Polling Location




Handicap Accessable: 
"
MACOMB COUNTY,WARREN CITY ,     PRECINCT 2-19,"Permanent Polling Location
ROOSE ELEMENTARY
4701 MARCY
WARREN MI 48091

Handicap Accessable:
Y
(CUNNINGHAM AND MARCY)","Temporary Polling Location




Handicap Accessable: 
"
MACOMB COUNTY,WARREN CITY ,     PRECINCT 5-20,"Permanent Polling Location
CROTHERS SCHOOL
27401 CAMPBELL
WARREN MI 48093

Handicap Accessable:
Y
","Temporary Polling Location




Handicap Accessable: 
"
MACOMB COUNTY,WARREN CITY ,     PRECINCT 5-21,"Permanent Polling Location
EVE KALTZ ACADEMY 21
11300 ENGLEMAN
WARREN MI 48089

Handicap Accessable:
Y
","Temporary Polling Location




Handicap Accessable: 
"
MACOMB COUNTY,WARREN CITY ,     PRECINCT 3-22,"Permanent Polling Location
WARREN WOODS ED CNTR
12900 FRAZHO
WARREN MI 48089

Handicap Accessable:
Y
(SOUTH OF FRAZHO WEST OF SCHOENHERR)","Temporary Polling Location




Handicap Accessable: 
"
MACOMB COUNTY,WARREN CITY ,     PRECINCT 4-23,"Permanent Polling Location
WARREN WOODS ED CNTR
12900 FRAZHO
WARREN MI 48089

Handicap Accessable:
Y
(SOUTH OF FRAZHO WEST OF SCHOENHERR)","Temporary Polling Location




Handicap Accessable: 
"
MACOMB COUNTY,WARREN CITY ,     PRECINCT 4-24,"Permanent Polling Location
REGENCY CLUB APTS
26160 REGENCY CLUB DRIVE
WARREN MI 48089

Handicap Accessable:
Y
(REGENCY CLUB DRIVE AND FRAZHO)","Temporary Polling Location




Handicap Accessable: 
"
MACOMB COUNTY,WARREN CITY ,     PRECINCT 4-25,"Permanent Polling Location
WARREN WOODS TOWER
27900 BUNERT
WARREN MI 48093

Handicap Accessable:
Y
","Temporary Polling Location




Handicap Accessable: 
"
MACOMB COUNTY,WARREN CITY ,     PRECINCT 3-26,"Permanent Polling Location
WARREN WOODS TOWER
27900 BUNERT
WARREN MI 48093

Handicap Accessable:
Y
","Temporary Polling Location




Handicap Accessable: 
"
MACOMB COUNTY,WARREN CITY ,     PRECINCT 3-27,"Permanent Polling Location
WARREN WOODS MIDDLE
13400 TWELVE MILE
WARREN MI 48093

Handicap Accessable:
Y
(12 MILE/SCHOENHERR)","Temporary Polling Location




Handicap Accessable: 
"
MACOMB COUNTY,WARREN CITY ,     PRECINCT 4-28,"Permanent Polling Location
WRN BAPTIST CHURCH
14251 TWELVE MILE
WARREN MI 48093

Handicap Accessable:
Y
(NORTH SIDE OF 12 BTW SCHOENHERR & HAYES)","Temporary Polling Location




Handicap Accessable: 
"
MACOMB COUNTY,WARREN CITY ,     PRECINCT 3-29,"Permanent Polling Location
WRN BAPTIST CHURCH
14251 TWELVE MILE
WARREN MI 48093

Handicap Accessable:
Y
(NORTH SIDE OF 12 BTW SCHOENHERR & HAYES)","Temporary Polling Location




Handicap Accessable: 
"
MACOMB COUNTY,WARREN CITY ,     PRECINCT 4-30,"Permanent Polling Location
THE WOODS CHURCH
14300 THIRTEEN MILE
WARREN MI 48088

Handicap Accessable:
Y
","Temporary Polling Location




Handicap Accessable: 
"
MACOMB COUNTY,WARREN CITY ,     PRECINCT 1-31,"Permanent Polling Location
SIERSMA SCHOOL
3100 DONNA
WARREN MI 48091

Handicap Accessable:
Y
","Temporary Polling Location




Handicap Accessable: 
"
MACOMB COUNTY,WARREN CITY ,     PRECINCT 2-32,"Permanent Polling Location
BUTCHER COMM ED CTR
27500 COSGROVE
WARREN MI 48092

Handicap Accessable:
Y
","Temporary Polling Location




Handicap Accessable: 
"
MACOMB COUNTY,WARREN CITY ,     PRECINCT 2-33,"Permanent Polling Location
BUTCHER COMM ED CTR
27500 COSGROVE
WARREN MI 48092

Handicap Accessable:
Y
","Temporary Polling Location




Handicap Accessable: 
"
MACOMB COUNTY,WARREN CITY ,     PRECINCT 1-34,"Permanent Polling Location
BEER MIDDLE
3200 MARTIN
WARREN MI 48092

Handicap Accessable:
Y
","Temporary Polling Location




Handicap Accessable: 
"
MACOMB COUNTY,WARREN CITY ,     PRECINCT 1-35,"Permanent Polling Location
BEER MIDDLE
3200 MARTIN
WARREN MI 48092

Handicap Accessable:
Y
","Temporary Polling Location




Handicap Accessable: 
"
MACOMB COUNTY,WARREN CITY ,     PRECINCT 2-36,"Permanent Polling Location
BUTCHER COMM ED CTR
27500 COSGROVE
WARREN MI 48092

Handicap Accessable:
Y
","Temporary Polling Location




Handicap Accessable: 
"
MACOMB COUNTY,WARREN CITY ,     PRECINCT 5-37,"Permanent Polling Location
OUR LADY OF PERPETUAL  HELP
28640 CAMPBELL
WARREN MI 48093

Handicap Accessable:
Y
(CAMPBELL S OF 12 MILE)","Temporary Polling Location




Handicap Accessable: 
"
MACOMB COUNTY,WARREN CITY ,     PRECINCT 5-38,"Permanent Polling Location
CROMIE  SCHOOL
29797 GILBERT AT COMMON
WARREN MI 48093

Handicap Accessable:
Y
","Temporary Polling Location




Handicap Accessable: 
"
MACOMB COUNTY,WARREN CITY ,     PRECINCT 5-39,"Permanent Polling Location
CROMIE  SCHOOL
29797 GILBERT AT COMMON
WARREN MI 48093

Handicap Accessable:
Y
","Temporary Polling Location




Handicap Accessable: 
"
MACOMB COUNTY,WARREN CITY ,     PRECINCT 2-40,"Permanent Polling Location
MOTT HIGH SCHOOL
3131 TWELVE MILE
WARREN MI 48092

Handicap Accessable:
Y
","Temporary Polling Location




Handicap Accessable: 
"
MACOMB COUNTY,WARREN CITY ,     PRECINCT 1-41,"Permanent Polling Location
MOTT HIGH SCHOOL
3131 TWELVE MILE
WARREN MI 48092

Handicap Accessable:
Y
","Temporary Polling Location




Handicap Accessable: 
"
MACOMB COUNTY,WARREN CITY ,     PRECINCT 1-42,"Permanent Polling Location
PEARL LEAN SCHOOL
2825 GIRARD
WARREN MI 48092

Handicap Accessable:
Y
","Temporary Polling Location




Handicap Accessable: 
"
MACOMB COUNTY,WARREN CITY ,     PRECINCT 2-43,"Permanent Polling Location
PEARL LEAN SCHOOL
2825 GIRARD
WARREN MI 48092

Handicap Accessable:
Y
","Temporary Polling Location




Handicap Accessable: 
"
MACOMB COUNTY,WARREN CITY ,     PRECINCT 3-44,"Permanent Polling Location
WILKERSON SCHOOL
12100 MASONIC
WARREN MI 48093

Handicap Accessable:
Y
(MASONIC E OF HOOVER)","Temporary Polling Location




Handicap Accessable: 
"
MACOMB COUNTY,WARREN CITY ,     PRECINCT 4-45,"Permanent Polling Location
WILDE SCHOOL
32343 BUNERT
WARREN MI 48093

Handicap Accessable:
Y
(BUNERT N OF MASONIC)","Temporary Polling Location




Handicap Accessable: 
"
MACOMB COUNTY,WARREN CITY ,     PRECINCT 3-46,"Permanent Polling Location
CARTER MIDDLE
12000 MASONIC
WARREN MI 48093

Handicap Accessable:
Y
","Temporary Polling Location




Handicap Accessable: 
"
MACOMB COUNTY,WARREN CITY ,     PRECINCT 4-47,"Permanent Polling Location
CARTER MIDDLE
12000 MASONIC
WARREN MI 48093

Handicap Accessable:
Y
","Temporary Polling Location




Handicap Accessable: 
"
MACOMB COUNTY,WARREN CITY ,     PRECINCT 3-48,"Permanent Polling Location
WARREN CON ADM BLDG
31300 ANITA
WARREN MI 48093

Handicap Accessable:
Y
","Temporary Polling Location




Handicap Accessable: 
"
MACOMB COUNTY,WARREN CITY ,     PRECINCT 3-49,"Permanent Polling Location
WARREN CON ADM BLDG
31300 ANITA
WARREN MI 48093

Handicap Accessable:
Y
","Temporary Polling Location




Handicap Accessable: 
"
MACOMB COUNTY,WARREN CITY ,     PRECINCT 2-50,"Permanent Polling Location
WARREN COMM CENTER
5460 ARDEN
WARREN MI 48092

Handicap Accessable:
Y
","Temporary Polling Location




Handicap Accessable: 
"
MACOMB COUNTY,WARREN CITY ,     PRECINCT 1-51,"Permanent Polling Location
WARREN COMM CENTER
5460 ARDEN
WARREN MI 48092

Handicap Accessable:
Y
","Temporary Polling Location




Handicap Accessable: 
"
MACOMB COUNTY,WARREN CITY ,     PRECINCT 1-52,"Permanent Polling Location
GREEN ACRES SCHOOL
4655 HOLMES
WARREN MI 48092

Handicap Accessable:
Y
(HOLMES NEAR COUSINO)","Temporary Polling Location




Handicap Accessable: 
"
MACOMB COUNTY,WARREN CITY ,     PRECINCT 4-53,"Permanent Polling Location
WILDE SCHOOL
32343 BUNERT
WARREN MI 48093

Handicap Accessable:
Y
(BUNERT N OF MASONIC)","Temporary Polling Location




Handicap Accessable: 
"
MACOMB COUNTY,WASHINGTON TOWNSHIP ,     PRECINCT 1,"Permanent Polling Location
WOODSIDE BIBLE CHURCH
7800 32 MILE RD
WASHINGTON TWP MI 48095

Handicap Accessable:
Y
","Temporary Polling Location




Handicap Accessable: 
"
MACOMB COUNTY,WASHINGTON TOWNSHIP ,     PRECINCT 2,"Permanent Polling Location
WOODSIDE BIBLE CHURCH
7800 32 MILE RD
WASHINGTON TWP MI 48095

Handicap Accessable:
Y
","Temporary Polling Location




Handicap Accessable: 
"
MACOMB COUNTY,WASHINGTON TOWNSHIP ,     PRECINCT 3,"Permanent Polling Location
WASH. LIONS CLUB
58000 VAN DYKE
WASHINGTON MI 48094

Handicap Accessable:
Y
","Temporary Polling Location




Handicap Accessable: 
"
MACOMB COUNTY,WASHINGTON TOWNSHIP ,     PRECINCT 4,"Permanent Polling Location
ST JOHN & PAUL PARRISH
7777 28 MILE RD
WASHINGTON MI 48094

Handicap Accessable:
Y
","Temporary Polling Location




Handicap Accessable: 
"
MACOMB COUNTY,WASHINGTON TOWNSHIP ,     PRECINCT 5,"Permanent Polling Location
STONEY CHURCH
11711 26 MILE ROAD
WASHINGTON MI 48094

Handicap Accessable:
Y
","Temporary Polling Location




Handicap Accessable: 
"
MACOMB COUNTY,WASHINGTON TOWNSHIP ,     PRECINCT 6,"Permanent Polling Location
WASHINGTON MUN. BLDG
57900 VAN DYKE
WASHINGTON MI 48094

Handicap Accessable:
Y
","Temporary Polling Location




Handicap Accessable: 
"
MACOMB COUNTY,WASHINGTON TOWNSHIP ,     PRECINCT 7,"Permanent Polling Location
STONEY CHURCH
11711 26 MILE ROAD
WASHINGTON MI 48094

Handicap Accessable:
Y
","Temporary Polling Location




Handicap Accessable: 
"
MANISTEE COUNTY,ARCADIA TOWNSHIP ,     PRECINCT 1,"Permanent Polling Location
ARCADIA TOWNSHIP
3422 LAKE STREET
ARCADIA MI 49613

Handicap Accessable:
Y
","Temporary Polling Location




Handicap Accessable: 
"
MANISTEE COUNTY,BEAR LAKE TOWNSHIP ,     PRECINCT 1,"Permanent Polling Location
BEAR LAKE TOWNSHIP
7771 LAKE STREET
BEAR LAKE MI 49614

Handicap Accessable:
Y
","Temporary Polling Location




Handicap Accessable: 
"
MANISTEE COUNTY,BROWN TOWNSHIP ,     PRECINCT 1,"Permanent Polling Location
BROWN TOWNSHIP
8233 COATES HWY.
MANISTEE MI 49660

Handicap Accessable:
Y
","Temporary Polling Location




Handicap Accessable: 
"
MANISTEE COUNTY,CLEON TOWNSHIP ,     PRECINCT 1,"Permanent Polling Location
CLEON TOWNSHIP
16632 IMHOFF DRIVE
COPEMISH MI 49625

Handicap Accessable:
Y
","Temporary Polling Location




Handicap Accessable: 
"
MANISTEE COUNTY,DICKSON TOWNSHIP ,     PRECINCT 1,"Permanent Polling Location
DICKSON TOWNSHIP
14270 BRETHREN BLVD.
BRETHREN MI 49619

Handicap Accessable:
Y
","Temporary Polling Location




Handicap Accessable: 
"
MANISTEE COUNTY,FILER TOWNSHIP ,     PRECINCT 1,"Permanent Polling Location
FILER TOWNSHIP HALL
2505 FILER CITY ROAD
MANISTEE MI 49660

Handicap Accessable:
Y
","Temporary Polling Location




Handicap Accessable: 
"
MANISTEE COUNTY,MANISTEE CITY ,     PRECINCT 1,"Permanent Polling Location
MANISTEE COUNCIL ON AGING
260 ST. MARY'S PARKWAY
MANISTEE MI 49660

Handicap Accessable:
Y
(TURN WEST OFF OF WASHINGTON STREET ON TO ST. MARY'S PKWY)","Temporary Polling Location




Handicap Accessable: 
"
MANISTEE COUNTY,MANISTEE CITY ,     PRECINCT 2,"Permanent Polling Location
MANISTEE COUNCIL ON AGING
260 ST. MARY'S PARKWAY
MANISTEE MI 49660

Handicap Accessable:
Y
(TURN WEST OFF OF WASHINGTON STREET ON TO ST. MARY'S PKWY)","Temporary Polling Location




Handicap Accessable: 
"
MANISTEE COUNTY,MANISTEE TOWNSHIP ,     PRECINCT 1,"Permanent Polling Location
MANISTEE TOWNSHIP
410 HOLDEN STREET
MANISTEE MI 49660

Handicap Accessable:
Y
","Temporary Polling Location




Handicap Accessable: 
"
MANISTEE COUNTY,MAPLE GROVE TOWNSHIP ,     PRECINCT 1,"Permanent Polling Location
MAPLE GROVE TOWNSHIP
9208 KAUKO ST
KALEVA MI 49645

Handicap Accessable:
Y
","Temporary Polling Location




Handicap Accessable: 
"
MANISTEE COUNTY,MARILLA TOWNSHIP ,     PRECINCT 1,"Permanent Polling Location
MARILLA TOWNSHIP
9991 MARILLA ROAD
COPEMISH MI 49625

Handicap Accessable:
Y
","Temporary Polling Location




Handicap Accessable: 
"
MANISTEE COUNTY,NORMAN TOWNSHIP ,     PRECINCT 1,"Permanent Polling Location
NORMAN TOWNSHIP
1273 S. SEAMAN ROAD
WELLSTON MI 49689

Handicap Accessable:
Y
","Temporary Polling Location




Handicap Accessable: 
"
MANISTEE COUNTY,ONEKAMA TOWNSHIP ,     PRECINCT 1,"Permanent Polling Location
ONEKAMA TOWNSHIP
5435 MAIN STREET
ONEKAMA MI 49675

Handicap Accessable:
Y
","Temporary Polling Location




Handicap Accessable: 
"
MANISTEE COUNTY,PLEASANTON TOWNSHIP ,     PRECINCT 1,"Permanent Polling Location
PLEASANTON TOWNSHIP
8958 LUMLEY ROAD
BEAR LAKE MI 49614

Handicap Accessable:
Y
","Temporary Polling Location




Handicap Accessable: 
"
MANISTEE COUNTY,SPRINGDALE TOWNSHIP ,     PRECINCT 1,"Permanent Polling Location
SPRINGDALE TOWNSHIP
14992 GLOVERS LAKE ROAD
BEAR LAKE MI 49614

Handicap Accessable:
Y
","Temporary Polling Location




Handicap Accessable: 
"
MANISTEE COUNTY,STRONACH TOWNSHIP ,     PRECINCT 1,"Permanent Polling Location
STRONACH TOWNSHIP
2471 MAIN STREET
MANISTEE MI 49660

Handicap Accessable:
Y
","Temporary Polling Location




Handicap Accessable: 
"
MARQUETTE COUNTY,CHAMPION TOWNSHIP ,     PRECINCT 1,"Permanent Polling Location
CHAMPION TOWNSHIP HALL
1071 U.S. HIGHWAY 41 W
CHAMPION MI 49814

Handicap Accessable:
Y
","Temporary Polling Location




Handicap Accessable: 
"
MARQUETTE COUNTY,CHOCOLAY TOWNSHIP ,     PRECINCT 1,"Permanent Polling Location
SILVER CREEK CHURCH
219 SILVER CREEK ROAD
MARQUETTE MI 49855

Handicap Accessable:
Y
","Temporary Polling Location




Handicap Accessable: 
"
MARQUETTE COUNTY,CHOCOLAY TOWNSHIP ,     PRECINCT 2,"Permanent Polling Location
SILVER CREEK CHURCH
219 SILVER CREEK ROAD
MARQUETTE MI 49855

Handicap Accessable:
Y
","Temporary Polling Location




Handicap Accessable: 
"
MARQUETTE COUNTY,ELY TOWNSHIP ,     PRECINCT 1,"Permanent Polling Location
ELY TWP. HALL
1555 CO RD 496
ISHPEMING MI 49849

Handicap Accessable:
Y
","Temporary Polling Location




Handicap Accessable: 
"
MARQUETTE COUNTY,EWING TOWNSHIP ,     PRECINCT 1,"Permanent Polling Location
EWING TWP HALL
2500 W. MAPLE RIDGE RD
ROCK MI 49880

Handicap Accessable:
Y
(NW CORNER OF COUNTY LINE RD AND W MAPLE RIDGE RD)","Temporary Polling Location




Handicap Accessable: 
"
MARQUETTE COUNTY,FORSYTH TOWNSHIP ,     PRECINCT 1,"Permanent Polling Location
GWINN COMMUNITY BLDG
165 N MAPLE ST
GWINN MI 49841

Handicap Accessable:
Y
(GWINN CLUBHOUSE)","Temporary Polling Location




Handicap Accessable: 
"
MARQUETTE COUNTY,FORSYTH TOWNSHIP ,     PRECINCT 2,"Permanent Polling Location
LT LK GOSPEL CHAPEL
1761 E ST HWY M-35
LITTLE LAKE MI 49833

Handicap Accessable:
Y
","Temporary Polling Location




Handicap Accessable: 
"
MARQUETTE COUNTY,FORSYTH TOWNSHIP ,     PRECINCT 3,"Permanent Polling Location
SAWYER EMERG SRV BLD
420 AVENUE A
GWINN MI 49841

Handicap Accessable:
N
","Temporary Polling Location




Handicap Accessable: 
"
MARQUETTE COUNTY,HUMBOLDT TOWNSHIP ,     PRECINCT 1,"Permanent Polling Location
HUMBOLDT TWP HALL
244 COUNTY ROAD FAF
CHAMPION MI 49814

Handicap Accessable:
Y
","Temporary Polling Location




Handicap Accessable: 
"
MARQUETTE COUNTY,ISHPEMING CITY ,     PRECINCT 1,"Permanent Polling Location
KD HALL - ST. JOHNS CHURCH
325 S. PINE STREET
ISHPEMING MI 49849

Handicap Accessable:
Y
","Temporary Polling Location




Handicap Accessable: 
"
MARQUETTE COUNTY,ISHPEMING TOWNSHIP ,     PRECINCT 1,"Permanent Polling Location
ISHPEMING TWP HALL
1575 US 41 WEST
ISHPEMING MI 49849

Handicap Accessable:
Y
(ACROSS THE STREET FROM JIM'S AUTO WASH)","Temporary Polling Location




Handicap Accessable: 
"
MARQUETTE COUNTY,MARQUETTE CITY ,     PRECINCT 1,"Permanent Polling Location
MARQUETTE CITY HALL
300 W BARAGA AVE
MARQUETTE MI 49855

Handicap Accessable:
Y
","Temporary Polling Location




Handicap Accessable: 
"
MARQUETTE COUNTY,MARQUETTE CITY ,     PRECINCT 2,"Permanent Polling Location
MARQUETTE CITY HALL
300 W BARAGA AVE
MARQUETTE MI 49855

Handicap Accessable:
Y
","Temporary Polling Location




Handicap Accessable: 
"
MARQUETTE COUNTY,MARQUETTE CITY ,     PRECINCT 3,"Permanent Polling Location
YMCA
401 E FAIR AVE
MARQUETTE MI 49855

Handicap Accessable:
Y
(CORNER OF FAIR AND PINE STREETS)","Temporary Polling Location




Handicap Accessable: 
"
MARQUETTE COUNTY,MARQUETTE CITY ,     PRECINCT 4,"Permanent Polling Location
YMCA
401 E FAIR AVE
MARQUETTE MI 49855

Handicap Accessable:
Y
(CORNER OF FAIR AND PINE STREETS)","Temporary Polling Location




Handicap Accessable: 
"
MARQUETTE COUNTY,MARQUETTE TOWNSHIP ,     PRECINCT 1,"Permanent Polling Location
MARQUETTE TWP HALL
1000 COMMERCE DRIVE
MARQUETTE MI 49855

Handicap Accessable:
Y
","Temporary Polling Location




Handicap Accessable: 
"
MARQUETTE COUNTY,MICHIGAMME TOWNSHIP ,     PRECINCT 1,"Permanent Polling Location
COMMUNITY CENTER
202 W MAIN ST
MICHIGAMME MI 49861

Handicap Accessable:
Y
","Temporary Polling Location




Handicap Accessable: 
"
MARQUETTE COUNTY,NEGAUNEE CITY ,     PRECINCT 1,"Permanent Polling Location
NEGAUNEE MIDDLE SCHOOL
102 W CASE ST
NEGAUNEE MI 49866

Handicap Accessable:
Y
(USE PECK STREET ENTRANCE ONLY )","Temporary Polling Location




Handicap Accessable: 
"
MARQUETTE COUNTY,NEGAUNEE TOWNSHIP ,     PRECINCT 1,"Permanent Polling Location
NEGAUNEE TWP HALL
42 M-35
NEGAUNEE MI 49866

Handicap Accessable:
Y
","Temporary Polling Location




Handicap Accessable: 
"
MARQUETTE COUNTY,POWELL TOWNSHIP ,     PRECINCT 1,"Permanent Polling Location
POWELL TWP HALL
101 BENSINGER
BIG BAY MI 49808

Handicap Accessable:
Y
","Temporary Polling Location




Handicap Accessable: 
"
MARQUETTE COUNTY,REPUBLIC TOWNSHIP ,     PRECINCT 1,"Permanent Polling Location
REPUBLIC TWP HALL
279 KLOMAN AVENUE
REPUBLIC MI 49879

Handicap Accessable:
Y
","Temporary Polling Location




Handicap Accessable: 
"
MARQUETTE COUNTY,RICHMOND TOWNSHIP ,     PRECINCT 1,"Permanent Polling Location
RICHMOND TWP HALL
100 SMITH STREET
PALMER MI 49871

Handicap Accessable:
Y
(NW CORNER OF SMITH ST & NICHOLAS AVE)","Temporary Polling Location




Handicap Accessable: 
"
MARQUETTE COUNTY,SANDS TOWNSHIP ,     PRECINCT 1,"Permanent Polling Location
SANDS OFFICE COMPLEX
987 SOUTH M 553
GWINN MI 49841

Handicap Accessable:
Y
","Temporary Polling Location




Handicap Accessable: 
"
MARQUETTE COUNTY,SKANDIA TOWNSHIP ,     PRECINCT 1,"Permanent Polling Location
SKANDIA COMM. CENTER
224 KREIGER
SKANDIA MI 49885

Handicap Accessable:
Y
","Temporary Polling Location




Handicap Accessable: 
"
MARQUETTE COUNTY,TILDEN TOWNSHIP ,     PRECINCT 1,"Permanent Polling Location
TILDEN TWP. HALL
3145 COUNTY ROAD PG
ISHPEMING MI 49849

Handicap Accessable:
Y
","Temporary Polling Location




Handicap Accessable: 
"
MARQUETTE COUNTY,TURIN TOWNSHIP ,     PRECINCT 1,"Permanent Polling Location
TURIN TWP HALL
17430 STATE HWY M 35
ROCK MI 49880

Handicap Accessable:
Y
","Temporary Polling Location




Handicap Accessable: 
"
MARQUETTE COUNTY,WELLS TOWNSHIP ,     PRECINCT 1,"Permanent Polling Location
WELLS TOWNSHIP COMMUNITY BUILDING
38295 COUNTY ROAD 426
ARNOLD MI 49819

Handicap Accessable:
Y
","Temporary Polling Location




Handicap Accessable: 
"
MARQUETTE COUNTY,WEST BRANCH TOWNSHIP ,     PRECINCT 1,"Permanent Polling Location
WEST BRANCH TWP HALL
1016 COUNTY ROAD 545
SKANDIA MI 49885

Handicap Accessable:
Y
","Temporary Polling Location




Handicap Accessable: 
"
MASON COUNTY,AMBER TOWNSHIP ,     PRECINCT 1,"Permanent Polling Location
AMBER TOWNSHIP HALL
171 S. AMBER ROAD
SCOTTVILLE MI 49454

Handicap Accessable:
Y
","Temporary Polling Location




Handicap Accessable: 
"
MASON COUNTY,BRANCH TOWNSHIP ,     PRECINCT 1,"Permanent Polling Location
BRANCH TOWN HALL
6532 US 10
WALHALLA MI 49458

Handicap Accessable:
Y
","Temporary Polling Location




Handicap Accessable: 
"
MASON COUNTY,CUSTER TOWNSHIP ,     PRECINCT 1,"Permanent Polling Location
CUSTER TOWNSHIP HALL
1950 E US HWY 10
CUSTER MI 49405

Handicap Accessable:
Y
","Temporary Polling Location




Handicap Accessable: 
"
MASON COUNTY,EDEN TOWNSHIP ,     PRECINCT 1,"Permanent Polling Location
EDEN TOWNSHIP HALL
3369 E. HAWLEY ROAD
SCOTTVILLE MI 49454

Handicap Accessable:
Y
","Temporary Polling Location




Handicap Accessable: 
"
MASON COUNTY,FREE SOIL TOWNSHIP ,     PRECINCT 1,"Permanent Polling Location
FREE SOIL COMM CTR
8480 N DEMOCRAT STREET
FREE SOIL MI 49411

Handicap Accessable:
Y
","Temporary Polling Location




Handicap Accessable: 
"
MASON COUNTY,GRANT TOWNSHIP ,     PRECINCT 1,"Permanent Polling Location
GRANT TOWNSHIP HALL
843  W. HOAGUE ROAD
FREE SOIL MI 49411

Handicap Accessable:
Y
","Temporary Polling Location




Handicap Accessable: 
"
MASON COUNTY,HAMLIN TOWNSHIP ,     PRECINCT 1,"Permanent Polling Location
HAMLIN TWP HALL
3775 N. JEBAVY
LUDINGTON MI 49431

Handicap Accessable:
Y
","Temporary Polling Location




Handicap Accessable: 
"
MASON COUNTY,LOGAN TOWNSHIP ,     PRECINCT 1,"Permanent Polling Location
CARR FIRE BARN
3975 S. TYNDALL ROAD
BRANCH MI 49402

Handicap Accessable:
Y
","Temporary Polling Location




Handicap Accessable: 
"
MASON COUNTY,LUDINGTON CITY ,     PRECINCT 1-1,"Permanent Polling Location
LUDINGTON CITY HALL COMM ROOM
400 S HARRISON ST
LUDINGTON MI 49431

Handicap Accessable:
Y
","Temporary Polling Location




Handicap Accessable: 
"
MASON COUNTY,LUDINGTON CITY ,     PRECINCT 2-1,"Permanent Polling Location
TRINITY EVANGELICAL CHURCH
1212 MONONA DRIVE
LUDINGTON MI 49431

Handicap Accessable:
Y
(TRINITY EVANGELICAL CHURCH)","Temporary Polling Location




Handicap Accessable: 
"
MASON COUNTY,LUDINGTON CITY ,     PRECINCT 3-1,"Permanent Polling Location
LUDINGTON CITY HALL
400 S HARRISON ST
LUDINGTON MI 49431

Handicap Accessable:
Y
","Temporary Polling Location




Handicap Accessable: 
"
MASON COUNTY,LUDINGTON CITY ,     PRECINCT 4-1,"Permanent Polling Location
DANISH BROTHERHOOD HALL
1014 S MADISON ST
LUDINGTON MI 49431

Handicap Accessable:
Y
(WEST SIDE OF MADISON NORTH OF THIRD STREET)","Temporary Polling Location




Handicap Accessable: 
"
MASON COUNTY,LUDINGTON CITY ,     PRECINCT 5-1,"Permanent Polling Location
LUDINGTON FIRE STATION
918 E TINKHAM AVE
LUDINGTON MI 49431

Handicap Accessable:
Y
","Temporary Polling Location




Handicap Accessable: 
"
MASON COUNTY,LUDINGTON CITY ,     PRECINCT 6-1,"Permanent Polling Location
EMANUEL LUTHERAN CHU
501 E DANAHER ST
LUDINGTON MI 49431

Handicap Accessable:
Y
","Temporary Polling Location




Handicap Accessable: 
"
MASON COUNTY,MEADE TOWNSHIP ,     PRECINCT 1,"Permanent Polling Location
MEADE TOWN HALL
5435 E. FREESOIL ROAD
FREESOIL MI 49411

Handicap Accessable:
N
","Temporary Polling Location




Handicap Accessable: 
"
MASON COUNTY,PERE MARQUETTE CHARTER TWP ,     PRECINCT 1,"Permanent Polling Location
P M TOWNSHIP HALL
1699 S PERE MARQUETTE HWY
LUDINGTON MI 49431

Handicap Accessable:
Y
(CORNER OF S PERE MARQUETTE HWY AND IRIS RD)","Temporary Polling Location




Handicap Accessable: 
"
MASON COUNTY,RIVERTON TOWNSHIP ,     PRECINCT 1,"Permanent Polling Location
RIVERTON TOWN HALL
2122 W. HAWLEY ROAD
SCOTTVILLE MI 49454

Handicap Accessable:
Y
","Temporary Polling Location




Handicap Accessable: 
"
MASON COUNTY,SCOTTVILLE CITY ,     PRECINCT 1,"Permanent Polling Location
SCOTTVILLE CITY HALL
105 NORTH MAIN STREET
SCOTTVILLE MI 49454

Handicap Accessable:
Y
","Temporary Polling Location




Handicap Accessable: 
"
MASON COUNTY,SHERIDAN TOWNSHIP ,     PRECINCT 1,"Permanent Polling Location
SHERIDAN TOWNSHIP HALL
6407 E. DEWEY ROAD
FOUNTAIN MI 49410

Handicap Accessable:
Y
","Temporary Polling Location




Handicap Accessable: 
"
MASON COUNTY,SHERMAN TOWNSHIP ,     PRECINCT 1,"Permanent Polling Location
SHERMAN TOWN HALL
3854 MAIN
FOUNTAIN MI 49410

Handicap Accessable:
Y
","Temporary Polling Location




Handicap Accessable: 
"
MASON COUNTY,SUMMIT TOWNSHIP ,     PRECINCT 1,"Permanent Polling Location
SUMMIT TOWNSHIP HALL
4879 W. DEREN ROAD
LUDINGTON MI 49431

Handicap Accessable:
Y
","Temporary Polling Location




Handicap Accessable: 
"
MASON COUNTY,VICTORY TOWNSHIP ,     PRECINCT 1,"Permanent Polling Location
VICTORY TOWN HALL
4411 N. STILES ROAD
SCOTTVILLE MI 49454

Handicap Accessable:
Y
","Temporary Polling Location




Handicap Accessable: 
"
MECOSTA COUNTY,AETNA TOWNSHIP ,     PRECINCT 1,"Permanent Polling Location
AETNA TWP. HALL
196 N CASS
MORLEY MI 49336

Handicap Accessable:
Y
","Temporary Polling Location




Handicap Accessable: 
"
MECOSTA COUNTY,AUSTIN TOWNSHIP ,     PRECINCT 1,"Permanent Polling Location
AUSTIN TWP. HALL
14132 PIERCE RD
STANWOOD MI 49346

Handicap Accessable:
Y
","Temporary Polling Location




Handicap Accessable: 
"
MECOSTA COUNTY,BIG RAPIDS CITY ,     PRECINCT 1,"Permanent Polling Location
MOISD CAREER CENTER
15830 190TH AVENUE
BIG RAPIDS MI 49307

Handicap Accessable:
Y
","Temporary Polling Location




Handicap Accessable: 
"
MECOSTA COUNTY,BIG RAPIDS CITY ,     PRECINCT 2,"Permanent Polling Location
BIG RAPIDS CITY HALL
226 N. MICHIGAN AVENUE
BIG RAPIDS MI 49307

Handicap Accessable:
Y
","Temporary Polling Location




Handicap Accessable: 
"
MECOSTA COUNTY,BIG RAPIDS TOWNSHIP ,     PRECINCT 1,"Permanent Polling Location
BIG RAPIDS TWP HALL
14212 NORTHLAND DR
BIG RAPIDS MI 49307

Handicap Accessable:
Y
","Temporary Polling Location




Handicap Accessable: 
"
MECOSTA COUNTY,CHIPPEWA TOWNSHIP ,     PRECINCT 1,"Permanent Polling Location
CHIPPEWA TWP COMM CT
10467 19 MILE RD
RODNEY MI 49342

Handicap Accessable:
Y
","Temporary Polling Location




Handicap Accessable: 
"
MECOSTA COUNTY,COLFAX TOWNSHIP ,     PRECINCT 1,"Permanent Polling Location
COLFAX TWP. HALL
14428 157TH AVE
BIG RAPIDS MI 49307

Handicap Accessable:
Y
","Temporary Polling Location




Handicap Accessable: 
"
MECOSTA COUNTY,DEERFIELD TOWNSHIP ,     PRECINCT 1,"Permanent Polling Location
DEERFIELD TWP. HALL
396 E FOURTH ST
MORLEY MI 49336

Handicap Accessable:
Y
","Temporary Polling Location




Handicap Accessable: 
"
MECOSTA COUNTY,FORK TOWNSHIP ,     PRECINCT 1,"Permanent Polling Location
FORK TOWNSHIP COMMUNITY CENTER
3265 20 MILE RD
BARRYTON MI 49305

Handicap Accessable:
Y
","Temporary Polling Location




Handicap Accessable: 
"
MECOSTA COUNTY,GRANT TOWNSHIP ,     PRECINCT 1,"Permanent Polling Location
GRANT TWP. HALL
14982 21 MILE RD
BIG RAPIDS MI 49307

Handicap Accessable:
Y
(21 MILE RD & 150TH AVE)","Temporary Polling Location




Handicap Accessable: 
"
MECOSTA COUNTY,GREEN TOWNSHIP ,     PRECINCT 1,"Permanent Polling Location
GREEN CHRT TWP HALL
21431 NORTHLAND DR
PARIS MI 49338

Handicap Accessable:
Y
","Temporary Polling Location




Handicap Accessable: 
"
MECOSTA COUNTY,HINTON TOWNSHIP ,     PRECINCT 1,"Permanent Polling Location
HINTON TWP. HALL
9013 3 MILE RD
LAKEVIEW MI 48850

Handicap Accessable:
Y
(SW CORNER OF 90TH AVE. & 3 MILE RD.)","Temporary Polling Location




Handicap Accessable: 
"
MECOSTA COUNTY,MARTINY TOWNSHIP ,     PRECINCT 1,"Permanent Polling Location
MARTINY TWP. HALL
15051 110TH AVENUE
RODNEY MI 49342

Handicap Accessable:
Y
","Temporary Polling Location




Handicap Accessable: 
"
MECOSTA COUNTY,MECOSTA TOWNSHIP ,     PRECINCT 1,"Permanent Polling Location
MECOSTA TWP.  HALL
19729 11 MILE RD
BIG RAPIDS MI 49307

Handicap Accessable:
Y
","Temporary Polling Location




Handicap Accessable: 
"
MECOSTA COUNTY,MILLBROOK TOWNSHIP ,     PRECINCT 1,"Permanent Polling Location
MILLBROOK TWP. HALL
3015 JACKSON RD
BLANCHARD MI 49310

Handicap Accessable:
Y
","Temporary Polling Location




Handicap Accessable: 
"
MECOSTA COUNTY,MORTON TOWNSHIP ,     PRECINCT 1,"Permanent Polling Location
MORTON TOWNSHIP HALL
290 W. MAIN ST., MECOSTA
MECOSTA MI 49332

Handicap Accessable:
Y
","Temporary Polling Location




Handicap Accessable: 
"
MECOSTA COUNTY,MORTON TOWNSHIP ,     PRECINCT 2,"Permanent Polling Location
MORTON TWP FIRE DEPT
8260 100TH AVE, C/L
STANWOOD MI 49346

Handicap Accessable:
Y
","Temporary Polling Location




Handicap Accessable: 
"
MECOSTA COUNTY,SHERIDAN TOWNSHIP ,     PRECINCT 1,"Permanent Polling Location
SHERIDAN TWP. HALL
15020 30TH AVE
REMUS MI 49340

Handicap Accessable:
Y
","Temporary Polling Location




Handicap Accessable: 
"
MECOSTA COUNTY,WHEATLAND TOWNSHIP ,     PRECINCT 1,"Permanent Polling Location
WHEATLAND TWP. HALL
201 S. SHERIDAN
REMUS MI 49340

Handicap Accessable:
Y
","Temporary Polling Location




Handicap Accessable: 
"
MENOMINEE COUNTY,CEDARVILLE TOWNSHIP ,     PRECINCT 1,"Permanent Polling Location
CEDARVILLE TWP HALL
N8235 OLD MILL LN
CEDAR RIVER MI 49887

Handicap Accessable:
Y
","Temporary Polling Location




Handicap Accessable: 
"
MENOMINEE COUNTY,DAGGETT TOWNSHIP ,     PRECINCT 1,"Permanent Polling Location
DAGGETT TOWNSHIP HALL
101 S. RAILROAD STREET
DAGGETT MI 49821

Handicap Accessable:
Y
","Temporary Polling Location




Handicap Accessable: 
"
MENOMINEE COUNTY,FAITHORN TOWNSHIP ,     PRECINCT 1,"Permanent Polling Location
FAITHORN TWP HALL
W8508 COUNTY RD 577
VULCAN MI 49892

Handicap Accessable:
Y
","Temporary Polling Location




Handicap Accessable: 
"
MENOMINEE COUNTY,GOURLEY TOWNSHIP ,     PRECINCT 1,"Permanent Polling Location
GOURLEY TOWNSHIP HALL
N 13830 COUNTY ROAD 551
WILSON MI 49896

Handicap Accessable:
Y
(E SIDE OF 551, JUST S OF 34.5 RD)","Temporary Polling Location




Handicap Accessable: 
"
MENOMINEE COUNTY,HARRIS TOWNSHIP ,     PRECINCT 1,"Permanent Polling Location
HARRIS TOWNSHIP HALL
W905 US 2 & 41
WILSON MI 49896

Handicap Accessable:
Y
","Temporary Polling Location




Handicap Accessable: 
"
MENOMINEE COUNTY,HOLMES TOWNSHIP ,     PRECINCT 1,"Permanent Polling Location
HOLMES TOWNSHIP HALL
W7258 CHEESE FACTORY RD
DAGGETT MI 49821

Handicap Accessable:
Y
(N SIDE OF CHEESE FACTORY RD, JUST E OF 577)","Temporary Polling Location




Handicap Accessable: 
"
MENOMINEE COUNTY,INGALLSTON TOWNSHIP ,     PRECINCT 1,"Permanent Polling Location
INGALLSTON TOWNSHIP HALL (GREENWOODS)
W3790 TOWN HALL RD
WALLACE MI 49893

Handicap Accessable:
Y
","Temporary Polling Location




Handicap Accessable: 
"
MENOMINEE COUNTY,LAKE TOWNSHIP ,     PRECINCT 1,"Permanent Polling Location
LAKE TOWNSHIP HALL
N8109 COUNTY ROAD 577
STEPHENSON MI 49887

Handicap Accessable:
Y
(LOCATED ON THE INTERSECTION OF COUNTY ROAD 577 AND G-12)","Temporary Polling Location




Handicap Accessable: 
"
MENOMINEE COUNTY,MELLEN TOWNSHIP ,     PRECINCT 1,"Permanent Polling Location
MELLEN TOWNSHIP HALL
W5631 CO RD 342
WALLACE MI 49893

Handicap Accessable:
Y
","Temporary Polling Location




Handicap Accessable: 
"
MENOMINEE COUNTY,MENOMINEE CITY ,     PRECINCT 1,"Permanent Polling Location
MENOMINEE HIGH SCHL
2101 18TH ST (NORTH GYM DOORS)
MENOMINEE MI 49858

Handicap Accessable:
Y
(GYM ENTRANCE)","Temporary Polling Location




Handicap Accessable: 
"
MENOMINEE COUNTY,MENOMINEE CITY ,     PRECINCT 2,"Permanent Polling Location
MENOMINEE HIGH SCHL
2101 18TH ST (NORTH GYM DOORS)
MENOMINEE MI 49858

Handicap Accessable:
Y
(GYM ENTRANCE)","Temporary Polling Location




Handicap Accessable: 
"
MENOMINEE COUNTY,MENOMINEE CITY ,     PRECINCT 3,"Permanent Polling Location
MENOMINEE HIGH SCHL
2101 18TH ST (NORTH GYM DOORS)
MENOMINEE MI 49858

Handicap Accessable:
Y
(GYM ENTRANCE)","Temporary Polling Location




Handicap Accessable: 
"
MENOMINEE COUNTY,MENOMINEE CITY ,     PRECINCT 4,"Permanent Polling Location
MENOMINEE HIGH SCHL
2101 18TH ST (NORTH GYM DOORS)
MENOMINEE MI 49858

Handicap Accessable:
Y
(GYM ENTRANCE)","Temporary Polling Location




Handicap Accessable: 
"
MENOMINEE COUNTY,MENOMINEE TOWNSHIP ,     PRECINCT 1,"Permanent Polling Location
MENOMINEE TOWNSHIP HALL
N2283 O-1 DRIVE
MENOMINEE MI 49858

Handicap Accessable:
Y
","Temporary Polling Location




Handicap Accessable: 
"
MENOMINEE COUNTY,MEYER TOWNSHIP ,     PRECINCT 1,"Permanent Polling Location
MEYER TWP HALL
W 5480 FIRST ST.
HERMANSVILLE MI 49847

Handicap Accessable:
Y
","Temporary Polling Location




Handicap Accessable: 
"
MENOMINEE COUNTY,NADEAU TOWNSHIP ,     PRECINCT 1,"Permanent Polling Location
NADEAU TWP HALL
403 US 41 N
CARNEY MI 49812

Handicap Accessable:
Y
","Temporary Polling Location




Handicap Accessable: 
"
MENOMINEE COUNTY,SPALDING TOWNSHIP ,     PRECINCT 1,"Permanent Polling Location
SPALDING TOWNSHIP HALL
N15881 PINE STREET
POWERS MI 49874

Handicap Accessable:
Y
","Temporary Polling Location




Handicap Accessable: 
"
MENOMINEE COUNTY,STEPHENSON CITY ,     PRECINCT 1,"Permanent Polling Location
STEPHENSON CITY HALL
W628 SAMUEL STREET
STEPHENSON MI 49887

Handicap Accessable:
Y
","Temporary Polling Location




Handicap Accessable: 
"
MENOMINEE COUNTY,STEPHENSON TOWNSHIP ,     PRECINCT 1,"Permanent Polling Location
STEPHENSON TOWNSHIP HALL
S325 RAILROAD ST
STEPHENSON MI 49887

Handicap Accessable:
Y
","Temporary Polling Location




Handicap Accessable: 
"
MIDLAND COUNTY,COLEMAN CITY ,     PRECINCT 1,"Permanent Polling Location
COLEMAN CITY HALL
201 E. RAILWAY ST.
COLEMAN MI 48618

Handicap Accessable:
N
","Temporary Polling Location




Handicap Accessable: 
"
MIDLAND COUNTY,EDENVILLE TOWNSHIP ,     PRECINCT 1,"Permanent Polling Location
SWANTON MEMORIAL BLD
6422 WATER RD.
EDENVILLE MI 48620

Handicap Accessable:
Y
","Temporary Polling Location




Handicap Accessable: 
"
MIDLAND COUNTY,GENEVA TOWNSHIP ,     PRECINCT 1,"Permanent Polling Location
GENEVA TOWNSHIP HALL
3146 W. BARDEN RD.
COLEMAN MI 48618

Handicap Accessable:
Y
","Temporary Polling Location




Handicap Accessable: 
"
MIDLAND COUNTY,GREENDALE TOWNSHIP ,     PRECINCT 1,"Permanent Polling Location
GREENDALE TWP HALL
4750 W ISABELLA RD
SHEPHERD MI 48883

Handicap Accessable:
Y
","Temporary Polling Location




Handicap Accessable: 
"
MIDLAND COUNTY,HOMER TOWNSHIP ,     PRECINCT 1,"Permanent Polling Location
PUBLIC SAFETY BLDG
222 S. HOMER RD.
MIDLAND MI 48640

Handicap Accessable:
Y
","Temporary Polling Location




Handicap Accessable: 
"
MIDLAND COUNTY,HOMER TOWNSHIP ,     PRECINCT 2,"Permanent Polling Location
PUBLIC SAFETY BLDG
222 S. HOMER RD.
MIDLAND MI 48640

Handicap Accessable:
Y
","Temporary Polling Location




Handicap Accessable: 
"
MIDLAND COUNTY,HOMER TOWNSHIP ,     PRECINCT 3,"Permanent Polling Location
PUBLIC SAFETY BLDG
222 S. HOMER RD.
MIDLAND MI 48640

Handicap Accessable:
Y
","Temporary Polling Location




Handicap Accessable: 
"
MIDLAND COUNTY,HOPE TOWNSHIP ,     PRECINCT 1,"Permanent Polling Location
HOPE TOWNSHIP HALL
5244 N HOPE RD
HOPE MI 48628

Handicap Accessable:
Y
(CORNER OF HOPE AND HULL ROAD)","Temporary Polling Location




Handicap Accessable: 
"
MIDLAND COUNTY,INGERSOLL TOWNSHIP ,     PRECINCT 1,"Permanent Polling Location
INGERSOLL TWP HALL
3026 S SASSE RD
MIDLAND MI 48640

Handicap Accessable:
Y
(CORNER OF SASSE AND FREELAND RD.)","Temporary Polling Location




Handicap Accessable: 
"
MIDLAND COUNTY,INGERSOLL TOWNSHIP ,     PRECINCT 2,"Permanent Polling Location
INGERSOLL TWP HALL
3026 S SASSE RD
MIDLAND MI 48640

Handicap Accessable:
Y
(CORNER OF SASSE AND FREELAND RD.)","Temporary Polling Location




Handicap Accessable: 
"
MIDLAND COUNTY,JASPER TOWNSHIP ,     PRECINCT 1,"Permanent Polling Location
JASPER TOWNSHIP HALL
5595 W. KENT ROAD
SAINT LOUIS MI 48880

Handicap Accessable:
Y
","Temporary Polling Location




Handicap Accessable: 
"
MIDLAND COUNTY,JEROME TOWNSHIP ,     PRECINCT 1,"Permanent Polling Location
JEROME TWP. HALL
737 W. BEAMISH
SANFORD MI 48657

Handicap Accessable:
Y
","Temporary Polling Location




Handicap Accessable: 
"
MIDLAND COUNTY,JEROME TOWNSHIP ,     PRECINCT 2,"Permanent Polling Location
JEROME TWP. HALL
737 W. BEAMISH
SANFORD MI 48657

Handicap Accessable:
Y
","Temporary Polling Location




Handicap Accessable: 
"
MIDLAND COUNTY,LARKIN TOWNSHIP ,     PRECINCT 1,"Permanent Polling Location
LARKIN TOWNSHIP HALL
3016 N. JEFFERSON RD.
MIDLAND MI 48642

Handicap Accessable:
Y
","Temporary Polling Location




Handicap Accessable: 
"
MIDLAND COUNTY,LARKIN TOWNSHIP ,     PRECINCT 2,"Permanent Polling Location
LARKIN TOWNSHIP HALL
3016 N. JEFFERSON RD.
MIDLAND MI 48642

Handicap Accessable:
Y
","Temporary Polling Location




Handicap Accessable: 
"
MIDLAND COUNTY,LEE TOWNSHIP ,     PRECINCT 1,"Permanent Polling Location
LEE TOWNSHIP HALL
1485 W OLSON RD
MIDLAND MI 48640

Handicap Accessable:
Y
(CORNER OF 9 MILE AND OLSON RD.)","Temporary Polling Location




Handicap Accessable: 
"
MIDLAND COUNTY,LEE TOWNSHIP ,     PRECINCT 2,"Permanent Polling Location
LEE TOWNSHIP HALL
1485 W OLSON RD
MIDLAND MI 48640

Handicap Accessable:
Y
(CORNER OF 9 MILE AND OLSON RD.)","Temporary Polling Location




Handicap Accessable: 
"
MIDLAND COUNTY,LINCOLN TOWNSHIP ,     PRECINCT 1,"Permanent Polling Location
LINCOLN TWP HALL
IN AVERILL ON HOPE ROAD, NORTH SAGINAW R
MIDLAND MI 48642

Handicap Accessable:
Y
(1/4 MILE NORTH OF SAGINAW/HOPE RD. INTERSECTION)","Temporary Polling Location




Handicap Accessable: 
"
MIDLAND COUNTY,MIDLAND CITY ,     PRECINCT 1-1,"Permanent Polling Location
MIDLAND HIGH SCHOOL
1301 EASTLAWN DR
MIDLAND MI 48642

Handicap Accessable:
Y
","Temporary Polling Location




Handicap Accessable: 
"
MIDLAND COUNTY,MIDLAND CITY ,     PRECINCT 1-2,"Permanent Polling Location
MIDLAND HIGH SCHOOL
1301 EASTLAWN DR
MIDLAND MI 48642

Handicap Accessable:
Y
","Temporary Polling Location




Handicap Accessable: 
"
MIDLAND COUNTY,MIDLAND CITY ,     PRECINCT 1-2,"Permanent Polling Location
MIDLAND HIGH SCHOOL
1301 EASTLAWN DR
MIDLAND MI 48642

Handicap Accessable:
Y
","Temporary Polling Location




Handicap Accessable: 
"
MIDLAND COUNTY,MIDLAND CITY ,     PRECINCT 2-3,"Permanent Polling Location
MIDLAND COUNTY ESA
3917 JEFFERSON
MIDLAND MI 48640

Handicap Accessable:
Y
(W. SUGNET AT JEFFERSON)","Temporary Polling Location




Handicap Accessable: 
"
MIDLAND COUNTY,MIDLAND CITY ,     PRECINCT 2-4,"Permanent Polling Location
MIDLAND COUNTY ESA
3917 JEFFERSON
MIDLAND MI 48640

Handicap Accessable:
Y
(W. SUGNET AT JEFFERSON)","Temporary Polling Location




Handicap Accessable: 
"
MIDLAND COUNTY,MIDLAND CITY ,     PRECINCT 3-5,"Permanent Polling Location
H. H. DOW HIGH SCHOOL
3901 N. SAGINAW RD
MIDLAND MI 48640

Handicap Accessable:
Y
","Temporary Polling Location




Handicap Accessable: 
"
MIDLAND COUNTY,MIDLAND CITY ,     PRECINCT 3-6,"Permanent Polling Location
H. H. DOW HIGH SCHOOL
3901 N. SAGINAW RD
MIDLAND MI 48640

Handicap Accessable:
Y
","Temporary Polling Location




Handicap Accessable: 
"
MIDLAND COUNTY,MIDLAND CITY ,     PRECINCT 4-7,"Permanent Polling Location
JEFFERSON MIDDLE SCH
800 W. CHAPEL LN
MIDLAND MI 48640

Handicap Accessable:
Y
(DILLOWAY AT SIEBERT)","Temporary Polling Location




Handicap Accessable: 
"
MIDLAND COUNTY,MIDLAND CITY ,     PRECINCT 4-8,"Permanent Polling Location
JEFFERSON MIDDLE SCH
800 W. CHAPEL LN
MIDLAND MI 48640

Handicap Accessable:
Y
(DILLOWAY AT SIEBERT)","Temporary Polling Location




Handicap Accessable: 
"
MIDLAND COUNTY,MIDLAND CITY ,     PRECINCT 5-9,"Permanent Polling Location
NORTHEAST SCHOOL
1305 E. SUGNET
MIDLAND MI 48642

Handicap Accessable:
Y
(E. SUGNET EAST OF WASHINGTON)","Temporary Polling Location




Handicap Accessable: 
"
MIDLAND COUNTY,MIDLAND CITY ,     PRECINCT 5-10,"Permanent Polling Location
NORTHEAST SCHOOL
1305 E. SUGNET
MIDLAND MI 48642

Handicap Accessable:
Y
(E. SUGNET EAST OF WASHINGTON)","Temporary Polling Location




Handicap Accessable: 
"
MIDLAND COUNTY,MIDLAND TOWNSHIP ,     PRECINCT 1,"Permanent Polling Location
MIDLAND TWP HALL
1030 POSEYVILLE RD.
MIDLAND MI 48640

Handicap Accessable:
Y
","Temporary Polling Location




Handicap Accessable: 
"
MIDLAND COUNTY,MILLS TOWNSHIP ,     PRECINCT 1,"Permanent Polling Location
MILLS TOWNSHIP HALL
3480 E SHEARER RD
MIDLAND MI 48640

Handicap Accessable:
Y
(AT EAST SHEARER AND JEFFERSON RD.)","Temporary Polling Location




Handicap Accessable: 
"
MIDLAND COUNTY,MOUNT HALEY TOWNSHIP ,     PRECINCT 1,"Permanent Polling Location
MT. HALEY TWP HALL
3012 S HOMER RD
MERRILL MI 48637

Handicap Accessable:
Y
(AT HOMER AND FREELAND RD.)","Temporary Polling Location




Handicap Accessable: 
"
MIDLAND COUNTY,PORTER TOWNSHIP ,     PRECINCT 1,"Permanent Polling Location
PORTER TWP HALL
4029 S 9 MILE RD
BRECKENRIDGE MI 48615

Handicap Accessable:
Y
(AT LAPORTE AND S. 9 MILE RD.)","Temporary Polling Location




Handicap Accessable: 
"
MIDLAND COUNTY,WARREN TOWNSHIP ,     PRECINCT 1,"Permanent Polling Location
WARREN TWP HALL
4506 W BAKER RD
COLEMAN MI 48618

Handicap Accessable:
Y
(CORNER OF GENEVA AND W. BAKER RD.)","Temporary Polling Location




Handicap Accessable: 
"
MISSAUKEE COUNTY,AETNA TOWNSHIP ,     PRECINCT 1,"Permanent Polling Location
AETNA TOWNSHIP HALL
2950 E KELLY RD
FALMOUTH MI 49632

Handicap Accessable:
Y
(GO E ON KELLY TO 9 MILE ROAD)","Temporary Polling Location




Handicap Accessable: 
"
MISSAUKEE COUNTY,BLOOMFIELD TOWNSHIP ,     PRECINCT 1,"Permanent Polling Location
BLOOMFIELD TWP HALL
9592 W ARNOLD RD
MANTON MI 49663

Handicap Accessable:
Y
(N ON 42 TO LUCAS THEN N ON LUCAS TO ARNOLD)","Temporary Polling Location




Handicap Accessable: 
"
MISSAUKEE COUNTY,BUTTERFIELD TOWNSHIP ,     PRECINCT 1,"Permanent Polling Location
BUTTERFIELD TWP HALL
3920 S 13 MILE RD
MERRITT MI 49667

Handicap Accessable:
Y
(M55-S MERRITT-W KELLY-S ON 13 MILE)","Temporary Polling Location




Handicap Accessable: 
"
MISSAUKEE COUNTY,CALDWELL TOWNSHIP ,     PRECINCT 1,"Permanent Polling Location
CALDWELL TWP HALL
9510 W WALKER ROAD
MANTON MI 49663

Handicap Accessable:
Y
(WEST ON M-42 TO ARLENE)","Temporary Polling Location




Handicap Accessable: 
"
MISSAUKEE COUNTY,CLAM UNION TOWNSHIP ,     PRECINCT 1,"Permanent Polling Location
CLAM UNION TWP HALL
766 EAST PROSPER ROAD
FALMOUTH MI 49632

Handicap Accessable:
Y
(EAST OUT OF FALMOUTH ON PROSPER ROAD)","Temporary Polling Location




Handicap Accessable: 
"
MISSAUKEE COUNTY,ENTERPRISE TOWNSHIP ,     PRECINCT 1,"Permanent Polling Location
ENTERPRISE TWP HALL
9022 E BURNS RD
MERRITT MI 49667

Handicap Accessable:
Y
(NORTH ON MERRITT RD, EAST ON BURNS)","Temporary Polling Location




Handicap Accessable: 
"
MISSAUKEE COUNTY,FOREST TOWNSHIP ,     PRECINCT 1,"Permanent Polling Location
FOREST TWP HALL
1181 N DECKER RD
LAKE CITY MI 49651

Handicap Accessable:
Y
(NORTH ON DECKER ROAD OFF FROM M-55)","Temporary Polling Location




Handicap Accessable: 
"
MISSAUKEE COUNTY,HOLLAND TOWNSHIP ,     PRECINCT 1,"Permanent Polling Location
HOLLAND TWP HALL
7000 E FINKLE RD
FALMOUTH MI 49632

Handicap Accessable:
Y
(SOUTH ON 13 MILE, WEST ON FINKLE)","Temporary Polling Location




Handicap Accessable: 
"
MISSAUKEE COUNTY,LAKE CITY CITY ,     PRECINCT 1,"Permanent Polling Location
LAKE CITY HALL
115 W JOHN ST
LAKE CITY MI 49651

Handicap Accessable:
Y
(TURN WEST ON JOHN ST OFF FROM MAIN STREET)","Temporary Polling Location




Handicap Accessable: 
"
MISSAUKEE COUNTY,LAKE TOWNSHIP ,     PRECINCT 1,"Permanent Polling Location
LAKE TWP HALL
8105 W KELLY RD
LAKE CITY MI 49651

Handicap Accessable:
Y
(WEST ON KELLY OFF FROM M-55)","Temporary Polling Location




Handicap Accessable: 
"
MISSAUKEE COUNTY,MCBAIN CITY ,     PRECINCT 1,"Permanent Polling Location
MCBAIN CITY HALL
9478 S MOREY RD
MCBAIN MI 49657

Handicap Accessable:
Y
(SW CORNER OF MOREY RD M 66 AND GERWOUDE DR)","Temporary Polling Location




Handicap Accessable: 
"
MISSAUKEE COUNTY,NORWICH TOWNSHIP ,     PRECINCT 1,"Permanent Polling Location
NORWICH TWP HALL
4551 E. MOORESTOWN RD.
LAKE CITY MI 49651

Handicap Accessable:
Y
(WEST ON MOORESTOWN RD)","Temporary Polling Location




Handicap Accessable: 
"
MISSAUKEE COUNTY,PIONEER TOWNSHIP ,     PRECINCT 1,"Permanent Polling Location
PIONEER TWP HALL
2914 W MOORESTOWN RD
LAKE CITY MI 49651

Handicap Accessable:
Y
(NORTH ON M-66 THEN EAST ON MOORESTOWN)","Temporary Polling Location




Handicap Accessable: 
"
MISSAUKEE COUNTY,REEDER TOWNSHIP ,     PRECINCT 1,"Permanent Polling Location
REEDER TWP HALL
2970 W KELLY RD
LAKE CITY MI 49651

Handicap Accessable:
Y
(EAST ON JENNINGS ROAD OFF OF M-55 TO KELLY)","Temporary Polling Location




Handicap Accessable: 
"
MISSAUKEE COUNTY,RICHLAND TOWNSHIP ,     PRECINCT 1,"Permanent Polling Location
RICHLAND TOWNSHIP HALL
9698 W CAVANAUGH RD
MC BAIN MI 49657

Handicap Accessable:
Y
(NORTH SIDE OF CAVANAUGH, JUST WEST OF LUCAS RD)","Temporary Polling Location




Handicap Accessable: 
"
MISSAUKEE COUNTY,RIVERSIDE TOWNSHIP ,     PRECINCT 1,"Permanent Polling Location
RIVERSIDE TWP HALL
2900 W GEERS RD
MCBAIN MI 49657

Handicap Accessable:
Y
(SOUTH ON BURKETT AND EAST ON GEERS)","Temporary Polling Location




Handicap Accessable: 
"
MISSAUKEE COUNTY,WEST BRANCH TOWNSHIP ,     PRECINCT 1,"Permanent Polling Location
WEST BRANCH TWP HALL
2860 E WALKER RD
LAKE CITY MI 49651

Handicap Accessable:
Y
(N ON 7 MILE OFF OF M-55 - THEN EAST ON WALKER)","Temporary Polling Location




Handicap Accessable: 
"
MONROE COUNTY,ASH TOWNSHIP ,     PRECINCT 1,"Permanent Polling Location
CARLETON LIBRARY
1444 KENT STREET
CARLETON MI 48117

Handicap Accessable:
Y
","Temporary Polling Location




Handicap Accessable: 
"
MONROE COUNTY,ASH TOWNSHIP ,     PRECINCT 2,"Permanent Polling Location
ASH TOWNSHIP HALL
1677 READY ROAD
CARLETON MI 48117

Handicap Accessable:
Y
","Temporary Polling Location




Handicap Accessable: 
"
MONROE COUNTY,ASH TOWNSHIP ,     PRECINCT 3,"Permanent Polling Location
ASH TOWNSHIP HALL
1677 READY ROAD
CARLETON MI 48117

Handicap Accessable:
Y
","Temporary Polling Location




Handicap Accessable: 
"
MONROE COUNTY,BEDFORD TOWNSHIP ,     PRECINCT 1,"Permanent Polling Location
UNITED METH. CHURCH
8165 DOUGLAS RD
LAMBERTVILLE MI 48144

Handicap Accessable:
Y
","Temporary Polling Location




Handicap Accessable: 
"
MONROE COUNTY,BEDFORD TOWNSHIP ,     PRECINCT 2,"Permanent Polling Location
UNITED METH. CHURCH
8165 DOUGLAS RD
LAMBERTVILLE MI 48144

Handicap Accessable:
Y
","Temporary Polling Location




Handicap Accessable: 
"
MONROE COUNTY,BEDFORD TOWNSHIP ,     PRECINCT 3,"Permanent Polling Location
MT. CARMEL CHURCH
8330 LEWIS AVENUE
TEMPERANCE MI 48182

Handicap Accessable:
Y
","Temporary Polling Location




Handicap Accessable: 
"
MONROE COUNTY,BEDFORD TOWNSHIP ,     PRECINCT 4,"Permanent Polling Location
BEDFORD LIBRARY
8575 JACKMAN  RD
TEMPERANCE MI 48182

Handicap Accessable:
Y
","Temporary Polling Location




Handicap Accessable: 
"
MONROE COUNTY,BEDFORD TOWNSHIP ,     PRECINCT 5,"Permanent Polling Location
COMPELLED CHURCH
8970 JACKMAN RD
TEMPERANCE MI 48182

Handicap Accessable:
Y
(BEDFORD COMMUNITY)","Temporary Polling Location




Handicap Accessable: 
"
MONROE COUNTY,BEDFORD TOWNSHIP ,     PRECINCT 6,"Permanent Polling Location
NORTHWEST CHRISTIAN
1590 W. TEMPERANCE
TEMPERANCE MI 48182

Handicap Accessable:
Y
","Temporary Polling Location




Handicap Accessable: 
"
MONROE COUNTY,BEDFORD TOWNSHIP ,     PRECINCT 7,"Permanent Polling Location
ST. LUKES CHURCH
1690 W STERNS RD
TEMPERANCE MI 48182

Handicap Accessable:
Y
","Temporary Polling Location




Handicap Accessable: 
"
MONROE COUNTY,BEDFORD TOWNSHIP ,     PRECINCT 8,"Permanent Polling Location
CHRIST THE KING
2843 W STERNS RD
LAMBERTVILLE MI 48144

Handicap Accessable:
Y
","Temporary Polling Location




Handicap Accessable: 
"
MONROE COUNTY,BEDFORD TOWNSHIP ,     PRECINCT 9,"Permanent Polling Location
COMPELLED CHURCH
8970 JACKMAN RD
TEMPERANCE MI 48182

Handicap Accessable:
Y
(BEDFORD COMMUNITY)","Temporary Polling Location




Handicap Accessable: 
"
MONROE COUNTY,BEDFORD TOWNSHIP ,     PRECINCT 10,"Permanent Polling Location
NORTHWEST CHRISTIAN
1590 W. TEMPERANCE
TEMPERANCE MI 48182

Handicap Accessable:
Y
","Temporary Polling Location




Handicap Accessable: 
"
MONROE COUNTY,BEDFORD TOWNSHIP ,     PRECINCT 11,"Permanent Polling Location
SHELTON PARK CHURCH OF GOD
8702 DOUGLAS ROAD
TEMPERANCE MI 48182

Handicap Accessable:
Y
(ON THE EAST SIDE OF DOUGLAS ROAD, NORTH OF CONSEAR)","Temporary Polling Location




Handicap Accessable: 
"
MONROE COUNTY,BEDFORD TOWNSHIP ,     PRECINCT 12,"Permanent Polling Location
ASSEMBLY OF CHRIST
3619 W STERNS RD
LAMBERTVILLE MI 48144

Handicap Accessable:
Y
(WEST OF SECOR, ON STERNS)","Temporary Polling Location




Handicap Accessable: 
"
MONROE COUNTY,BEDFORD TOWNSHIP ,     PRECINCT 13,"Permanent Polling Location
MT. CARMEL CHURCH
8330 LEWIS AVENUE
TEMPERANCE MI 48182

Handicap Accessable:
Y
","Temporary Polling Location




Handicap Accessable: 
"
MONROE COUNTY,BEDFORD TOWNSHIP ,     PRECINCT 14,"Permanent Polling Location
ST. LUKES CHURCH
1690 W STERNS RD
TEMPERANCE MI 48182

Handicap Accessable:
Y
","Temporary Polling Location




Handicap Accessable: 
"
MONROE COUNTY,BERLIN TOWNSHIP ,     PRECINCT 1,"Permanent Polling Location
R. LAGINESS PARK
9505 BRANDON ROAD
NEWPORT MI 48166

Handicap Accessable:
Y
(SWAN CREEK RD. TO BRANDON RD.)","Temporary Polling Location




Handicap Accessable: 
"
MONROE COUNTY,BERLIN TOWNSHIP ,     PRECINCT 2,"Permanent Polling Location
FIRE STA#2 SO. RKWD
12226 N. DIXIE HWY.
SOUTH ROCKWOOD MI 48179

Handicap Accessable:
Y
(BETWEEN READY RD & S HURON RIVER DRIVE)","Temporary Polling Location




Handicap Accessable: 
"
MONROE COUNTY,BERLIN TOWNSHIP ,     PRECINCT 3,"Permanent Polling Location
ESTRAL BCH VLLG HALL
7194 LAKEVIEW
NEWPORT MI 48166

Handicap Accessable:
Y
(JUST BEYOND ENTRANCE TO ESTRAL BEACH ARMY TANK)","Temporary Polling Location




Handicap Accessable: 
"
MONROE COUNTY,BERLIN TOWNSHIP ,     PRECINCT 4,"Permanent Polling Location
FIRE STA#1, NEWPORT
8473 SWAN CREEK RD.
NEWPORT MI 48166

Handicap Accessable:
Y
(2 DOORS FROM THE NEWPORT POST OFFICE)","Temporary Polling Location




Handicap Accessable: 
"
MONROE COUNTY,DUNDEE TOWNSHIP ,     PRECINCT 1,"Permanent Polling Location
DUNDEE FIRE STATION
82O DUNDEE AZALIA RD.
DUNDEE MI 48131

Handicap Accessable:
Y
","Temporary Polling Location




Handicap Accessable: 
"
MONROE COUNTY,DUNDEE TOWNSHIP ,     PRECINCT 2,"Permanent Polling Location
DUNDEE FIRE STATION
82O DUNDEE AZALIA RD.
DUNDEE MI 48131

Handicap Accessable:
Y
","Temporary Polling Location




Handicap Accessable: 
"
MONROE COUNTY,DUNDEE TOWNSHIP ,     PRECINCT 3,"Permanent Polling Location
DUNDEE FIRE STATION
82O DUNDEE AZALIA RD.
DUNDEE MI 48131

Handicap Accessable:
Y
","Temporary Polling Location




Handicap Accessable: 
"
MONROE COUNTY,ERIE TOWNSHIP ,     PRECINCT 1,"Permanent Polling Location
ERIE TWP HALL
2065 ERIE RD
ERIE MI 48133

Handicap Accessable:
Y
","Temporary Polling Location




Handicap Accessable: 
"
MONROE COUNTY,EXETER TOWNSHIP ,     PRECINCT 1,"Permanent Polling Location
TOWNSHIP HALL
6158 SCOFIELD ROAD
MAYBEE MI 48159

Handicap Accessable:
Y
","Temporary Polling Location




Handicap Accessable: 
"
MONROE COUNTY,EXETER TOWNSHIP ,     PRECINCT 2,"Permanent Polling Location
TOWNSHIP FIRE HALL
11120 SUMPTER ROAD
MAYBEE MI 48159

Handicap Accessable:
Y
","Temporary Polling Location




Handicap Accessable: 
"
MONROE COUNTY,FRENCHTOWN TOWNSHIP ,     PRECINCT 1,"Permanent Polling Location
ST MARY & ST ANTHONY RETREAT & CONF CTR
8210 N TELEGRAPH RD
NEWPORT MI 48166

Handicap Accessable:
Y
(EAST SIDE OF TELEGRAPH RD, NORTH OF BUHL RD)","Temporary Polling Location




Handicap Accessable: 
"
MONROE COUNTY,FRENCHTOWN TOWNSHIP ,     PRECINCT 2,"Permanent Polling Location
FRENCHTOWN CHARTER TWP COMMUNITY CTR
2621 N. DIXIE HWY
MONROE MI 48162

Handicap Accessable:
Y
(BETWEEN NADEAU AND HURD ROADS ON THE WEST SIDE )","Temporary Polling Location




Handicap Accessable: 
"
MONROE COUNTY,FRENCHTOWN TOWNSHIP ,     PRECINCT 3,"Permanent Polling Location
JEFFERSON RECREATION CENTER
5707 WILLIAMS RD
NEWPORT MI 48166

Handicap Accessable:
Y
","Temporary Polling Location




Handicap Accessable: 
"
MONROE COUNTY,FRENCHTOWN TOWNSHIP ,     PRECINCT 4,"Permanent Polling Location
FRENCHTOWN REC BLDG/SENIOR CENTER
2786 VIVIAN ROAD
MONROE MI 48162

Handicap Accessable:
Y
","Temporary Polling Location




Handicap Accessable: 
"
MONROE COUNTY,FRENCHTOWN TOWNSHIP ,     PRECINCT 5,"Permanent Polling Location
ST MARY & ST ANTHONY RETREAT & CONF CTR
8210 N TELEGRAPH RD
NEWPORT MI 48166

Handicap Accessable:
Y
(EAST SIDE OF TELEGRAPH RD, NORTH OF BUHL RD)","Temporary Polling Location




Handicap Accessable: 
"
MONROE COUNTY,FRENCHTOWN TOWNSHIP ,     PRECINCT 6,"Permanent Polling Location
FRENCHTOWN CHARTER TWP COMMUNITY CTR
2621 N. DIXIE HWY
MONROE MI 48162

Handicap Accessable:
Y
(BETWEEN NADEAU AND HURD ROADS ON THE WEST SIDE )","Temporary Polling Location




Handicap Accessable: 
"
MONROE COUNTY,FRENCHTOWN TOWNSHIP ,     PRECINCT 7,"Permanent Polling Location
TOWNSHIP HALL
2744 VIVIAN RD
MONROE MI 48162

Handicap Accessable:
Y
","Temporary Polling Location




Handicap Accessable: 
"
MONROE COUNTY,FRENCHTOWN TOWNSHIP ,     PRECINCT 8,"Permanent Polling Location
JEFFERSON RECREATION CENTER
5707 WILLIAMS RD
NEWPORT MI 48166

Handicap Accessable:
Y
","Temporary Polling Location




Handicap Accessable: 
"
MONROE COUNTY,FRENCHTOWN TOWNSHIP ,     PRECINCT 9,"Permanent Polling Location
FRENCHTOWN REC BLDG/SENIOR CENTER
2786 VIVIAN ROAD
MONROE MI 48162

Handicap Accessable:
Y
","Temporary Polling Location




Handicap Accessable: 
"
MONROE COUNTY,IDA TOWNSHIP ,     PRECINCT 1,"Permanent Polling Location
IDA TOWNSHIP OFFICES
3016 LEWIS AVE
IDA MI 48140

Handicap Accessable:
Y
(BETWEEN IDA EAST & ALBAIN ON LEWIS )","Temporary Polling Location




Handicap Accessable: 
"
MONROE COUNTY,IDA TOWNSHIP ,     PRECINCT 2,"Permanent Polling Location
IDA TOWNSHIP OFFICES
3016 LEWIS AVE
IDA MI 48140

Handicap Accessable:
Y
(BETWEEN IDA EAST & ALBAIN ON LEWIS )","Temporary Polling Location




Handicap Accessable: 
"
MONROE COUNTY,LA SALLE TOWNSHIP ,     PRECINCT 1,"Permanent Polling Location
LASALLE TOWNSHIP HALL
4109 LAPLAISANCE RD
LASALLE MI 48145

Handicap Accessable:
Y
","Temporary Polling Location




Handicap Accessable: 
"
MONROE COUNTY,LA SALLE TOWNSHIP ,     PRECINCT 2,"Permanent Polling Location
LASALLE TOWNSHIP HALL
4109 LAPLAISANCE RD
LASALLE MI 48145

Handicap Accessable:
Y
","Temporary Polling Location




Handicap Accessable: 
"
MONROE COUNTY,LONDON TOWNSHIP ,     PRECINCT 1,"Permanent Polling Location
TOWNSHIP HALL
13613 TUTTLEHILL ROAD
MILAN MI 48160

Handicap Accessable:
N
","Temporary Polling Location




Handicap Accessable: 
"
MONROE COUNTY,LUNA PIER CITY ,     PRECINCT 1,"Permanent Polling Location
LUNA PIER FIRE HALL
4268 LUNA PIER ROAD
LUNA PIER MI 48157

Handicap Accessable:
Y
","Temporary Polling Location




Handicap Accessable: 
"
MONROE COUNTY,MILAN CITY ,     PRECINCT 1,"Permanent Polling Location
MILAN CENTER
45 NECKEL CT
MILAN MI 48160

Handicap Accessable:
Y
(BEHIND POLICE DEPARTMENT)","Temporary Polling Location




Handicap Accessable: 
"
MONROE COUNTY,MILAN CITY ,     PRECINCT 1W,"Permanent Polling Location
MILAN CENTER
45 NECKEL CT
MILAN MI 48160

Handicap Accessable:
Y
(BEHIND POLICE DEPARTMENT)","Temporary Polling Location




Handicap Accessable: 
"
MONROE COUNTY,MILAN TOWNSHIP ,     PRECINCT 1,"Permanent Polling Location
MILAN TOWNSHIP HALL
16444 CONE RD
MILAN MI 48160

Handicap Accessable:
Y
","Temporary Polling Location




Handicap Accessable: 
"
MONROE COUNTY,MONROE CITY ,     PRECINCT 1,"Permanent Polling Location
WOODCRAFT SQUARE
800 WEST SEVENTH STREET
MONROE MI 48161

Handicap Accessable:
Y
(CORNER OF W. SEVENTH AND UNION STREET)","Temporary Polling Location




Handicap Accessable: 
"
MONROE COUNTY,MONROE CITY ,     PRECINCT 2,"Permanent Polling Location
ST PAULS METHODIST
201 S MONROE ST
MONROE MI 48161

Handicap Accessable:
Y
(CORNER OF E. THIRD AND S. MONROE STREET)","Temporary Polling Location




Handicap Accessable: 
"
MONROE COUNTY,MONROE CITY ,     PRECINCT 3N,"Permanent Polling Location
GRACE LUTHERAN CHURC
630 N. MONROE ST
MONROE MI 48162

Handicap Accessable:
Y
","Temporary Polling Location




Handicap Accessable: 
"
MONROE COUNTY,MONROE CITY ,     PRECINCT 3S,"Permanent Polling Location
FIRE STATION 1
911 E THIRD ST
MONROE MI 48161

Handicap Accessable:
Y
","Temporary Polling Location




Handicap Accessable: 
"
MONROE COUNTY,MONROE CITY ,     PRECINCT 4,"Permanent Polling Location
GRACE LUTHERAN CHURC
630 N. MONROE ST
MONROE MI 48162

Handicap Accessable:
Y
","Temporary Polling Location




Handicap Accessable: 
"
MONROE COUNTY,MONROE CITY ,     PRECINCT 5,"Permanent Polling Location
Y.M.C.A.
1111 W. ELM AVENUE
MONROE MI 48162

Handicap Accessable:
Y
","Temporary Polling Location




Handicap Accessable: 
"
MONROE COUNTY,MONROE CITY ,     PRECINCT 6,"Permanent Polling Location
FIRST BAPTIST CHURCH
1602 N. CUSTER ROAD
MONROE MI 48162

Handicap Accessable:
Y
","Temporary Polling Location




Handicap Accessable: 
"
MONROE COUNTY,MONROE TOWNSHIP ,     PRECINCT 1,"Permanent Polling Location
REDEEMER CHU
5305 EVERGREEN DR
MONROE MI 48161

Handicap Accessable:
Y
","Temporary Polling Location




Handicap Accessable: 
"
MONROE COUNTY,MONROE TOWNSHIP ,     PRECINCT 2,"Permanent Polling Location
REDEEMER CHU
5305 EVERGREEN DR
MONROE MI 48161

Handicap Accessable:
Y
","Temporary Polling Location




Handicap Accessable: 
"
MONROE COUNTY,MONROE TOWNSHIP ,     PRECINCT 3,"Permanent Polling Location
MONR MISSION BAPT CH
14260 S DIXIE HWY
MONROE MI 48161

Handicap Accessable:
Y
","Temporary Polling Location




Handicap Accessable: 
"
MONROE COUNTY,MONROE TOWNSHIP ,     PRECINCT 4,"Permanent Polling Location
MONR MISSION BAPT CH
14260 S DIXIE HWY
MONROE MI 48161

Handicap Accessable:
Y
","Temporary Polling Location




Handicap Accessable: 
"
MONROE COUNTY,MONROE TOWNSHIP ,     PRECINCT 5,"Permanent Polling Location
MONROE TWP HALL
4925 E DUNBAR RD
MONROE MI 48161

Handicap Accessable:
Y
","Temporary Polling Location




Handicap Accessable: 
"
MONROE COUNTY,MONROE TOWNSHIP ,     PRECINCT 6,"Permanent Polling Location
MONROE TWP HALL
4925 E DUNBAR RD
MONROE MI 48161

Handicap Accessable:
Y
","Temporary Polling Location




Handicap Accessable: 
"
MONROE COUNTY,PETERSBURG CITY ,     PRECINCT 1,"Permanent Polling Location
MUNICIPAL BUILDING
24 EAST CENTER STREET
PETERSBURG MI 49270

Handicap Accessable:
Y
","Temporary Polling Location




Handicap Accessable: 
"
MONROE COUNTY,RAISINVILLE TOWNSHIP ,     PRECINCT 1,"Permanent Polling Location
RAISINVILLE TWP HALL
96 IDA MAYBEE ROAD
MONROE MI 48161

Handicap Accessable:
Y
","Temporary Polling Location




Handicap Accessable: 
"
MONROE COUNTY,RAISINVILLE TOWNSHIP ,     PRECINCT 2,"Permanent Polling Location
RAISINVILLE TWP HALL
96 IDA MAYBEE ROAD
MONROE MI 48161

Handicap Accessable:
Y
","Temporary Polling Location




Handicap Accessable: 
"
MONROE COUNTY,SUMMERFIELD TOWNSHIP ,     PRECINCT 1,"Permanent Polling Location
TOWNSHIP HALL
15 E. CENTER STREET
PETERSBURG MI 49270

Handicap Accessable:
N
","Temporary Polling Location




Handicap Accessable: 
"
MONROE COUNTY,WHITEFORD TOWNSHIP ,     PRECINCT 1,"Permanent Polling Location
ST. MICHAEL LUTH. CH
5790 WEST TEMPERANCE ROAD
OTTAWA LAKE MI 49267

Handicap Accessable:
Y
","Temporary Polling Location




Handicap Accessable: 
"
MONROE COUNTY,WHITEFORD TOWNSHIP ,     PRECINCT 2,"Permanent Polling Location
ST. MICHAEL LUTH. CH
5790 WEST TEMPERANCE ROAD
OTTAWA LAKE MI 49267

Handicap Accessable:
Y
","Temporary Polling Location




Handicap Accessable: 
"
MONTCALM COUNTY,BELVIDERE TOWNSHIP ,     PRECINCT 1,"Permanent Polling Location
BELVIDERE TOWNSHIP
107 VESTA STREET
SIX LAKES MI 48886

Handicap Accessable:
Y
","Temporary Polling Location




Handicap Accessable: 
"
MONTCALM COUNTY,BLOOMER TOWNSHIP ,     PRECINCT 1,"Permanent Polling Location
BLOOMER TOWNSHIP HAL
9890 E. CARSON CITY ROAD
CARSON CITY MI 48811

Handicap Accessable:
Y
","Temporary Polling Location




Handicap Accessable: 
"
MONTCALM COUNTY,BUSHNELL TOWNSHIP ,     PRECINCT 1,"Permanent Polling Location
BUSHNELL TWP HALL
2983 E. BOYER ROAD
FENWICK MI 48834

Handicap Accessable:
Y
","Temporary Polling Location




Handicap Accessable: 
"
MONTCALM COUNTY,CARSON CITY CITY ,     PRECINCT 1,"Permanent Polling Location
CARSONCITY-CITY HALL
652 N WILLIAMS ST
CARSON CITY MI 48811

Handicap Accessable:
Y
","Temporary Polling Location




Handicap Accessable: 
"
MONTCALM COUNTY,CATO TOWNSHIP ,     PRECINCT 1,"Permanent Polling Location
COMMUNITY CENTER
309 S. LINCOLN STREET
LAKEVIEW MI 48850

Handicap Accessable:
Y
","Temporary Polling Location




Handicap Accessable: 
"
MONTCALM COUNTY,CRYSTAL TOWNSHIP ,     PRECINCT 1,"Permanent Polling Location
CRYSTAL COMM. CENTER
217 WEST PARK STREET
CRYSTAL MI 48818

Handicap Accessable:
Y
","Temporary Polling Location




Handicap Accessable: 
"
MONTCALM COUNTY,DAY TOWNSHIP ,     PRECINCT 1,"Permanent Polling Location
DAY TWP. HALL
2085 MAIN STREET N.W.
MCBRIDES MI 48852

Handicap Accessable:
Y
","Temporary Polling Location




Handicap Accessable: 
"
MONTCALM COUNTY,DOUGLASS TOWNSHIP ,     PRECINCT 1,"Permanent Polling Location
DOUGLASS TWP HALL
3521 W. MCBRIDES ROAD
STANTON MI 48888

Handicap Accessable:
Y
","Temporary Polling Location




Handicap Accessable: 
"
MONTCALM COUNTY,EUREKA TOWNSHIP ,     PRECINCT 1,"Permanent Polling Location
EUREKA TWP HALL
9322 SW. GREENVILLE ROAD
GREENVILLE MI 48838

Handicap Accessable:
Y
","Temporary Polling Location




Handicap Accessable: 
"
MONTCALM COUNTY,EUREKA TOWNSHIP ,     PRECINCT 2,"Permanent Polling Location
EUREKA TWP HALL
9322 SW. GREENVILLE ROAD
GREENVILLE MI 48838

Handicap Accessable:
Y
","Temporary Polling Location




Handicap Accessable: 
"
MONTCALM COUNTY,EVERGREEN TOWNSHIP ,     PRECINCT 1,"Permanent Polling Location
SHERIDAN COMMUNITY CENTER
205 ST CLAIR ST
SHERIDAN MI 48884

Handicap Accessable:
Y
(NORTH SIDE OF ST CLAIR ST, JUST EAST OF M 66)","Temporary Polling Location




Handicap Accessable: 
"
MONTCALM COUNTY,FAIRPLAIN TOWNSHIP ,     PRECINCT 1,"Permanent Polling Location
FAIRPLAIN TWP HALL
8383 GROW ROAD
GREENVILLE MI 48838

Handicap Accessable:
Y
","Temporary Polling Location




Handicap Accessable: 
"
MONTCALM COUNTY,FERRIS TOWNSHIP ,     PRECINCT 1,"Permanent Polling Location
FERRIS TWP.  HALL
3011 N. CRYSTAL
VESTABURG MI 48891

Handicap Accessable:
Y
(CORNER OF CRYSTAL AND CANNONSVILLE)","Temporary Polling Location




Handicap Accessable: 
"
MONTCALM COUNTY,GREENVILLE CITY ,     PRECINCT 1,"Permanent Polling Location
GREENVILLE COMM CNTR
900 E. KENT RD.
GREENVILLE MI 48838

Handicap Accessable:
N
","Temporary Polling Location




Handicap Accessable: 
"
MONTCALM COUNTY,GREENVILLE CITY ,     PRECINCT 2,"Permanent Polling Location
FAITH BAPTIST CHURCH
315 GREENVILLE WEST DRIVE
GREENVILLE MI 48838

Handicap Accessable:
Y
","Temporary Polling Location




Handicap Accessable: 
"
MONTCALM COUNTY,GREENVILLE CITY ,     PRECINCT 3,"Permanent Polling Location
FAITH BAPTIST CHURCH
315 GREENVILLE WEST DRIVE
GREENVILLE MI 48838

Handicap Accessable:
Y
","Temporary Polling Location




Handicap Accessable: 
"
MONTCALM COUNTY,GREENVILLE CITY ,     PRECINCT 4,"Permanent Polling Location
GREENVILLE COMM CNTR
900 E. KENT RD.
GREENVILLE MI 48838

Handicap Accessable:
N
","Temporary Polling Location




Handicap Accessable: 
"
MONTCALM COUNTY,HOME TOWNSHIP ,     PRECINCT 1,"Permanent Polling Location
HOME TWP HALL
125 S. THIRD STREET
EDMORE MI 48829

Handicap Accessable:
Y
","Temporary Polling Location




Handicap Accessable: 
"
MONTCALM COUNTY,MAPLE VALLEY TOWNSHIP ,     PRECINCT 1,"Permanent Polling Location
CORAL COMMUNITY CENTER
4662 BAILEY RD
CORAL MI 49322

Handicap Accessable:
Y
","Temporary Polling Location




Handicap Accessable: 
"
MONTCALM COUNTY,MONTCALM TOWNSHIP ,     PRECINCT 1,"Permanent Polling Location
MONTCALM TWP HALL
1880 S. GREENVILLE ROAD
GREENVILLE MI 48838

Handicap Accessable:
Y
","Temporary Polling Location




Handicap Accessable: 
"
MONTCALM COUNTY,PIERSON TOWNSHIP ,     PRECINCT 1,"Permanent Polling Location
PIERSON TWP HALL
21156 CANNONSVILLE ROAD
PIERSON MI 49339

Handicap Accessable:
Y
","Temporary Polling Location




Handicap Accessable: 
"
MONTCALM COUNTY,PINE TOWNSHIP ,     PRECINCT 1,"Permanent Polling Location
PINE TOWNSHIP HALL
7900 W. SECOND STREET
STANTON MI 48888

Handicap Accessable:
Y
","Temporary Polling Location




Handicap Accessable: 
"
MONTCALM COUNTY,REYNOLDS TOWNSHIP ,     PRECINCT 1,"Permanent Polling Location
REYNOLDS TWP. HALL
1200 S. ENSLEY ST
HOWARD CITY MI 49329

Handicap Accessable:
Y
","Temporary Polling Location




Handicap Accessable: 
"
MONTCALM COUNTY,RICHLAND TOWNSHIP ,     PRECINCT 1,"Permanent Polling Location
RICHLAND TWP. HALL
8755 THIRD STREET
VESTABURG MI 48891

Handicap Accessable:
Y
","Temporary Polling Location




Handicap Accessable: 
"
MONTCALM COUNTY,SIDNEY TOWNSHIP ,     PRECINCT 1,"Permanent Polling Location
SIDNEY TWP. HALL
3019 S. GROW ROAD
SIDNEY MI 48885

Handicap Accessable:
Y
","Temporary Polling Location




Handicap Accessable: 
"
MONTCALM COUNTY,STANTON CITY ,     PRECINCT 1,"Permanent Polling Location
STANTON CITY HALL
225 S. CAMBURN STREET
STANTON MI 48888

Handicap Accessable:
Y
","Temporary Polling Location




Handicap Accessable: 
"
MONTCALM COUNTY,WINFIELD TOWNSHIP ,     PRECINCT 1,"Permanent Polling Location
WINFIELD TOWNSHIP HALL
9429 ELM ST
HOWARD CITY , AMBLE MI 49329

Handicap Accessable:
Y
","Temporary Polling Location




Handicap Accessable: 
"
MONTMORENCY COUNTY,ALBERT TOWNSHIP ,     PRECINCT 1,"Permanent Polling Location
ALBERT TOWNSHIP HALL
4360 HANSEN AVE
LEWISTON MI 49756

Handicap Accessable:
N
","Temporary Polling Location




Handicap Accessable: 
"
MONTMORENCY COUNTY,AVERY TOWNSHIP ,     PRECINCT 1,"Permanent Polling Location
AVERY TOWNSHIP HALL
11010 MCMURPHY RD.
ATLANTA MI 49709

Handicap Accessable:
Y
(M-32 EAST , 3 MILES ,RIGHT TO MCMURPHY RD)","Temporary Polling Location




Handicap Accessable: 
"
MONTMORENCY COUNTY,BRILEY TOWNSHIP ,     PRECINCT 1,"Permanent Polling Location
BRILEY TWP HALL
12423 JEROME STREET
ATLANTA MI 49709

Handicap Accessable:
Y
(CORNER OF WEST AND JEROME)","Temporary Polling Location




Handicap Accessable: 
"
MONTMORENCY COUNTY,HILLMAN TOWNSHIP ,     PRECINCT 1,"Permanent Polling Location
HILLMAN COMM CENTER
24220 VETERANS MEMORIAL HWY
HILLMAN MI 49746

Handicap Accessable:
Y
(M-32 TO VETERANS MEM. HWY, NORTH SIDE 1/4 MILE)","Temporary Polling Location




Handicap Accessable: 
"
MONTMORENCY COUNTY,LOUD TOWNSHIP ,     PRECINCT 1,"Permanent Polling Location
LOUD TWP HALL
3882 M-33
ATLANTA MI 49709

Handicap Accessable:
Y
(ON RIGHT NEAR CORNER OF 612 & M/33 GOING SOUTH)","Temporary Polling Location




Handicap Accessable: 
"
MONTMORENCY COUNTY,MONTMORENCY TOWNSHIP ,     PRECINCT 1,"Permanent Polling Location
MONTMORENCYTWP HALL
20841 N. CO. RD. 459
HILLMAN MI 49746

Handicap Accessable:
Y
(BEFORE PAVEMENT ENDS ON RIGHT SIDE OF 459)","Temporary Polling Location




Handicap Accessable: 
"
MONTMORENCY COUNTY,MONTMORENCY TOWNSHIP ,     PRECINCT 2,"Permanent Polling Location
CANADA CRK RANCH
23500 RANCH HOUSE TRL
ATLANTA MI 49709

Handicap Accessable:
Y
","Temporary Polling Location




Handicap Accessable: 
"
MONTMORENCY COUNTY,RUST TOWNSHIP ,     PRECINCT 1,"Permanent Polling Location
RUST TWP HALL
23390 COHOON RD
HILLMAN MI 49746

Handicap Accessable:
Y
(TAKE 32 WEST TO FARRIER RD TO COHOON, ON CORNER)","Temporary Polling Location




Handicap Accessable: 
"
MONTMORENCY COUNTY,VIENNA TOWNSHIP ,     PRECINCT 1,"Permanent Polling Location
VIENNA TWP HALL
2734 M-32
JOHANNESBURG MI 49751

Handicap Accessable:
Y
(ON RIGHT HAND SIDE OF M-32, APP 1 MI BEFORE VIENNA)","Temporary Polling Location




Handicap Accessable: 
"
MUSKEGON COUNTY,BLUE LAKE TOWNSHIP ,     PRECINCT 1,"Permanent Polling Location
BLUE LAKE TOWNSHIP
1491 OWASIPPE
TWIN LAKE MI 49457

Handicap Accessable:
Y
","Temporary Polling Location




Handicap Accessable: 
"
MUSKEGON COUNTY,CASNOVIA TOWNSHIP ,     PRECINCT 1,"Permanent Polling Location
TOWNSHIP HALL
245 S CANADA RD
CASNOVIA MI 49318

Handicap Accessable:
Y
","Temporary Polling Location




Handicap Accessable: 
"
MUSKEGON COUNTY,CEDAR CREEK TOWNSHIP ,     PRECINCT 1,"Permanent Polling Location
CEDAR CREEK TOWNSHIP
6556 SWEETER RD.
TWIN LAKE MI 49457

Handicap Accessable:
Y
","Temporary Polling Location




Handicap Accessable: 
"
MUSKEGON COUNTY,DALTON TOWNSHIP ,     PRECINCT 1,"Permanent Polling Location
DALTON TWP. FIRE ST.
1650 E. RILEY THOMPSON RD
MUSKEGON MI 49445

Handicap Accessable:
Y
","Temporary Polling Location




Handicap Accessable: 
"
MUSKEGON COUNTY,DALTON TOWNSHIP ,     PRECINCT 2,"Permanent Polling Location
LAKEWOOD VILL. HALL
6681 AUTOMOBILE RD
TWIN LAKE MI 49457

Handicap Accessable:
Y
","Temporary Polling Location




Handicap Accessable: 
"
MUSKEGON COUNTY,DALTON TOWNSHIP ,     PRECINCT 3,"Permanent Polling Location
DALTON TWP. FIRE ST.
1650 E. RILEY THOMPSON RD
MUSKEGON MI 49445

Handicap Accessable:
Y
","Temporary Polling Location




Handicap Accessable: 
"
MUSKEGON COUNTY,EGELSTON TOWNSHIP ,     PRECINCT 1,"Permanent Polling Location
OAKRIDGE COMM. ED.
275 S. WOLF LAKE RD
MUSKEGON MI 49442

Handicap Accessable:
Y
","Temporary Polling Location




Handicap Accessable: 
"
MUSKEGON COUNTY,EGELSTON TOWNSHIP ,     PRECINCT 2,"Permanent Polling Location
VFW HALL, POST 7729
6285 E APPLE AVE
MUSKEGON MI 49442

Handicap Accessable:
Y
","Temporary Polling Location




Handicap Accessable: 
"
MUSKEGON COUNTY,EGELSTON TOWNSHIP ,     PRECINCT 3,"Permanent Polling Location
EGELSTON TOWNSHIP
5428 E APPLE AVE
MUSKEGON MI 49442

Handicap Accessable:
Y
","Temporary Polling Location




Handicap Accessable: 
"
MUSKEGON COUNTY,FRUITLAND TOWNSHIP ,     PRECINCT 1,"Permanent Polling Location
COMMUNITY BUILDING
6227 SOUTH SHORE DR
WHITEHALL MI 49461

Handicap Accessable:
Y
(CORNER OF LAMOS ROAD & SOUTH SHORE DRIVE)","Temporary Polling Location




Handicap Accessable: 
"
MUSKEGON COUNTY,FRUITLAND TOWNSHIP ,     PRECINCT 2,"Permanent Polling Location
TOWNSHIP HALL
4545 NESTROM RD
WHITEHALL MI 49461

Handicap Accessable:
Y
(CROSS STREETS OF RILEY-THOMPSON & DUCK LAKE ROAD)","Temporary Polling Location




Handicap Accessable: 
"
MUSKEGON COUNTY,FRUITPORT TOWNSHIP ,     PRECINCT 1,"Permanent Polling Location
CALVARY CHURCH
213 W OAK ST.
FRUITPORT MI 49415

Handicap Accessable:
Y
","Temporary Polling Location




Handicap Accessable: 
"
MUSKEGON COUNTY,FRUITPORT TOWNSHIP ,     PRECINCT 2,"Permanent Polling Location
PORT CITY CHURCH
3387 HTS. RAVENNA RD
MUSKEGON MI 49444

Handicap Accessable:
Y
","Temporary Polling Location




Handicap Accessable: 
"
MUSKEGON COUNTY,FRUITPORT TOWNSHIP ,     PRECINCT 3,"Permanent Polling Location
GRACE LUTHERAN CHURCH
2651 SHETTLER 
MUSKEGON MI 49444

Handicap Accessable:
Y
","Temporary Polling Location




Handicap Accessable: 
"
MUSKEGON COUNTY,FRUITPORT TOWNSHIP ,     PRECINCT 4,"Permanent Polling Location
TOWNSHIP HALL
5865 AIRLINE ROAD
FRUITPORT MI 49415

Handicap Accessable:
Y
(ON WEST SIDE OF AIRLINE HWY, SOUTH OF MT GARFILED RD)","Temporary Polling Location




Handicap Accessable: 
"
MUSKEGON COUNTY,FRUITPORT TOWNSHIP ,     PRECINCT 5,"Permanent Polling Location
FRUITPORT CHRISTIAN REFORMED CHURCH
3520 E PONTALUNA RD
FRUITPORT MI 49415

Handicap Accessable:
Y
(N SIDE OF PONTALUNA, WEST OF AIRLINE HWY)","Temporary Polling Location




Handicap Accessable: 
"
MUSKEGON COUNTY,HOLTON TOWNSHIP ,     PRECINCT 1,"Permanent Polling Location
HOLTON TWP. HALL
6511 HOLTON-WHITEHALL RD
HOLTON MI 49425

Handicap Accessable:
Y
","Temporary Polling Location




Handicap Accessable: 
"
MUSKEGON COUNTY,LAKETON TOWNSHIP ,     PRECINCT 1,"Permanent Polling Location
LAKETON BETHEL CHURCH PCT #1
1568 W. GILES RD.
MUSKEGON MI 49445

Handicap Accessable:
Y
","Temporary Polling Location




Handicap Accessable: 
"
MUSKEGON COUNTY,LAKETON TOWNSHIP ,     PRECINCT 2,"Permanent Polling Location
LAKETON TWP HALL
2735 W GILES RD
MUSKEGON MI 49445

Handicap Accessable:
Y
","Temporary Polling Location




Handicap Accessable: 
"
MUSKEGON COUNTY,MONTAGUE CITY ,     PRECINCT 1,"Permanent Polling Location
CITY HALL
8778 FERRY
MONTAGUE MI 49437

Handicap Accessable:
Y
","Temporary Polling Location




Handicap Accessable: 
"
MUSKEGON COUNTY,MONTAGUE TOWNSHIP ,     PRECINCT 1,"Permanent Polling Location
TOWNSHIP HALL
8915 WHITBECK RD
MONTAGUE MI 49437

Handicap Accessable:
Y
","Temporary Polling Location




Handicap Accessable: 
"
MUSKEGON COUNTY,MOORLAND TOWNSHIP ,     PRECINCT 1,"Permanent Polling Location
TOWNSHIP HALL
12416 APPLE AVE
RAVENNA MI 49451

Handicap Accessable:
Y
","Temporary Polling Location




Handicap Accessable: 
"
MUSKEGON COUNTY,MUSKEGON CITY ,     PRECINCT 1-1,"Permanent Polling Location
CENTRAL ASSEMBLY OF GOD- LIFE CENTER
896 HOME STREET
MUSKEGON MI 49442

Handicap Accessable:
Y
","Temporary Polling Location




Handicap Accessable: 
"
MUSKEGON COUNTY,MUSKEGON CITY ,     PRECINCT 1-2,"Permanent Polling Location
CENTRAL ASSEMBLY OF GOD- LIFE CENTER
896 HOME STREET
MUSKEGON MI 49442

Handicap Accessable:
Y
","Temporary Polling Location




Handicap Accessable: 
"
MUSKEGON COUNTY,MUSKEGON CITY ,     PRECINCT 2-3,"Permanent Polling Location
SMITH RYERSON
650 WOOD
MUSKEGON MI 49442

Handicap Accessable:
Y
","Temporary Polling Location




Handicap Accessable: 
"
MUSKEGON COUNTY,MUSKEGON CITY ,     PRECINCT 2-4,"Permanent Polling Location
CITY HALL-MUSKEGON
933 TERRACE ST
MUSKEGON MI 49440

Handicap Accessable:
Y
","Temporary Polling Location




Handicap Accessable: 
"
MUSKEGON COUNTY,MUSKEGON CITY ,     PRECINCT 3-5,"Permanent Polling Location
FIRST WESLEYAN CHURCH OF MUSKEGON
1040 E FOREST
MUSKEGON MI 49442

Handicap Accessable:
Y
","Temporary Polling Location




Handicap Accessable: 
"
MUSKEGON COUNTY,MUSKEGON CITY ,     PRECINCT 3-6,"Permanent Polling Location
MUSKEGON HIGH SCHOOL
80 W SOUTHERN AVE
MUSKEGON MI 49441

Handicap Accessable:
Y
","Temporary Polling Location




Handicap Accessable: 
"
MUSKEGON COUNTY,MUSKEGON CITY ,     PRECINCT 3-7,"Permanent Polling Location
MUSKEGON FARMERS MARKET
242 W. WESTERN
MUSKEGON MI 49440

Handicap Accessable:
Y
(THE FORMER YMCA)","Temporary Polling Location




Handicap Accessable: 
"
MUSKEGON COUNTY,MUSKEGON CITY ,     PRECINCT 4-8,"Permanent Polling Location
CELEBRATION COMMUNITY CHURCH
1260 W SHERMAN
MUSKEGON MI 49441

Handicap Accessable:
Y
","Temporary Polling Location




Handicap Accessable: 
"
MUSKEGON COUNTY,MUSKEGON CITY ,     PRECINCT 4-9,"Permanent Polling Location
GREAT LAKES MUSEUM
1346 BLUFF ST
MUSKEGON MI 49441

Handicap Accessable:
Y
","Temporary Polling Location




Handicap Accessable: 
"
MUSKEGON COUNTY,MUSKEGON HEIGHTS CITY ,     PRECINCT 1,"Permanent Polling Location
HOPE LIGHTHOUSE
2640 PECK STREET
MUSKEGON MI 49444

Handicap Accessable:
Y
","Temporary Polling Location




Handicap Accessable: 
"
MUSKEGON COUNTY,MUSKEGON HEIGHTS CITY ,     PRECINCT 2,"Permanent Polling Location
W L BURREL MULIPLEX
412 E. SHERMAN BLVD
MUSKEGON MI 49444

Handicap Accessable:
Y
","Temporary Polling Location




Handicap Accessable: 
"
MUSKEGON COUNTY,MUSKEGON HEIGHTS CITY ,     PRECINCT 3,"Permanent Polling Location
MUSK HTS CITY HALL
2724 PECK STREET
MUSKEGON MI 49444

Handicap Accessable:
Y
","Temporary Polling Location




Handicap Accessable: 
"
MUSKEGON COUNTY,MUSKEGON HEIGHTS CITY ,     PRECINCT 4,"Permanent Polling Location
W L BURREL MULTIPLEX
412 E. SHERMAN BLVD.
MUSKEGON MI 49444

Handicap Accessable:
Y
","Temporary Polling Location




Handicap Accessable: 
"
MUSKEGON COUNTY,MUSKEGON TOWNSHIP ,     PRECINCT 1,"Permanent Polling Location
TOWNSHIP HALL
1990 E APPLE AVE
MUSKEGON MI 49442

Handicap Accessable:
Y
(CORNER OF QUARTERLINE AND APPLE)","Temporary Polling Location




Handicap Accessable: 
"
MUSKEGON COUNTY,MUSKEGON TOWNSHIP ,     PRECINCT 2,"Permanent Polling Location
DISCOVERING CHRIST CHURCH
2330 HOLTON RD
MUSKEGON MI 49445

Handicap Accessable:
Y
","Temporary Polling Location




Handicap Accessable: 
"
MUSKEGON COUNTY,MUSKEGON TOWNSHIP ,     PRECINCT 3,"Permanent Polling Location
FIRST BAPTIST CHURCH
1070 S QUARTERLINE RD
MUSKEGON MI 49442

Handicap Accessable:
N
(JUST SOUTH OF APPLE AVENUE BEHIND ANIMAL CLINIC)","Temporary Polling Location




Handicap Accessable: 
"
MUSKEGON COUNTY,MUSKEGON TOWNSHIP ,     PRECINCT 4,"Permanent Polling Location
FIRST BAPTIST CHURCH
1070 S QUARTERLINE RD
MUSKEGON MI 49442

Handicap Accessable:
N
(JUST SOUTH OF APPLE AVENUE BEHIND ANIMAL CLINIC)","Temporary Polling Location




Handicap Accessable: 
"
MUSKEGON COUNTY,NORTH MUSKEGON CITY ,     PRECINCT 1,"Permanent Polling Location
WALKER COMM. CENTER
409 STEWART ST.
MUSKEGON MI 49445

Handicap Accessable:
Y
(RUDDIMAN DR. TO FOWLER TO MILLS TO STEWART ST.)","Temporary Polling Location




Handicap Accessable: 
"
MUSKEGON COUNTY,NORTON SHORES CITY ,     PRECINCT 1,"Permanent Polling Location
SHORES COMMUNITY CHURCH
3800 LAKE HARBOR ROAD
NORTON SHORES MI 49441

Handicap Accessable:
Y
","Temporary Polling Location




Handicap Accessable: 
"
MUSKEGON COUNTY,NORTON SHORES CITY ,     PRECINCT 2,"Permanent Polling Location
NORTON SHORES LIBRARY
705 SEMINOLE ROAD
MUSKEGON MI 49441

Handicap Accessable:
Y
","Temporary Polling Location




Handicap Accessable: 
"
MUSKEGON COUNTY,NORTON SHORES CITY ,     PRECINCT 3,"Permanent Polling Location
COMMUNITY HOUSE
4095 GRAND HAVEN ROAD
NORTON SHORES MI 49441

Handicap Accessable:
Y
","Temporary Polling Location




Handicap Accessable: 
"
MUSKEGON COUNTY,NORTON SHORES CITY ,     PRECINCT 4,"Permanent Polling Location
NORTON SHORES PARKS/REC GARAGE
4814 HENRY STREET
MUSKEGON MI 49441

Handicap Accessable:
Y
","Temporary Polling Location




Handicap Accessable: 
"
MUSKEGON COUNTY,NORTON SHORES CITY ,     PRECINCT 5,"Permanent Polling Location
FIRE STATION NO. 3
1100 E PONTALUNA ROAD
SPRING LAKE MI 49456

Handicap Accessable:
Y
","Temporary Polling Location




Handicap Accessable: 
"
MUSKEGON COUNTY,NORTON SHORES CITY ,     PRECINCT 6,"Permanent Polling Location
UNITY REFORMED CHURC
1521 PORTER ROAD
MUSKEGON MI 49441

Handicap Accessable:
Y
","Temporary Polling Location




Handicap Accessable: 
"
MUSKEGON COUNTY,RAVENNA TOWNSHIP ,     PRECINCT 1,"Permanent Polling Location
RAVENNA TWP. HALL
3770 BLACKMER RD.
RAVENNA MI 49451

Handicap Accessable:
Y
","Temporary Polling Location




Handicap Accessable: 
"
MUSKEGON COUNTY,ROOSEVELT PARK CITY ,     PRECINCT 1,"Permanent Polling Location
COMMUNITY BUILDING
3106 ROOSEVELT
MUSKEGON MI 49441

Handicap Accessable:
Y
(CORNER OF ROOSEVELT AND GLENSIDE)","Temporary Polling Location




Handicap Accessable: 
"
MUSKEGON COUNTY,SULLIVAN TOWNSHIP ,     PRECINCT 1,"Permanent Polling Location
SULLIVAN TWP HALL
8138 HEIGHTS-RAVENNA
RAVENNA MI 49451

Handicap Accessable:
Y
","Temporary Polling Location




Handicap Accessable: 
"
MUSKEGON COUNTY,WHITE RIVER TOWNSHIP ,     PRECINCT 1,"Permanent Polling Location
TOWNSHIP HALL
7386 POST ROAD
MONTAGUE MI 49437

Handicap Accessable:
Y
","Temporary Polling Location




Handicap Accessable: 
"
MUSKEGON COUNTY,WHITEHALL CITY ,     PRECINCT 1,"Permanent Polling Location
CITY HALL
405 E. COLBY ST
WHITEHALL MI 49461

Handicap Accessable:
Y
","Temporary Polling Location




Handicap Accessable: 
"
MUSKEGON COUNTY,WHITEHALL TOWNSHIP ,     PRECINCT 1,"Permanent Polling Location
TOWNSHIP HALL
7644 DURHAM
WHITEHALL MI 49461

Handicap Accessable:
Y
","Temporary Polling Location




Handicap Accessable: 
"
NEWAYGO COUNTY,ASHLAND TOWNSHIP ,     PRECINCT 1,"Permanent Polling Location
TOWNSHIP HALL
2019 W 120TH ST
GRANT MI 49327

Handicap Accessable:
Y
","Temporary Polling Location




Handicap Accessable: 
"
NEWAYGO COUNTY,BARTON TOWNSHIP ,     PRECINCT 1,"Permanent Polling Location
BARTON PARK BUILDING
7860 E 17 MILE RD
REED CITY MI 49677

Handicap Accessable:
Y
","Temporary Polling Location




Handicap Accessable: 
"
NEWAYGO COUNTY,BEAVER TOWNSHIP ,     PRECINCT 1,"Permanent Polling Location
TOWNSHIP HALL
7991 N DICKINSON AVE
BITELY MI 49309

Handicap Accessable:
Y
","Temporary Polling Location




Handicap Accessable: 
"
NEWAYGO COUNTY,BIG PRAIRIE TOWNSHIP ,     PRECINCT 1,"Permanent Polling Location
BIG PRAIRIE TWP HALL
2815 S ELM
WHITE CLOUD MI 49349

Handicap Accessable:
Y
(NEWAYGO SCHOOLS)","Temporary Polling Location




Handicap Accessable: 
"
NEWAYGO COUNTY,BRIDGETON TOWNSHIP ,     PRECINCT 1,"Permanent Polling Location
BRIDGETON TWP HALL
11830 S WARNER AVE
GRANT MI 49327

Handicap Accessable:
Y
(FREMONT SCHOOLS)","Temporary Polling Location




Handicap Accessable: 
"
NEWAYGO COUNTY,BROOKS TOWNSHIP ,     PRECINCT 1,"Permanent Polling Location
TOWNSHIP HALL
490 QUARTERLINE RD
NEWAYGO MI 49337

Handicap Accessable:
Y
","Temporary Polling Location




Handicap Accessable: 
"
NEWAYGO COUNTY,CROTON TOWNSHIP ,     PRECINCT 1,"Permanent Polling Location
CROTON FIRE STATION
6431 S ELM AVE
NEWAYGO MI 49337

Handicap Accessable:
Y
","Temporary Polling Location




Handicap Accessable: 
"
NEWAYGO COUNTY,DAYTON TOWNSHIP ,     PRECINCT 1,"Permanent Polling Location
TOWNSHIP HALL
3215 S STONE RD
FREMONT MI 49412

Handicap Accessable:
Y
","Temporary Polling Location




Handicap Accessable: 
"
NEWAYGO COUNTY,DENVER TOWNSHIP ,     PRECINCT 1,"Permanent Polling Location
DENVER TOWNSHIP HALL
130 W ADAMS RD
HESPERIA MI 49421

Handicap Accessable:
Y
","Temporary Polling Location




Handicap Accessable: 
"
NEWAYGO COUNTY,ENSLEY TOWNSHIP ,     PRECINCT 1,"Permanent Polling Location
ENSLEY TOWNSHIP HALL
7163 E 120TH STREET
SAND LAKE MI 49343

Handicap Accessable:
Y
","Temporary Polling Location




Handicap Accessable: 
"
NEWAYGO COUNTY,EVERETT TOWNSHIP ,     PRECINCT 1,"Permanent Polling Location
TOWNSHIP HALL
1516 E 8TH ST
WHITE CLOUD MI 49349

Handicap Accessable:
Y
","Temporary Polling Location




Handicap Accessable: 
"
NEWAYGO COUNTY,FREMONT CITY ,     PRECINCT 1,"Permanent Polling Location
CITYHALL COUNCILROOM
101 E MAIN ST
FREMONT MI 49412

Handicap Accessable:
Y
(CITY COUNCIL CHAMBERS)","Temporary Polling Location




Handicap Accessable: 
"
NEWAYGO COUNTY,FREMONT CITY ,     PRECINCT 2,"Permanent Polling Location
CITY HALL COURTROOM
101 E MAIN ST
FREMONT MI 49412

Handicap Accessable:
Y
","Temporary Polling Location




Handicap Accessable: 
"
NEWAYGO COUNTY,GARFIELD TOWNSHIP ,     PRECINCT 1,"Permanent Polling Location
GARFIELD TWP HALL
7190 S BINGHAM AVE
NEWAYGO MI 49337

Handicap Accessable:
Y
(NEWAYGO SCHOOLS)","Temporary Polling Location




Handicap Accessable: 
"
NEWAYGO COUNTY,GOODWELL TOWNSHIP ,     PRECINCT 1,"Permanent Polling Location
TOWNSHIP HALL
2465 N CYPRESS AVE
WHITE CLOUD MI 49349

Handicap Accessable:
Y
","Temporary Polling Location




Handicap Accessable: 
"
NEWAYGO COUNTY,GRANT CITY ,     PRECINCT 1,"Permanent Polling Location
GRANT CITY HALL
280 S MAPLE ST
GRANT MI 49327

Handicap Accessable:
Y
","Temporary Polling Location




Handicap Accessable: 
"
NEWAYGO COUNTY,GRANT TOWNSHIP ,     PRECINCT 1,"Permanent Polling Location
TOWNSHIP HALL
1617 E 120TH ST
GRANT MI 49327

Handicap Accessable:
Y
","Temporary Polling Location




Handicap Accessable: 
"
NEWAYGO COUNTY,HOME TOWNSHIP ,     PRECINCT 1,"Permanent Polling Location
HOME TWP HALL
11253 N WALNUT AVE
BITELY MI 49309

Handicap Accessable:
Y
(BIG JACKSON SCHOOL)","Temporary Polling Location




Handicap Accessable: 
"
NEWAYGO COUNTY,LILLEY TOWNSHIP ,     PRECINCT 1,"Permanent Polling Location
LILLEY TWP HALL
10767 N. PROSPECT AVE
BITELY MI 49309

Handicap Accessable:
Y
","Temporary Polling Location




Handicap Accessable: 
"
NEWAYGO COUNTY,LINCOLN TOWNSHIP ,     PRECINCT 1,"Permanent Polling Location
LINCOLN TWP HALL
1988 N WISNER AVE
WHITE CLOUD MI 49349

Handicap Accessable:
Y
(WHITE CLOUD SCHOOLS)","Temporary Polling Location




Handicap Accessable: 
"
NEWAYGO COUNTY,MERRILL TOWNSHIP ,     PRECINCT 1,"Permanent Polling Location
TOWNSHIP HALL
1585 W 11 MILE RD
BITELY MI 49309

Handicap Accessable:
Y
","Temporary Polling Location




Handicap Accessable: 
"
NEWAYGO COUNTY,MONROE TOWNSHIP ,     PRECINCT 1,"Permanent Polling Location
TOWNSHIP HALL
4141 E FILLMORE AVE
WHITE CLOUD MI 49349

Handicap Accessable:
Y
","Temporary Polling Location




Handicap Accessable: 
"
NEWAYGO COUNTY,NEWAYGO CITY ,     PRECINCT 1,"Permanent Polling Location
NEWAYGO CITY OFFICES
28 STATE RD
NEWAYGO MI 49337

Handicap Accessable:
Y
","Temporary Polling Location




Handicap Accessable: 
"
NEWAYGO COUNTY,NORWICH TOWNSHIP ,     PRECINCT 1,"Permanent Polling Location
TOWNSHIP HALL
7213 N CYPRESS AVE
BIG RAPIDS MI 49307

Handicap Accessable:
Y
","Temporary Polling Location




Handicap Accessable: 
"
NEWAYGO COUNTY,SHERIDAN CHARTER TOWNSHIP ,     PRECINCT 1,"Permanent Polling Location
SHERIDAN CHARTER TWP
6360 S TOWNSHIP PKWY
FREMONT MI 49412

Handicap Accessable:
Y
","Temporary Polling Location




Handicap Accessable: 
"
NEWAYGO COUNTY,SHERMAN TOWNSHIP ,     PRECINCT 1,"Permanent Polling Location
SHERMAN TWP HALL
2168 S. WISNER AVE
FREMONT MI 49412

Handicap Accessable:
Y
","Temporary Polling Location




Handicap Accessable: 
"
NEWAYGO COUNTY,TROY TOWNSHIP ,     PRECINCT 1,"Permanent Polling Location
TOWNSHIP HALL
10350 N DICKINSON AVE
WALKERVILLE MI 49459

Handicap Accessable:
Y
","Temporary Polling Location




Handicap Accessable: 
"
NEWAYGO COUNTY,WHITE CLOUD CITY ,     PRECINCT 1,"Permanent Polling Location
W/C CITY HALL
12 N CHARLES ST
WHITE CLOUD MI 49349

Handicap Accessable:
Y
(WHITE CLOUD SCHOOLS)","Temporary Polling Location




Handicap Accessable: 
"
NEWAYGO COUNTY,WILCOX TOWNSHIP ,     PRECINCT 1,"Permanent Polling Location
TOWNSHIP HALL
1795 N EVERGREEN DR
WHITE CLOUD MI 49349

Handicap Accessable:
Y
","Temporary Polling Location




Handicap Accessable: 
"
OAKLAND COUNTY,ADDISON TOWNSHIP ,     PRECINCT 1,"Permanent Polling Location
ROWLAND HALL
23 E ELMWOOD ST
LEONARD MI 48367

Handicap Accessable:
Y
","Temporary Polling Location




Handicap Accessable: 
"
OAKLAND COUNTY,ADDISON TOWNSHIP ,     PRECINCT 2,"Permanent Polling Location
ADDISON TWP COMPLEX
1440 ROCHESTER RD
LEONARD MI 48367

Handicap Accessable:
Y
(LAKEVILLE)","Temporary Polling Location




Handicap Accessable: 
"
OAKLAND COUNTY,ADDISON TOWNSHIP ,     PRECINCT 3,"Permanent Polling Location
FIRE STATION #1
4026 FOREST ST
LEONARD MI 48367

Handicap Accessable:
Y
","Temporary Polling Location




Handicap Accessable: 
"
OAKLAND COUNTY,AUBURN HILLS CITY ,     PRECINCT 1,"Permanent Polling Location
LIBERTY BAPTIST CHUR
3545 JOSLYN
AUBURN HILLS MI 48326

Handicap Accessable:
Y
","Temporary Polling Location




Handicap Accessable: 
"
OAKLAND COUNTY,AUBURN HILLS CITY ,     PRECINCT 2,"Permanent Polling Location
APOSTOLIC CHURCH
3655 N. SQUIRREL ROAD
AUBURN HILLS MI 48326

Handicap Accessable:
Y
(SQUIRREL NORTH, PAST TIENKEN, CHURCH IS ON LT SIDE)","Temporary Polling Location




Handicap Accessable: 
"
OAKLAND COUNTY,AUBURN HILLS CITY ,     PRECINCT 3,"Permanent Polling Location
COMMUNITY CENTER
3350 E. SEYBURN DR
AUBURN HILLS MI 48326

Handicap Accessable:
Y
","Temporary Polling Location




Handicap Accessable: 
"
OAKLAND COUNTY,AUBURN HILLS CITY ,     PRECINCT 4,"Permanent Polling Location
COMMUNITY CENTER
3350 E. SEYBURN DR
AUBURN HILLS MI 48326

Handicap Accessable:
Y
","Temporary Polling Location




Handicap Accessable: 
"
OAKLAND COUNTY,AUBURN HILLS CITY ,     PRECINCT 5,"Permanent Polling Location
AVONDALE HIGH SCHOOL
2800 WAUKEGAN
AUBURN HILLS MI 48326

Handicap Accessable:
Y
","Temporary Polling Location




Handicap Accessable: 
"
OAKLAND COUNTY,AUBURN HILLS CITY ,     PRECINCT 6,"Permanent Polling Location
AVONDALE HIGH SCHOOL
2800 WAUKEGAN
AUBURN HILLS MI 48326

Handicap Accessable:
Y
","Temporary Polling Location




Handicap Accessable: 
"
OAKLAND COUNTY,AUBURN HILLS CITY ,     PRECINCT 7,"Permanent Polling Location
GRANT GRAHAM ELEM.
2450 OLD SALEM
AUBURN HILLS MI 48326

Handicap Accessable:
Y
","Temporary Polling Location




Handicap Accessable: 
"
OAKLAND COUNTY,BERKLEY CITY ,     PRECINCT 1,"Permanent Polling Location
ROGERS SCHOOL
2265 HAMILTON
BERKLEY MI 48072

Handicap Accessable:
Y
","Temporary Polling Location




Handicap Accessable: 
"
OAKLAND COUNTY,BERKLEY CITY ,     PRECINCT 2,"Permanent Polling Location
BERKLEY HIGH SCHOOL
2325 CATALPA
BERKLEY MI 48072

Handicap Accessable:
Y
","Temporary Polling Location




Handicap Accessable: 
"
OAKLAND COUNTY,BERKLEY CITY ,     PRECINCT 3,"Permanent Polling Location
COMMUNITY CENTER
2400 ROBINA
BERKLEY MI 48072

Handicap Accessable:
Y
","Temporary Polling Location




Handicap Accessable: 
"
OAKLAND COUNTY,BERKLEY CITY ,     PRECINCT 4,"Permanent Polling Location
PATTENGILL SCHOOL
3540 MORRISON
BERKLEY MI 48072

Handicap Accessable:
N
","Temporary Polling Location




Handicap Accessable: 
"
OAKLAND COUNTY,BIRMINGHAM CITY ,     PRECINCT 1,"Permanent Polling Location
BALDWIN PUBLIC LIBRARY
300 W MERRILL
BIRMINGHAM MI 48009

Handicap Accessable:
Y
","Temporary Polling Location




Handicap Accessable: 
"
OAKLAND COUNTY,BIRMINGHAM CITY ,     PRECINCT 2,"Permanent Polling Location
DERBY MIDDLE SCHOOL
1300 DERBY
BIRMINGHAM MI 48009

Handicap Accessable:
Y
","Temporary Polling Location




Handicap Accessable: 
"
OAKLAND COUNTY,BIRMINGHAM CITY ,     PRECINCT 3,"Permanent Polling Location
NEXT-MIDVALE SCHOOL
2121 MIDVALE
BIRMINGHAM MI 48009

Handicap Accessable:
Y
","Temporary Polling Location




Handicap Accessable: 
"
OAKLAND COUNTY,BIRMINGHAM CITY ,     PRECINCT 4,"Permanent Polling Location
PIERCE SCHOOL
1829 PIERCE
BIRMINGHAM MI 48009

Handicap Accessable:
Y
","Temporary Polling Location




Handicap Accessable: 
"
OAKLAND COUNTY,BIRMINGHAM CITY ,     PRECINCT 5,"Permanent Polling Location
ADAMS FIRE STATION
572 S ADAMS
BIRMINGHAM MI 48009

Handicap Accessable:
Y
","Temporary Polling Location




Handicap Accessable: 
"
OAKLAND COUNTY,BLOOMFIELD HILLS CITY ,     PRECINCT 1,"Permanent Polling Location
CITY HALL FIRE STATION
45 E LONG LAKE RD
BLOOMFIELD HILLS MI 48304

Handicap Accessable:
Y
(EAST OF WOODWARD, NORTH SIDE OF LONG LAKE)","Temporary Polling Location




Handicap Accessable: 
"
OAKLAND COUNTY,BLOOMFIELD HILLS CITY ,     PRECINCT 2,"Permanent Polling Location




Handicap Accessable:

","Temporary Polling Location
KINGSLEY HOTEL - BANQUET CENTER
39475 WOODWARD AVENUE - MEETING ROOM BLOOMFIELD I & II 
BLOOMFIELD HILLS  MI 48304

Handicap Accessable: Y
"
OAKLAND COUNTY,BLOOMFIELD TOWNSHIP ,     PRECINCT 1,"Permanent Polling Location
ST. GEORGE GREEK ORTHODOX CHURCH
43816 WOODWARD AVE
BLOOMFIELD TOWNSHIP MI 48302

Handicap Accessable:
Y
","Temporary Polling Location




Handicap Accessable: 
"
OAKLAND COUNTY,BLOOMFIELD TOWNSHIP ,     PRECINCT 2,"Permanent Polling Location
ST. GEORGE GREEK ORTHODOX CHURCH
43816 WOODWARD AVE
BLOOMFIELD TOWNSHIP MI 48302

Handicap Accessable:
Y
","Temporary Polling Location




Handicap Accessable: 
"
OAKLAND COUNTY,BLOOMFIELD TOWNSHIP ,     PRECINCT 3,"Permanent Polling Location
EASTOVER ELEMENTARY
2800 KENSINGTON RD
BLOOMFIELD HILLS MI 48304

Handicap Accessable:
Y
(BET KENSINGTON & SQ LAKE RDS)","Temporary Polling Location




Handicap Accessable: 
"
OAKLAND COUNTY,BLOOMFIELD TOWNSHIP ,     PRECINCT 4,"Permanent Polling Location
BOWERS FARM ACTIVITY BUILDING
1229 E SQUARE LAKE RD
BLOOMFIELD HILLS MI 48304

Handicap Accessable:
Y
","Temporary Polling Location




Handicap Accessable: 
"
OAKLAND COUNTY,BLOOMFIELD TOWNSHIP ,     PRECINCT 5,"Permanent Polling Location
CROSS OF CHRIST
1100 LONE PINE RD
BLOOMFIELD HILLS MI 48302

Handicap Accessable:
Y
","Temporary Polling Location




Handicap Accessable: 
"
OAKLAND COUNTY,BLOOMFIELD TOWNSHIP ,     PRECINCT 6,"Permanent Polling Location
EASTOVER ELEMENTARY
2800 KENSINGTON RD
BLOOMFIELD HILLS MI 48304

Handicap Accessable:
Y
(BET KENSINGTON & SQ LAKE RDS)","Temporary Polling Location




Handicap Accessable: 
"
OAKLAND COUNTY,BLOOMFIELD TOWNSHIP ,     PRECINCT 7,"Permanent Polling Location
BLOOMFIELD TOWNSHIP HALL
4200 TELEGRAPH RD
BLOOMFIELD HILLS MI 48302

Handicap Accessable:
Y
","Temporary Polling Location




Handicap Accessable: 
"
OAKLAND COUNTY,BLOOMFIELD TOWNSHIP ,     PRECINCT 8,"Permanent Polling Location
W MAPLE ELEM SCHOOL
6275 INKSTER RD
BLOOMFIELD HILLS MI 48301

Handicap Accessable:
Y
(BET QUARTON & MAPLE RDS)","Temporary Polling Location




Handicap Accessable: 
"
OAKLAND COUNTY,BLOOMFIELD TOWNSHIP ,     PRECINCT 9,"Permanent Polling Location
BOOTH CENTER
7273 WING LAKE RD
BLOOMFIELD HILLS MI 48301

Handicap Accessable:
Y
(BET 14 & 15 MILE RDS)","Temporary Polling Location




Handicap Accessable: 
"
OAKLAND COUNTY,BLOOMFIELD TOWNSHIP ,     PRECINCT 10,"Permanent Polling Location
BLOOMFIELD TOWNSHIP PUBLIC LIBRARY
1099 LONE PINE RD
BLOOMFIELD HILLS MI 48302

Handicap Accessable:
Y
","Temporary Polling Location




Handicap Accessable: 
"
OAKLAND COUNTY,BLOOMFIELD TOWNSHIP ,     PRECINCT 11,"Permanent Polling Location
MARIAN HIGH SCHOOL
7225 LAHSER RD
BLOOMFIELD HILLS MI 48301

Handicap Accessable:
Y
(BET LINCOLN & 14 MILE RDS)","Temporary Polling Location




Handicap Accessable: 
"
OAKLAND COUNTY,BLOOMFIELD TOWNSHIP ,     PRECINCT 12,"Permanent Polling Location
HARLAN ELEM
3595 N ADAMS
BLOOMFIELD HILLS MI 48304

Handicap Accessable:
Y
","Temporary Polling Location




Handicap Accessable: 
"
OAKLAND COUNTY,BRANDON TOWNSHIP ,     PRECINCT 1,"Permanent Polling Location
BRANDON HIGH SCHOOL
1025 S. ORTONVILLE RD.
ORTONVILLE MI 48462

Handicap Accessable:
Y
(EAST OFF M-15 BETWEEN GRANGER RD & ELIZABETH ST.)","Temporary Polling Location




Handicap Accessable: 
"
OAKLAND COUNTY,BRANDON TOWNSHIP ,     PRECINCT 2,"Permanent Polling Location
BRANDON HIGH SCHOOL
1025 S. ORTONVILLE RD.
ORTONVILLE MI 48462

Handicap Accessable:
Y
(EAST OFF M-15 BETWEEN GRANGER RD & ELIZABETH ST.)","Temporary Polling Location




Handicap Accessable: 
"
OAKLAND COUNTY,BRANDON TOWNSHIP ,     PRECINCT 3,"Permanent Polling Location
OAKWOOD ELEMENTARY
2839 OAKWOOD RD.
ORTONVILLE MI 48462

Handicap Accessable:
Y
(BETWEEN HADLEY & SASHABAW ACROSS FROM WOJOS )","Temporary Polling Location




Handicap Accessable: 
"
OAKLAND COUNTY,BRANDON TOWNSHIP ,     PRECINCT 4,"Permanent Polling Location
LIVING WATER CHURCH AT SEYMOUR LAKE
3050 S SASHABAW ROAD
OXFORD MI 48371

Handicap Accessable:
Y
(SOUTH OF SEYMOUR LAKE RD)","Temporary Polling Location




Handicap Accessable: 
"
OAKLAND COUNTY,BRANDON TOWNSHIP ,     PRECINCT 5,"Permanent Polling Location
CLARKSTON LAKES MHC
4260 DOGWOOD BLVD
CLARKSTON MI 48348

Handicap Accessable:
Y
","Temporary Polling Location




Handicap Accessable: 
"
OAKLAND COUNTY,BRANDON TOWNSHIP ,     PRECINCT 6,"Permanent Polling Location
EDNA BURTON SENIOR CENTER
345 BALL ST.
ORTONVILLE MI 48462

Handicap Accessable:
Y
(CORNER OF BALL ST. & CEDAR ST.)","Temporary Polling Location




Handicap Accessable: 
"
OAKLAND COUNTY,CLAWSON CITY ,     PRECINCT 1,"Permanent Polling Location
CLAWSON EARLY CHILDHOOD CENTER
313 REDRUTH AVE
CLAWSON MI 48017

Handicap Accessable:
Y
","Temporary Polling Location




Handicap Accessable: 
"
OAKLAND COUNTY,CLAWSON CITY ,     PRECINCT 2,"Permanent Polling Location
CITY HALL COMMUNITY CENTER
425 N. MAIN ST
CLAWSON MI 48017

Handicap Accessable:
Y
(2 BLKS N OF 14 MILE ON THE W SIDE OF STREET)","Temporary Polling Location




Handicap Accessable: 
"
OAKLAND COUNTY,CLAWSON CITY ,     PRECINCT 3,"Permanent Polling Location
CLAWSON ELEMENTARY SCHOOL
101 PHILLIPS AVE
CLAWSON MI 48017

Handicap Accessable:
Y
","Temporary Polling Location




Handicap Accessable: 
"
OAKLAND COUNTY,CLAWSON CITY ,     PRECINCT 4,"Permanent Polling Location
GRACE APOSTOLIC CHURCH
700 E. ELMWOOD AVE
CLAWSON MI 48017

Handicap Accessable:
Y
","Temporary Polling Location




Handicap Accessable: 
"
OAKLAND COUNTY,COMMERCE TOWNSHIP ,     PRECINCT 1,"Permanent Polling Location
COMMERCE ELEMENTARY
520 FARR
COMMERCE TOWNSHIP MI 48382

Handicap Accessable:
Y
","Temporary Polling Location




Handicap Accessable: 
"
OAKLAND COUNTY,COMMERCE TOWNSHIP ,     PRECINCT 2,"Permanent Polling Location
WOLVERINE LK VILLAGE
425 GLENGARY
WALLED LAKE MI 48390

Handicap Accessable:
Y
(GLENGARY RD WEST OF S COMMERCE RD)","Temporary Polling Location




Handicap Accessable: 
"
OAKLAND COUNTY,COMMERCE TOWNSHIP ,     PRECINCT 3,"Permanent Polling Location
CROSSROADS CHURCH
1445 WELCH ROAD
WALLED LAKE MI 48390

Handicap Accessable:
Y
(WELCH RD SOUTH OF PONTIAC TRAIL)","Temporary Polling Location




Handicap Accessable: 
"
OAKLAND COUNTY,COMMERCE TOWNSHIP ,     PRECINCT 4,"Permanent Polling Location
UNION LK BAPTIST CHU
8390 COMMERCE RD
COMMERCE TOWNSHIP MI 48382

Handicap Accessable:
Y
(COMMERCE RD WEST OF UNION LAKE RD)","Temporary Polling Location




Handicap Accessable: 
"
OAKLAND COUNTY,COMMERCE TOWNSHIP ,     PRECINCT 5,"Permanent Polling Location
OAKLEY PARK ELEM
2015 OAKLEY PARK RD
WALLED LAKE MI 48390

Handicap Accessable:
Y
(OAKLEY PARK RD WEST OF WELCH RD)","Temporary Polling Location




Handicap Accessable: 
"
OAKLAND COUNTY,COMMERCE TOWNSHIP ,     PRECINCT 6,"Permanent Polling Location
CH SMART MIDDLE
8500 COMMERCE RD
COMMERCE TOWNSHIP MI 48382

Handicap Accessable:
Y
(COMMERCE RD WEST OF UNION LK RD)","Temporary Polling Location




Handicap Accessable: 
"
OAKLAND COUNTY,COMMERCE TOWNSHIP ,     PRECINCT 7,"Permanent Polling Location
COUNTRY OAKS SCHOOL
5070 S DUCK LK RD
COMMERCE TOWNSHIP MI 48382

Handicap Accessable:
Y
(DUCK LK RD SOUTH OF COMMERCE RD)","Temporary Polling Location




Handicap Accessable: 
"
OAKLAND COUNTY,COMMERCE TOWNSHIP ,     PRECINCT 8,"Permanent Polling Location
OAKVALLEY MIDDLE SCH
4200 WHITE OAK TRAIL
COMMERCE TOWNSHIP MI 48382

Handicap Accessable:
Y
(DUCK LAKE ROAD SOUTH OF COMMERCE RD)","Temporary Polling Location




Handicap Accessable: 
"
OAKLAND COUNTY,COMMERCE TOWNSHIP ,     PRECINCT 9,"Permanent Polling Location
WL NORTHERN
6000 BOGIE LAKE ROAD
COMMERCE TOWNSHIP MI 48382

Handicap Accessable:
Y
(NORTH ON BOGIE LAKE ON THE WEST SIDE OF THE ROAD)","Temporary Polling Location




Handicap Accessable: 
"
OAKLAND COUNTY,COMMERCE TOWNSHIP ,     PRECINCT 10,"Permanent Polling Location
GLENGARY ELEMENTARY
3070 WOODBURY
WALLED LAKE MI 48390

Handicap Accessable:
Y
(WOODBURY NORTH OF GLENGARY)","Temporary Polling Location




Handicap Accessable: 
"
OAKLAND COUNTY,COMMERCE TOWNSHIP ,     PRECINCT 11,"Permanent Polling Location
WALLED LAKE ELEM
1055 W  WEST MAPLE ROAD
WALLED LAKE MI 48390

Handicap Accessable:
Y
(MAPLE ROAD EAST OF BENSTEIN RD)","Temporary Polling Location




Handicap Accessable: 
"
OAKLAND COUNTY,COMMERCE TOWNSHIP ,     PRECINCT 12,"Permanent Polling Location
FIRE STATION #4
2401 GLENGARY RD
COMMERCE TOWNSHIP MI 48382

Handicap Accessable:
Y
(GLENGARY RD WEST OF BENSTEIN RD)","Temporary Polling Location




Handicap Accessable: 
"
OAKLAND COUNTY,COMMERCE TOWNSHIP ,     PRECINCT 13,"Permanent Polling Location
RICHARDSON COMMUNITY
1485 E. OAKLEY PARK RD
COMMERCE TOWNSHIP MI 48390

Handicap Accessable:
Y
(OAKLEY PK RD EAST OF S. COMMERCE)","Temporary Polling Location




Handicap Accessable: 
"
OAKLAND COUNTY,COMMERCE TOWNSHIP ,     PRECINCT 14,"Permanent Polling Location
COMMERCE MEADOWS
2400 MEADOWS CIRCLE
WIXOM MI 48393

Handicap Accessable:
Y
(GLENGARY RD WEST OF BENSTEIN)","Temporary Polling Location




Handicap Accessable: 
"
OAKLAND COUNTY,COMMERCE TOWNSHIP ,     PRECINCT 15,"Permanent Polling Location
UNITED METHODIST CHU
1155 COMMERCE RD
COMMERCE TOWNSHIP MI 48382

Handicap Accessable:
Y
(COMMERCE RD SOUTH OF WISE RD)","Temporary Polling Location




Handicap Accessable: 
"
OAKLAND COUNTY,FARMINGTON CITY ,     PRECINCT 1,"Permanent Polling Location
CITY HALL
23600 LIBERTY STREET
FARMINGTON MI 48335

Handicap Accessable:
Y
","Temporary Polling Location




Handicap Accessable: 
"
OAKLAND COUNTY,FARMINGTON CITY ,     PRECINCT 2,"Permanent Polling Location
FARMINGTON HIGH SCH
32000 SHIAWASSEE
FARMINGTON MI 48336

Handicap Accessable:
Y
","Temporary Polling Location




Handicap Accessable: 
"
OAKLAND COUNTY,FARMINGTON CITY ,     PRECINCT 3,"Permanent Polling Location
FARMINGTON HIGH SCH
32000 SHIAWASSEE
FARMINGTON MI 48336

Handicap Accessable:
Y
","Temporary Polling Location




Handicap Accessable: 
"
OAKLAND COUNTY,FARMINGTON HILLS CITY ,     PRECINCT 1,"Permanent Polling Location
WOODSIDE BIBLE CHURCH
28301 MIDDLEBELT ROAD
FARMINGTON HILLS MI 48336

Handicap Accessable:
Y
","Temporary Polling Location




Handicap Accessable: 
"
OAKLAND COUNTY,FARMINGTON HILLS CITY ,     PRECINCT 2,"Permanent Polling Location
ORCHARD UNITED METHODIST CH
30450 FARMINGTON ROAD
FARMINGTON HILLS MI 48334

Handicap Accessable:
Y
","Temporary Polling Location




Handicap Accessable: 
"
OAKLAND COUNTY,FARMINGTON HILLS CITY ,     PRECINCT 3,"Permanent Polling Location
FOREST ELEMENTARY
34545 OLD TIMBER
FARMINGTON HILLS MI 48331

Handicap Accessable:
Y
","Temporary Polling Location




Handicap Accessable: 
"
OAKLAND COUNTY,FARMINGTON HILLS CITY ,     PRECINCT 4,"Permanent Polling Location
FAITH COVENANT CHU
35415 FOURTEEN MILE RD
FARMINGTON HILLS MI 48331

Handicap Accessable:
Y
","Temporary Polling Location




Handicap Accessable: 
"
OAKLAND COUNTY,FARMINGTON HILLS CITY ,     PRECINCT 5,"Permanent Polling Location
WARD CHURCH FARMINGTON HILLS
27996 HALSTED RD
FARMINGTON HILLS MI 48335

Handicap Accessable:
Y
","Temporary Polling Location




Handicap Accessable: 
"
OAKLAND COUNTY,FARMINGTON HILLS CITY ,     PRECINCT 6,"Permanent Polling Location
HOPE LUTHERAN CHURCH
39200 TWELVE MILE RD
FARMINGTON HILLS MI 48331

Handicap Accessable:
Y
","Temporary Polling Location




Handicap Accessable: 
"
OAKLAND COUNTY,FARMINGTON HILLS CITY ,     PRECINCT 7,"Permanent Polling Location
N CONGREGATIONAL CHU
36520 TWELVE MILE RD
FARMINGTON HILLS MI 48331

Handicap Accessable:
Y
","Temporary Polling Location




Handicap Accessable: 
"
OAKLAND COUNTY,FARMINGTON HILLS CITY ,     PRECINCT 8,"Permanent Polling Location
FARMINGTON STEAM ACADEMY
32800 TWELVE MILE RD
FARMINGTON HILLS MI 48334

Handicap Accessable:
Y
","Temporary Polling Location




Handicap Accessable: 
"
OAKLAND COUNTY,FARMINGTON HILLS CITY ,     PRECINCT 9,"Permanent Polling Location
KENBROOK ELEM SCHOOL
32130 BONNET HILL RD
FARMINGTON HILLS MI 48334

Handicap Accessable:
Y
","Temporary Polling Location




Handicap Accessable: 
"
OAKLAND COUNTY,FARMINGTON HILLS CITY ,     PRECINCT 10,"Permanent Polling Location
FARMINGTON CENTRAL HIGH SCHOOL
30175 HIGHMEADOW
FARMINGTON HILLS MI 48334

Handicap Accessable:
Y
","Temporary Polling Location




Handicap Accessable: 
"
OAKLAND COUNTY,FARMINGTON HILLS CITY ,     PRECINCT 11,"Permanent Polling Location
WILLIAM COSTICK ACTIVITIES CTR
28600 ELEVEN MILE RD
FARMINGTON HILLS MI 48334

Handicap Accessable:
Y
","Temporary Polling Location




Handicap Accessable: 
"
OAKLAND COUNTY,FARMINGTON HILLS CITY ,     PRECINCT 12,"Permanent Polling Location
FIRST PRESBYTERIAN
26165 FARMINGTON RD
FARMINGTON HILLS MI 48335

Handicap Accessable:
Y
","Temporary Polling Location




Handicap Accessable: 
"
OAKLAND COUNTY,FARMINGTON HILLS CITY ,     PRECINCT 13,"Permanent Polling Location
ST. TOMA SYRIAC CHR
25600 DRAKE ROAD
FARMINGTON HILLS MI 48335

Handicap Accessable:
Y
(CORNER OF DRAKE & 11 MILE RD)","Temporary Polling Location




Handicap Accessable: 
"
OAKLAND COUNTY,FARMINGTON HILLS CITY ,     PRECINCT 14,"Permanent Polling Location
HILLSIDE ELEM SCH
36801 ELEVEN MILE RD
FARMINGTON HILLS MI 48331

Handicap Accessable:
Y
","Temporary Polling Location




Handicap Accessable: 
"
OAKLAND COUNTY,FARMINGTON HILLS CITY ,     PRECINCT 15,"Permanent Polling Location
ST. TOMA SYRIAC CHR
25600 DRAKE ROAD
FARMINGTON HILLS MI 48335

Handicap Accessable:
Y
(CORNER OF DRAKE & 11 MILE RD)","Temporary Polling Location




Handicap Accessable: 
"
OAKLAND COUNTY,FARMINGTON HILLS CITY ,     PRECINCT 16,"Permanent Polling Location
EAST MIDDLE SCHOOL
25000 MIDDLEBELT RD
FARMINGTON HILLS MI 48336

Handicap Accessable:
Y
","Temporary Polling Location




Handicap Accessable: 
"
OAKLAND COUNTY,FARMINGTON HILLS CITY ,     PRECINCT 17,"Permanent Polling Location
SALVATION ARMY CTR
27500 SHIAWASSEE
FARMINGTON HILLS MI 48336

Handicap Accessable:
Y
(CORNER OF SHIAWASSEE AND INKSTER)","Temporary Polling Location




Handicap Accessable: 
"
OAKLAND COUNTY,FARMINGTON HILLS CITY ,     PRECINCT 18,"Permanent Polling Location
LANIGAN ELEMENTARY
23800 TUCK RD
FARMINGTON HILLS MI 48336

Handicap Accessable:
Y
","Temporary Polling Location




Handicap Accessable: 
"
OAKLAND COUNTY,FARMINGTON HILLS CITY ,     PRECINCT 19,"Permanent Polling Location
ST JOHN LUTHERAN CHU
23225 GILL ROAD
FARMINGTON HILLS MI 48335

Handicap Accessable:
Y
","Temporary Polling Location




Handicap Accessable: 
"
OAKLAND COUNTY,FARMINGTON HILLS CITY ,     PRECINCT 20,"Permanent Polling Location
POWER MIDDLE SCHOOL
34740 RHONSWOOD
FARMINGTON HILLS MI 48335

Handicap Accessable:
Y
","Temporary Polling Location




Handicap Accessable: 
"
OAKLAND COUNTY,FARMINGTON HILLS CITY ,     PRECINCT 21,"Permanent Polling Location
GILL ELEMENTARY SCH
21195 GILL RD
FARMINGTON HILLS MI 48335

Handicap Accessable:
Y
","Temporary Polling Location




Handicap Accessable: 
"
OAKLAND COUNTY,FARMINGTON HILLS CITY ,     PRECINCT 22,"Permanent Polling Location
TAWHEED CENTER
29707 TEN MILE ROAD
FARMINGTON HILLS MI 48336

Handicap Accessable:
Y
","Temporary Polling Location




Handicap Accessable: 
"
OAKLAND COUNTY,FARMINGTON HILLS CITY ,     PRECINCT 23,"Permanent Polling Location
GREATER SETH TEMPLE
28125 GRAND RIVER AVE
FARMINGTON HILLS MI 48336

Handicap Accessable:
Y
","Temporary Polling Location




Handicap Accessable: 
"
OAKLAND COUNTY,FERNDALE CITY ,     PRECINCT 1,"Permanent Polling Location
METROPOLITAN COMMUNITY CHURCH OF DETROIT
1841 PINECREST DR
FERNDALE MI 48220

Handicap Accessable:
Y
(SOUTHWEST CORNER OF WITHINGTON AND PINECREST)","Temporary Polling Location




Handicap Accessable: 
"
OAKLAND COUNTY,FERNDALE CITY ,     PRECINCT 2,"Permanent Polling Location
FERNDALE HIGH SCHOOL
881 PINECREST
FERNDALE MI 48220

Handicap Accessable:
Y
(WEST OF WOODWARD NORTH OF EIGHT MILE)","Temporary Polling Location




Handicap Accessable: 
"
OAKLAND COUNTY,FERNDALE CITY ,     PRECINCT 3,"Permanent Polling Location
FERNDALE HIGH SCHOOL
881 PINECREST
FERNDALE MI 48220

Handicap Accessable:
Y
(WEST OF WOODWARD NORTH OF EIGHT MILE)","Temporary Polling Location




Handicap Accessable: 
"
OAKLAND COUNTY,FERNDALE CITY ,     PRECINCT 4,"Permanent Polling Location
UNIVERSITY HIGH SCHOOL
2521 BERMUDA ST
FERNDALE MI 48220

Handicap Accessable:
Y
(SOUTHWEST CORNER OF OAKRIDGE AND BERMUDA)","Temporary Polling Location




Handicap Accessable: 
"
OAKLAND COUNTY,FERNDALE CITY ,     PRECINCT 5,"Permanent Polling Location
FERNDALE AREA DISTRICT LIBRARY
222 E NINE MILE RD
FERNDALE MI 48220

Handicap Accessable:
Y
(SOUTH SIDE OF NINE MILE, JUST EAST OF WOODWARD)","Temporary Polling Location




Handicap Accessable: 
"
OAKLAND COUNTY,FERNDALE CITY ,     PRECINCT 6,"Permanent Polling Location
FERNDALE FREE METHODIST CHURCH
1950 WOODWARD HEIGHTS
FERNDALE MI 48220

Handicap Accessable:
Y
(SOUTH SIDE OF WOODWARD HEIGHTS, WEST OF I-75)","Temporary Polling Location




Handicap Accessable: 
"
OAKLAND COUNTY,GROVELAND TOWNSHIP ,     PRECINCT 1,"Permanent Polling Location
GROVELAND TWP HALL
4695 GRANGE HALL RD
HOLLY MI 48442

Handicap Accessable:
Y
(GRANGE HALL AT BARRON RD)","Temporary Polling Location




Handicap Accessable: 
"
OAKLAND COUNTY,GROVELAND TOWNSHIP ,     PRECINCT 2,"Permanent Polling Location
GROVELAND FIRE HALL
14645 DIXIE HWY.     FIRE STA #1
HOLLY MI 48442

Handicap Accessable:
Y
(DONALD L. TITSWORTH TRAINING CENTER)","Temporary Polling Location




Handicap Accessable: 
"
OAKLAND COUNTY,GROVELAND TOWNSHIP ,     PRECINCT 3,"Permanent Polling Location
GROVELAND FIRE STA
3085 GRANGE HALL RD    STA # 2
HOLLY MI 48442

Handicap Accessable:
Y
(GRANGE HALL RD BETWEEN BIRD AND JOSSMAN RD)","Temporary Polling Location




Handicap Accessable: 
"
OAKLAND COUNTY,HAZEL PARK CITY ,     PRECINCT 1,"Permanent Polling Location
TABERNACLE BAPTIST
22323 S CHRYSLER DR
HAZEL PARK MI 48030

Handicap Accessable:
Y
","Temporary Polling Location




Handicap Accessable: 
"
OAKLAND COUNTY,HAZEL PARK CITY ,     PRECINCT 2,"Permanent Polling Location
COMMUNITY CENTER
620 W WOODWARD HTS
HAZEL PARK MI 48030

Handicap Accessable:
Y
","Temporary Polling Location




Handicap Accessable: 
"
OAKLAND COUNTY,HAZEL PARK CITY ,     PRECINCT 3,"Permanent Polling Location
HAZEL PARK JR HIGH
22750 HIGHLAND
HAZEL PARK MI 48030

Handicap Accessable:
Y
","Temporary Polling Location




Handicap Accessable: 
"
OAKLAND COUNTY,HAZEL PARK CITY ,     PRECINCT 4,"Permanent Polling Location
CHURCH OF NAZARENE
696 E MAHAN
HAZEL PARK MI 48030

Handicap Accessable:
Y
","Temporary Polling Location




Handicap Accessable: 
"
OAKLAND COUNTY,HAZEL PARK CITY ,     PRECINCT 5,"Permanent Polling Location
HAZEL PARK HIGH SCHOOL
23400 HUGHES
HAZEL PARK MI 48030

Handicap Accessable:
Y
","Temporary Polling Location




Handicap Accessable: 
"
OAKLAND COUNTY,HAZEL PARK CITY ,     PRECINCT 6,"Permanent Polling Location
HAZEL PARK JR HIGH
22750 HIGHLAND
HAZEL PARK MI 48030

Handicap Accessable:
Y
","Temporary Polling Location




Handicap Accessable: 
"
OAKLAND COUNTY,HIGHLAND TOWNSHIP ,     PRECINCT 1,"Permanent Polling Location
MILFORD HIGH SCHOOL - POOLS ENTRANCE
2380 S. MILFORD RD
HIGHLAND MI 48357

Handicap Accessable:
Y
(ENTER AROUND THE BACK OF THE BUILDING AT THE POOLS ENTRANCE)","Temporary Polling Location




Handicap Accessable: 
"
OAKLAND COUNTY,HIGHLAND TOWNSHIP ,     PRECINCT 2,"Permanent Polling Location
MILFORD HIGH SCHOOL - POOLS ENTRANCE
2380 S. MILFORD RD
HIGHLAND MI 48357

Handicap Accessable:
Y
(ENTER AROUND THE BACK OF THE BUILDING AT THE POOLS ENTRANCE)","Temporary Polling Location




Handicap Accessable: 
"
OAKLAND COUNTY,HIGHLAND TOWNSHIP ,     PRECINCT 3,"Permanent Polling Location
MILFORD HIGH SCHOOL - POOLS ENTRANCE
2380 S. MILFORD RD
HIGHLAND MI 48357

Handicap Accessable:
Y
(ENTER AROUND THE BACK OF THE BUILDING AT THE POOLS ENTRANCE)","Temporary Polling Location




Handicap Accessable: 
"
OAKLAND COUNTY,HIGHLAND TOWNSHIP ,     PRECINCT 4,"Permanent Polling Location
MILFORD HIGH SCHOOL - POOLS ENTRANCE
2380 S. MILFORD RD
HIGHLAND MI 48357

Handicap Accessable:
Y
(ENTER AROUND THE BACK OF THE BUILDING AT THE POOLS ENTRANCE)","Temporary Polling Location




Handicap Accessable: 
"
OAKLAND COUNTY,HIGHLAND TOWNSHIP ,     PRECINCT 5,"Permanent Polling Location
MILFORD HIGH SCHOOL - POOLS ENTRANCE
2380 S. MILFORD RD
HIGHLAND MI 48357

Handicap Accessable:
Y
(ENTER AROUND THE BACK OF THE BUILDING AT THE POOLS ENTRANCE)","Temporary Polling Location




Handicap Accessable: 
"
OAKLAND COUNTY,HOLLY TOWNSHIP ,     PRECINCT 1,"Permanent Polling Location
SHERMAN CAMPUS - GYMNASIUM
14470 N. HOLLY RD
HOLLY MI 48442

Handicap Accessable:
Y
","Temporary Polling Location




Handicap Accessable: 
"
OAKLAND COUNTY,HOLLY TOWNSHIP ,     PRECINCT 2,"Permanent Polling Location
SHERMAN CAMPUS - GYMNASIUM
14470 N. HOLLY RD
HOLLY MI 48442

Handicap Accessable:
Y
","Temporary Polling Location




Handicap Accessable: 
"
OAKLAND COUNTY,HOLLY TOWNSHIP ,     PRECINCT 3,"Permanent Polling Location
SHERMAN CAMPUS - GYMNASIUM
14470 N. HOLLY RD
HOLLY MI 48442

Handicap Accessable:
Y
","Temporary Polling Location




Handicap Accessable: 
"
OAKLAND COUNTY,HOLLY TOWNSHIP ,     PRECINCT 4,"Permanent Polling Location
SHERMAN CAMPUS - GYMNASIUM
14470 N. HOLLY RD
HOLLY MI 48442

Handicap Accessable:
Y
","Temporary Polling Location




Handicap Accessable: 
"
OAKLAND COUNTY,HUNTINGTON WOODS CITY ,     PRECINCT 1,"Permanent Polling Location
HW LUTHERAN CHURCH
12935 W ELEVEN MILE RD
HUNTINGTON WOODS MI 48070

Handicap Accessable:
Y
","Temporary Polling Location




Handicap Accessable: 
"
OAKLAND COUNTY,HUNTINGTON WOODS CITY ,     PRECINCT 2,"Permanent Polling Location
RECREATION CENTER
26325 SCOTIA
HUNTINGTON WOODS MI 48070

Handicap Accessable:
Y
","Temporary Polling Location




Handicap Accessable: 
"
OAKLAND COUNTY,HUNTINGTON WOODS CITY ,     PRECINCT 3,"Permanent Polling Location
BURTON SCHOOL
26315 SCOTIA
HUNTINGTON WOODS MI 48070

Handicap Accessable:
Y
","Temporary Polling Location




Handicap Accessable: 
"
OAKLAND COUNTY,INDEPENDENCE TOWNSHIP ,     PRECINCT 1,"Permanent Polling Location
ST TRINITY LUTHERAN CHURCH
7925 SASHABAW RD
CLARKSTON MI 48348

Handicap Accessable:
Y
(N OF CLARKSTON RD)","Temporary Polling Location




Handicap Accessable: 
"
OAKLAND COUNTY,INDEPENDENCE TOWNSHIP ,     PRECINCT 2,"Permanent Polling Location
FIRST CONGREGATIONAL CHURCH
5449 CLARKSTON RD
CLARKSTON MI 48348

Handicap Accessable:
Y
","Temporary Polling Location




Handicap Accessable: 
"
OAKLAND COUNTY,INDEPENDENCE TOWNSHIP ,     PRECINCT 3,"Permanent Polling Location
CLARKSTON COMMUNITY CHURCH
6300 CLARKSTON RD
CLARKSTON MI 48346

Handicap Accessable:
Y
(E OF ORTONVILLE RD. N OFF CLARKSTON RD.)","Temporary Polling Location




Handicap Accessable: 
"
OAKLAND COUNTY,INDEPENDENCE TOWNSHIP ,     PRECINCT 4,"Permanent Polling Location
CALVARY LUTHERAN CHURCH
6805 BLUEGRASS
CLARKSTON MI 48346

Handicap Accessable:
Y
(W. OFF ORTONVILLE RD BETWEEN I-75 AND MILLER ROAD)","Temporary Polling Location




Handicap Accessable: 
"
OAKLAND COUNTY,INDEPENDENCE TOWNSHIP ,     PRECINCT 5,"Permanent Polling Location
CLARKSTON UNITED METHODIST CHURCH
6600 WALDON ROAD
CLARKSTON MI 48346

Handicap Accessable:
Y
","Temporary Polling Location




Handicap Accessable: 
"
OAKLAND COUNTY,INDEPENDENCE TOWNSHIP ,     PRECINCT 6,"Permanent Polling Location
MARANATHA BAPTIST CHURCH
5790 FLEMINGS LAKE RD
CLARKSTON MI 48346

Handicap Accessable:
Y
","Temporary Polling Location




Handicap Accessable: 
"
OAKLAND COUNTY,INDEPENDENCE TOWNSHIP ,     PRECINCT 7,"Permanent Polling Location
BAY COURT PARK-BRADY LODGE
6970 ANDERSONVILLE ROAD
CLARKSTON MI 48346

Handicap Accessable:
Y
","Temporary Polling Location




Handicap Accessable: 
"
OAKLAND COUNTY,INDEPENDENCE TOWNSHIP ,     PRECINCT 8,"Permanent Polling Location
MT. ZION CHURCH
4900 MAYBEE RD
CLARKSTON MI 48348

Handicap Accessable:
Y
(N OF I-75; E OF CLINTONVILLE RD)","Temporary Polling Location




Handicap Accessable: 
"
OAKLAND COUNTY,KEEGO HARBOR CITY ,     PRECINCT 1,"Permanent Polling Location
CITY HALL
2025 BEECHMONT
KEEGO HARBOR MI 48320

Handicap Accessable:
Y
","Temporary Polling Location




Handicap Accessable: 
"
OAKLAND COUNTY,LAKE ANGELUS CITY ,     PRECINCT 1,"Permanent Polling Location
CITY HALL
45 GALLOGLY
AUBURN HILLS MI 48326

Handicap Accessable:
N
","Temporary Polling Location




Handicap Accessable: 
"
OAKLAND COUNTY,LATHRUP VILLAGE CITY ,     PRECINCT 1,"Permanent Polling Location
MUNICIPAL BUILDING
27400 SOUTHFIELD ROAD
LATHRUP VILLAGE MI 48076

Handicap Accessable:
Y
","Temporary Polling Location




Handicap Accessable: 
"
OAKLAND COUNTY,LYON TOWNSHIP ,     PRECINCT 1,"Permanent Polling Location
LYON TOWNSHIP MUNICIPAL CENTER
58000 GRAND RIVER
NEW HUDSON MI 48165

Handicap Accessable:
Y
(1/2 MILE WEST OF MILFORD RD)","Temporary Polling Location




Handicap Accessable: 
"
OAKLAND COUNTY,LYON TOWNSHIP ,     PRECINCT 2,"Permanent Polling Location
WILLIAM K. COMMUNITY CENTER
27005 S. MILFORD RD
SOUTH LYON MI 48178

Handicap Accessable:
Y
(BETWEEN 11 & 12 MILE RD)","Temporary Polling Location




Handicap Accessable: 
"
OAKLAND COUNTY,LYON TOWNSHIP ,     PRECINCT 3,"Permanent Polling Location
LYON TOWNSHIP MUNICIPAL CENTER
58000 GRAND RIVER
NEW HUDSON MI 48165

Handicap Accessable:
Y
(1/2 MILE WEST OF MILFORD RD)","Temporary Polling Location




Handicap Accessable: 
"
OAKLAND COUNTY,LYON TOWNSHIP ,     PRECINCT 4,"Permanent Polling Location
SOUTH LYON CHURCH OF CHRIST
21860 PONTIAC TRAIL
SOUTH LYON MI 48178

Handicap Accessable:
Y
(SOUTH OF 9 MILE, EAST SIDE OF PONTIAC TRAIL)","Temporary Polling Location




Handicap Accessable: 
"
OAKLAND COUNTY,LYON TOWNSHIP ,     PRECINCT 5,"Permanent Polling Location
WILLIAM A. PEARSON ELEMENTARY SCHOOL
57900 11 MILE RD
SOUTH LYON MI 48178

Handicap Accessable:
Y
","Temporary Polling Location




Handicap Accessable: 
"
OAKLAND COUNTY,LYON TOWNSHIP ,     PRECINCT 6,"Permanent Polling Location
SHARON J. HARDY ELEMENTARY SCHOOL
24650 COLLINGSWOOD
SOUTH LYON MI 48178

Handicap Accessable:
Y
(N OF 10 MILE RD, E OF CURRIE RD IN WOODWIND SUB)","Temporary Polling Location




Handicap Accessable: 
"
OAKLAND COUNTY,LYON TOWNSHIP ,     PRECINCT 7,"Permanent Polling Location
SHARON J. HARDY ELEMENTARY SCHOOL
24650 COLLINGSWOOD
SOUTH LYON MI 48178

Handicap Accessable:
Y
(N OF 10 MILE RD, E OF CURRIE RD IN WOODWIND SUB)","Temporary Polling Location




Handicap Accessable: 
"
OAKLAND COUNTY,LYON TOWNSHIP ,     PRECINCT 8,"Permanent Polling Location
LYON TWP FIRE STATION #2
56675 10 MILE RD
SOUTH LYON MI 48178

Handicap Accessable:
Y
","Temporary Polling Location




Handicap Accessable: 
"
OAKLAND COUNTY,LYON TOWNSHIP ,     PRECINCT 9,"Permanent Polling Location
WILLIAM A. PEARSON ELEMENTARY SCHOOL
57900 11 MILE RD
SOUTH LYON MI 48178

Handicap Accessable:
Y
","Temporary Polling Location




Handicap Accessable: 
"
OAKLAND COUNTY,LYON TOWNSHIP ,     PRECINCT 10,"Permanent Polling Location
KENT LAKE ELEMENTARY
30181 KENT LAKE RD
SOUTH LYON MI 48178

Handicap Accessable:
Y
","Temporary Polling Location




Handicap Accessable: 
"
OAKLAND COUNTY,LYON TOWNSHIP ,     PRECINCT 11,"Permanent Polling Location
KENT LAKE ELEMENTARY
30181 KENT LAKE RD
SOUTH LYON MI 48178

Handicap Accessable:
Y
","Temporary Polling Location




Handicap Accessable: 
"
OAKLAND COUNTY,MADISON HEIGHTS CITY ,     PRECINCT 1,"Permanent Polling Location
MADISON ELEMENTARY SCHOOL
27107 HALES
MADISON HEIGHTS MI 48071

Handicap Accessable:
Y
","Temporary Polling Location




Handicap Accessable: 
"
OAKLAND COUNTY,MADISON HEIGHTS CITY ,     PRECINCT 2,"Permanent Polling Location
WILKINSON SCHOOL
26524 JOHN R ROAD
MADISON HEIGHTS MI 48071

Handicap Accessable:
Y
","Temporary Polling Location




Handicap Accessable: 
"
OAKLAND COUNTY,MADISON HEIGHTS CITY ,     PRECINCT 3,"Permanent Polling Location
WILKINSON SCHOOL
26524 JOHN R ROAD
MADISON HEIGHTS MI 48071

Handicap Accessable:
Y
","Temporary Polling Location




Handicap Accessable: 
"
OAKLAND COUNTY,MADISON HEIGHTS CITY ,     PRECINCT 4,"Permanent Polling Location
JOHN PAGE MIDDLE SCHOOL
29615 TAWAS
MADISON HEIGHTS MI 48071

Handicap Accessable:
Y
","Temporary Polling Location




Handicap Accessable: 
"
OAKLAND COUNTY,MADISON HEIGHTS CITY ,     PRECINCT 5,"Permanent Polling Location
ACTIVE ADULT CENTER
260 W 13 MILE RD
MADISON HEIGHTS MI 48071

Handicap Accessable:
Y
","Temporary Polling Location




Handicap Accessable: 
"
OAKLAND COUNTY,MADISON HEIGHTS CITY ,     PRECINCT 6,"Permanent Polling Location
JOHN PAGE MIDDLE SCHOOL
29615 TAWAS
MADISON HEIGHTS MI 48071

Handicap Accessable:
Y
","Temporary Polling Location




Handicap Accessable: 
"
OAKLAND COUNTY,MADISON HEIGHTS CITY ,     PRECINCT 7,"Permanent Polling Location
ACTIVE ADULT CENTER
260 W 13 MILE RD
MADISON HEIGHTS MI 48071

Handicap Accessable:
Y
","Temporary Polling Location




Handicap Accessable: 
"
OAKLAND COUNTY,MILFORD TOWNSHIP ,     PRECINCT 1,"Permanent Polling Location
MILFORD UNITED METHODIST CHURCH
1200 ATLANTIC ST
MILFORD MI 48381

Handicap Accessable:
Y
","Temporary Polling Location




Handicap Accessable: 
"
OAKLAND COUNTY,MILFORD TOWNSHIP ,     PRECINCT 2,"Permanent Polling Location
JOHNSON ELEMENTARY
515 GENERAL MOTORS DR
MILFORD MI 48381

Handicap Accessable:
Y
","Temporary Polling Location




Handicap Accessable: 
"
OAKLAND COUNTY,MILFORD TOWNSHIP ,     PRECINCT 3,"Permanent Polling Location
JOHNSON ELEMENTARY
515 GENERAL MOTORS DR
MILFORD MI 48381

Handicap Accessable:
Y
","Temporary Polling Location




Handicap Accessable: 
"
OAKLAND COUNTY,MILFORD TOWNSHIP ,     PRECINCT 4,"Permanent Polling Location
OAK POINTE CHURCH MILFORD
1250 S HILL RD
MILFORD MI 48381

Handicap Accessable:
Y
","Temporary Polling Location




Handicap Accessable: 
"
OAKLAND COUNTY,MILFORD TOWNSHIP ,     PRECINCT 5,"Permanent Polling Location
MILFORD CIVIC CENTER
1100 ATLANTIC
MILFORD MI 48381

Handicap Accessable:
Y
","Temporary Polling Location




Handicap Accessable: 
"
OAKLAND COUNTY,MILFORD TOWNSHIP ,     PRECINCT 6,"Permanent Polling Location
MILFORD SENIOR CTR
1050 ATLANTIC
MILFORD MI 48381

Handicap Accessable:
Y
","Temporary Polling Location




Handicap Accessable: 
"
OAKLAND COUNTY,MILFORD TOWNSHIP ,     PRECINCT 7,"Permanent Polling Location
MILFORD LIBRARY
330 FAMILY DRIVE
MILFORD MI 48381

Handicap Accessable:
Y
","Temporary Polling Location




Handicap Accessable: 
"
OAKLAND COUNTY,NOVI CITY ,     PRECINCT 1,"Permanent Polling Location
MEADOWBROOK CONGREGATIONAL CHURCH
21355 MEADOWBROOK ROAD
NOVI MI 48375

Handicap Accessable:
Y
(MEADOWBROOK BETWEEN 8 & 9 MILE)","Temporary Polling Location




Handicap Accessable: 
"
OAKLAND COUNTY,NOVI CITY ,     PRECINCT 2,"Permanent Polling Location
GOOD SHEPHERD CHURCH
41415 W. NINE MILE ROAD
NOVI MI 48375

Handicap Accessable:
Y
","Temporary Polling Location




Handicap Accessable: 
"
OAKLAND COUNTY,NOVI CITY ,     PRECINCT 3,"Permanent Polling Location
VILLAGE OAKS ELEMENTARY
23333 WILLOWBROOK DRIVE
NOVI MI 48375

Handicap Accessable:
Y
(WILLOWBROOK DR, NORTH OF VILLAGE WOOD RD, SOUTH OF 10 MILE RD)","Temporary Polling Location




Handicap Accessable: 
"
OAKLAND COUNTY,NOVI CITY ,     PRECINCT 4,"Permanent Polling Location
CHURCH OF THE HOLY FAMILY
24505 MEADOWBROOK ROAD
NOVI MI 48375

Handicap Accessable:
Y
(MEADOWBROOK BETWEEN TEN MILE AND GRAND RIVER)","Temporary Polling Location




Handicap Accessable: 
"
OAKLAND COUNTY,NOVI CITY ,     PRECINCT 5,"Permanent Polling Location
ORCHARD HILLS ELEMENTARY
41900 QUINCE
NOVI MI 48375

Handicap Accessable:
Y
(QUINCE SOUTH OF 10 MILE, WEST OF MEADOWBROOK ROAD)","Temporary Polling Location




Handicap Accessable: 
"
OAKLAND COUNTY,NOVI CITY ,     PRECINCT 6,"Permanent Polling Location
CHURCH OF THE HOLY FAMILY
24505 MEADOWBROOK ROAD
NOVI MI 48375

Handicap Accessable:
Y
(MEADOWBROOK BETWEEN TEN MILE AND GRAND RIVER)","Temporary Polling Location




Handicap Accessable: 
"
OAKLAND COUNTY,NOVI CITY ,     PRECINCT 7,"Permanent Polling Location
DEPARTMENT OF PUBLIC WORKS
26300 LEE BEGOLE DRIVE
NOVI MI 48375

Handicap Accessable:
Y
","Temporary Polling Location




Handicap Accessable: 
"
OAKLAND COUNTY,NOVI CITY ,     PRECINCT 8,"Permanent Polling Location
MEADOWBROOK ELEMENTARY
29200 MEADOWBROOK ROAD
NOVI MI 48377

Handicap Accessable:
Y
(MEADOWBROOK ROAD BETWEEN 12 MILE & 13 MILE ROADS)","Temporary Polling Location




Handicap Accessable: 
"
OAKLAND COUNTY,NOVI CITY ,     PRECINCT 9,"Permanent Polling Location
CROSSPOINTE MEADOWS CHURCH
29000 MEADOWBROOK RD
NOVI MI 48377

Handicap Accessable:
Y
","Temporary Polling Location




Handicap Accessable: 
"
OAKLAND COUNTY,NOVI CITY ,     PRECINCT 10,"Permanent Polling Location
FOX RUN
41000 13 MILE RD
NOVI MI 48377

Handicap Accessable:
Y
(ON 13 MILE BETWEEN MEADOWBROOK AND M5)","Temporary Polling Location




Handicap Accessable: 
"
OAKLAND COUNTY,NOVI CITY ,     PRECINCT 11,"Permanent Polling Location
HICKORY WOODS ELEMENTARY
30655 NOVI ROAD
NOVI MI 48377

Handicap Accessable:
Y
","Temporary Polling Location




Handicap Accessable: 
"
OAKLAND COUNTY,NOVI CITY ,     PRECINCT 12,"Permanent Polling Location
PORTSMOUTH CLUBHOUSE
31170 WELLINGTON DRIVE
NOVI MI 48377

Handicap Accessable:
Y
","Temporary Polling Location




Handicap Accessable: 
"
OAKLAND COUNTY,NOVI CITY ,     PRECINCT 13,"Permanent Polling Location
BRIGHTMOOR CHURCH
40800 W. THIRTEEN MILE
NOVI MI 48377

Handicap Accessable:
Y
(ON 13 MILE BETWEEN MEADOWBROOK AND M5)","Temporary Polling Location




Handicap Accessable: 
"
OAKLAND COUNTY,NOVI CITY ,     PRECINCT 14,"Permanent Polling Location
CROSSPOINTE MEADOWS CHURCH
29000 MEADOWBROOK RD
NOVI MI 48377

Handicap Accessable:
Y
","Temporary Polling Location




Handicap Accessable: 
"
OAKLAND COUNTY,NOVI CITY ,     PRECINCT 15,"Permanent Polling Location
FAITH COMMUNITY PRESBYTERIAN CHURCH
44400 WEST TEN MILE ROAD
NOVI MI 48375

Handicap Accessable:
Y
(TEN MILE BETWEEN NOVI AND TAFT ROADS)","Temporary Polling Location




Handicap Accessable: 
"
OAKLAND COUNTY,NOVI CITY ,     PRECINCT 16,"Permanent Polling Location
NOVI CIVIC CENTER
45175 TEN MILE ROAD
NOVI MI 48375

Handicap Accessable:
Y
(TEN MILE ROAD:  BETWEEN NOVI & TAFT ROADS)","Temporary Polling Location




Handicap Accessable: 
"
OAKLAND COUNTY,NOVI CITY ,     PRECINCT 18,"Permanent Polling Location
NOVI PUBLIC LIBRARY
45255 W. TEN MILE ROAD
NOVI MI 48375

Handicap Accessable:
Y
","Temporary Polling Location




Handicap Accessable: 
"
OAKLAND COUNTY,NOVI CITY ,     PRECINCT 19,"Permanent Polling Location
LEGACY CHURCH
45301 W ELEVEN MILE ROAD
NOVI MI 48375

Handicap Accessable:
Y
","Temporary Polling Location




Handicap Accessable: 
"
OAKLAND COUNTY,NOVI CITY ,     PRECINCT 20,"Permanent Polling Location
NOVI MIDDLE SCHOOL
49000 W 11 MILE RD
NOVI MI 48374

Handicap Accessable:
Y
(NORTH SIDE OF 11 MILE, JUST EAST OF WIXOM RD)","Temporary Polling Location




Handicap Accessable: 
"
OAKLAND COUNTY,NOVI CITY ,     PRECINCT 21,"Permanent Polling Location
NOVI MIDDLE SCHOOL
49000 W 11 MILE RD
NOVI MI 48374

Handicap Accessable:
Y
(NORTH SIDE OF 11 MILE, JUST EAST OF WIXOM RD)","Temporary Polling Location




Handicap Accessable: 
"
OAKLAND COUNTY,NOVI CITY ,     PRECINCT 22,"Permanent Polling Location
DEERFIELD ELEMENTARY
26500 WIXOM ROAD
NOVI MI 48374

Handicap Accessable:
Y
(ON WIXOM BETWEEN 11 MILE AND GRAND RIVER)","Temporary Polling Location




Handicap Accessable: 
"
OAKLAND COUNTY,NOVI CITY ,     PRECINCT 23,"Permanent Polling Location
ST JAMES CATHOLIC CHURCH
46325 WEST TEN MILE
NOVI MI 48375

Handicap Accessable:
Y
(SOUTH SIDE OF TEN MILE BETWEEN BECK AND TAFT)","Temporary Polling Location




Handicap Accessable: 
"
OAKLAND COUNTY,NOVI CITY ,     PRECINCT 24,"Permanent Polling Location
ST JAMES CATHOLIC CHURCH
46325 WEST TEN MILE
NOVI MI 48375

Handicap Accessable:
Y
(SOUTH SIDE OF TEN MILE BETWEEN BECK AND TAFT)","Temporary Polling Location




Handicap Accessable: 
"
OAKLAND COUNTY,NOVI CITY ,     PRECINCT 25,"Permanent Polling Location
THORNTON CREEK ELEMENTARY
46180 NINE MILE ROAD
NOVI MI 48374

Handicap Accessable:
Y
","Temporary Polling Location




Handicap Accessable: 
"
OAKLAND COUNTY,NOVI TOWNSHIP ,     PRECINCT 1,"Permanent Polling Location
CRITTENDEN RESIDENCE
44114 WYNGATE DR
NORTHVILLE MI 48167

Handicap Accessable:
Y
","Temporary Polling Location




Handicap Accessable: 
"
OAKLAND COUNTY,OAK PARK CITY ,     PRECINCT 1,"Permanent Polling Location
NORUP JR.HIGH SCHOOL
14450 MANHATTAN
OAK PARK MI 48237

Handicap Accessable:
Y
(MANHATTAN & GARDNER)","Temporary Polling Location




Handicap Accessable: 
"
OAKLAND COUNTY,OAK PARK CITY ,     PRECINCT 2,"Permanent Polling Location
NORUP JR.HIGH SCHOOL
14450 MANHATTAN
OAK PARK MI 48237

Handicap Accessable:
Y
(MANHATTAN & GARDNER)","Temporary Polling Location




Handicap Accessable: 
"
OAKLAND COUNTY,OAK PARK CITY ,     PRECINCT 3,"Permanent Polling Location
PEPPER SCHOOL
24301 CHURCH
OAK PARK MI 48237

Handicap Accessable:
Y
(CHURCH & DARTMOUTH)","Temporary Polling Location




Handicap Accessable: 
"
OAKLAND COUNTY,OAK PARK CITY ,     PRECINCT 4,"Permanent Polling Location
OAK PARK COMMUNITY CENTER
14300 OAK PARK BLVD.
OAK PARK MI 48237

Handicap Accessable:
Y
(OAK PARK BLVD & CHURCH)","Temporary Polling Location




Handicap Accessable: 
"
OAKLAND COUNTY,OAK PARK CITY ,     PRECINCT 5,"Permanent Polling Location
OAK PARK HIGH SCHOOL
13701 OAK PARK BLVD
OAK PARK MI 48237

Handicap Accessable:
Y
(COOLIDGE AND OAK PARK BLVD)","Temporary Polling Location




Handicap Accessable: 
"
OAKLAND COUNTY,OAK PARK CITY ,     PRECINCT 6,"Permanent Polling Location
EINSTEIN SCHOOL
14001 NORTHEND
OAK PARK MI 48237

Handicap Accessable:
Y
(PARKLAWN AND NORTHEND)","Temporary Polling Location




Handicap Accessable: 
"
OAKLAND COUNTY,OAK PARK CITY ,     PRECINCT 7,"Permanent Polling Location
LESSENGER EARLY CHILDHOOD CENTER
12901 ALBANY
OAK PARK MI 48237

Handicap Accessable:
Y
(SCOTIA & ALBANY)","Temporary Polling Location




Handicap Accessable: 
"
OAKLAND COUNTY,OAK PARK CITY ,     PRECINCT 8,"Permanent Polling Location
O.P PREP. ACADEMY
23261 SCOTIA
OAK PARK MI 48237

Handicap Accessable:
Y
","Temporary Polling Location




Handicap Accessable: 
"
OAKLAND COUNTY,OAK PARK CITY ,     PRECINCT 9,"Permanent Polling Location
FERNDALE UPPER ELEMENTARY SCHOOL
24220 ROSEWOOD
OAK PARK MI 48237

Handicap Accessable:
Y
(ROSEWOOD AND NORTHFIELD)","Temporary Polling Location




Handicap Accessable: 
"
OAKLAND COUNTY,OAK PARK CITY ,     PRECINCT 10,"Permanent Polling Location
FERNDALE LOWER ELEMENTARY SCHOOL
23501 ROSEWOOD ST.
OAK PARK MI 48237

Handicap Accessable:
Y
(OAK PARK BLV & ROSEWOOD)","Temporary Polling Location




Handicap Accessable: 
"
OAKLAND COUNTY,OAKLAND CHARTER TOWNSHIP ,     PRECINCT 1,"Permanent Polling Location
HUGGER ELEM SCHOOL
5050 SHELDON RD
ROCHESTER MI 48306

Handicap Accessable:
Y
(SOUTH OF SNELL RD)","Temporary Polling Location




Handicap Accessable: 
"
OAKLAND COUNTY,OAKLAND CHARTER TOWNSHIP ,     PRECINCT 2,"Permanent Polling Location
TWIN LAKES GOLF CLUB
455 TWIN LAKES DR
OAKLAND TOWNSHIP MI 48363

Handicap Accessable:
Y
","Temporary Polling Location




Handicap Accessable: 
"
OAKLAND COUNTY,OAKLAND CHARTER TOWNSHIP ,     PRECINCT 3,"Permanent Polling Location
BALDWIN ELEM SCHOOL
4325 BANNISTER RD
ROCHESTER MI 48306

Handicap Accessable:
Y
(OFF ORION ROAD NEAR GOODISON CIDER MILL)","Temporary Polling Location




Handicap Accessable: 
"
OAKLAND COUNTY,OAKLAND CHARTER TOWNSHIP ,     PRECINCT 4,"Permanent Polling Location
DELTA KELLY ELEMENTARY SCHOOL
3880 ADAMS RD
OAKLAND MI 48363

Handicap Accessable:
Y
(ADAMS & GUNN ROADS)","Temporary Polling Location




Handicap Accessable: 
"
OAKLAND COUNTY,OAKLAND CHARTER TOWNSHIP ,     PRECINCT 5,"Permanent Polling Location
DELTA KELLY ELEMENTARY SCHOOL
3880 ADAMS RD
OAKLAND MI 48363

Handicap Accessable:
Y
(ADAMS & GUNN ROADS)","Temporary Polling Location




Handicap Accessable: 
"
OAKLAND COUNTY,OAKLAND CHARTER TOWNSHIP ,     PRECINCT 6,"Permanent Polling Location
MUSSON ELEM SCHOOL
3500 W. DUTTON ROAD
ROCHESTER MI 48306

Handicap Accessable:
Y
","Temporary Polling Location




Handicap Accessable: 
"
OAKLAND COUNTY,ORCHARD LAKE VILLAGE CITY ,     PRECINCT 1,"Permanent Polling Location
CITY HALL
3955 ORCHARD LAKE ROAD
ORCHARD LAKE MI 48323

Handicap Accessable:
N
","Temporary Polling Location




Handicap Accessable: 
"
OAKLAND COUNTY,ORION TOWNSHIP ,     PRECINCT 1,"Permanent Polling Location
LAKE ORION UNITED METHODIST CHURCH
140 E FLINT ST
LAKE ORION MI 48362

Handicap Accessable:
Y
","Temporary Polling Location




Handicap Accessable: 
"
OAKLAND COUNTY,ORION TOWNSHIP ,     PRECINCT 2,"Permanent Polling Location
VILLAGE OF LAKE ORION
21 E. CHURCH ST
LAKE ORION MI 48362

Handicap Accessable:
Y
","Temporary Polling Location




Handicap Accessable: 
"
OAKLAND COUNTY,ORION TOWNSHIP ,     PRECINCT 3,"Permanent Polling Location
LAKE ORION CHURCH OF CHRIST
1080 HEMINGWAY RD
LAKE ORION MI 48360

Handicap Accessable:
Y
","Temporary Polling Location




Handicap Accessable: 
"
OAKLAND COUNTY,ORION TOWNSHIP ,     PRECINCT 4,"Permanent Polling Location
ORION TWP LIBRARY
825 JOSLYN RD
LAKE ORION MI 48362

Handicap Accessable:
Y
","Temporary Polling Location




Handicap Accessable: 
"
OAKLAND COUNTY,ORION TOWNSHIP ,     PRECINCT 5,"Permanent Polling Location
GOOD SHEPHERD CHURCH
1950 S BALDWIN RD
LAKE ORION MI 48360

Handicap Accessable:
Y
","Temporary Polling Location




Handicap Accessable: 
"
OAKLAND COUNTY,ORION TOWNSHIP ,     PRECINCT 6,"Permanent Polling Location
THE RIVER CHURCH
3920 S BALDWIN RD
LAKE ORION MI 48359

Handicap Accessable:
Y
","Temporary Polling Location




Handicap Accessable: 
"
OAKLAND COUNTY,ORION TOWNSHIP ,     PRECINCT 7,"Permanent Polling Location
ST MARYS CHURCH
2512 JOSLYN COURT
LAKE ORION MI 48360

Handicap Accessable:
Y
","Temporary Polling Location




Handicap Accessable: 
"
OAKLAND COUNTY,ORION TOWNSHIP ,     PRECINCT 8,"Permanent Polling Location
LAKE ORION COMMUNITY SCHOOLS ADMIN BLDG.
1335 JOSLYN ROAD
LAKE ORION MI 48360

Handicap Accessable:
Y
","Temporary Polling Location




Handicap Accessable: 
"
OAKLAND COUNTY,ORION TOWNSHIP ,     PRECINCT 9,"Permanent Polling Location
LAKE ORION BAPTIST CHURCH
255 E SCRIPPS RD
LAKE ORION MI 48360

Handicap Accessable:
Y
","Temporary Polling Location




Handicap Accessable: 
"
OAKLAND COUNTY,ORION TOWNSHIP ,     PRECINCT 10,"Permanent Polling Location
MOUNT ZION COMMUNITY HOUSE
4005 S. BALDWIN RD
LAKE ORION MI 48359

Handicap Accessable:
Y
","Temporary Polling Location




Handicap Accessable: 
"
OAKLAND COUNTY,ORION TOWNSHIP ,     PRECINCT 11,"Permanent Polling Location
KING OF KINGS CHURCH
1715 S LAPEER RD.
LAKE ORION MI 48360

Handicap Accessable:
Y
","Temporary Polling Location




Handicap Accessable: 
"
OAKLAND COUNTY,OXFORD TOWNSHIP ,     PRECINCT 1,"Permanent Polling Location
OXFORD UNITED METHODIST CHURCH
21 E BURDICK STREET
OXFORD MI 48371

Handicap Accessable:
Y
","Temporary Polling Location




Handicap Accessable: 
"
OAKLAND COUNTY,OXFORD TOWNSHIP ,     PRECINCT 2,"Permanent Polling Location
PARKS AND RECREATION COMMUNITY ROOM
2795 SEYMOUR LAKE ROAD
OXFORD MI 48371

Handicap Accessable:
Y
","Temporary Polling Location




Handicap Accessable: 
"
OAKLAND COUNTY,OXFORD TOWNSHIP ,     PRECINCT 3,"Permanent Polling Location
LAKE POINT COMMUNITY CHURCH
1550 W. DRAHNER RD
OXFORD MI 48371

Handicap Accessable:
Y
","Temporary Polling Location




Handicap Accessable: 
"
OAKLAND COUNTY,OXFORD TOWNSHIP ,     PRECINCT 4,"Permanent Polling Location
OXFORD FREEDOM CHURCH
790 S. LAPEER ROAD
OXFORD MI 48371

Handicap Accessable:
Y
","Temporary Polling Location




Handicap Accessable: 
"
OAKLAND COUNTY,OXFORD TOWNSHIP ,     PRECINCT 5,"Permanent Polling Location
LAKE POINT COMMUNITY CHURCH
1550 W. DRAHNER RD
OXFORD MI 48371

Handicap Accessable:
Y
","Temporary Polling Location




Handicap Accessable: 
"
OAKLAND COUNTY,PLEASANT RIDGE CITY ,     PRECINCT 1,"Permanent Polling Location
COMMUNITY CENTER
4 RIDGE ROAD
PLEASANT RIDGE MI 48069

Handicap Accessable:
N
","Temporary Polling Location




Handicap Accessable: 
"
OAKLAND COUNTY,PONTIAC CITY ,     PRECINCT 1-1,"Permanent Polling Location
WHITMER HUMAN RESOURCE CENTER
60 PARKHURST ST
PONTIAC MI 48342

Handicap Accessable:
Y
","Temporary Polling Location




Handicap Accessable: 
"
OAKLAND COUNTY,PONTIAC CITY ,     PRECINCT 1-2,"Permanent Polling Location
WHITMER HUMAN RESOURCE CENTER
60 PARKHURST ST
PONTIAC MI 48342

Handicap Accessable:
Y
","Temporary Polling Location




Handicap Accessable: 
"
OAKLAND COUNTY,PONTIAC CITY ,     PRECINCT 1-3,"Permanent Polling Location
WHITMER HUMAN RESOURCE CENTER
60 PARKHURST ST
PONTIAC MI 48342

Handicap Accessable:
Y
","Temporary Polling Location




Handicap Accessable: 
"
OAKLAND COUNTY,PONTIAC CITY ,     PRECINCT 2-4,"Permanent Polling Location
BOWENS CENTER
52 BAGLEY
PONTIAC MI 48341

Handicap Accessable:
Y
(ORCHARD LAKE TO BAGLEY ST. BETWEEN ORD LK & WESSEN)","Temporary Polling Location




Handicap Accessable: 
"
OAKLAND COUNTY,PONTIAC CITY ,     PRECINCT 2-5,"Permanent Polling Location
BOWENS CENTER
52 BAGLEY
PONTIAC MI 48341

Handicap Accessable:
Y
(ORCHARD LAKE TO BAGLEY ST. BETWEEN ORD LK & WESSEN)","Temporary Polling Location




Handicap Accessable: 
"
OAKLAND COUNTY,PONTIAC CITY ,     PRECINCT 2-6,"Permanent Polling Location
WALT WHITMAN ELEMENTARY SCHOOL
125 W MONTCALM 
PONTIAC  MI 48342

Handicap Accessable:
Y
","Temporary Polling Location




Handicap Accessable: 
"
OAKLAND COUNTY,PONTIAC CITY ,     PRECINCT 3-7,"Permanent Polling Location
WALT WHITMAN ELEMENTARY SCHOOL
125 W MONTCALM 
PONTIAC  MI 48342

Handicap Accessable:
Y
","Temporary Polling Location




Handicap Accessable: 
"
OAKLAND COUNTY,PONTIAC CITY ,     PRECINCT 3-8,"Permanent Polling Location
ALCOTT ELEMENTARY
460 WEST KENNETT
PONTIAC MI 48340

Handicap Accessable:
Y
","Temporary Polling Location




Handicap Accessable: 
"
OAKLAND COUNTY,PONTIAC CITY ,     PRECINCT 4-9,"Permanent Polling Location




Handicap Accessable:

","Temporary Polling Location
KENNEDY JR HIGH
1700 BALDWIN
PONTIAC MI 48340

Handicap Accessable: Y
(BALDWIN AFTER WEST WALTON - SCHOOL ON RIGHT)"
OAKLAND COUNTY,PONTIAC CITY ,     PRECINCT 4-10,"Permanent Polling Location




Handicap Accessable:

","Temporary Polling Location
KENNEDY JR HIGH
1700 BALDWIN
PONTIAC MI 48340

Handicap Accessable: Y
(BALDWIN AFTER WEST WALTON - SCHOOL ON RIGHT)"
OAKLAND COUNTY,PONTIAC CITY ,     PRECINCT 5-11,"Permanent Polling Location
PONTIAC HIGH
1051 ARLENE
PONTIAC MI 48342

Handicap Accessable:
Y
","Temporary Polling Location




Handicap Accessable: 
"
OAKLAND COUNTY,PONTIAC CITY ,     PRECINCT 5-12,"Permanent Polling Location
PONTIAC HIGH
1051 ARLENE
PONTIAC MI 48342

Handicap Accessable:
Y
","Temporary Polling Location




Handicap Accessable: 
"
OAKLAND COUNTY,PONTIAC CITY ,     PRECINCT 6-13,"Permanent Polling Location
SALVATION ARMY
469 MLK BLVD S
PONTIAC MI 48341

Handicap Accessable:
Y
","Temporary Polling Location




Handicap Accessable: 
"
OAKLAND COUNTY,PONTIAC CITY ,     PRECINCT 6-14,"Permanent Polling Location
SALVATION ARMY
469 MLK BLVD S
PONTIAC MI 48341

Handicap Accessable:
Y
","Temporary Polling Location




Handicap Accessable: 
"
OAKLAND COUNTY,ROCHESTER CITY ,     PRECINCT 1,"Permanent Polling Location
MUNICIPAL BUILDING
400 SIXTH STREET
ROCHESTER MI 48307

Handicap Accessable:
Y
","Temporary Polling Location




Handicap Accessable: 
"
OAKLAND COUNTY,ROCHESTER CITY ,     PRECINCT 2,"Permanent Polling Location
ST. PAULS METHODIST
620  ROMEO
ROCHESTER MI 48307

Handicap Accessable:
Y
","Temporary Polling Location




Handicap Accessable: 
"
OAKLAND COUNTY,ROCHESTER CITY ,     PRECINCT 3,"Permanent Polling Location
ST. PAULS METHODIST
620  ROMEO
ROCHESTER MI 48307

Handicap Accessable:
Y
","Temporary Polling Location




Handicap Accessable: 
"
OAKLAND COUNTY,ROCHESTER HILLS CITY ,     PRECINCT 1-1,"Permanent Polling Location
VANHOOSEN MIDDLE SCH
1339 N ADAMS RD
ROCHESTER HILLS MI 48306

Handicap Accessable:
Y
","Temporary Polling Location




Handicap Accessable: 
"
OAKLAND COUNTY,ROCHESTER HILLS CITY ,     PRECINCT 1-2,"Permanent Polling Location
ROCH ADAMS HIGH SCHL
3200 W TIENKEN RD
ROCHESTER HILLS MI 48306

Handicap Accessable:
Y
","Temporary Polling Location




Handicap Accessable: 
"
OAKLAND COUNTY,ROCHESTER HILLS CITY ,     PRECINCT 1-3,"Permanent Polling Location
ROCH ADAMS HIGH SCHL
3200 W TIENKEN RD
ROCHESTER HILLS MI 48306

Handicap Accessable:
Y
","Temporary Polling Location




Handicap Accessable: 
"
OAKLAND COUNTY,ROCHESTER HILLS CITY ,     PRECINCT 1-4,"Permanent Polling Location
WEST MIDDLE SCHL
500 OLD PERCH RD
ROCHESTER HILLS MI 48309

Handicap Accessable:
Y
","Temporary Polling Location




Handicap Accessable: 
"
OAKLAND COUNTY,ROCHESTER HILLS CITY ,     PRECINCT 1-5,"Permanent Polling Location
ROCHESTER HIGH SCHL
1361 WALTON BLVD
ROCHESTER HILLS MI 48309

Handicap Accessable:
Y
","Temporary Polling Location




Handicap Accessable: 
"
OAKLAND COUNTY,ROCHESTER HILLS CITY ,     PRECINCT 1-6,"Permanent Polling Location
MEADOW BROOK ELEM
2350 MUNSTER
ROCHESTER HILLS MI 48309

Handicap Accessable:
Y
","Temporary Polling Location




Handicap Accessable: 
"
OAKLAND COUNTY,ROCHESTER HILLS CITY ,     PRECINCT 2-7,"Permanent Polling Location
BREWSTER ELEM SCHL
1535 BREWSTER
ROCHESTER HILLS MI 48306

Handicap Accessable:
Y
","Temporary Polling Location




Handicap Accessable: 
"
OAKLAND COUNTY,ROCHESTER HILLS CITY ,     PRECINCT 2-8,"Permanent Polling Location
LONG MEADOW ELEM SCH
450 ALLSTON
ROCHESTER HILLS MI 48309

Handicap Accessable:
Y
","Temporary Polling Location




Handicap Accessable: 
"
OAKLAND COUNTY,ROCHESTER HILLS CITY ,     PRECINCT 2-9,"Permanent Polling Location
HART MIDDLE SCHL
6500 SHELDON RD
ROCHESTER HILLS MI 48306

Handicap Accessable:
Y
","Temporary Polling Location




Handicap Accessable: 
"
OAKLAND COUNTY,ROCHESTER HILLS CITY ,     PRECINCT 2-10,"Permanent Polling Location
NORTH HILL ELEM SCHL
1385 MAHAFFY
ROCHESTER MI 48307

Handicap Accessable:
Y
","Temporary Polling Location




Handicap Accessable: 
"
OAKLAND COUNTY,ROCHESTER HILLS CITY ,     PRECINCT 2-11,"Permanent Polling Location
ROCHESTER HIGH SCHL
1361 WALTON BLVD
ROCHESTER HILLS MI 48309

Handicap Accessable:
Y
","Temporary Polling Location




Handicap Accessable: 
"
OAKLAND COUNTY,ROCHESTER HILLS CITY ,     PRECINCT 3-12,"Permanent Polling Location
HAMLIN ELEM SCHL
270 W HAMLIN RD
ROCHESTER HILLS MI 48307

Handicap Accessable:
Y
","Temporary Polling Location




Handicap Accessable: 
"
OAKLAND COUNTY,ROCHESTER HILLS CITY ,     PRECINCT 3-13,"Permanent Polling Location
AVONDALE GATE MAGNET SCHOOL
1435 W AUBURN RD
ROCHESTER HILLS MI 48309

Handicap Accessable:
Y
","Temporary Polling Location




Handicap Accessable: 
"
OAKLAND COUNTY,ROCHESTER HILLS CITY ,     PRECINCT 3-14,"Permanent Polling Location
DEERFIELD ELEM SCH
3600 CROOKS RD
ROCHESTER HILLS MI 48309

Handicap Accessable:
Y
","Temporary Polling Location




Handicap Accessable: 
"
OAKLAND COUNTY,ROCHESTER HILLS CITY ,     PRECINCT 3-15,"Permanent Polling Location
AVONDALE MIDDLE SCHOOL
1445 W AUBURN RD.
ROCHESTER HILLS MI 48309

Handicap Accessable:
Y
","Temporary Polling Location




Handicap Accessable: 
"
OAKLAND COUNTY,ROCHESTER HILLS CITY ,     PRECINCT 3-16,"Permanent Polling Location
REUTHER MIDDLE SCHL
1430 E AUBURN RD
ROCHESTER HILLS MI 48307

Handicap Accessable:
Y
","Temporary Polling Location




Handicap Accessable: 
"
OAKLAND COUNTY,ROCHESTER HILLS CITY ,     PRECINCT 4-17,"Permanent Polling Location
ROCHESTER HIGH SCHL
1361 WALTON BLVD
ROCHESTER HILLS MI 48309

Handicap Accessable:
Y
","Temporary Polling Location




Handicap Accessable: 
"
OAKLAND COUNTY,ROCHESTER HILLS CITY ,     PRECINCT 4-18,"Permanent Polling Location
HAMPTON ELEM SCHL
530 HAMPTON CIR
ROCHESTER HILLS MI 48307

Handicap Accessable:
Y
","Temporary Polling Location




Handicap Accessable: 
"
OAKLAND COUNTY,ROCHESTER HILLS CITY ,     PRECINCT 4-19,"Permanent Polling Location
REUTHER MIDDLE SCHL
1430 E AUBURN RD
ROCHESTER HILLS MI 48307

Handicap Accessable:
Y
","Temporary Polling Location




Handicap Accessable: 
"
OAKLAND COUNTY,ROCHESTER HILLS CITY ,     PRECINCT 4-20,"Permanent Polling Location
HAMPTON ELEM SCHL
530 HAMPTON CIR
ROCHESTER HILLS MI 48307

Handicap Accessable:
Y
","Temporary Polling Location




Handicap Accessable: 
"
OAKLAND COUNTY,ROCHESTER HILLS CITY ,     PRECINCT 4-21,"Permanent Polling Location
REUTHER MIDDLE SCHL
1430 E AUBURN RD
ROCHESTER HILLS MI 48307

Handicap Accessable:
Y
","Temporary Polling Location




Handicap Accessable: 
"
OAKLAND COUNTY,ROSE TOWNSHIP ,     PRECINCT 1,"Permanent Polling Location
ROSE TOWNSHIP
9080 MASON STREET
HOLLY MI 48442

Handicap Accessable:
Y
","Temporary Polling Location




Handicap Accessable: 
"
OAKLAND COUNTY,ROSE TOWNSHIP ,     PRECINCT 2,"Permanent Polling Location
ROSE PIONEER SCHOOL
7110 MILFORD RD
HOLLY MI 48442

Handicap Accessable:
Y
","Temporary Polling Location




Handicap Accessable: 
"
OAKLAND COUNTY,ROSE TOWNSHIP ,     PRECINCT 3,"Permanent Polling Location
ROSE PIONEER SCHOOL
7110 MILFORD RD
HOLLY MI 48442

Handicap Accessable:
Y
","Temporary Polling Location




Handicap Accessable: 
"
OAKLAND COUNTY,ROYAL OAK CITY ,     PRECINCT 1,"Permanent Polling Location
FARMER'S MARKET
316 E 11 MILE RD
ROYAL OAK MI 48067

Handicap Accessable:
Y
(SE CORNER OF 11 MILE AND TROY)","Temporary Polling Location




Handicap Accessable: 
"
OAKLAND COUNTY,ROYAL OAK CITY ,     PRECINCT 2,"Permanent Polling Location
ROYAL OAK MIDDLE SCH
709 N WASHINGTON
ROYAL OAK MI 48073

Handicap Accessable:
Y
","Temporary Polling Location




Handicap Accessable: 
"
OAKLAND COUNTY,ROYAL OAK CITY ,     PRECINCT 3,"Permanent Polling Location
SALTER COMMUNITY CENTER
1545 E LINCOLN AVE
ROYAL OAK MI 48067

Handicap Accessable:
Y
","Temporary Polling Location




Handicap Accessable: 
"
OAKLAND COUNTY,ROYAL OAK CITY ,     PRECINCT 4,"Permanent Polling Location
KELLER SCHOOL
1505 N CAMPBELL RD
ROYAL OAK MI 48067

Handicap Accessable:
Y
","Temporary Polling Location




Handicap Accessable: 
"
OAKLAND COUNTY,ROYAL OAK CITY ,     PRECINCT 5,"Permanent Polling Location
FARMER'S MARKET
316 E 11 MILE RD
ROYAL OAK MI 48067

Handicap Accessable:
Y
(SE CORNER OF 11 MILE AND TROY)","Temporary Polling Location




Handicap Accessable: 
"
OAKLAND COUNTY,ROYAL OAK CITY ,     PRECINCT 6,"Permanent Polling Location
NORTHWOOD SCHOOL
926 W 12 MILE
ROYAL OAK MI 48073

Handicap Accessable:
Y
","Temporary Polling Location




Handicap Accessable: 
"
OAKLAND COUNTY,ROYAL OAK CITY ,     PRECINCT 7,"Permanent Polling Location
JANE ADDAMS SCHOOL
2222 W WEBSTER
ROYAL OAK MI 48073

Handicap Accessable:
Y
","Temporary Polling Location




Handicap Accessable: 
"
OAKLAND COUNTY,ROYAL OAK CITY ,     PRECINCT 8,"Permanent Polling Location
CHURCHILL COMM CENTE
707 GIRARD
ROYAL OAK MI 48073

Handicap Accessable:
Y
","Temporary Polling Location




Handicap Accessable: 
"
OAKLAND COUNTY,ROYAL OAK CITY ,     PRECINCT 9,"Permanent Polling Location
EMMANUEL BETHEL CHUR
4000 NORMANDY
ROYAL OAK MI 48073

Handicap Accessable:
Y
","Temporary Polling Location




Handicap Accessable: 
"
OAKLAND COUNTY,ROYAL OAK CITY ,     PRECINCT 10,"Permanent Polling Location
M/M SENIOR CENTER
3500 MARAIS
ROYAL OAK MI 48073

Handicap Accessable:
Y
(NORTH OF 13 MILE OFF EAST SIDE OF MARAIS)","Temporary Polling Location




Handicap Accessable: 
"
OAKLAND COUNTY,ROYAL OAK CITY ,     PRECINCT 11,"Permanent Polling Location
ROYAL OAK HIGH SCH
1500 LEXINGTON
ROYAL OAK MI 48073

Handicap Accessable:
Y
","Temporary Polling Location




Handicap Accessable: 
"
OAKLAND COUNTY,ROYAL OAK CITY ,     PRECINCT 12,"Permanent Polling Location
ROYAL OAK HIGH SCH
1500 LEXINGTON
ROYAL OAK MI 48073

Handicap Accessable:
Y
","Temporary Polling Location




Handicap Accessable: 
"
OAKLAND COUNTY,ROYAL OAK CITY ,     PRECINCT 13,"Permanent Polling Location
WOODSIDE CHURCH
3620 ROCHESTER RD
ROYAL OAK MI 48073

Handicap Accessable:
Y
(NORTH EAST CORNER OF WOODLAWD AND ROCHESTER)","Temporary Polling Location




Handicap Accessable: 
"
OAKLAND COUNTY,ROYAL OAK CITY ,     PRECINCT 14,"Permanent Polling Location
UPTON SCHOOL
4400 MANDALAY RD
ROYAL OAK MI 48073

Handicap Accessable:
Y
","Temporary Polling Location




Handicap Accessable: 
"
OAKLAND COUNTY,ROYAL OAK CITY ,     PRECINCT 15,"Permanent Polling Location
OAKLAND TECHNICAL CENTER
5055 DELEMERE
ROYAL OAK MI 48073

Handicap Accessable:
Y
","Temporary Polling Location




Handicap Accessable: 
"
OAKLAND COUNTY,ROYAL OAK TOWNSHIP ,     PRECINCT 1,"Permanent Polling Location
TCEC-GRANT SCHOOL
21131 GARDENLANE-GYMNASIUM
FERNDALE MI 48220

Handicap Accessable:
Y
","Temporary Polling Location




Handicap Accessable: 
"
OAKLAND COUNTY,ROYAL OAK TOWNSHIP ,     PRECINCT 2,"Permanent Polling Location
TCEC - GRANT SCHOOL
21131 GARDENLANE - ROOM 210
FERNDALE MI 48220

Handicap Accessable:
Y
","Temporary Polling Location




Handicap Accessable: 
"
OAKLAND COUNTY,SOUTH LYON CITY ,     PRECINCT 1,"Permanent Polling Location
POLICE & FIRE ADMIN
214 W. LAKE STREET
SOUTH LYON MI 48178

Handicap Accessable:
Y
","Temporary Polling Location




Handicap Accessable: 
"
OAKLAND COUNTY,SOUTH LYON CITY ,     PRECINCT 2,"Permanent Polling Location
BARTLETT ELEMENTARY SCHOOL
350 SCHOOL STREET
SOUTH LYON MI 48178

Handicap Accessable:
Y
","Temporary Polling Location




Handicap Accessable: 
"
OAKLAND COUNTY,SOUTH LYON CITY ,     PRECINCT 3,"Permanent Polling Location
BARTLETT ELEMENTARY SCHOOL
350 SCHOOL STREET
SOUTH LYON MI 48178

Handicap Accessable:
Y
","Temporary Polling Location




Handicap Accessable: 
"
OAKLAND COUNTY,SOUTH LYON CITY ,     PRECINCT 4,"Permanent Polling Location
CITY HALL
335 SOUTH WARREN
SOUTH LYON MI 48178

Handicap Accessable:
Y
","Temporary Polling Location




Handicap Accessable: 
"
OAKLAND COUNTY,SOUTH LYON CITY ,     PRECINCT 5,"Permanent Polling Location
FIRST UNITED METHODIST CHURCH
640 S LAFAYETTE ST
SOUTH LYON MI 48178

Handicap Accessable:
Y
(SW CORNER OF LAFAYETTE ST AND DOROTHY ST)","Temporary Polling Location




Handicap Accessable: 
"
OAKLAND COUNTY,SOUTHFIELD CITY ,     PRECINCT 1,"Permanent Polling Location




Handicap Accessable:

","Temporary Polling Location
BIRNEY MIDDLE SCHOOL
27225 EVERGREEN RD
SOUTHFIELD MI 48076

Handicap Accessable: Y
"
OAKLAND COUNTY,SOUTHFIELD CITY ,     PRECINCT 2,"Permanent Polling Location




Handicap Accessable:

","Temporary Polling Location
MCINTYRE SCHOOL
19600 SARATOGA BLVD
SOUTHFIELD MI 48076

Handicap Accessable: Y
"
OAKLAND COUNTY,SOUTHFIELD CITY ,     PRECINCT 3,"Permanent Polling Location




Handicap Accessable:

","Temporary Polling Location
MCINTYRE SCHOOL
19600 SARATOGA BLVD
SOUTHFIELD MI 48076

Handicap Accessable: Y
"
OAKLAND COUNTY,SOUTHFIELD CITY ,     PRECINCT 4,"Permanent Polling Location
VANDENBERG SCHOOL
16100 EDWARDS
SOUTHFIELD MI 48076

Handicap Accessable:
Y
","Temporary Polling Location




Handicap Accessable: 
"
OAKLAND COUNTY,SOUTHFIELD CITY ,     PRECINCT 5,"Permanent Polling Location
VANDENBERG SCHOOL
16100 EDWARDS
SOUTHFIELD MI 48076

Handicap Accessable:
Y
","Temporary Polling Location




Handicap Accessable: 
"
OAKLAND COUNTY,SOUTHFIELD CITY ,     PRECINCT 6,"Permanent Polling Location




Handicap Accessable:

","Temporary Polling Location
BIRNEY MIDDLE SCHOOL
27225 EVERGREEN RD
SOUTHFIELD MI 48076

Handicap Accessable: Y
"
OAKLAND COUNTY,SOUTHFIELD CITY ,     PRECINCT 7,"Permanent Polling Location
CITY HALL - PAVILION
26000 EVERGREEN RD
SOUTHFIELD MI 48076

Handicap Accessable:
Y
","Temporary Polling Location




Handicap Accessable: 
"
OAKLAND COUNTY,SOUTHFIELD CITY ,     PRECINCT 8,"Permanent Polling Location
CITY HALL - PAVILION
26000 EVERGREEN RD
SOUTHFIELD MI 48076

Handicap Accessable:
Y
","Temporary Polling Location




Handicap Accessable: 
"
OAKLAND COUNTY,SOUTHFIELD CITY ,     PRECINCT 9,"Permanent Polling Location




Handicap Accessable:

","Temporary Polling Location
THOMPSON SCHOOL
16300 LINCOLN DR
SOUTHFIELD MI 48076

Handicap Accessable: Y
"
OAKLAND COUNTY,SOUTHFIELD CITY ,     PRECINCT 10,"Permanent Polling Location




Handicap Accessable:

","Temporary Polling Location
THOMPSON SCHOOL
16300 LINCOLN DR
SOUTHFIELD MI 48076

Handicap Accessable: Y
"
OAKLAND COUNTY,SOUTHFIELD CITY ,     PRECINCT 11,"Permanent Polling Location
ADLER SCHOOL
19100 FILMORE ST
SOUTHFIELD MI 48075

Handicap Accessable:
Y
","Temporary Polling Location




Handicap Accessable: 
"
OAKLAND COUNTY,SOUTHFIELD CITY ,     PRECINCT 12,"Permanent Polling Location
ADLER SCHOOL
19100 FILMORE ST
SOUTHFIELD MI 48075

Handicap Accessable:
Y
","Temporary Polling Location




Handicap Accessable: 
"
OAKLAND COUNTY,SOUTHFIELD CITY ,     PRECINCT 13,"Permanent Polling Location




Handicap Accessable:

","Temporary Polling Location
THOMPSON SCHOOL
16300 LINCOLN DR
SOUTHFIELD MI 48076

Handicap Accessable: Y
"
OAKLAND COUNTY,SOUTHFIELD CITY ,     PRECINCT 14,"Permanent Polling Location




Handicap Accessable:

","Temporary Polling Location
THOMPSON SCHOOL
16300 LINCOLN DR
SOUTHFIELD MI 48076

Handicap Accessable: Y
"
OAKLAND COUNTY,SOUTHFIELD CITY ,     PRECINCT 15,"Permanent Polling Location
OAKLAND CHURCH
23333 W 10 MILE RD
SOUTHFIELD MI 48034

Handicap Accessable:
Y
","Temporary Polling Location




Handicap Accessable: 
"
OAKLAND COUNTY,SOUTHFIELD CITY ,     PRECINCT 16,"Permanent Polling Location




Handicap Accessable:

","Temporary Polling Location
ST. GEORGE ROMANIAN ORTHODOX CATHEDRAL
18405  WEST NINE MILE ROAD 
SOUTHFIELD  MI 48075-4033

Handicap Accessable: Y
(9 MILE AND THE LODGE FREEWAY)"
OAKLAND COUNTY,SOUTHFIELD CITY ,     PRECINCT 17,"Permanent Polling Location
SOUTHFIELD ED CENTER
16299 MOUNT VERNON
SOUTHFIELD MI 48075

Handicap Accessable:
Y
","Temporary Polling Location




Handicap Accessable: 
"
OAKLAND COUNTY,SOUTHFIELD CITY ,     PRECINCT 18,"Permanent Polling Location
SOUTHFIELD ED CENTER
16299 MOUNT VERNON
SOUTHFIELD MI 48075

Handicap Accessable:
Y
","Temporary Polling Location




Handicap Accessable: 
"
OAKLAND COUNTY,SOUTHFIELD CITY ,     PRECINCT 19,"Permanent Polling Location
NEW HOPE BAPTIST CH
23455 W. NINE MILE ROAD
SOUTHFIELD MI 48033

Handicap Accessable:
Y
","Temporary Polling Location




Handicap Accessable: 
"
OAKLAND COUNTY,SOUTHFIELD CITY ,     PRECINCT 20,"Permanent Polling Location




Handicap Accessable:

","Temporary Polling Location
ST. GEORGE ROMANIAN ORTHODOX CATHEDRAL
18405  WEST NINE MILE ROAD 
SOUTHFIELD  MI 48075-4033

Handicap Accessable: Y
(9 MILE AND THE LODGE FREEWAY)"
OAKLAND COUNTY,SOUTHFIELD CITY ,     PRECINCT 21,"Permanent Polling Location
ST JOHNS ARMENIAN
22001 NORTHWESTERN HWY
SOUTHFIELD MI 48075

Handicap Accessable:
Y
","Temporary Polling Location




Handicap Accessable: 
"
OAKLAND COUNTY,SOUTHFIELD CITY ,     PRECINCT 22,"Permanent Polling Location
ST JOHNS ARMENIAN
22001 NORTHWESTERN HWY
SOUTHFIELD MI 48075

Handicap Accessable:
Y
","Temporary Polling Location




Handicap Accessable: 
"
OAKLAND COUNTY,SOUTHFIELD CITY ,     PRECINCT 23,"Permanent Polling Location
REGENCY MANOR
25228 W 12 MILE RD
SOUTHFIELD MI 48034

Handicap Accessable:
Y
","Temporary Polling Location




Handicap Accessable: 
"
OAKLAND COUNTY,SOUTHFIELD CITY ,     PRECINCT 24,"Permanent Polling Location
REGENCY MANOR
25228 W 12 MILE RD
SOUTHFIELD MI 48034

Handicap Accessable:
Y
","Temporary Polling Location




Handicap Accessable: 
"
OAKLAND COUNTY,SOUTHFIELD CITY ,     PRECINCT 25,"Permanent Polling Location
STEVENSON SCHOOL
27777 LAHSER ROAD
SOUTHFIELD MI 48034

Handicap Accessable:
Y
","Temporary Polling Location




Handicap Accessable: 
"
OAKLAND COUNTY,SOUTHFIELD CITY ,     PRECINCT 26,"Permanent Polling Location
STEVENSON SCHOOL
27777 LAHSER ROAD
SOUTHFIELD MI 48034

Handicap Accessable:
Y
","Temporary Polling Location




Handicap Accessable: 
"
OAKLAND COUNTY,SOUTHFIELD CITY ,     PRECINCT 27,"Permanent Polling Location
CHRISTIAN TABERNACLE
26555 FRANKLIN RD
SOUTHFIELD MI 48034

Handicap Accessable:
Y
","Temporary Polling Location




Handicap Accessable: 
"
OAKLAND COUNTY,SOUTHFIELD CITY ,     PRECINCT 28,"Permanent Polling Location
CHRISTIAN TABERNACLE
26555 FRANKLIN RD
SOUTHFIELD MI 48034

Handicap Accessable:
Y
","Temporary Polling Location




Handicap Accessable: 
"
OAKLAND COUNTY,SOUTHFIELD CITY ,     PRECINCT 29,"Permanent Polling Location




Handicap Accessable:

","Temporary Polling Location
LEVEY MIDDLE SCHOOL
25300 W 9 MILE RD
SOUTHFIELD MI 48034

Handicap Accessable: Y
"
OAKLAND COUNTY,SOUTHFIELD CITY ,     PRECINCT 30,"Permanent Polling Location
HOPE METHODIST
26275 NORTHWESTERN HWY
SOUTHFIELD MI 48076

Handicap Accessable:
Y
","Temporary Polling Location




Handicap Accessable: 
"
OAKLAND COUNTY,SOUTHFIELD CITY ,     PRECINCT 31,"Permanent Polling Location
HOPE METHODIST
26275 NORTHWESTERN HWY
SOUTHFIELD MI 48076

Handicap Accessable:
Y
","Temporary Polling Location




Handicap Accessable: 
"
OAKLAND COUNTY,SOUTHFIELD CITY ,     PRECINCT 32,"Permanent Polling Location




Handicap Accessable:

","Temporary Polling Location
LEVEY MIDDLE SCHOOL
25300 W 9 MILE RD
SOUTHFIELD MI 48034

Handicap Accessable: Y
"
OAKLAND COUNTY,SOUTHFIELD CITY ,     PRECINCT 33,"Permanent Polling Location
OAKLAND CHURCH
23333 W 10 MILE RD
SOUTHFIELD MI 48034

Handicap Accessable:
Y
","Temporary Polling Location




Handicap Accessable: 
"
OAKLAND COUNTY,SOUTHFIELD CITY ,     PRECINCT 34,"Permanent Polling Location
BEECH WOODS CENTER
22200 BEECH RD
SOUTHFIELD MI 48034

Handicap Accessable:
Y
","Temporary Polling Location




Handicap Accessable: 
"
OAKLAND COUNTY,SOUTHFIELD CITY ,     PRECINCT 35,"Permanent Polling Location
BEECH WOODS CENTER
22200 BEECH RD
SOUTHFIELD MI 48034

Handicap Accessable:
Y
","Temporary Polling Location




Handicap Accessable: 
"
OAKLAND COUNTY,SOUTHFIELD CITY ,     PRECINCT 36,"Permanent Polling Location
NEW HOPE BAPTIST CH
23455 W. NINE MILE ROAD
SOUTHFIELD MI 48033

Handicap Accessable:
Y
","Temporary Polling Location




Handicap Accessable: 
"
OAKLAND COUNTY,SOUTHFIELD TOWNSHIP ,     PRECINCT 1,"Permanent Polling Location
GREENFIELD SCHOOL
31200 FAIRFAX
FRANKLIN MI 48025

Handicap Accessable:
Y
(WEST OF GREENFIELD, NORTH OF 13 MILE ROAD)","Temporary Polling Location




Handicap Accessable: 
"
OAKLAND COUNTY,SOUTHFIELD TOWNSHIP ,     PRECINCT 2,"Permanent Polling Location
BEVERLY SCHOOL
18305 BEVERLY ROAD
FRANKLIN MI 48025

Handicap Accessable:
Y
(BETWEEN SOUTHFIELD AND EVERGREEN ROADS)","Temporary Polling Location




Handicap Accessable: 
"
OAKLAND COUNTY,SOUTHFIELD TOWNSHIP ,     PRECINCT 3,"Permanent Polling Location
TOWNSHIP HALL
18550 W 13 MILE RD
FRANKLIN MI 48025

Handicap Accessable:
Y
(BETWEEN SOUTHFIELD AND EVERGREEN ROADS)","Temporary Polling Location




Handicap Accessable: 
"
OAKLAND COUNTY,SOUTHFIELD TOWNSHIP ,     PRECINCT 4,"Permanent Polling Location
BERKSHIRE SCHOOL
21707 W 14 MILE ROAD
FRANKLIN MI 48025

Handicap Accessable:
Y
(EAST OF LAHSER, SOUTH SIDE OF 14 MILE ROAD)","Temporary Polling Location




Handicap Accessable: 
"
OAKLAND COUNTY,SOUTHFIELD TOWNSHIP ,     PRECINCT 5,"Permanent Polling Location
GROVES HIGH SCHOOL
20500 W 13 MILE ROAD
FRANKLIN MI 48025

Handicap Accessable:
Y
(NORTHWEST CORNER OF EVERGREEN AND 13 MILE ROADS)","Temporary Polling Location




Handicap Accessable: 
"
OAKLAND COUNTY,SOUTHFIELD TOWNSHIP ,     PRECINCT 6,"Permanent Polling Location
BINGHAM FARMS SCHOOL
23400 W 13 MILE ROAD
FRANKLIN MI 48025

Handicap Accessable:
Y
(BETWEEN LAHSER AND TELEGRAPH ROADS)","Temporary Polling Location




Handicap Accessable: 
"
OAKLAND COUNTY,SOUTHFIELD TOWNSHIP ,     PRECINCT 7,"Permanent Polling Location
FRANKLIN COMM CHURCH
26425 WELLINGTON
FRANKLIN MI 48025

Handicap Accessable:
Y
(WEST OF FRANKLIN ROAD BEHIND MUNICIPAL BUILDINGS)","Temporary Polling Location




Handicap Accessable: 
"
OAKLAND COUNTY,SPRINGFIELD TOWNSHIP ,     PRECINCT 1,"Permanent Polling Location
SPRINGFIELD CIV. CEN
12000 DAVISBURG RD
DAVISBURG MI 48350

Handicap Accessable:
Y
(ACROSS FROM DAVISBURG ELE.)","Temporary Polling Location




Handicap Accessable: 
"
OAKLAND COUNTY,SPRINGFIELD TOWNSHIP ,     PRECINCT 2,"Permanent Polling Location
FIRE STATION #2
10280 RATTALEE LAKE
DAVISBURG MI 48350

Handicap Accessable:
Y
(RATTALEE & DIXIE)","Temporary Polling Location




Handicap Accessable: 
"
OAKLAND COUNTY,SPRINGFIELD TOWNSHIP ,     PRECINCT 3,"Permanent Polling Location
SPRINGFIELD TOWNSHIP FIRE STATION 3
9482 ANDERSONVILLE RD
CLARKSTON MI 48348

Handicap Accessable:
Y
","Temporary Polling Location




Handicap Accessable: 
"
OAKLAND COUNTY,SPRINGFIELD TOWNSHIP ,     PRECINCT 4,"Permanent Polling Location
WAYPOINT CHURCH
8400 DIXIE HIGHWAY
CLARKSTON MI 48348

Handicap Accessable:
Y
","Temporary Polling Location




Handicap Accessable: 
"
OAKLAND COUNTY,SPRINGFIELD TOWNSHIP ,     PRECINCT 5,"Permanent Polling Location
WAYPOINT CHURCH
8400 DIXIE HIGHWAY
CLARKSTON MI 48348

Handicap Accessable:
Y
","Temporary Polling Location




Handicap Accessable: 
"
OAKLAND COUNTY,SYLVAN LAKE CITY ,     PRECINCT 1,"Permanent Polling Location
COMMUNITY CENTER
2456 PONTIAC DR
SYLVAN LAKE CITY MI 48320

Handicap Accessable:
N
","Temporary Polling Location




Handicap Accessable: 
"
OAKLAND COUNTY,TROY CITY ,     PRECINCT 1,"Permanent Polling Location
EVANSWOOD CHURCH OF GOD
2601 E. SQUARE LAKE
TROY MI 48085

Handicap Accessable:
Y
(NORTH OF SQUARE LAKE; EAST OF JOHN R)","Temporary Polling Location




Handicap Accessable: 
"
OAKLAND COUNTY,TROY CITY ,     PRECINCT 2,"Permanent Polling Location
WOODSIDE BIBLE CHURCH
6600 ROCHESTER ROAD
TROY MI 48085

Handicap Accessable:
Y
(EAST SIDE OF ROCHESTER RD BET 19 MILE & SOUTH BLVD)","Temporary Polling Location




Handicap Accessable: 
"
OAKLAND COUNTY,TROY CITY ,     PRECINCT 3,"Permanent Polling Location
FIRST UNITED METHODIST CHURCH
6363 LIVERNOIS
TROY MI 48098

Handicap Accessable:
Y
(WEST SIDE OF LIVERNOIS, BET SQUARE LK & SOUTH BLVD)","Temporary Polling Location




Handicap Accessable: 
"
OAKLAND COUNTY,TROY CITY ,     PRECINCT 4,"Permanent Polling Location
FAITH APOSTOLIC CHURCH
6710 CROOKS
TROY MI 48098

Handicap Accessable:
Y
(EAST OF CROOKS; SOUTH OF SOUTH BLVD.)","Temporary Polling Location




Handicap Accessable: 
"
OAKLAND COUNTY,TROY CITY ,     PRECINCT 5,"Permanent Polling Location
TROY NATURE CENTER
6685 COOLIDGE HWY.
TROY MI 48098

Handicap Accessable:
Y
(WEST OF COOLIDGE; SOUTH OF SOUTH BLVD.)","Temporary Polling Location




Handicap Accessable: 
"
OAKLAND COUNTY,TROY CITY ,     PRECINCT 6,"Permanent Polling Location
ST STEPHEN EPISCOPAL CHURCH
5500 ADAMS
TROY MI 48098

Handicap Accessable:
Y
(NORTH OF LONG LAKE; EAST OF ADAMS)","Temporary Polling Location




Handicap Accessable: 
"
OAKLAND COUNTY,TROY CITY ,     PRECINCT 7,"Permanent Polling Location
ST STEPHEN EPISCOPAL CHURCH
5500 ADAMS
TROY MI 48098

Handicap Accessable:
Y
(NORTH OF LONG LAKE; EAST OF ADAMS)","Temporary Polling Location




Handicap Accessable: 
"
OAKLAND COUNTY,TROY CITY ,     PRECINCT 8,"Permanent Polling Location
NORTHFIELD HILLS BAPTIST CHURCH
1800 W LONG LAKE
TROY MI 48098

Handicap Accessable:
Y
(NORTH OF LONG LAKE; EAST OF COOLIDGE)","Temporary Polling Location




Handicap Accessable: 
"
OAKLAND COUNTY,TROY CITY ,     PRECINCT 9,"Permanent Polling Location
SALT CHURCH
5475 LIVERNOIS
TROY MI 48098

Handicap Accessable:
Y
(WEST SIDE OF LIVERNOIS, BETWEEN LONG LAKE & SQUARE LAKE)","Temporary Polling Location




Handicap Accessable: 
"
OAKLAND COUNTY,TROY CITY ,     PRECINCT 10,"Permanent Polling Location
FIRST UNITED METHODIST CHURCH
6363 LIVERNOIS
TROY MI 48098

Handicap Accessable:
Y
(WEST SIDE OF LIVERNOIS, BET SQUARE LK & SOUTH BLVD)","Temporary Polling Location




Handicap Accessable: 
"
OAKLAND COUNTY,TROY CITY ,     PRECINCT 11,"Permanent Polling Location
WOODSIDE BIBLE CHURCH
6600 ROCHESTER ROAD
TROY MI 48085

Handicap Accessable:
Y
(EAST SIDE OF ROCHESTER RD BET 19 MILE & SOUTH BLVD)","Temporary Polling Location




Handicap Accessable: 
"
OAKLAND COUNTY,TROY CITY ,     PRECINCT 12,"Permanent Polling Location
KENSINGTON COMMUNITY CHURCH
1825 E. SQUARE LAKE
TROY MI 48085

Handicap Accessable:
Y
(NORTH OF SQUARE LAKE; WEST OF JOHN R)","Temporary Polling Location




Handicap Accessable: 
"
OAKLAND COUNTY,TROY CITY ,     PRECINCT 13,"Permanent Polling Location
KENSINGTON COMMUNITY CHURCH
1825 E. SQUARE LAKE
TROY MI 48085

Handicap Accessable:
Y
(NORTH OF SQUARE LAKE; WEST OF JOHN R)","Temporary Polling Location




Handicap Accessable: 
"
OAKLAND COUNTY,TROY CITY ,     PRECINCT 14,"Permanent Polling Location
ST ANASTASIA CATHOLIC CHURCH
4571 JOHN R
TROY MI 48085

Handicap Accessable:
Y
(WEST OF JOHN R; SOUTH OF LONG LAKE)","Temporary Polling Location




Handicap Accessable: 
"
OAKLAND COUNTY,TROY CITY ,     PRECINCT 15,"Permanent Polling Location
ST LUCY CROATIAN CATHOLIC CHURCH
200 E. WATTLES
TROY MI 48085

Handicap Accessable:
Y
(SOUTH OF WATTLES; EAST OF LIVERNOIS)","Temporary Polling Location




Handicap Accessable: 
"
OAKLAND COUNTY,TROY CITY ,     PRECINCT 16,"Permanent Polling Location
FIRST PRESBYTERIAN CHURCH
4328 LIVERNOIS
TROY MI 48098

Handicap Accessable:
Y
(EAST OF LIVERNOIS; NORTH OF WATTLES)","Temporary Polling Location




Handicap Accessable: 
"
OAKLAND COUNTY,TROY CITY ,     PRECINCT 17,"Permanent Polling Location
ST NICHOLAS GREEK ORTHODOX CHURCH
760 W. WATTLES
TROY MI 48098

Handicap Accessable:
Y
(NORTH OF WATTLES; EAST OF CROOKS)","Temporary Polling Location




Handicap Accessable: 
"
OAKLAND COUNTY,TROY CITY ,     PRECINCT 18,"Permanent Polling Location
CENTRAL WOODWARD CHRISTIAN CHURCH
3955 W. BIG BEAVER RD.
TROY MI 48084

Handicap Accessable:
Y
(SOUTH SIDE OF W. BIG BEAVER, BETWEEN ADAMS AND COO)","Temporary Polling Location




Handicap Accessable: 
"
OAKLAND COUNTY,TROY CITY ,     PRECINCT 19,"Permanent Polling Location
LUTHERAN CHURCH OF THE MASTER
3333 COOLIDGE HIGHWAY
TROY MI 48084

Handicap Accessable:
Y
(WEST SIDE OF COOLIDGE HWY, NORTH OF BIG BEAVER RD)","Temporary Polling Location




Handicap Accessable: 
"
OAKLAND COUNTY,TROY CITY ,     PRECINCT 20,"Permanent Polling Location
ST NICHOLAS GREEK ORTHODOX CHURCH
760 W. WATTLES
TROY MI 48098

Handicap Accessable:
Y
(NORTH OF WATTLES; EAST OF CROOKS)","Temporary Polling Location




Handicap Accessable: 
"
OAKLAND COUNTY,TROY CITY ,     PRECINCT 21,"Permanent Polling Location
ST ANASTASIA CATHOLIC CHURCH
4571 JOHN R
TROY MI 48085

Handicap Accessable:
Y
(WEST OF JOHN R; SOUTH OF LONG LAKE)","Temporary Polling Location




Handicap Accessable: 
"
OAKLAND COUNTY,TROY CITY ,     PRECINCT 22,"Permanent Polling Location
ST JOSEPH CHALDEAN CATHOLIC CHURCH
2442 E. BIG BEAVER
TROY MI 48083

Handicap Accessable:
Y
(SOUTH OF BIG BEAVER; EAST OF JOHN R)","Temporary Polling Location




Handicap Accessable: 
"
OAKLAND COUNTY,TROY CITY ,     PRECINCT 23,"Permanent Polling Location
ST GEORGE ANTIOCHIAN ORTHODOX CHURCH
2160 E. MAPLE
TROY MI 48083

Handicap Accessable:
Y
(SOUTH OF MAPLE; EAST OF JOHN R)","Temporary Polling Location




Handicap Accessable: 
"
OAKLAND COUNTY,TROY CITY ,     PRECINCT 24,"Permanent Polling Location
ST GEORGE ANTIOCHIAN ORTHODOX CHURCH
2160 E. MAPLE
TROY MI 48083

Handicap Accessable:
Y
(SOUTH OF MAPLE; EAST OF JOHN R)","Temporary Polling Location




Handicap Accessable: 
"
OAKLAND COUNTY,TROY CITY ,     PRECINCT 25,"Permanent Polling Location
ST GEORGE ANTIOCHIAN ORTHODOX CHURCH
2160 E. MAPLE
TROY MI 48083

Handicap Accessable:
Y
(SOUTH OF MAPLE; EAST OF JOHN R)","Temporary Polling Location




Handicap Accessable: 
"
OAKLAND COUNTY,TROY CITY ,     PRECINCT 26,"Permanent Polling Location
TROY COMMUNITY CENTER
3179 LIVERNOIS
TROY MI 48083

Handicap Accessable:
Y
(NORTH OF BIG BEAVER; WEST OF LIVERNOIS)","Temporary Polling Location




Handicap Accessable: 
"
OAKLAND COUNTY,TROY CITY ,     PRECINCT 27,"Permanent Polling Location
TROY COMMUNITY CENTER
3179 LIVERNOIS
TROY MI 48083

Handicap Accessable:
Y
(NORTH OF BIG BEAVER; WEST OF LIVERNOIS)","Temporary Polling Location




Handicap Accessable: 
"
OAKLAND COUNTY,VILLAGE OF CLARKSTON CITY ,     PRECINCT 1,"Permanent Polling Location
CLARKSTON CITY HALL
375 DEPOT ROAD
CLARKSTON MI 48346

Handicap Accessable:
N
","Temporary Polling Location




Handicap Accessable: 
"
OAKLAND COUNTY,WALLED LAKE CITY ,     PRECINCT 1,"Permanent Polling Location
WL FIRE STATION
1499 E. WEST MAPLE
WALLED LAKE MI 48390

Handicap Accessable:
Y
","Temporary Polling Location




Handicap Accessable: 
"
OAKLAND COUNTY,WALLED LAKE CITY ,     PRECINCT 2,"Permanent Polling Location
WL FIRE STATION
1499 E. WEST MAPLE
WALLED LAKE MI 48390

Handicap Accessable:
Y
","Temporary Polling Location




Handicap Accessable: 
"
OAKLAND COUNTY,WALLED LAKE CITY ,     PRECINCT 3,"Permanent Polling Location
WL FIRE STATION
1499 E. WEST MAPLE
WALLED LAKE MI 48390

Handicap Accessable:
Y
","Temporary Polling Location




Handicap Accessable: 
"
OAKLAND COUNTY,WATERFORD TOWNSHIP ,     PRECINCT 1,"Permanent Polling Location
SCHOOLCRAFT ELEMENTARY
6400 MACEDAY DR
WATERFORD MI 48329

Handicap Accessable:
Y
","Temporary Polling Location




Handicap Accessable: 
"
OAKLAND COUNTY,WATERFORD TOWNSHIP ,     PRECINCT 2,"Permanent Polling Location
KETTERING HIGH SCHOOL
2800 KETTERING DR 
WATERFORD MI 48327

Handicap Accessable:
Y
(HATCHERY AND CRESCENT LAKE ROADS)","Temporary Polling Location




Handicap Accessable: 
"
OAKLAND COUNTY,WATERFORD TOWNSHIP ,     PRECINCT 3,"Permanent Polling Location
OUR LADY OF LAKES
ST JOSEPH HALL 5481 DIXIE HWY
WATERFORD MI 48329

Handicap Accessable:
Y
","Temporary Polling Location




Handicap Accessable: 
"
OAKLAND COUNTY,WATERFORD TOWNSHIP ,     PRECINCT 4,"Permanent Polling Location
GRAYSON ELEMENTARY SCHOOL
3800 W WALTON BLVD
WATERFORD MI 48329

Handicap Accessable:
Y
","Temporary Polling Location




Handicap Accessable: 
"
OAKLAND COUNTY,WATERFORD TOWNSHIP ,     PRECINCT 5,"Permanent Polling Location
MASON MIDDLE SCHOOL
3835 W WALTON BLVD
WATERFORD MI 48329

Handicap Accessable:
Y
","Temporary Polling Location




Handicap Accessable: 
"
OAKLAND COUNTY,WATERFORD TOWNSHIP ,     PRECINCT 6,"Permanent Polling Location
KETTERING HIGH SCHOOL
2800 KETTERING DR 
WATERFORD MI 48327

Handicap Accessable:
Y
(HATCHERY AND CRESCENT LAKE ROADS)","Temporary Polling Location




Handicap Accessable: 
"
OAKLAND COUNTY,WATERFORD TOWNSHIP ,     PRECINCT 7,"Permanent Polling Location
OUR LADY OF LAKES
ST JOSEPH HALL 5481 DIXIE HWY
WATERFORD MI 48329

Handicap Accessable:
Y
","Temporary Polling Location




Handicap Accessable: 
"
OAKLAND COUNTY,WATERFORD TOWNSHIP ,     PRECINCT 8,"Permanent Polling Location
PIERCE MIDDLE SCHOOL
5145 HATCHERY
WATERFORD MI 48329

Handicap Accessable:
Y
","Temporary Polling Location




Handicap Accessable: 
"
OAKLAND COUNTY,WATERFORD TOWNSHIP ,     PRECINCT 9,"Permanent Polling Location
KETTERING HIGH SCHOOL
2800 KETTERING DR 
WATERFORD MI 48327

Handicap Accessable:
Y
(HATCHERY AND CRESCENT LAKE ROADS)","Temporary Polling Location




Handicap Accessable: 
"
OAKLAND COUNTY,WATERFORD TOWNSHIP ,     PRECINCT 10,"Permanent Polling Location
MASON MIDDLE SCHOOL
3835 W WALTON BLVD
WATERFORD MI 48329

Handicap Accessable:
Y
","Temporary Polling Location




Handicap Accessable: 
"
OAKLAND COUNTY,WATERFORD TOWNSHIP ,     PRECINCT 11,"Permanent Polling Location
BEAUMONT ELEMENTARY SCHOOL
6532 ELIZABETH LAKE ROAD
WATERFORD MI 48327

Handicap Accessable:
Y
","Temporary Polling Location




Handicap Accessable: 
"
OAKLAND COUNTY,WATERFORD TOWNSHIP ,     PRECINCT 12,"Permanent Polling Location
MOTT HIGH SCHOOL
1151 SCOTT LAKE RD
WATERFORD MI 48328

Handicap Accessable:
Y
","Temporary Polling Location




Handicap Accessable: 
"
OAKLAND COUNTY,WATERFORD TOWNSHIP ,     PRECINCT 13,"Permanent Polling Location
RIVERSIDE ELEMENTARY SCHOOL
5280 FARM ROAD
WATERFORD MI 48327

Handicap Accessable:
Y
","Temporary Polling Location




Handicap Accessable: 
"
OAKLAND COUNTY,WATERFORD TOWNSHIP ,     PRECINCT 14,"Permanent Polling Location
MOTT HIGH SCHOOL
1151 SCOTT LAKE RD
WATERFORD MI 48328

Handicap Accessable:
Y
","Temporary Polling Location




Handicap Accessable: 
"
OAKLAND COUNTY,WATERFORD TOWNSHIP ,     PRECINCT 15,"Permanent Polling Location
MOTT HIGH SCHOOL
1151 SCOTT LAKE RD
WATERFORD MI 48328

Handicap Accessable:
Y
","Temporary Polling Location




Handicap Accessable: 
"
OAKLAND COUNTY,WATERFORD TOWNSHIP ,     PRECINCT 16,"Permanent Polling Location
BEAUMONT ELEMENTARY SCHOOL
6532 ELIZABETH LAKE ROAD
WATERFORD MI 48327

Handicap Accessable:
Y
","Temporary Polling Location




Handicap Accessable: 
"
OAKLAND COUNTY,WATERFORD TOWNSHIP ,     PRECINCT 17,"Permanent Polling Location
CENTRAL UNITED METHODIST CHURCH
3882 HIGHLAND RD
WATERFORD MI 48328

Handicap Accessable:
Y
","Temporary Polling Location




Handicap Accessable: 
"
OAKLAND COUNTY,WATERFORD TOWNSHIP ,     PRECINCT 18,"Permanent Polling Location
HESS-HATHAWAY PARK
825 SOUTH  WILLIAMS LAKE RD
WATERFORD MI 48327

Handicap Accessable:
Y
","Temporary Polling Location




Handicap Accessable: 
"
OAKLAND COUNTY,WATERFORD TOWNSHIP ,     PRECINCT 19,"Permanent Polling Location
HAVILAND ELEMENTARY SCHOOL
5305 CASS ELIZABETH ROAD
WATERFORD MI 48327

Handicap Accessable:
Y
","Temporary Polling Location




Handicap Accessable: 
"
OAKLAND COUNTY,WATERFORD TOWNSHIP ,     PRECINCT 20,"Permanent Polling Location
HAVILAND ELEMENTARY SCHOOL
5305 CASS ELIZABETH ROAD
WATERFORD MI 48327

Handicap Accessable:
Y
","Temporary Polling Location




Handicap Accessable: 
"
OAKLAND COUNTY,WATERFORD TOWNSHIP ,     PRECINCT 21,"Permanent Polling Location
CENTRAL UNITED METHODIST CHURCH
3882 HIGHLAND RD
WATERFORD MI 48328

Handicap Accessable:
Y
","Temporary Polling Location




Handicap Accessable: 
"
OAKLAND COUNTY,WEST BLOOMFIELD TOWNSHIP ,     PRECINCT 1,"Permanent Polling Location
LONE PINE ELEMENTARY SCHOOL
2601 LONE PINE ROAD
WEST BLOOMFIELD MI 48323

Handicap Accessable:
Y
(BETWEEN MIDDLEBELT & INKSTER)","Temporary Polling Location




Handicap Accessable: 
"
OAKLAND COUNTY,WEST BLOOMFIELD TOWNSHIP ,     PRECINCT 2,"Permanent Polling Location
LONE PINE ELEMENTARY SCHOOL
2601 LONE PINE ROAD
WEST BLOOMFIELD MI 48323

Handicap Accessable:
Y
(BETWEEN MIDDLEBELT & INKSTER)","Temporary Polling Location




Handicap Accessable: 
"
OAKLAND COUNTY,WEST BLOOMFIELD TOWNSHIP ,     PRECINCT 3,"Permanent Polling Location
LONE PINE ELEMENTARY SCHOOL
2601 LONE PINE ROAD
WEST BLOOMFIELD MI 48323

Handicap Accessable:
Y
(BETWEEN MIDDLEBELT & INKSTER)","Temporary Polling Location




Handicap Accessable: 
"
OAKLAND COUNTY,WEST BLOOMFIELD TOWNSHIP ,     PRECINCT 4,"Permanent Polling Location
SHEPHERD KING LUTHERAN CHURCH
5300 W MAPLE ROAD
WEST BLOOMFIELD MI 48322

Handicap Accessable:
Y
(INTERSECTION:  MAPLE & MIDDLEBELT ROAD)","Temporary Polling Location




Handicap Accessable: 
"
OAKLAND COUNTY,WEST BLOOMFIELD TOWNSHIP ,     PRECINCT 5,"Permanent Polling Location
SPIRIT OF GRACE CHURCH
2399 FIGA 
WEST BLOOMFIELD MI 48324

Handicap Accessable:
Y
","Temporary Polling Location




Handicap Accessable: 
"
OAKLAND COUNTY,WEST BLOOMFIELD TOWNSHIP ,     PRECINCT 6,"Permanent Polling Location
WEST BLOOMFIELD SCHOOLS ACS BUILDING
5810 COMMERCE RD
WEST BLOOMFIELD MI 48324

Handicap Accessable:
Y
","Temporary Polling Location




Handicap Accessable: 
"
OAKLAND COUNTY,WEST BLOOMFIELD TOWNSHIP ,     PRECINCT 7,"Permanent Polling Location
PLEASANT LAKE ELEMENTARY SCHOOL
4900 HALSTED
WEST BLOOMFIELD MI 48323

Handicap Accessable:
Y
(W SIDE OF HALSTEAD - N OF RR TRACKS)","Temporary Polling Location




Handicap Accessable: 
"
OAKLAND COUNTY,WEST BLOOMFIELD TOWNSHIP ,     PRECINCT 8,"Permanent Polling Location
WALNUT CREEK MIDDLE SCHOOL
7601 WALNUT LAKE ROAD
WEST BLOOMFIELD MI 48323

Handicap Accessable:
Y
(WALNUT LAKE RD, EAST OF HAGGERTY )","Temporary Polling Location




Handicap Accessable: 
"
OAKLAND COUNTY,WEST BLOOMFIELD TOWNSHIP ,     PRECINCT 9,"Permanent Polling Location
WALNUT CREEK MIDDLE SCHOOL
7601 WALNUT LAKE ROAD
WEST BLOOMFIELD MI 48323

Handicap Accessable:
Y
(WALNUT LAKE RD, EAST OF HAGGERTY )","Temporary Polling Location




Handicap Accessable: 
"
OAKLAND COUNTY,WEST BLOOMFIELD TOWNSHIP ,     PRECINCT 10,"Permanent Polling Location
WALNUT CREEK MIDDLE SCHOOL
7601 WALNUT LAKE ROAD
WEST BLOOMFIELD MI 48323

Handicap Accessable:
Y
(WALNUT LAKE RD, EAST OF HAGGERTY )","Temporary Polling Location




Handicap Accessable: 
"
OAKLAND COUNTY,WEST BLOOMFIELD TOWNSHIP ,     PRECINCT 11,"Permanent Polling Location




Handicap Accessable:

","Temporary Polling Location
TEMPLE ISRAEL
5725 WALNUT LAKE ROAD
WEST BLOOMFIELD MI 48323

Handicap Accessable: Y
(S SIDE OF WALNUT - E OF DRAKE)"
OAKLAND COUNTY,WEST BLOOMFIELD TOWNSHIP ,     PRECINCT 12,"Permanent Polling Location
MARSHBANK PARK
2805 HILLER RD
WEST BLOOMFIELD MI 48324

Handicap Accessable:
Y
","Temporary Polling Location




Handicap Accessable: 
"
OAKLAND COUNTY,WEST BLOOMFIELD TOWNSHIP ,     PRECINCT 13,"Permanent Polling Location
GRETCHKO ELEMENTARY SCHOOL
5300 GREER ROAD
WEST BLOOMFIELD MI 48324

Handicap Accessable:
Y
(GREER ROAD, EAST OF HILLER)","Temporary Polling Location




Handicap Accessable: 
"
OAKLAND COUNTY,WEST BLOOMFIELD TOWNSHIP ,     PRECINCT 14,"Permanent Polling Location
GRETCHKO ELEMENTARY SCHOOL
5300 GREER ROAD
WEST BLOOMFIELD MI 48324

Handicap Accessable:
Y
(GREER ROAD, EAST OF HILLER)","Temporary Polling Location




Handicap Accessable: 
"
OAKLAND COUNTY,WEST BLOOMFIELD TOWNSHIP ,     PRECINCT 15,"Permanent Polling Location
SCOTCH ELEMENTARY SCHOOL
5959 COMMERCE ROAD
WEST BLOOMFIELD MI 48324

Handicap Accessable:
Y
(SOUTHWEST CORNER COMMERCE & HILLER)","Temporary Polling Location




Handicap Accessable: 
"
OAKLAND COUNTY,WEST BLOOMFIELD TOWNSHIP ,     PRECINCT 16,"Permanent Polling Location




Handicap Accessable:

","Temporary Polling Location
DOHERTY ELEMENTARY SCHOOL
3575 WALNUT LAKE ROAD
WEST BLOOMFIELD MI 48323

Handicap Accessable: Y
(BETWEEN ORCHARD LK. RD. & MIDDLEBELT)"
OAKLAND COUNTY,WEST BLOOMFIELD TOWNSHIP ,     PRECINCT 17,"Permanent Polling Location




Handicap Accessable:

","Temporary Polling Location
TEMPLE ISRAEL
5725 WALNUT LAKE ROAD
WEST BLOOMFIELD MI 48323

Handicap Accessable: Y
(S SIDE OF WALNUT - E OF DRAKE)"
OAKLAND COUNTY,WEST BLOOMFIELD TOWNSHIP ,     PRECINCT 18,"Permanent Polling Location
COVENANT BAPTIST CHURCH
5800 W MAPLE ROAD
WEST BLOOMFIELD MI 48322

Handicap Accessable:
Y
(W OF ORCHARD LAKE ROAD)","Temporary Polling Location




Handicap Accessable: 
"
OAKLAND COUNTY,WEST BLOOMFIELD TOWNSHIP ,     PRECINCT 19,"Permanent Polling Location




Handicap Accessable:

","Temporary Polling Location
DOHERTY ELEMENTARY SCHOOL
3575 WALNUT LAKE ROAD
WEST BLOOMFIELD MI 48323

Handicap Accessable: Y
(BETWEEN ORCHARD LK. RD. & MIDDLEBELT)"
OAKLAND COUNTY,WEST BLOOMFIELD TOWNSHIP ,     PRECINCT 20,"Permanent Polling Location
COVENANT BAPTIST CHURCH
5800 W MAPLE ROAD
WEST BLOOMFIELD MI 48322

Handicap Accessable:
Y
(W OF ORCHARD LAKE ROAD)","Temporary Polling Location




Handicap Accessable: 
"
OAKLAND COUNTY,WHITE LAKE TOWNSHIP ,     PRECINCT 1,"Permanent Polling Location
GRACE CHURCH
220 BOGIE LAKE ROAD
WHITE LAKE MI 48383

Handicap Accessable:
Y
","Temporary Polling Location




Handicap Accessable: 
"
OAKLAND COUNTY,WHITE LAKE TOWNSHIP ,     PRECINCT 2,"Permanent Polling Location
GRACE CHURCH
220 BOGIE LAKE ROAD
WHITE LAKE MI 48383

Handicap Accessable:
Y
","Temporary Polling Location




Handicap Accessable: 
"
OAKLAND COUNTY,WHITE LAKE TOWNSHIP ,     PRECINCT 3,"Permanent Polling Location
WHITE LAKE PRSBY CHU
4805 HIGHLAND RD
WHITE LAKE MI 48383

Handicap Accessable:
Y
(E OF ORMOND RD  W OF BOGIE LK RD)","Temporary Polling Location




Handicap Accessable: 
"
OAKLAND COUNTY,WHITE LAKE TOWNSHIP ,     PRECINCT 4,"Permanent Polling Location
WHITE LAKE LIBRARY
11005 ELIZABETH LAKE RD
WHITE LAKE MI 48386

Handicap Accessable:
Y
","Temporary Polling Location




Handicap Accessable: 
"
OAKLAND COUNTY,WHITE LAKE TOWNSHIP ,     PRECINCT 5,"Permanent Polling Location
DUBLIN COMM CTR
685 UNION LAKE RD
WHITE LAKE MI 48386

Handicap Accessable:
Y
","Temporary Polling Location




Handicap Accessable: 
"
OAKLAND COUNTY,WHITE LAKE TOWNSHIP ,     PRECINCT 6,"Permanent Polling Location
TWP HALL
7525 HIGHLAND RD
WHITE LAKE MI 48383

Handicap Accessable:
Y
(M-59 & PORTER RD, BETWEEN ELIZ LK RD & BOGIE LK RD)","Temporary Polling Location




Handicap Accessable: 
"
OAKLAND COUNTY,WHITE LAKE TOWNSHIP ,     PRECINCT 7,"Permanent Polling Location
WHITE LAKE OAKS GOLF
991 WILLIAMS LAKE RD
WHITE LAKE MI 48386

Handicap Accessable:
Y
(1/4 OF MILE S OF M-59)","Temporary Polling Location




Handicap Accessable: 
"
OAKLAND COUNTY,WHITE LAKE TOWNSHIP ,     PRECINCT 8,"Permanent Polling Location
ST PATRICKS CHU HALL
9086 HUTCHINS RD
WHITE LAKE MI 48386

Handicap Accessable:
Y
","Temporary Polling Location




Handicap Accessable: 
"
OAKLAND COUNTY,WHITE LAKE TOWNSHIP ,     PRECINCT 9,"Permanent Polling Location
ST PATRICKS CHU HALL
9086 HUTCHINS RD
WHITE LAKE MI 48386

Handicap Accessable:
Y
","Temporary Polling Location




Handicap Accessable: 
"
OAKLAND COUNTY,WIXOM CITY ,     PRECINCT 1,"Permanent Polling Location
WIXOM COMMUNITY CTR
49015 PONTIAC TRAIL
WIXOM MI 48393

Handicap Accessable:
Y
","Temporary Polling Location




Handicap Accessable: 
"
OAKLAND COUNTY,WIXOM CITY ,     PRECINCT 2,"Permanent Polling Location
WIXOM CITY HALL
49045 PONTIAC TRAIL
WIXOM MI 48393

Handicap Accessable:
Y
","Temporary Polling Location




Handicap Accessable: 
"
OAKLAND COUNTY,WIXOM CITY ,     PRECINCT 3,"Permanent Polling Location
WIXOM COMMUNITY CTR
49015 PONTIAC TRAIL
WIXOM MI 48393

Handicap Accessable:
Y
","Temporary Polling Location




Handicap Accessable: 
"
OAKLAND COUNTY,WIXOM CITY ,     PRECINCT 4,"Permanent Polling Location
WIXOM CITY HALL
49045 PONTIAC TRAIL
WIXOM MI 48393

Handicap Accessable:
Y
","Temporary Polling Location




Handicap Accessable: 
"
OCEANA COUNTY,BENONA TOWNSHIP ,     PRECINCT 1,"Permanent Polling Location
BENONA TWP HALL
7169 W. BAKER RD
SHELBY MI 49455

Handicap Accessable:
Y
","Temporary Polling Location




Handicap Accessable: 
"
OCEANA COUNTY,CLAYBANKS TOWNSHIP ,     PRECINCT 1,"Permanent Polling Location
CLAYBANKS TWP HALL
7577 W CLEVELAND RD
NEW ERA MI 49446

Handicap Accessable:
Y
","Temporary Polling Location




Handicap Accessable: 
"
OCEANA COUNTY,COLFAX TOWNSHIP ,     PRECINCT 1,"Permanent Polling Location
COLFAX TWP HALL
5594 N 192ND AVE
WALKERVILLE MI 49459

Handicap Accessable:
Y
","Temporary Polling Location




Handicap Accessable: 
"
OCEANA COUNTY,CRYSTAL TOWNSHIP ,     PRECINCT 1,"Permanent Polling Location
CRYSTAL TWP HALL
1499 E HAMMETT RD
HART MI 49420

Handicap Accessable:
Y
","Temporary Polling Location




Handicap Accessable: 
"
OCEANA COUNTY,ELBRIDGE TOWNSHIP ,     PRECINCT 1,"Permanent Polling Location
ELBRIDGE TWP HALL
2266 E POLK RD
HART MI 49420

Handicap Accessable:
Y
","Temporary Polling Location




Handicap Accessable: 
"
OCEANA COUNTY,FERRY TOWNSHIP ,     PRECINCT 1,"Permanent Polling Location
FERRY TOWNSHIP HALL
3222 GREEN
SHELBY MI 49455

Handicap Accessable:
Y
","Temporary Polling Location




Handicap Accessable: 
"
OCEANA COUNTY,GOLDEN TOWNSHIP ,     PRECINCT 1,"Permanent Polling Location
GOLDEN TWP HALL
5527 W. FOX RD.
MEARS MI 49436

Handicap Accessable:
Y
","Temporary Polling Location




Handicap Accessable: 
"
OCEANA COUNTY,GRANT TOWNSHIP ,     PRECINCT 1,"Permanent Polling Location
GRANT TWP HALL
7140 S. OCEANA DR.
ROTHBURY MI 49452

Handicap Accessable:
Y
","Temporary Polling Location




Handicap Accessable: 
"
OCEANA COUNTY,GREENWOOD TOWNSHIP ,     PRECINCT 1,"Permanent Polling Location
GREENWOOD TWP HALL
5589 S 200TH AVE
HESPERIA MI 49421

Handicap Accessable:
Y
","Temporary Polling Location




Handicap Accessable: 
"
OCEANA COUNTY,HART CITY ,     PRECINCT 1,"Permanent Polling Location
HART CITY HALL
407 S STATE ST
HART MI 49420

Handicap Accessable:
Y
","Temporary Polling Location




Handicap Accessable: 
"
OCEANA COUNTY,HART TOWNSHIP ,     PRECINCT 1,"Permanent Polling Location
HART TWP HALL
3437 W POLK RD
HART MI 49420

Handicap Accessable:
Y
","Temporary Polling Location




Handicap Accessable: 
"
OCEANA COUNTY,LEAVITT TOWNSHIP ,     PRECINCT 1,"Permanent Polling Location
WALKERVILLE WESLYAN CHURCH
144 S HAMON ST
WALKERVILLE MI 49459

Handicap Accessable:
Y
","Temporary Polling Location




Handicap Accessable: 
"
OCEANA COUNTY,NEWFIELD TOWNSHIP ,     PRECINCT 1,"Permanent Polling Location
NEWFIELD TWP HALL
3890 S 198TH AVE
HESPERIA MI 49421

Handicap Accessable:
Y
","Temporary Polling Location




Handicap Accessable: 
"
OCEANA COUNTY,OTTO TOWNSHIP ,     PRECINCT 1,"Permanent Polling Location
OTTO TWP HALL
5458 S128TH AVE
ROTHBURY MI 49452

Handicap Accessable:
Y
","Temporary Polling Location




Handicap Accessable: 
"
OCEANA COUNTY,PENTWATER TOWNSHIP ,     PRECINCT 1,"Permanent Polling Location
PENTWATER TWP HALL
500 N. HANCOCK STREET
PENTWATER MI 49449

Handicap Accessable:
Y
","Temporary Polling Location




Handicap Accessable: 
"
OCEANA COUNTY,SHELBY TOWNSHIP ,     PRECINCT 1,"Permanent Polling Location
SHELBY TOWNSHIP HALL
204 N. MICHIGAN AVE.
SHELBY MI 49455

Handicap Accessable:
Y
","Temporary Polling Location




Handicap Accessable: 
"
OCEANA COUNTY,WEARE TOWNSHIP ,     PRECINCT 1,"Permanent Polling Location
WEARE TWP HALL
6506 N OCEANA DR
HART MI 49420

Handicap Accessable:
Y
","Temporary Polling Location




Handicap Accessable: 
"
OGEMAW COUNTY,CHURCHILL TOWNSHIP ,     PRECINCT 1,"Permanent Polling Location
CHURCHILL TWP HALL
1308 STATE RD
WEST BRANCH MI 48661

Handicap Accessable:
Y
","Temporary Polling Location




Handicap Accessable: 
"
OGEMAW COUNTY,CUMMING TOWNSHIP ,     PRECINCT 1,"Permanent Polling Location
CUMMING TWP HALL
750 N MORRISON RD
WEST BRANCH MI 48661

Handicap Accessable:
Y
","Temporary Polling Location




Handicap Accessable: 
"
OGEMAW COUNTY,EDWARDS TOWNSHIP ,     PRECINCT 1,"Permanent Polling Location
EDWARDS TWP HALL
3601 WICKES RD
WEST BRANCH MI 48661

Handicap Accessable:
Y
","Temporary Polling Location




Handicap Accessable: 
"
OGEMAW COUNTY,FOSTER TOWNSHIP ,     PRECINCT 1,"Permanent Polling Location
FOSTER TWP HALL
1968 CLEAR LAKE RD
WEST BRANCH MI 48661

Handicap Accessable:
Y
","Temporary Polling Location




Handicap Accessable: 
"
OGEMAW COUNTY,GOODAR TOWNSHIP ,     PRECINCT 1,"Permanent Polling Location
GOODAR TWP HALL
4471 E COUNTY LINE RD
SOUTH BRANCH MI 48761

Handicap Accessable:
Y
","Temporary Polling Location




Handicap Accessable: 
"
OGEMAW COUNTY,HILL TOWNSHIP ,     PRECINCT 1,"Permanent Polling Location
HILL TWP HALL
4985 TOWNHALL RD
HALE MI 48739

Handicap Accessable:
Y
","Temporary Polling Location




Handicap Accessable: 
"
OGEMAW COUNTY,HORTON TOWNSHIP ,     PRECINCT 1,"Permanent Polling Location
HORTON TWP HALL
2120 RAU RD
WEST BRANCH MI 48661

Handicap Accessable:
Y
","Temporary Polling Location




Handicap Accessable: 
"
OGEMAW COUNTY,KLACKING TOWNSHIP ,     PRECINCT 1,"Permanent Polling Location
KLACKING TWP HALL
405 N CAMPBELL RD
WEST BRANCH MI 48661

Handicap Accessable:
Y
","Temporary Polling Location




Handicap Accessable: 
"
OGEMAW COUNTY,LOGAN TOWNSHIP ,     PRECINCT 1,"Permanent Polling Location
LOGAN TWP HALL
4507 E M-55
PRESCOTT MI 48756

Handicap Accessable:
Y
","Temporary Polling Location




Handicap Accessable: 
"
OGEMAW COUNTY,MILLS TOWNSHIP ,     PRECINCT 1,"Permanent Polling Location




Handicap Accessable:

","Temporary Polling Location
MILLS TWP HALL
2441 GREENWOOD RD
PRESCOTT MI 48756

Handicap Accessable: Y
"
OGEMAW COUNTY,MILLS TOWNSHIP ,     PRECINCT 2,"Permanent Polling Location




Handicap Accessable:

","Temporary Polling Location
MILLS TWP HALL
2441 GREENWOOD RD
PRESCOTT MI 48756

Handicap Accessable: Y
"
OGEMAW COUNTY,OGEMAW TOWNSHIP ,     PRECINCT 1,"Permanent Polling Location
OGEMAW TWP HALL
1990 GRAY RD
WEST BRANCH MI 48661

Handicap Accessable:
Y
","Temporary Polling Location




Handicap Accessable: 
"
OGEMAW COUNTY,RICHLAND TOWNSHIP ,     PRECINCT 1,"Permanent Polling Location
RICHLAND TWP HALL
3620 MCLEAN RD
PRESCOTT MI 48756

Handicap Accessable:
Y
","Temporary Polling Location




Handicap Accessable: 
"
OGEMAW COUNTY,ROSE CITY CITY ,     PRECINCT 1,"Permanent Polling Location
ROSE CITY HALL
310 N. WILLIAMS ST
ROSE CITY MI 48654

Handicap Accessable:
Y
","Temporary Polling Location




Handicap Accessable: 
"
OGEMAW COUNTY,ROSE TOWNSHIP ,     PRECINCT 1,"Permanent Polling Location
ROSE TWP HALL
3380 LUPTON RD
LUPTON MI 48635

Handicap Accessable:
Y
","Temporary Polling Location




Handicap Accessable: 
"
OGEMAW COUNTY,WEST BRANCH CITY ,     PRECINCT 1,"Permanent Polling Location
W. B. CITY HALL
121 N 4TH ST
WEST BRANCH MI 48661

Handicap Accessable:
Y
","Temporary Polling Location




Handicap Accessable: 
"
OGEMAW COUNTY,WEST BRANCH TOWNSHIP ,     PRECINCT 1,"Permanent Polling Location
WEST BRANCH TWP HALL
1705 S FAIRVIEW RD
WEST BRANCH MI 48661

Handicap Accessable:
Y
","Temporary Polling Location




Handicap Accessable: 
"
ONTONAGON COUNTY,BERGLAND TOWNSHIP ,     PRECINCT 1,"Permanent Polling Location
FIRE HALL
101 PINE ST
BERGLAND MI 49910

Handicap Accessable:
Y
","Temporary Polling Location




Handicap Accessable: 
"
ONTONAGON COUNTY,BOHEMIA TOWNSHIP ,     PRECINCT 1,"Permanent Polling Location
ROUSSEAU TOWN HALL
26026 DISHNEAU ROAD
MASS CITY MI 49948

Handicap Accessable:
Y
","Temporary Polling Location




Handicap Accessable: 
"
ONTONAGON COUNTY,CARP LAKE TOWNSHIP ,     PRECINCT 1,"Permanent Polling Location
TOWNSHIP HALL
185 MAIN ST
WHITE PINE MI 49971

Handicap Accessable:
Y
(HEMLOCK & MAIN ST)","Temporary Polling Location




Handicap Accessable: 
"
ONTONAGON COUNTY,GREENLAND TOWNSHIP ,     PRECINCT 1,"Permanent Polling Location
GREENLAND TOWN HALL
1502 MASS AVE
GREENLAND MI 49929

Handicap Accessable:
Y
","Temporary Polling Location




Handicap Accessable: 
"
ONTONAGON COUNTY,HAIGHT TOWNSHIP ,     PRECINCT 1,"Permanent Polling Location
TOWNSHIP HALL
US-45 SOUTH
BRUCE CROSSING MI 49912

Handicap Accessable:
Y
","Temporary Polling Location




Handicap Accessable: 
"
ONTONAGON COUNTY,INTERIOR TOWNSHIP ,     PRECINCT 1,"Permanent Polling Location
TOWNSHIP HALL
140 DIVISION STREET
TROUT CREEK MI 49967

Handicap Accessable:
Y
","Temporary Polling Location




Handicap Accessable: 
"
ONTONAGON COUNTY,MATCHWOOD TOWNSHIP ,     PRECINCT 1,"Permanent Polling Location
TOWNSHIP HALL
3491 M-28
EWEN MI 49925

Handicap Accessable:
Y
(CORNER OF M-28 AND APPLEKAMP RD)","Temporary Polling Location




Handicap Accessable: 
"
ONTONAGON COUNTY,MCMILLAN TOWNSHIP ,     PRECINCT 1,"Permanent Polling Location
MCMILLAN TOWNSHIP OFFICE BUILDING
109 S. CEDAR STREET
EWEN MI 49925

Handicap Accessable:
Y
","Temporary Polling Location




Handicap Accessable: 
"
ONTONAGON COUNTY,ONTONAGON TOWNSHIP ,     PRECINCT 1,"Permanent Polling Location
TOWNSHIP HALL
311 N STEEL ST
ONTONAGON MI 49953

Handicap Accessable:
Y
","Temporary Polling Location




Handicap Accessable: 
"
ONTONAGON COUNTY,ROCKLAND TOWNSHIP ,     PRECINCT 1,"Permanent Polling Location
COMMUNITY HALL
101 NATIONAL AVE
ROCKLAND MI 49960

Handicap Accessable:
Y
","Temporary Polling Location




Handicap Accessable: 
"
ONTONAGON COUNTY,STANNARD TOWNSHIP ,     PRECINCT 1,"Permanent Polling Location
FIRE HALL
HWY M-28
BRUCE CROSSING MI 49912

Handicap Accessable:
Y
","Temporary Polling Location




Handicap Accessable: 
"
OSCEOLA COUNTY,BURDELL TOWNSHIP ,     PRECINCT 1,"Permanent Polling Location
TUSTIN COMM CENTER
310 S NEILSON ST
TUSTIN MI 49688

Handicap Accessable:
Y
","Temporary Polling Location




Handicap Accessable: 
"
OSCEOLA COUNTY,CEDAR TOWNSHIP ,     PRECINCT 1,"Permanent Polling Location
CEDAR TWP HALL
9115  170TH AVE
REED CITY MI 49677

Handicap Accessable:
Y
","Temporary Polling Location




Handicap Accessable: 
"
OSCEOLA COUNTY,EVART CITY ,     PRECINCT 1,"Permanent Polling Location
CITY HALL
200 S MAIN
EVART MI 49631

Handicap Accessable:
Y
","Temporary Polling Location




Handicap Accessable: 
"
OSCEOLA COUNTY,EVART TOWNSHIP ,     PRECINCT 1,"Permanent Polling Location
EVART TWP HALL
327 S MAIN
EVART MI 49631

Handicap Accessable:
Y
","Temporary Polling Location




Handicap Accessable: 
"
OSCEOLA COUNTY,HARTWICK TOWNSHIP ,     PRECINCT 1,"Permanent Polling Location
HARTWICK TWP HALL
15 MILE RD
EVART MI 49631

Handicap Accessable:
Y
(JUST WEST OF 90TH AVE)","Temporary Polling Location




Handicap Accessable: 
"
OSCEOLA COUNTY,HERSEY TOWNSHIP ,     PRECINCT 1,"Permanent Polling Location
HERSEY TWP HALL
108 S MAIN STREET
HERSEY MI 49639

Handicap Accessable:
Y
","Temporary Polling Location




Handicap Accessable: 
"
OSCEOLA COUNTY,HIGHLAND TOWNSHIP ,     PRECINCT 1,"Permanent Polling Location
HIGHLAND TWP HALL
21009 110TH AVENUE
TUSTIN MI 49688

Handicap Accessable:
Y
(CORNER OF 21 MILE RD & 110TH AVE)","Temporary Polling Location




Handicap Accessable: 
"
OSCEOLA COUNTY,LE ROY TOWNSHIP ,     PRECINCT 1,"Permanent Polling Location
LEROY TWP HALL
101 BEVINS ST
LEROY MI 49655

Handicap Accessable:
Y
(DOWNTOWN LEROY, NEXT TO MUSEUM)","Temporary Polling Location




Handicap Accessable: 
"
OSCEOLA COUNTY,LINCOLN TOWNSHIP ,     PRECINCT 1,"Permanent Polling Location
LINCOLN TWP HALL
20920 9 MILE RD
REED CITY MI 49677

Handicap Accessable:
Y
(CORNER OF 9 MILE RD & MACKINAW TRAIL)","Temporary Polling Location




Handicap Accessable: 
"
OSCEOLA COUNTY,MARION TOWNSHIP ,     PRECINCT 1,"Permanent Polling Location
MARION TWP HALL
204 E MAIN
MARION MI 49665

Handicap Accessable:
Y
","Temporary Polling Location




Handicap Accessable: 
"
OSCEOLA COUNTY,MIDDLE BRANCH TOWNSHIP ,     PRECINCT 1,"Permanent Polling Location
MIDDLE BRANCH HALL
2963 15 MILE RD
MARION MI 49665

Handicap Accessable:
Y
","Temporary Polling Location




Handicap Accessable: 
"
OSCEOLA COUNTY,ORIENT TOWNSHIP ,     PRECINCT 1,"Permanent Polling Location
ORIENT TWP HALL
2972 30TH AVE
SEARS MI 49679

Handicap Accessable:
Y
","Temporary Polling Location




Handicap Accessable: 
"
OSCEOLA COUNTY,OSCEOLA TOWNSHIP ,     PRECINCT 1,"Permanent Polling Location
OSCEOLA TOWNSHIP HALL
732 W 7TH ST
EVART MI 49631

Handicap Accessable:
Y
","Temporary Polling Location




Handicap Accessable: 
"
OSCEOLA COUNTY,REED CITY CITY ,     PRECINCT 1,"Permanent Polling Location
REED CITY FIRE STAT
523 MORSE ST - TRAINING ROOM
REED CITY MI 49677

Handicap Accessable:
Y
(FIRE STATION IS LOCATED BEHIND CITY HALL)","Temporary Polling Location




Handicap Accessable: 
"
OSCEOLA COUNTY,RICHMOND TOWNSHIP ,     PRECINCT 1,"Permanent Polling Location
RICHMOND TWP HALL
21717 HOWARD STREET
REED CITY MI 49677

Handicap Accessable:
Y
","Temporary Polling Location




Handicap Accessable: 
"
OSCEOLA COUNTY,ROSE LAKE TOWNSHIP ,     PRECINCT 1,"Permanent Polling Location
ROSE LAKE TWP HALL
15953 16 MILE RD
LEROY MI 49655

Handicap Accessable:
Y
","Temporary Polling Location




Handicap Accessable: 
"
OSCEOLA COUNTY,SHERMAN TOWNSHIP ,     PRECINCT 1,"Permanent Polling Location
SHERMAN TWP HALL
14929 21 MILE RD
TUSTIN MI 49688

Handicap Accessable:
Y
(20 ML RD TO 160TH, 160TH N TO 21 ML RD E, ON RT)","Temporary Polling Location




Handicap Accessable: 
"
OSCEOLA COUNTY,SYLVAN TOWNSHIP ,     PRECINCT 1,"Permanent Polling Location
SYLVAN TWP HALL
4866 SYLVAN RD
EVART MI 49631

Handicap Accessable:
Y
","Temporary Polling Location




Handicap Accessable: 
"
OSCODA COUNTY,BIG CREEK TOWNSHIP ,     PRECINCT 1,"Permanent Polling Location
BIG CREEK TWP HALL
1175 RYNO RD
LUZERNE MI 48636

Handicap Accessable:
Y
","Temporary Polling Location




Handicap Accessable: 
"
OSCODA COUNTY,BIG CREEK TOWNSHIP ,     PRECINCT 2,"Permanent Polling Location
BIG CREEK TWP HALL
1175 RYNO RD
LUZERNE MI 48636

Handicap Accessable:
Y
","Temporary Polling Location




Handicap Accessable: 
"
OSCODA COUNTY,CLINTON TOWNSHIP ,     PRECINCT 1,"Permanent Polling Location
CLINTON TWP. HALL
4232 ABBE RD., COMINS, MI
COMINS MI 48619

Handicap Accessable:
Y
","Temporary Polling Location




Handicap Accessable: 
"
OSCODA COUNTY,COMINS TOWNSHIP ,     PRECINCT 1,"Permanent Polling Location
COMINS TWP. HALL
1651 N. ABBE RD
FAIRVIEW MI 48621

Handicap Accessable:
Y
(CORNER OF ABBE RD. & HENRY STREET)","Temporary Polling Location




Handicap Accessable: 
"
OSCODA COUNTY,ELMER TOWNSHIP ,     PRECINCT 1,"Permanent Polling Location
ELMER TOWNSHIP HALL
863 W. KITTLE RD., MIO, MI
MIO MI 48647

Handicap Accessable:
Y
(3 MILES WEST OF M-33)","Temporary Polling Location




Handicap Accessable: 
"
OSCODA COUNTY,GREENWOOD TOWNSHIP ,     PRECINCT 1,"Permanent Polling Location
GREENWOOD TWP.  HALL
4030 WILLIAMS RD., LEWISTON, MI
LEWISTON MI 49756

Handicap Accessable:
Y
(CORNER OF WILLIAMS & HENRY)","Temporary Polling Location




Handicap Accessable: 
"
OSCODA COUNTY,MENTOR TOWNSHIP ,     PRECINCT 1,"Permanent Polling Location
MENTOR TWP. HALL
216 E 10TH STREET, MIO, MI
MIO MI 48647

Handicap Accessable:
Y
(CORNER OF 10TH ST. & CASS)","Temporary Polling Location




Handicap Accessable: 
"
OTSEGO COUNTY,BAGLEY TOWNSHIP ,     PRECINCT 1,"Permanent Polling Location
BAGLEY TOWNSHIP HALL
3660 KRYS ROAD
GAYLORD MI 49735

Handicap Accessable:
Y
","Temporary Polling Location




Handicap Accessable: 
"
OTSEGO COUNTY,BAGLEY TOWNSHIP ,     PRECINCT 2,"Permanent Polling Location
BAGLEY TOWNSHIP HALL
3660 KRYS ROAD
GAYLORD MI 49735

Handicap Accessable:
Y
","Temporary Polling Location




Handicap Accessable: 
"
OTSEGO COUNTY,CHARLTON TOWNSHIP ,     PRECINCT 1,"Permanent Polling Location




Handicap Accessable:

","Temporary Polling Location
TOWNSHIP OFFICES
10900 M 32 EAST
JOHANNESBURG MI 49751

Handicap Accessable: Y
(989-731-1920)"
OTSEGO COUNTY,CHESTER TOWNSHIP ,     PRECINCT 1,"Permanent Polling Location
TOWNSHIP HALL
1737 BIG LAKE RD
GAYLORD MI 49735

Handicap Accessable:
Y
(989-732-5886)","Temporary Polling Location




Handicap Accessable: 
"
OTSEGO COUNTY,CORWITH TOWNSHIP ,     PRECINCT 1,"Permanent Polling Location
TOWNSHIP HALL
8170 MILL
VANDERBILT MI 49795

Handicap Accessable:
Y
","Temporary Polling Location




Handicap Accessable: 
"
OTSEGO COUNTY,DOVER TOWNSHIP ,     PRECINCT 1,"Permanent Polling Location
TOWNSHIP HALL
2985 MARQUARDT
GAYLORD MI 49735

Handicap Accessable:
Y
(989-732-4895)","Temporary Polling Location




Handicap Accessable: 
"
OTSEGO COUNTY,ELMIRA TOWNSHIP ,     PRECINCT 1,"Permanent Polling Location
TOWNSHIP HALL
2035 MT JACK ROAD
ELMIRA MI 49730

Handicap Accessable:
Y
(ON E SIDE OF MT JACK RD, JUST N OF MANGLOS RD)","Temporary Polling Location




Handicap Accessable: 
"
OTSEGO COUNTY,GAYLORD CITY ,     PRECINCT 1-1,"Permanent Polling Location
GAYLORD CITY HALL
305 EAST MAIN STREET
GAYLORD MI 49735

Handicap Accessable:
Y
","Temporary Polling Location




Handicap Accessable: 
"
OTSEGO COUNTY,GAYLORD CITY ,     PRECINCT 2-1,"Permanent Polling Location
GAYLORD CITY HALL
305 EAST MAIN STREET
GAYLORD MI 49735

Handicap Accessable:
Y
","Temporary Polling Location




Handicap Accessable: 
"
OTSEGO COUNTY,GAYLORD CITY ,     PRECINCT 3-1,"Permanent Polling Location
GAYLORD CITY HALL
305 EAST MAIN STREET
GAYLORD MI 49735

Handicap Accessable:
Y
","Temporary Polling Location




Handicap Accessable: 
"
OTSEGO COUNTY,HAYES TOWNSHIP ,     PRECINCT 1,"Permanent Polling Location
TOWNSHIP HALL
71 HAYES TOWER RD
GAYLORD MI 49735

Handicap Accessable:
Y
","Temporary Polling Location




Handicap Accessable: 
"
OTSEGO COUNTY,LIVINGSTON TOWNSHIP ,     PRECINCT 1,"Permanent Polling Location
TOWNSHIP HALL
3218 OLD 27 N
GAYLORD MI 49735

Handicap Accessable:
Y
(989-732-1499)","Temporary Polling Location




Handicap Accessable: 
"
OTSEGO COUNTY,OTSEGO LAKE TOWNSHIP ,     PRECINCT 1,"Permanent Polling Location
TOWNSHIP HALL
10616 OLD 27 S
WATERS MI 49797

Handicap Accessable:
Y
(989-732-6923)","Temporary Polling Location




Handicap Accessable: 
"
OTTAWA COUNTY,ALLENDALE TOWNSHIP ,     PRECINCT 1,"Permanent Polling Location
LIFE STREAM
6561 LAKE MICHIGAN DR
ALLENDALE MI 49401

Handicap Accessable:
N
","Temporary Polling Location




Handicap Accessable: 
"
OTTAWA COUNTY,ALLENDALE TOWNSHIP ,     PRECINCT 2,"Permanent Polling Location
LIFE STREAM
6561 LAKE MICHIGAN DR
ALLENDALE MI 49401

Handicap Accessable:
N
","Temporary Polling Location




Handicap Accessable: 
"
OTTAWA COUNTY,ALLENDALE TOWNSHIP ,     PRECINCT 3,"Permanent Polling Location
LIFE STREAM
6561 LAKE MICHIGAN DR
ALLENDALE MI 49401

Handicap Accessable:
N
","Temporary Polling Location




Handicap Accessable: 
"
OTTAWA COUNTY,ALLENDALE TOWNSHIP ,     PRECINCT 4,"Permanent Polling Location
LIFE STREAM
6561 LAKE MICHIGAN DR
ALLENDALE MI 49401

Handicap Accessable:
N
","Temporary Polling Location




Handicap Accessable: 
"
OTTAWA COUNTY,ALLENDALE TOWNSHIP ,     PRECINCT 5,"Permanent Polling Location
LIFE STREAM
6561 LAKE MICHIGAN DR
ALLENDALE MI 49401

Handicap Accessable:
N
","Temporary Polling Location




Handicap Accessable: 
"
OTTAWA COUNTY,BLENDON TOWNSHIP ,     PRECINCT 1,"Permanent Polling Location
BLENDON BORCULO FIRE STATION
6550 - 96TH AVE
ZEELAND MI 49464

Handicap Accessable:
Y
","Temporary Polling Location




Handicap Accessable: 
"
OTTAWA COUNTY,BLENDON TOWNSHIP ,     PRECINCT 2,"Permanent Polling Location
BLENDON TOWNSHIP HALL
7161 72ND AVE
HUDSONVILLE MI 49426

Handicap Accessable:
Y
","Temporary Polling Location




Handicap Accessable: 
"
OTTAWA COUNTY,CHESTER TOWNSHIP ,     PRECINCT 1,"Permanent Polling Location
CHESTER TOWNSHIP
3509 SEHLER ST.
CONKLIN MI 49403

Handicap Accessable:
Y
","Temporary Polling Location




Handicap Accessable: 
"
OTTAWA COUNTY,COOPERSVILLE CITY ,     PRECINCT 1,"Permanent Polling Location
COOP CITY HALL
289 DANFORTH STREET
COOPERSVILLE MI 49404

Handicap Accessable:
Y
","Temporary Polling Location




Handicap Accessable: 
"
OTTAWA COUNTY,CROCKERY TOWNSHIP ,     PRECINCT 1,"Permanent Polling Location
CROCKERY TWP-HALL
17431 112TH AVE.
NUNICA MI 49448

Handicap Accessable:
Y
","Temporary Polling Location




Handicap Accessable: 
"
OTTAWA COUNTY,CROCKERY TOWNSHIP ,     PRECINCT 2,"Permanent Polling Location
CROCKERY TWP-HALL
17431 112TH AVE.
NUNICA MI 49448

Handicap Accessable:
Y
","Temporary Polling Location




Handicap Accessable: 
"
OTTAWA COUNTY,FERRYSBURG CITY ,     PRECINCT 1,"Permanent Polling Location
FERRYSBURG CITYHALL
17520 RIDGE AVENUE
FERRYSBURG MI 49409

Handicap Accessable:
Y
","Temporary Polling Location




Handicap Accessable: 
"
OTTAWA COUNTY,GEORGETOWN TOWNSHIP ,     PRECINCT 1,"Permanent Polling Location
WELLSPRING CHURCH
4466 BAUER RD
HUDSONVILLE MI 49426

Handicap Accessable:
Y
","Temporary Polling Location




Handicap Accessable: 
"
OTTAWA COUNTY,GEORGETOWN TOWNSHIP ,     PRECINCT 2,"Permanent Polling Location
COTTONWOOD HTS CRC
1101 CYPRESS DR
JENISON MI 49428

Handicap Accessable:
Y
","Temporary Polling Location




Handicap Accessable: 
"
OTTAWA COUNTY,GEORGETOWN TOWNSHIP ,     PRECINCT 3,"Permanent Polling Location
WELLSPRING CHURCH
4466 BAUER RD
HUDSONVILLE MI 49426

Handicap Accessable:
Y
","Temporary Polling Location




Handicap Accessable: 
"
OTTAWA COUNTY,GEORGETOWN TOWNSHIP ,     PRECINCT 4,"Permanent Polling Location
FAIR HAVEN CHURCH
2900 BALDWIN ST
HUDSONVILLE MI 49426

Handicap Accessable:
Y
","Temporary Polling Location




Handicap Accessable: 
"
OTTAWA COUNTY,GEORGETOWN TOWNSHIP ,     PRECINCT 5,"Permanent Polling Location
RIDGEWOOD CRC
1571 BALDWIN ST
JENISON MI 49428

Handicap Accessable:
Y
","Temporary Polling Location




Handicap Accessable: 
"
OTTAWA COUNTY,GEORGETOWN TOWNSHIP ,     PRECINCT 6,"Permanent Polling Location
GEORGETOWN TWP HALL
1515 BALDWIN ST
JENISON MI 49428

Handicap Accessable:
Y
","Temporary Polling Location




Handicap Accessable: 
"
OTTAWA COUNTY,GEORGETOWN TOWNSHIP ,     PRECINCT 7,"Permanent Polling Location
GEORGETOWN BIBLE CH
4114 BALDWIN ST
HUDSONVILLE MI 49426

Handicap Accessable:
Y
","Temporary Polling Location




Handicap Accessable: 
"
OTTAWA COUNTY,GEORGETOWN TOWNSHIP ,     PRECINCT 8,"Permanent Polling Location
CHAPEL POINTE
3350 BALDWIN ST
HUDSONVILLE MI 49426

Handicap Accessable:
Y
","Temporary Polling Location




Handicap Accessable: 
"
OTTAWA COUNTY,GEORGETOWN TOWNSHIP ,     PRECINCT 9,"Permanent Polling Location
FAIR HAVEN CHURCH
2900 BALDWIN ST
HUDSONVILLE MI 49426

Handicap Accessable:
Y
","Temporary Polling Location




Handicap Accessable: 
"
OTTAWA COUNTY,GEORGETOWN TOWNSHIP ,     PRECINCT 10,"Permanent Polling Location
HOLY CROSS CHURCH
1481 BALDWIN ST
JENISON MI 49428

Handicap Accessable:
Y
","Temporary Polling Location




Handicap Accessable: 
"
OTTAWA COUNTY,GEORGETOWN TOWNSHIP ,     PRECINCT 11,"Permanent Polling Location
GRACE BIBLE FELLOWSH
1260 CHICAGO DR
JENISON MI 49428

Handicap Accessable:
Y
","Temporary Polling Location




Handicap Accessable: 
"
OTTAWA COUNTY,GEORGETOWN TOWNSHIP ,     PRECINCT 12,"Permanent Polling Location
CHAPEL POINTE
3350 BALDWIN ST
HUDSONVILLE MI 49426

Handicap Accessable:
Y
","Temporary Polling Location




Handicap Accessable: 
"
OTTAWA COUNTY,GEORGETOWN TOWNSHIP ,     PRECINCT 13,"Permanent Polling Location
FELLOWSHIP REF CH
6610 36TH AVE
HUDSONVILLE MI 49426

Handicap Accessable:
Y
","Temporary Polling Location




Handicap Accessable: 
"
OTTAWA COUNTY,GEORGETOWN TOWNSHIP ,     PRECINCT 14,"Permanent Polling Location
ROSEWOOD CHURCH GYM
2795 ROSEWOOD ST
JENISON MI 49428

Handicap Accessable:
Y
","Temporary Polling Location




Handicap Accessable: 
"
OTTAWA COUNTY,GEORGETOWN TOWNSHIP ,     PRECINCT 15,"Permanent Polling Location
GRACE BIBLE FELLOWSH
1260 CHICAGO DR
JENISON MI 49428

Handicap Accessable:
Y
","Temporary Polling Location




Handicap Accessable: 
"
OTTAWA COUNTY,GEORGETOWN TOWNSHIP ,     PRECINCT 16,"Permanent Polling Location
JENISON BIBLE CHURCH
6360 14TH AVE
HUDSONVILLE MI 49426

Handicap Accessable:
Y
(14TH AND PORT SHELDON ST)","Temporary Polling Location




Handicap Accessable: 
"
OTTAWA COUNTY,GEORGETOWN TOWNSHIP ,     PRECINCT 17,"Permanent Polling Location
JENISON BIBLE CHURCH
6360 14TH AVE
HUDSONVILLE MI 49426

Handicap Accessable:
Y
(14TH AND PORT SHELDON ST)","Temporary Polling Location




Handicap Accessable: 
"
OTTAWA COUNTY,GRAND HAVEN CITY ,     PRECINCT 1,"Permanent Polling Location
GH COMMUNITY CENTER
421 COLUMBUS AVE
GRAND HAVEN MI 49417

Handicap Accessable:
Y
","Temporary Polling Location




Handicap Accessable: 
"
OTTAWA COUNTY,GRAND HAVEN CITY ,     PRECINCT 2,"Permanent Polling Location
2ND CHRSTN REF CHRC
2021 SHELDON RD
GRAND HAVEN MI 49417

Handicap Accessable:
Y
","Temporary Polling Location




Handicap Accessable: 
"
OTTAWA COUNTY,GRAND HAVEN CITY ,     PRECINCT 3,"Permanent Polling Location
ST PAUL'S UCC CHURCH
1401 S GRIFFIN ST
GRAND HAVEN MI 49417

Handicap Accessable:
Y
","Temporary Polling Location




Handicap Accessable: 
"
OTTAWA COUNTY,GRAND HAVEN CITY ,     PRECINCT 4,"Permanent Polling Location
ST PATRICK'S FAM CTR
901 COLUMBUS AVE
GRAND HAVEN MI 49417

Handicap Accessable:
Y
","Temporary Polling Location




Handicap Accessable: 
"
OTTAWA COUNTY,GRAND HAVEN TOWNSHIP ,     PRECINCT 1,"Permanent Polling Location
WATERMARK CHURCH
13060 US-31
GRAND HAVEN MI 49417

Handicap Accessable:
Y
","Temporary Polling Location




Handicap Accessable: 
"
OTTAWA COUNTY,GRAND HAVEN TOWNSHIP ,     PRECINCT 2,"Permanent Polling Location
HOPE CHURCH
14932 MERCURY DR
GRAND HAVEN MI 49417

Handicap Accessable:
Y
","Temporary Polling Location




Handicap Accessable: 
"
OTTAWA COUNTY,GRAND HAVEN TOWNSHIP ,     PRECINCT 3,"Permanent Polling Location
WATERMARK CHURCH
13060 US-31
GRAND HAVEN MI 49417

Handicap Accessable:
Y
","Temporary Polling Location




Handicap Accessable: 
"
OTTAWA COUNTY,GRAND HAVEN TOWNSHIP ,     PRECINCT 4,"Permanent Polling Location
HOPE CHURCH
14932 MERCURY DR
GRAND HAVEN MI 49417

Handicap Accessable:
Y
","Temporary Polling Location




Handicap Accessable: 
"
OTTAWA COUNTY,GRAND HAVEN TOWNSHIP ,     PRECINCT 5,"Permanent Polling Location
LAKESHORE BAPTIST CHURCH
17306 CHURCH HILL STREET
GRAND HAVEN MI 49417

Handicap Accessable:
Y
","Temporary Polling Location




Handicap Accessable: 
"
OTTAWA COUNTY,GRAND HAVEN TOWNSHIP ,     PRECINCT 6,"Permanent Polling Location
GH TWP HALL
13300 168TH
GRAND HAVEN MI 49417

Handicap Accessable:
Y
","Temporary Polling Location




Handicap Accessable: 
"
OTTAWA COUNTY,GRAND HAVEN TOWNSHIP ,     PRECINCT 7,"Permanent Polling Location
HOPE CHURCH
14932 MERCURY DR
GRAND HAVEN MI 49417

Handicap Accessable:
Y
","Temporary Polling Location




Handicap Accessable: 
"
OTTAWA COUNTY,HOLLAND CITY ,     PRECINCT 1-1,"Permanent Polling Location
HOLLAND HEIGHTS CRC
836 EAST 8TH STREET
HOLLAND MI 49423

Handicap Accessable:
Y
","Temporary Polling Location




Handicap Accessable: 
"
OTTAWA COUNTY,HOLLAND CITY ,     PRECINCT 1-2,"Permanent Polling Location
HOLLAND HEIGHTS CRC
836 EAST 8TH STREET
HOLLAND MI 49423

Handicap Accessable:
Y
","Temporary Polling Location




Handicap Accessable: 
"
OTTAWA COUNTY,HOLLAND CITY ,     PRECINCT 2-3,"Permanent Polling Location
HOPE CHURCH
77 WEST 11TH STREET
HOLLAND MI 49423

Handicap Accessable:
Y
","Temporary Polling Location




Handicap Accessable: 
"
OTTAWA COUNTY,HOLLAND CITY ,     PRECINCT 3-4,"Permanent Polling Location
BOYS & GIRLS CLUB
435 VANRAALTE
HOLLAND MI 49423

Handicap Accessable:
Y
","Temporary Polling Location




Handicap Accessable: 
"
OTTAWA COUNTY,HOLLAND CITY ,     PRECINCT 3-5,"Permanent Polling Location
BOYS & GIRLS CLUB
435 VANRAALTE
HOLLAND MI 49423

Handicap Accessable:
Y
","Temporary Polling Location




Handicap Accessable: 
"
OTTAWA COUNTY,HOLLAND CITY ,     PRECINCT 4-6,"Permanent Polling Location
CALVARY BAPTIST CHUR
517 W 32ND STREET
HOLLAND MI 49423

Handicap Accessable:
Y
","Temporary Polling Location




Handicap Accessable: 
"
OTTAWA COUNTY,HOLLAND CITY ,     PRECINCT 4-7,"Permanent Polling Location
CALVARY BAPTIST CHUR
517 W 32ND STREET
HOLLAND MI 49423

Handicap Accessable:
Y
","Temporary Polling Location




Handicap Accessable: 
"
OTTAWA COUNTY,HOLLAND CITY ,     PRECINCT 5-8,"Permanent Polling Location
MAPLEWOOD REFORMED CHURCH
133 E 34TH ST
HOLLAND MI 49423

Handicap Accessable:
Y
","Temporary Polling Location




Handicap Accessable: 
"
OTTAWA COUNTY,HOLLAND CITY ,     PRECINCT 5-9,"Permanent Polling Location
MAPLEWOOD REFORMED CHURCH
133 E 34TH ST
HOLLAND MI 49423

Handicap Accessable:
Y
","Temporary Polling Location




Handicap Accessable: 
"
OTTAWA COUNTY,HOLLAND CITY ,     PRECINCT 6-10,"Permanent Polling Location
FIRST REF CHURCH
630 STATE ST
HOLLAND MI 49423

Handicap Accessable:
Y
","Temporary Polling Location




Handicap Accessable: 
"
OTTAWA COUNTY,HOLLAND CITY ,     PRECINCT 6-11,"Permanent Polling Location
FIRST REF CHURCH
630 STATE ST
HOLLAND MI 49423

Handicap Accessable:
Y
","Temporary Polling Location




Handicap Accessable: 
"
OTTAWA COUNTY,HOLLAND TOWNSHIP ,     PRECINCT 1,"Permanent Polling Location
CALVARY CRC
400 BEELINE RD
HOLLAND MI 49424

Handicap Accessable:
Y
","Temporary Polling Location




Handicap Accessable: 
"
OTTAWA COUNTY,HOLLAND TOWNSHIP ,     PRECINCT 2,"Permanent Polling Location
LAKESHORE CHURCH OF CH
392 FELCH ST
HOLLAND MI 49424

Handicap Accessable:
Y
","Temporary Polling Location




Handicap Accessable: 
"
OTTAWA COUNTY,HOLLAND TOWNSHIP ,     PRECINCT 3,"Permanent Polling Location
ROSE PARK REF CHURCH
14241 ROSE PARK DR
HOLLAND MI 49424

Handicap Accessable:
Y
","Temporary Polling Location




Handicap Accessable: 
"
OTTAWA COUNTY,HOLLAND TOWNSHIP ,     PRECINCT 4,"Permanent Polling Location
CHRIST OUR SAVIOR
3151 N 120TH AVENUE
HOLLAND MI 49424

Handicap Accessable:
Y
","Temporary Polling Location




Handicap Accessable: 
"
OTTAWA COUNTY,HOLLAND TOWNSHIP ,     PRECINCT 5,"Permanent Polling Location
COMMUNITY REFORMED
10376 FELCH ST
ZEELAND MI 49464

Handicap Accessable:
Y
","Temporary Polling Location




Handicap Accessable: 
"
OTTAWA COUNTY,HOLLAND TOWNSHIP ,     PRECINCT 6,"Permanent Polling Location
HCT COMMUNITY CENTER
12343 JAMES ST
HOLLAND MI 49424

Handicap Accessable:
Y
","Temporary Polling Location




Handicap Accessable: 
"
OTTAWA COUNTY,HOLLAND TOWNSHIP ,     PRECINCT 7,"Permanent Polling Location
FIRE STATION
131 RILEY ST
HOLLAND MI 49424

Handicap Accessable:
Y
","Temporary Polling Location




Handicap Accessable: 
"
OTTAWA COUNTY,HOLLAND TOWNSHIP ,     PRECINCT 8,"Permanent Polling Location
INTERSECTION MINISTR
945 136TH AVENUE
HOLLAND MI 49424

Handicap Accessable:
Y
","Temporary Polling Location




Handicap Accessable: 
"
OTTAWA COUNTY,HOLLAND TOWNSHIP ,     PRECINCT 9,"Permanent Polling Location
RIDGE PT COMM CHURCH
340 - 104TH AVE
HOLLAND MI 49424

Handicap Accessable:
Y
","Temporary Polling Location




Handicap Accessable: 
"
OTTAWA COUNTY,HOLLAND TOWNSHIP ,     PRECINCT 10,"Permanent Polling Location
NOORDELOOS CRC
4055 112TH AVENUE
HOLLAND MI 49424

Handicap Accessable:
Y
","Temporary Polling Location




Handicap Accessable: 
"
OTTAWA COUNTY,HOLLAND TOWNSHIP ,     PRECINCT 11,"Permanent Polling Location
NOORDELOOS CRC
4055 112TH AVENUE
HOLLAND MI 49424

Handicap Accessable:
Y
","Temporary Polling Location




Handicap Accessable: 
"
OTTAWA COUNTY,HOLLAND TOWNSHIP ,     PRECINCT 12,"Permanent Polling Location
COMMUNITY REFORMED
10376 FELCH ST
ZEELAND MI 49464

Handicap Accessable:
Y
","Temporary Polling Location




Handicap Accessable: 
"
OTTAWA COUNTY,HUDSONVILLE CITY ,     PRECINCT 1-1,"Permanent Polling Location
CITY HALL
3275 CENTRAL BLVD
HUDSONVILLE MI 49426

Handicap Accessable:
Y
(NORTHWEST CORNER OF 32ND/CENTRAL BLVD INTERSECTION)","Temporary Polling Location




Handicap Accessable: 
"
OTTAWA COUNTY,HUDSONVILLE CITY ,     PRECINCT 2-1,"Permanent Polling Location
CITY HALL
3275 CENTRAL BLVD
HUDSONVILLE MI 49426

Handicap Accessable:
Y
(NORTHWEST CORNER OF 32ND/CENTRAL BLVD INTERSECTION)","Temporary Polling Location




Handicap Accessable: 
"
OTTAWA COUNTY,HUDSONVILLE CITY ,     PRECINCT 3-1,"Permanent Polling Location
HUDSONVILLE CONG UCC
4950 32ND AVENUE
HUDSONVILLE MI 49426

Handicap Accessable:
Y
(EAST SIDE OF 32ND ACROSS FROM HIGH SCHOOL)","Temporary Polling Location




Handicap Accessable: 
"
OTTAWA COUNTY,JAMESTOWN TOWNSHIP ,     PRECINCT 1,"Permanent Polling Location
JAMESTOWN CHRISTIAN REFORMED CHURCH
1653 RILEY STREET
HUDSONVILLE MI 49426

Handicap Accessable:
Y
(ON RILEY STREET, 1 MILE EAST OF 24TH AVENUE, NORTH SIDE OF RILEY)","Temporary Polling Location




Handicap Accessable: 
"
OTTAWA COUNTY,JAMESTOWN TOWNSHIP ,     PRECINCT 2,"Permanent Polling Location
FOREST GROVE CHRISTIAN REF. CHURCH
3515 PERRY ST
HUDSONVILLE MI 49426

Handicap Accessable:
Y
(ON PERRY STREET, 0.38 MILES WEST OF 32ND AVENUE)","Temporary Polling Location




Handicap Accessable: 
"
OTTAWA COUNTY,JAMESTOWN TOWNSHIP ,     PRECINCT 3,"Permanent Polling Location
PATMOS LIBRARY
2445 RILEY STREET
HUDSONVILLE MI 49426

Handicap Accessable:
Y
(ON RILEY STREET, 0.06 MILES WEST OF 24TH AVENUE, NORTH SIDE OF RILEY)","Temporary Polling Location




Handicap Accessable: 
"
OTTAWA COUNTY,JAMESTOWN TOWNSHIP ,     PRECINCT 4,"Permanent Polling Location
JAMESTOWN FIRE STATION #1
3801 24TH AVE
GRANDVILLE MI 49418

Handicap Accessable:
Y
","Temporary Polling Location




Handicap Accessable: 
"
OTTAWA COUNTY,JAMESTOWN TOWNSHIP ,     PRECINCT 5,"Permanent Polling Location
SEARCHLIGHT MINISTRIES
4020 22ND AVE
HUDSONVILLE MI 49426

Handicap Accessable:
Y
","Temporary Polling Location




Handicap Accessable: 
"
OTTAWA COUNTY,OLIVE TOWNSHIP ,     PRECINCT 1,"Permanent Polling Location
OLIVE TWP HALL
6480 - 136TH AVE
HOLLAND MI 49424

Handicap Accessable:
Y
","Temporary Polling Location




Handicap Accessable: 
"
OTTAWA COUNTY,OLIVE TOWNSHIP ,     PRECINCT 2,"Permanent Polling Location
OLIVE TWP HALL
6480 - 136TH AVE
HOLLAND MI 49424

Handicap Accessable:
Y
","Temporary Polling Location




Handicap Accessable: 
"
OTTAWA COUNTY,PARK TOWNSHIP ,     PRECINCT 1,"Permanent Polling Location
BEECHWOOD REF CHURCH
895 OTTAWA BEACH RD
HOLLAND MI 49424

Handicap Accessable:
Y
","Temporary Polling Location




Handicap Accessable: 
"
OTTAWA COUNTY,PARK TOWNSHIP ,     PRECINCT 2,"Permanent Polling Location
MAATMAN CENTER
669 HARRINGTON AVE
HOLLAND MI 49423

Handicap Accessable:
Y
","Temporary Polling Location




Handicap Accessable: 
"
OTTAWA COUNTY,PARK TOWNSHIP ,     PRECINCT 3,"Permanent Polling Location
PARK TWP FIRE DEPT.
12 S. 160TH AVE.
HOLLAND MI 49424

Handicap Accessable:
Y
","Temporary Polling Location




Handicap Accessable: 
"
OTTAWA COUNTY,PARK TOWNSHIP ,     PRECINCT 4,"Permanent Polling Location
BEECHWOOD REF CHURCH
895 OTTAWA BEACH RD
HOLLAND MI 49424

Handicap Accessable:
Y
","Temporary Polling Location




Handicap Accessable: 
"
OTTAWA COUNTY,PARK TOWNSHIP ,     PRECINCT 5,"Permanent Polling Location
FELLOWSHIP REFORMED CHURCH
2165 W. LAKEWOOD BLVD
HOLLAND MI 49424

Handicap Accessable:
Y
(CORNER OF LAKEWOOD BLVD AND 168TH AVE.)","Temporary Polling Location




Handicap Accessable: 
"
OTTAWA COUNTY,PARK TOWNSHIP ,     PRECINCT 6,"Permanent Polling Location
OUR LADY OF THE LAKE
480 152ND AVE.
HOLLAND MI 49424

Handicap Accessable:
Y
","Temporary Polling Location




Handicap Accessable: 
"
OTTAWA COUNTY,POLKTON TOWNSHIP ,     PRECINCT 1,"Permanent Polling Location
POLKTON TWP HALL
6900 ARTHUR ST
COOPERSVILLE MI 49404

Handicap Accessable:
Y
","Temporary Polling Location




Handicap Accessable: 
"
OTTAWA COUNTY,PORT SHELDON TOWNSHIP ,     PRECINCT 1,"Permanent Polling Location
PT SHELDON TWP HALL
16201 PORT SHELDON ST.
WEST OLIVE MI 49460

Handicap Accessable:
Y
","Temporary Polling Location




Handicap Accessable: 
"
OTTAWA COUNTY,PORT SHELDON TOWNSHIP ,     PRECINCT 2,"Permanent Polling Location
PT SHELDON TWP HALL
16201 PORT SHELDON ST.
WEST OLIVE MI 49460

Handicap Accessable:
Y
","Temporary Polling Location




Handicap Accessable: 
"
OTTAWA COUNTY,ROBINSON TOWNSHIP ,     PRECINCT 1,"Permanent Polling Location
ROB BAPTIST CHURCH
12011 120TH AVE
GRAND HAVEN MI 49417

Handicap Accessable:
Y
","Temporary Polling Location




Handicap Accessable: 
"
OTTAWA COUNTY,ROBINSON TOWNSHIP ,     PRECINCT 2,"Permanent Polling Location
ROB BAPTIST CHURCH
12011 120TH AVE
GRAND HAVEN MI 49417

Handicap Accessable:
Y
","Temporary Polling Location




Handicap Accessable: 
"
OTTAWA COUNTY,ROBINSON TOWNSHIP ,     PRECINCT 3,"Permanent Polling Location
ROB BAPTIST CHURCH
12011 120TH AVE
GRAND HAVEN MI 49417

Handicap Accessable:
Y
","Temporary Polling Location




Handicap Accessable: 
"
OTTAWA COUNTY,SPRING LAKE TOWNSHIP ,     PRECINCT 1,"Permanent Polling Location
SL TWP FIRE ST #2
18964 174TH AVE
SPRING LAKE MI 49456

Handicap Accessable:
Y
","Temporary Polling Location




Handicap Accessable: 
"
OTTAWA COUNTY,SPRING LAKE TOWNSHIP ,     PRECINCT 2,"Permanent Polling Location
LAKESHORE FELLOWSHIP
16790 VANWAGONER ROAD
SPRING LAKE MI 49456

Handicap Accessable:
Y
(CORNER OF 168TH AVENUE AND VANWAGONER ROAD)","Temporary Polling Location




Handicap Accessable: 
"
OTTAWA COUNTY,SPRING LAKE TOWNSHIP ,     PRECINCT 3,"Permanent Polling Location
ST. MARY'S CATHOLIC CHURCH
406 E. SAVIDGE ST.
SPRING LAKE MI 49456

Handicap Accessable:
Y
(BETWEEN PROSPECT AND WILLIAMS ST.)","Temporary Polling Location




Handicap Accessable: 
"
OTTAWA COUNTY,SPRING LAKE TOWNSHIP ,     PRECINCT 4,"Permanent Polling Location
ST. MARY'S CATHOLIC CHURCH
406 E. SAVIDGE ST.
SPRING LAKE MI 49456

Handicap Accessable:
Y
(BETWEEN PROSPECT AND WILLIAMS ST.)","Temporary Polling Location




Handicap Accessable: 
"
OTTAWA COUNTY,SPRING LAKE TOWNSHIP ,     PRECINCT 5,"Permanent Polling Location
NORTONVILLE GOSPEL CHAPEL
14528 LEONARD ROAD
SPRING LAKE MI 49456

Handicap Accessable:
Y
(WEST OF 144TH)","Temporary Polling Location




Handicap Accessable: 
"
OTTAWA COUNTY,SPRING LAKE TOWNSHIP ,     PRECINCT 6,"Permanent Polling Location
ALL SHORES WESLEYAN
15550 CLEVELAND
SPRING LAKE MI 49456

Handicap Accessable:
Y
(ACROSS FROM BURGER KING ON M-104)","Temporary Polling Location




Handicap Accessable: 
"
OTTAWA COUNTY,TALLMADGE TOWNSHIP ,     PRECINCT 1,"Permanent Polling Location
TALLMADGE TOWNSHIP
0-1451 LEONARD STREET NW
GRAND RAPIDS MI 49534

Handicap Accessable:
Y
","Temporary Polling Location




Handicap Accessable: 
"
OTTAWA COUNTY,TALLMADGE TOWNSHIP ,     PRECINCT 2,"Permanent Polling Location
THE BELOVED CHURCH
O-1428 LEONARD ST NW
GRAND RAPIDS MI 49534

Handicap Accessable:
Y
(SOUTH SIDE OF LEONARD, WEST OF 14TH AVE)","Temporary Polling Location




Handicap Accessable: 
"
OTTAWA COUNTY,TALLMADGE TOWNSHIP ,     PRECINCT 3,"Permanent Polling Location
LAMONT COMMUNITY CHURCH
14000 48TH AVE
COOPERSVILLE MI 49404

Handicap Accessable:
Y
(EAST SIDE OF 48TH, NORTH OF JOHNSON ST)","Temporary Polling Location




Handicap Accessable: 
"
OTTAWA COUNTY,WRIGHT TOWNSHIP ,     PRECINCT 1,"Permanent Polling Location
WRIGHT TOWNSHIP HALL
2024 CLEVELAND ST. E, COOPERSVILLE, MI  49404
COOPERSVILLE MI 49404

Handicap Accessable:
Y
","Temporary Polling Location




Handicap Accessable: 
"
OTTAWA COUNTY,ZEELAND CITY ,     PRECINCT 1,"Permanent Polling Location
HOW MILLER COM CTR
14 S CHURCH ST
ZEELAND MI 49464

Handicap Accessable:
Y
(CORNER CHURCH AND CHERRY)","Temporary Polling Location




Handicap Accessable: 
"
OTTAWA COUNTY,ZEELAND CITY ,     PRECINCT 2,"Permanent Polling Location
HOW MILLER COM CTR
14 S CHURCH ST
ZEELAND MI 49464

Handicap Accessable:
Y
(CORNER CHURCH AND CHERRY)","Temporary Polling Location




Handicap Accessable: 
"
OTTAWA COUNTY,ZEELAND TOWNSHIP ,     PRECINCT 1,"Permanent Polling Location
PATHWAY CHURCH/REDEEMER CHRISTIAN SCHOOL
7250 RANSOM ST
ZEELAND MI 49464

Handicap Accessable:
Y
","Temporary Polling Location




Handicap Accessable: 
"
OTTAWA COUNTY,ZEELAND TOWNSHIP ,     PRECINCT 2,"Permanent Polling Location
TOWNHALL
6582 BYRON ROAD
ZEELAND MI 49464

Handicap Accessable:
Y
","Temporary Polling Location




Handicap Accessable: 
"
OTTAWA COUNTY,ZEELAND TOWNSHIP ,     PRECINCT 3,"Permanent Polling Location
DRENTHE COMM GROVE
615 - 68TH AVENUE
ZEELAND MI 49464

Handicap Accessable:
Y
","Temporary Polling Location




Handicap Accessable: 
"
OTTAWA COUNTY,ZEELAND TOWNSHIP ,     PRECINCT 4,"Permanent Polling Location
TOWNSHIP COMMUNITY CENTER
2446 64TH AVE
ZEELAND MI 49464

Handicap Accessable:
Y
(NE CORNER OF 64TH AVE AND BYRON RD)","Temporary Polling Location




Handicap Accessable: 
"
PRESQUE ISLE COUNTY,ALLIS TOWNSHIP ,     PRECINCT 1,"Permanent Polling Location
ALLIS TOWNSHIP HALL
20018 W. 638 HWY.
ONAWAY MI 49765

Handicap Accessable:
Y
","Temporary Polling Location




Handicap Accessable: 
"
PRESQUE ISLE COUNTY,BEARINGER TOWNSHIP ,     PRECINCT 1,"Permanent Polling Location
BEARINGER TWP. HALL
17034 TOWN HALL HWY.
MILLERSBURG MI 49759

Handicap Accessable:
Y
","Temporary Polling Location




Handicap Accessable: 
"
PRESQUE ISLE COUNTY,BELKNAP TOWNSHIP ,     PRECINCT 1,"Permanent Polling Location
BELKNAP TWP. HALL
1720 W. 638 HWY.
ROGERS CITY  MI 49779

Handicap Accessable:
Y
","Temporary Polling Location




Handicap Accessable: 
"
PRESQUE ISLE COUNTY,BISMARCK TOWNSHIP ,     PRECINCT 1,"Permanent Polling Location
BISMARCK TWP. HALL
7662 CLAUS ROAD
HAWKS MI 49743

Handicap Accessable:
Y
","Temporary Polling Location




Handicap Accessable: 
"
PRESQUE ISLE COUNTY,CASE TOWNSHIP ,     PRECINCT 1,"Permanent Polling Location
CASE TWP COMM CENTER
5561 MAIN STREET
MILLERSBURG MI 49759

Handicap Accessable:
Y
","Temporary Polling Location




Handicap Accessable: 
"
PRESQUE ISLE COUNTY,KRAKOW TOWNSHIP ,     PRECINCT 1,"Permanent Polling Location
KRAKOW TOWNSHIP HALL
12022 BOLTON ROAD
POSEN MI 49776

Handicap Accessable:
Y
","Temporary Polling Location




Handicap Accessable: 
"
PRESQUE ISLE COUNTY,METZ TOWNSHIP ,     PRECINCT 1,"Permanent Polling Location
METZ TOWNSHIP HALL
9385 COUNTY ROAD 441
POSEN MI 49776

Handicap Accessable:
Y
","Temporary Polling Location




Handicap Accessable: 
"
PRESQUE ISLE COUNTY,MOLTKE TOWNSHIP ,     PRECINCT 1,"Permanent Polling Location
MOLTKE TOWNSHIP HALL
5928 M-68 HWY.
ROGERS CITY MI 49779

Handicap Accessable:
Y
","Temporary Polling Location




Handicap Accessable: 
"
PRESQUE ISLE COUNTY,NORTH ALLIS TOWNSHIP ,     PRECINCT 1,"Permanent Polling Location
NORTH ALLIS TWP HALL
1940 M-211HWY.
ONAWAY MI 49765

Handicap Accessable:
Y
","Temporary Polling Location




Handicap Accessable: 
"
PRESQUE ISLE COUNTY,OCQUEOC TOWNSHIP ,     PRECINCT 1,"Permanent Polling Location
OCQUEOC TWP. HALL
14101 NORTH ALLIS HWY.
MILLERSBURG MI 49759

Handicap Accessable:
Y
","Temporary Polling Location




Handicap Accessable: 
"
PRESQUE ISLE COUNTY,ONAWAY CITY ,     PRECINCT 1,"Permanent Polling Location
COURTHOUSE-CITY HALL
20774 STATE STREET
ONAWAY MI 49765

Handicap Accessable:
Y
","Temporary Polling Location




Handicap Accessable: 
"
PRESQUE ISLE COUNTY,POSEN TOWNSHIP ,     PRECINCT 1,"Permanent Polling Location
POSEN COMMUNITY CNTR
10813 N. MICHIGAN AVE.
POSEN MI 49776

Handicap Accessable:
Y
","Temporary Polling Location




Handicap Accessable: 
"
PRESQUE ISLE COUNTY,PRESQUE ISLE TOWNSHIP ,     PRECINCT 1,"Permanent Polling Location
P.I. TOWNSHIP HALL
12653 E. GRAND LAKE RD.
PRESQUE ISLE MI 49777

Handicap Accessable:
Y
","Temporary Polling Location




Handicap Accessable: 
"
PRESQUE ISLE COUNTY,PULAWSKI TOWNSHIP ,     PRECINCT 1,"Permanent Polling Location




Handicap Accessable:

","Temporary Polling Location
PULAWSKI TWP. HALL
5025 DARGA HWY.
POSEN MI 49776

Handicap Accessable: Y
"
PRESQUE ISLE COUNTY,ROGERS CITY CITY ,     PRECINCT 1,"Permanent Polling Location
CITY HALL COUNCIL CHAMBERS
193 E. MICHIGAN AVENUE
ROGERS CITY MI 49779

Handicap Accessable:
Y
","Temporary Polling Location




Handicap Accessable: 
"
PRESQUE ISLE COUNTY,ROGERS TOWNSHIP ,     PRECINCT 1,"Permanent Polling Location
ROGERS TOWNSHIP HALL
2442 CO. RD. 451
ROGERS CITY MI 49779

Handicap Accessable:
Y
","Temporary Polling Location




Handicap Accessable: 
"
ROSCOMMON COUNTY,AU SABLE TOWNSHIP ,     PRECINCT 1,"Permanent Polling Location
AUSABLE TWP HALL
9181 N. KENO RD.
SAINT HELEN MI 48656

Handicap Accessable:
Y
","Temporary Polling Location




Handicap Accessable: 
"
ROSCOMMON COUNTY,BACKUS TOWNSHIP ,     PRECINCT 1,"Permanent Polling Location
BACKUS TOWNSHIP HALL
3888 S MAPLE VALLEY
SAINT HELEN MI 48656

Handicap Accessable:
Y
","Temporary Polling Location




Handicap Accessable: 
"
ROSCOMMON COUNTY,DENTON TOWNSHIP ,     PRECINCT 1,"Permanent Polling Location
DENTON TWP HALL
2565 S GLADWIN RD
PRUDENVILLE MI 48651

Handicap Accessable:
Y
","Temporary Polling Location




Handicap Accessable: 
"
ROSCOMMON COUNTY,DENTON TOWNSHIP ,     PRECINCT 2,"Permanent Polling Location
DENTON TWP HALL
2565 S GLADWIN RD
PRUDENVILLE MI 48651

Handicap Accessable:
Y
","Temporary Polling Location




Handicap Accessable: 
"
ROSCOMMON COUNTY,GERRISH TOWNSHIP ,     PRECINCT 1,"Permanent Polling Location
GERRISH TWP HALL
2997 E HIGGINS LK DR
ROSCOMMON MI 48653

Handicap Accessable:
Y
","Temporary Polling Location




Handicap Accessable: 
"
ROSCOMMON COUNTY,HIGGINS TOWNSHIP ,     PRECINCT 1,"Permanent Polling Location
HIGGINS TWP  HALL
700 S FIFTH ST
ROSCOMMON MI 48653

Handicap Accessable:
Y
","Temporary Polling Location




Handicap Accessable: 
"
ROSCOMMON COUNTY,LAKE TOWNSHIP ,     PRECINCT 1,"Permanent Polling Location
LAKE TOWNSHIP HALL
1380 N. MICHELSON  RD.
HOUGHTON LAKE MI 48629

Handicap Accessable:
Y
","Temporary Polling Location




Handicap Accessable: 
"
ROSCOMMON COUNTY,LYON TOWNSHIP ,     PRECINCT 1,"Permanent Polling Location
LYON TOWNSHIP HALL
7851 W HIGGINS LAKE DR
ROSCOMMON MI 48653

Handicap Accessable:
Y
","Temporary Polling Location




Handicap Accessable: 
"
ROSCOMMON COUNTY,MARKEY TOWNSHIP ,     PRECINCT 1,"Permanent Polling Location
MARKEY TOWNSHIP HALL
7400 E HOUGHTON LAKE DR
HOUGHTON LAKE MI 48629

Handicap Accessable:
Y
","Temporary Polling Location




Handicap Accessable: 
"
ROSCOMMON COUNTY,NESTER TOWNSHIP ,     PRECINCT 1,"Permanent Polling Location
NESTER TOWNSHIP HALL
7855 MAPLE VALLEY ROAD
ST HELEN MI 48656

Handicap Accessable:
Y
","Temporary Polling Location




Handicap Accessable: 
"
ROSCOMMON COUNTY,RICHFIELD TOWNSHIP ,     PRECINCT 1,"Permanent Polling Location
RICHFIELD TOWNSHIP
1410 N SAINT HELEN ROAD
SAINT HELEN MI 48656

Handicap Accessable:
Y
","Temporary Polling Location




Handicap Accessable: 
"
ROSCOMMON COUNTY,ROSCOMMON TOWNSHIP ,     PRECINCT 1,"Permanent Polling Location
ROSCOMMON TWP HALL
8555 KNAPP ROAD
HOUGHTON LAKE MI 48629

Handicap Accessable:
Y
","Temporary Polling Location




Handicap Accessable: 
"
ROSCOMMON COUNTY,ROSCOMMON TOWNSHIP ,     PRECINCT 2,"Permanent Polling Location
ROSCOMMON TWP HALL
8555 KNAPP ROAD
HOUGHTON LAKE MI 48629

Handicap Accessable:
Y
","Temporary Polling Location




Handicap Accessable: 
"
SAGINAW COUNTY,ALBEE TOWNSHIP ,     PRECINCT 1,"Permanent Polling Location
ALBEE TWP HALL
10645 EAST RD
BURT MI 48417

Handicap Accessable:
Y
","Temporary Polling Location




Handicap Accessable: 
"
SAGINAW COUNTY,BIRCH RUN TOWNSHIP ,     PRECINCT 1,"Permanent Polling Location
BIRCH RUN TOWNSHIP FIRE HALL
11235 DIXIE HIGHWAY
BIRCH RUN MI 48415

Handicap Accessable:
Y
","Temporary Polling Location




Handicap Accessable: 
"
SAGINAW COUNTY,BIRCH RUN TOWNSHIP ,     PRECINCT 2,"Permanent Polling Location
BIRCH RUN TOWNSHIP FIRE HALL
11235 DIXIE HIGHWAY
BIRCH RUN MI 48415

Handicap Accessable:
Y
","Temporary Polling Location




Handicap Accessable: 
"
SAGINAW COUNTY,BLUMFIELD TOWNSHIP ,     PRECINCT 1,"Permanent Polling Location
BLUMFIELD TWP HALL
1175 M-15
REESE MI 48757

Handicap Accessable:
Y
","Temporary Polling Location




Handicap Accessable: 
"
SAGINAW COUNTY,BRADY TOWNSHIP ,     PRECINCT 1,"Permanent Polling Location
BRADY TWP HALL
16020 PEET RD
OAKLEY MI 48649

Handicap Accessable:
Y
","Temporary Polling Location




Handicap Accessable: 
"
SAGINAW COUNTY,BRANT TOWNSHIP ,     PRECINCT 1,"Permanent Polling Location
BRANT TWP HALL
11012 S HEMLOCK RD
BRANT MI 48614

Handicap Accessable:
Y
","Temporary Polling Location




Handicap Accessable: 
"
SAGINAW COUNTY,BRIDGEPORT TOWNSHIP ,     PRECINCT 1,"Permanent Polling Location
BRIDGEPORT GOVERMENTAL CENTER
6740 DIXIE HWY
BRIDGEPORT MI 48722

Handicap Accessable:
Y
","Temporary Polling Location




Handicap Accessable: 
"
SAGINAW COUNTY,BRIDGEPORT TOWNSHIP ,     PRECINCT 2,"Permanent Polling Location
BRIDGEPORT-SPAULDING HIGH SCHOOL
4691 BEARCAT BLVD
BRIDGEPORT MI 48722

Handicap Accessable:
Y
(POLLING LOCATION: LIBRARY ENTER DIRECTLY INTO THE VOTING PRICINCT #2)","Temporary Polling Location




Handicap Accessable: 
"
SAGINAW COUNTY,BRIDGEPORT TOWNSHIP ,     PRECINCT 3,"Permanent Polling Location
CALVARY COMM CHURCH
2895 E MOORE RD
SAGINAW MI 48601

Handicap Accessable:
Y
(SB FORT RD., WEST ON MOORE RD.)","Temporary Polling Location




Handicap Accessable: 
"
SAGINAW COUNTY,BUENA VISTA CHARTER TOWNSHIP ,     PRECINCT 1,"Permanent Polling Location
BUENA VISTA COM.CENT
1940 S OUTER DRIVE
SAGINAW MI 48601

Handicap Accessable:
Y
","Temporary Polling Location




Handicap Accessable: 
"
SAGINAW COUNTY,BUENA VISTA CHARTER TOWNSHIP ,     PRECINCT 2,"Permanent Polling Location
BUENA VISTA COM.CENT
1940 S OUTER DRIVE
SAGINAW MI 48601

Handicap Accessable:
Y
","Temporary Polling Location




Handicap Accessable: 
"
SAGINAW COUNTY,BUENA VISTA CHARTER TOWNSHIP ,     PRECINCT 3,"Permanent Polling Location
BUENA VISTA COM.CENT
1940 S OUTER DRIVE
SAGINAW MI 48601

Handicap Accessable:
Y
","Temporary Polling Location




Handicap Accessable: 
"
SAGINAW COUNTY,CARROLLTON TOWNSHIP ,     PRECINCT 1,"Permanent Polling Location
ST JOHN PAUL II CTR
3055 HARRISON
SAGINAW MI 48604

Handicap Accessable:
Y
","Temporary Polling Location




Handicap Accessable: 
"
SAGINAW COUNTY,CARROLLTON TOWNSHIP ,     PRECINCT 2,"Permanent Polling Location
ST JOHN PAUL II CTR
3055 HARRISON
SAGINAW MI 48604

Handicap Accessable:
Y
","Temporary Polling Location




Handicap Accessable: 
"
SAGINAW COUNTY,CHAPIN TOWNSHIP ,     PRECINCT 1,"Permanent Polling Location
CHAPIN TWP HALL
21481 PEET RD
ELSIE MI 48831

Handicap Accessable:
Y
","Temporary Polling Location




Handicap Accessable: 
"
SAGINAW COUNTY,CHESANING TOWNSHIP ,     PRECINCT 1,"Permanent Polling Location
ST PETER PARISH HALL
404 SOUTH WOOD
CHESANING MI 48616

Handicap Accessable:
Y
(ON THE CORNER OF CHURCH AND WOOD)","Temporary Polling Location




Handicap Accessable: 
"
SAGINAW COUNTY,FRANKENMUTH CITY ,     PRECINCT 1,"Permanent Polling Location
CITY TRAINING CENTER
210 N FRANKLIN ST
FRANKENMUTH MI 48734

Handicap Accessable:
Y
","Temporary Polling Location




Handicap Accessable: 
"
SAGINAW COUNTY,FRANKENMUTH TOWNSHIP ,     PRECINCT 1,"Permanent Polling Location
PUBLIC SAFETY BLDG
218 W GENESEE ST
FRANKENMUTH MI 48734

Handicap Accessable:
Y
","Temporary Polling Location




Handicap Accessable: 
"
SAGINAW COUNTY,FREMONT TOWNSHIP ,     PRECINCT 1,"Permanent Polling Location
FREMONT TWP HALL
5980 S HEMLOCK RD
HEMLOCK MI 48626

Handicap Accessable:
Y
","Temporary Polling Location




Handicap Accessable: 
"
SAGINAW COUNTY,JAMES TOWNSHIP ,     PRECINCT 1,"Permanent Polling Location
JAMES TWP HALL
6060 SWAN CREEK RD
SAGINAW MI 48609

Handicap Accessable:
Y
","Temporary Polling Location




Handicap Accessable: 
"
SAGINAW COUNTY,JONESFIELD TOWNSHIP ,     PRECINCT 1,"Permanent Polling Location
JONESFIELD TWP OFFICE
149 N. MIDLAND ST
MERRILL MI 48637

Handicap Accessable:
Y
","Temporary Polling Location




Handicap Accessable: 
"
SAGINAW COUNTY,KOCHVILLE TOWNSHIP ,     PRECINCT 1,"Permanent Polling Location
KOCHVILLE VETERANS HALL
3265 KOCHVILLE ROAD
SAGINAW MI 48604

Handicap Accessable:
Y
","Temporary Polling Location




Handicap Accessable: 
"
SAGINAW COUNTY,LAKEFIELD TOWNSHIP ,     PRECINCT 1,"Permanent Polling Location
LAKEFIELD TWP HALL
21050  LAKEFIELD RD
MERRILL MI 48637

Handicap Accessable:
Y
","Temporary Polling Location




Handicap Accessable: 
"
SAGINAW COUNTY,MAPLE GROVE TOWNSHIP ,     PRECINCT 1,"Permanent Polling Location
MAPLE GROVE TWP HALL
4017 PEET RD
CHESANING MI 48616

Handicap Accessable:
N
","Temporary Polling Location




Handicap Accessable: 
"
SAGINAW COUNTY,MARION TOWNSHIP ,     PRECINCT 1,"Permanent Polling Location
MARION TWP HALL
10925 S MERRILL RD
BRANT MI 48614

Handicap Accessable:
N
","Temporary Polling Location




Handicap Accessable: 
"
SAGINAW COUNTY,RICHLAND TOWNSHIP ,     PRECINCT 1,"Permanent Polling Location
RICHLAND TWP. OFFICE
1180 N. HEMLOCK RD.
HEMLOCK MI 48626

Handicap Accessable:
Y
","Temporary Polling Location




Handicap Accessable: 
"
SAGINAW COUNTY,RICHLAND TOWNSHIP ,     PRECINCT 2,"Permanent Polling Location
RICHLAND TWP. OFFICE
1180 N. HEMLOCK RD.
HEMLOCK MI 48626

Handicap Accessable:
Y
","Temporary Polling Location




Handicap Accessable: 
"
SAGINAW COUNTY,SAGINAW CITY ,     PRECINCT 1,"Permanent Polling Location
BETHEL A.M.E. CHURCH
535 CATHAY
SAGINAW MI 48601

Handicap Accessable:
Y
","Temporary Polling Location




Handicap Accessable: 
"
SAGINAW COUNTY,SAGINAW CITY ,     PRECINCT 2,"Permanent Polling Location
BETHEL A.M.E. CHURCH
535 CATHAY
SAGINAW MI 48601

Handicap Accessable:
Y
","Temporary Polling Location




Handicap Accessable: 
"
SAGINAW COUNTY,SAGINAW CITY ,     PRECINCT 3,"Permanent Polling Location
SUCCESS ACADEMY
1000 TUSCOLA
SAGINAW MI 48607

Handicap Accessable:
Y
","Temporary Polling Location




Handicap Accessable: 
"
SAGINAW COUNTY,SAGINAW CITY ,     PRECINCT 4,"Permanent Polling Location
YMCA
1915 FORDNEY ST
SAGINAW MI 48601

Handicap Accessable:
Y
","Temporary Polling Location




Handicap Accessable: 
"
SAGINAW COUNTY,SAGINAW CITY ,     PRECINCT 5,"Permanent Polling Location
YMCA
1915 FORDNEY ST
SAGINAW MI 48601

Handicap Accessable:
Y
","Temporary Polling Location




Handicap Accessable: 
"
SAGINAW COUNTY,SAGINAW CITY ,     PRECINCT 6,"Permanent Polling Location
SAGINAW MIDDLE SCHOOL
3100 WEBBER
SAGINAW MI 48601

Handicap Accessable:
Y
","Temporary Polling Location




Handicap Accessable: 
"
SAGINAW COUNTY,SAGINAW CITY ,     PRECINCT 7,"Permanent Polling Location
NEW BIRTH MISSIONARY BAPTIST CHURCH
3121 SHERIDAN AVE.
SAGINAW MI 48601

Handicap Accessable:
Y
","Temporary Polling Location




Handicap Accessable: 
"
SAGINAW COUNTY,SAGINAW CITY ,     PRECINCT 8,"Permanent Polling Location
SAGINAW MIDDLE SCHOOL
3100 WEBBER
SAGINAW MI 48601

Handicap Accessable:
Y
","Temporary Polling Location




Handicap Accessable: 
"
SAGINAW COUNTY,SAGINAW CITY ,     PRECINCT 9,"Permanent Polling Location
MERRILL PARK SCHOOL
1800 GROUT
SAGINAW MI 48602

Handicap Accessable:
Y
","Temporary Polling Location




Handicap Accessable: 
"
SAGINAW COUNTY,SAGINAW CITY ,     PRECINCT 10,"Permanent Polling Location
THOMPSON MIDDLE SCHOOL
3021 COURT ST
SAGINAW MI 48601

Handicap Accessable:
Y
","Temporary Polling Location




Handicap Accessable: 
"
SAGINAW COUNTY,SAGINAW CITY ,     PRECINCT 11,"Permanent Polling Location
FIRST PRESBYTERIAN CHURCH
121 S HARRISON
SAGINAW MI 48602

Handicap Accessable:
Y
","Temporary Polling Location




Handicap Accessable: 
"
SAGINAW COUNTY,SAGINAW CITY ,     PRECINCT 12,"Permanent Polling Location
SAGINAW UNITED HIGH SCHOOL
1903 N NIAGARA
SAGINAW MI 48602

Handicap Accessable:
Y
(USE GENESEE ENTRANCE BTWN MICHIGAN & WASHINGTON)","Temporary Polling Location




Handicap Accessable: 
"
SAGINAW COUNTY,SAGINAW CITY ,     PRECINCT 13,"Permanent Polling Location
CHRIST THE GOOD SHEPHERD
2415 N CHARLES
SAGINAW MI 48602

Handicap Accessable:
Y
(ON CAROLINA BTWN MORGAN & DEINDORFER)","Temporary Polling Location




Handicap Accessable: 
"
SAGINAW COUNTY,SAGINAW CITY ,     PRECINCT 14,"Permanent Polling Location
CHRIST THE GOOD SHEPHERD
2415 N CHARLES
SAGINAW MI 48602

Handicap Accessable:
Y
(ON CAROLINA BTWN MORGAN & DEINDORFER)","Temporary Polling Location




Handicap Accessable: 
"
SAGINAW COUNTY,SAGINAW CITY ,     PRECINCT 15,"Permanent Polling Location
SAGINAW UNITED HIGH SCHOOL
1903 N NIAGARA
SAGINAW MI 48602

Handicap Accessable:
Y
(USE GENESEE ENTRANCE BTWN MICHIGAN & WASHINGTON)","Temporary Polling Location




Handicap Accessable: 
"
SAGINAW COUNTY,SAGINAW CITY ,     PRECINCT 16,"Permanent Polling Location
PEACE LUTHERAN CHURCH
3427 ADAMS AVE
SAGINAW MI 48602

Handicap Accessable:
Y
","Temporary Polling Location




Handicap Accessable: 
"
SAGINAW COUNTY,SAGINAW TOWNSHIP ,     PRECINCT 1,"Permanent Polling Location
ST JOHN VIANNEY
6400 MCCARTY RD
SAGINAW MI 48603

Handicap Accessable:
Y
(BETWEEN HOSPITAL & LAWNDALE)","Temporary Polling Location




Handicap Accessable: 
"
SAGINAW COUNTY,SAGINAW TOWNSHIP ,     PRECINCT 2,"Permanent Polling Location
1ST UNITED METH CHUR
4790 GRATIOT RD
SAGINAW MI 48638

Handicap Accessable:
Y
(NEXT TO EDGEWOOD ASST. LIVING)","Temporary Polling Location




Handicap Accessable: 
"
SAGINAW COUNTY,SAGINAW TOWNSHIP ,     PRECINCT 3,"Permanent Polling Location
OUR SAV LUTH CHURCH
2525 HEMMETER RD
SAGINAW MI 48603

Handicap Accessable:
Y
(CORNER OF HEMMETER & WEISS)","Temporary Polling Location




Handicap Accessable: 
"
SAGINAW COUNTY,SAGINAW TOWNSHIP ,     PRECINCT 4,"Permanent Polling Location
FIRE STATION #1
6171 SHATTUCK RD
SAGINAW MI 48603

Handicap Accessable:
Y
(STATION #1 - BETWEEN LAWNDALE & HOSPITAL)","Temporary Polling Location




Handicap Accessable: 
"
SAGINAW COUNTY,SAGINAW TOWNSHIP ,     PRECINCT 5,"Permanent Polling Location
FIRE STATION #3
155 N CENTER RD
SAGINAW MI 48603

Handicap Accessable:
Y
(STATION #3 - CORNER OF GRATIOT & CENTER)","Temporary Polling Location




Handicap Accessable: 
"
SAGINAW COUNTY,SAGINAW TOWNSHIP ,     PRECINCT 6,"Permanent Polling Location
FIRE STATION #3
155 N CENTER RD
SAGINAW MI 48603

Handicap Accessable:
Y
(STATION #3 - CORNER OF GRATIOT & CENTER)","Temporary Polling Location




Handicap Accessable: 
"
SAGINAW COUNTY,SAGINAW TOWNSHIP ,     PRECINCT 7,"Permanent Polling Location
CENTER COURTS
3320 N CENTER RD
SAGINAW MI 48603

Handicap Accessable:
Y
(ACROSS FROM HERITAGE HIGH SCHOOL)","Temporary Polling Location




Handicap Accessable: 
"
SAGINAW COUNTY,SAGINAW TOWNSHIP ,     PRECINCT 8,"Permanent Polling Location
FIRE STATION #1
6171 SHATTUCK RD
SAGINAW MI 48603

Handicap Accessable:
Y
(STATION #1 - BETWEEN LAWNDALE & HOSPITAL)","Temporary Polling Location




Handicap Accessable: 
"
SAGINAW COUNTY,SAGINAW TOWNSHIP ,     PRECINCT 9,"Permanent Polling Location
CENTER COURTS
3320 N CENTER RD
SAGINAW MI 48603

Handicap Accessable:
Y
(ACROSS FROM HERITAGE HIGH SCHOOL)","Temporary Polling Location




Handicap Accessable: 
"
SAGINAW COUNTY,SAGINAW TOWNSHIP ,     PRECINCT 10,"Permanent Polling Location
FIRE STATION #2
3211 MCCARTY RD
SAGINAW MI 48603

Handicap Accessable:
Y
(STATION #2 - BETWEEN BAY & MACKINAW)","Temporary Polling Location




Handicap Accessable: 
"
SAGINAW COUNTY,SAGINAW TOWNSHIP ,     PRECINCT 11,"Permanent Polling Location
FIRE STATION #2
3211 MCCARTY RD
SAGINAW MI 48603

Handicap Accessable:
Y
(STATION #2 - BETWEEN BAY & MACKINAW)","Temporary Polling Location




Handicap Accessable: 
"
SAGINAW COUNTY,SAGINAW TOWNSHIP ,     PRECINCT 12,"Permanent Polling Location
HOPEVALE CHURCH
4873 N CENTER RD
SAGINAW MI 48603

Handicap Accessable:
Y
","Temporary Polling Location




Handicap Accessable: 
"
SAGINAW COUNTY,SAGINAW TOWNSHIP ,     PRECINCT 13,"Permanent Polling Location
SECOND PRES CHURCH
2665 MIDLAND RD
SAGINAW MI 48603

Handicap Accessable:
Y
(BETWEEN HOSPITAL & SHATTUCKVILLE)","Temporary Polling Location




Handicap Accessable: 
"
SAGINAW COUNTY,SPAULDING TOWNSHIP ,     PRECINCT 1,"Permanent Polling Location
SPAULDING TWP HALL
5825 COLE RD
SAGINAW MI 48601

Handicap Accessable:
Y
","Temporary Polling Location




Handicap Accessable: 
"
SAGINAW COUNTY,ST CHARLES TOWNSHIP ,     PRECINCT 1,"Permanent Polling Location
ST CHARLES TWP HALL
1003 N SAGINAW ST
SAINT CHARLES MI 48655

Handicap Accessable:
Y
","Temporary Polling Location




Handicap Accessable: 
"
SAGINAW COUNTY,SWAN CREEK TOWNSHIP ,     PRECINCT 1,"Permanent Polling Location
SWAN CREEK TWP HALL
11415 LAKEFIELD  PO BOX 176
ST CHARLES MI 48655

Handicap Accessable:
N
","Temporary Polling Location




Handicap Accessable: 
"
SAGINAW COUNTY,TAYMOUTH TOWNSHIP ,     PRECINCT 1,"Permanent Polling Location
TAYMOUTH COMM HALL
4343 E BIRCH RUN RD
BIRCH RUN MI 48415

Handicap Accessable:
N
","Temporary Polling Location




Handicap Accessable: 
"
SAGINAW COUNTY,THOMAS TOWNSHIP ,     PRECINCT 1,"Permanent Polling Location
THOMAS TWP LIBRARY
8207 SHIELDS DRIVE
SAGINAW MI 48609

Handicap Accessable:
Y
","Temporary Polling Location




Handicap Accessable: 
"
SAGINAW COUNTY,THOMAS TOWNSHIP ,     PRECINCT 2,"Permanent Polling Location
FIRE STATION #1
355 N MILLER ROAD
SAGINAW MI 48609

Handicap Accessable:
Y
","Temporary Polling Location




Handicap Accessable: 
"
SAGINAW COUNTY,THOMAS TOWNSHIP ,     PRECINCT 3,"Permanent Polling Location
PUBLIC SAFETY BLDG
8215 SHIELDS DR
SAGINAW MI 48609

Handicap Accessable:
Y
","Temporary Polling Location




Handicap Accessable: 
"
SAGINAW COUNTY,THOMAS TOWNSHIP ,     PRECINCT 4,"Permanent Polling Location
FIRE STATION #1
355 N MILLER ROAD
SAGINAW MI 48609

Handicap Accessable:
Y
","Temporary Polling Location




Handicap Accessable: 
"
SAGINAW COUNTY,THOMAS TOWNSHIP ,     PRECINCT 5,"Permanent Polling Location
FIRE STATION #1
355 N MILLER ROAD
SAGINAW MI 48609

Handicap Accessable:
Y
","Temporary Polling Location




Handicap Accessable: 
"
SAGINAW COUNTY,TITTABAWASSEE TOWNSHIP ,     PRECINCT 1,"Permanent Polling Location
FREELAND SPORTSZONE
5690 MIDLAND ROAD
FREELAND MI 48623

Handicap Accessable:
Y
(BETWEEN TITTABAWASSEE ROAD AND KOCHVILLE ROAD)","Temporary Polling Location




Handicap Accessable: 
"
SAGINAW COUNTY,TITTABAWASSEE TOWNSHIP ,     PRECINCT 2,"Permanent Polling Location
FREELAND SPORTSZONE
5690 MIDLAND ROAD
FREELAND MI 48623

Handicap Accessable:
Y
(BETWEEN TITTABAWASSEE ROAD AND KOCHVILLE ROAD)","Temporary Polling Location




Handicap Accessable: 
"
SAGINAW COUNTY,TITTABAWASSEE TOWNSHIP ,     PRECINCT 3,"Permanent Polling Location
FREELAND SPORTSZONE
5690 MIDLAND ROAD
FREELAND MI 48623

Handicap Accessable:
Y
(BETWEEN TITTABAWASSEE ROAD AND KOCHVILLE ROAD)","Temporary Polling Location




Handicap Accessable: 
"
SAGINAW COUNTY,TITTABAWASSEE TOWNSHIP ,     PRECINCT 4,"Permanent Polling Location
FREELAND SPORTSZONE
5690 MIDLAND ROAD
FREELAND MI 48623

Handicap Accessable:
Y
(BETWEEN TITTABAWASSEE ROAD AND KOCHVILLE ROAD)","Temporary Polling Location




Handicap Accessable: 
"
SAGINAW COUNTY,ZILWAUKEE CITY ,     PRECINCT 1,"Permanent Polling Location
ZILWAUKEE COMMUNITY BUILDING
530 W FISHER
SAGINAW MI 48604

Handicap Accessable:
Y
","Temporary Polling Location




Handicap Accessable: 
"
SAGINAW COUNTY,ZILWAUKEE TOWNSHIP ,     PRECINCT 1,"Permanent Polling Location
ZILWAUKEE TWP HALL
6189 SHERMAN RD
SAGINAW MI 48604

Handicap Accessable:
N
","Temporary Polling Location




Handicap Accessable: 
"
SANILAC COUNTY,ARGYLE TOWNSHIP ,     PRECINCT 1,"Permanent Polling Location
ARGYLE TWP. HALL
5018 UBLY RD
ARGYLE MI 48410

Handicap Accessable:
Y
(ARGYLE ROAD AND M-19)","Temporary Polling Location




Handicap Accessable: 
"
SANILAC COUNTY,AUSTIN TOWNSHIP ,     PRECINCT 1,"Permanent Polling Location
AUSTIN TWP HALL
8321 S UBLY RD
UBLY MI 48475

Handicap Accessable:
Y
(1/2 MILE S OF BAY-CITY FORESTVILLE RD.)","Temporary Polling Location




Handicap Accessable: 
"
SANILAC COUNTY,BRIDGEHAMPTON TOWNSHIP ,     PRECINCT 1,"Permanent Polling Location
BRIDGEHAMPTON HALL
491 N. RUTH RD
CARSONVILLE MI 48419

Handicap Accessable:
Y
","Temporary Polling Location




Handicap Accessable: 
"
SANILAC COUNTY,BUEL TOWNSHIP ,     PRECINCT 1,"Permanent Polling Location
BUEL TOWNSHIP HALL
2565 HALL ROAD
CROSWELL MI 48422

Handicap Accessable:
Y
(CORNER OF HALL & KILGORE ROADS)","Temporary Polling Location




Handicap Accessable: 
"
SANILAC COUNTY,CROSWELL CITY ,     PRECINCT 1,"Permanent Polling Location
CROSWELL COMM CENTER
124 N HOWARD ST., CROSWELL
CROSWELL MI 48422

Handicap Accessable:
Y
","Temporary Polling Location




Handicap Accessable: 
"
SANILAC COUNTY,CUSTER TOWNSHIP ,     PRECINCT 1,"Permanent Polling Location
CUSTER TWP HALL
613 E FORESTER RD
SANDUSKY MI 48471

Handicap Accessable:
Y
","Temporary Polling Location




Handicap Accessable: 
"
SANILAC COUNTY,DELAWARE TOWNSHIP ,     PRECINCT 1,"Permanent Polling Location
DELAWARE TWP HALL
7979 MAPLE GROVE RD.
MINDEN CITY MI 48456

Handicap Accessable:
N
","Temporary Polling Location




Handicap Accessable: 
"
SANILAC COUNTY,ELK TOWNSHIP ,     PRECINCT 1,"Permanent Polling Location
ELK TWP. HALL
29 E. LAPEER ST., PECK
PECK MI 48466

Handicap Accessable:
Y
","Temporary Polling Location




Handicap Accessable: 
"
SANILAC COUNTY,ELMER TOWNSHIP ,     PRECINCT 1,"Permanent Polling Location
HOPE LUTHERAN CHURCH
2510 JUHL RD
MARLETTE MI 48453

Handicap Accessable:
N
","Temporary Polling Location




Handicap Accessable: 
"
SANILAC COUNTY,EVERGREEN TOWNSHIP ,     PRECINCT 1,"Permanent Polling Location
EVERGREEN TWP HALL
5514 SHABBONA RD
DECKER MI 48426

Handicap Accessable:
N
(FIRST BUILDING W OF DECKER & SHABBONA RDS)","Temporary Polling Location




Handicap Accessable: 
"
SANILAC COUNTY,FLYNN TOWNSHIP ,     PRECINCT 1,"Permanent Polling Location
SENIOR CENTER
5251 SHEPHARD RD
BROWN CITY MI 48416

Handicap Accessable:
Y
(1/2 MILE N OF PECK RD)","Temporary Polling Location




Handicap Accessable: 
"
SANILAC COUNTY,FORESTER TOWNSHIP ,     PRECINCT 1,"Permanent Polling Location
FORESTER TWP HALL
2470 N. LAKESHORE RD
DECKERVILLE MI 48427

Handicap Accessable:
N
","Temporary Polling Location




Handicap Accessable: 
"
SANILAC COUNTY,FREMONT TOWNSHIP ,     PRECINCT 1,"Permanent Polling Location
FREMONT TWP HALL
2512 E GALBRAITH LINE RD
YALE MI 48097

Handicap Accessable:
Y
(CORNER OF GALBRAITH & KILGORE RDS)","Temporary Polling Location




Handicap Accessable: 
"
SANILAC COUNTY,GREENLEAF TOWNSHIP ,     PRECINCT 1,"Permanent Polling Location
GREENLEAF TWP HALL
6435 BAY CITY FORESTVILLE RD.
CASS CITY MI 48726

Handicap Accessable:
Y
","Temporary Polling Location




Handicap Accessable: 
"
SANILAC COUNTY,LAMOTTE TOWNSHIP ,     PRECINCT 1,"Permanent Polling Location
LAMOTTE TWP HALL
6271 SNOVER RD
DECKER MI 48426

Handicap Accessable:
N
","Temporary Polling Location




Handicap Accessable: 
"
SANILAC COUNTY,LEXINGTON TOWNSHIP ,     PRECINCT 1,"Permanent Polling Location
LEXINGTON TWP HALL
7227 HURON AVE., LEXINGTON
LEXINGTON MI 48450

Handicap Accessable:
N
","Temporary Polling Location




Handicap Accessable: 
"
SANILAC COUNTY,MAPLE VALLEY TOWNSHIP ,     PRECINCT 1,"Permanent Polling Location
MAPLE VALLEY HALL
8014 SHEPHARD ROAD
BROWN CITY MI 48416

Handicap Accessable:
Y
(CORNER OF SHEPHARD & GALBRAITH LINE RDS)","Temporary Polling Location




Handicap Accessable: 
"
SANILAC COUNTY,MARION TOWNSHIP ,     PRECINCT 1,"Permanent Polling Location
DECKERVILLE COMMUNITY CENTER
3451 MAIN ST.
DECKERVILLE MI 48427

Handicap Accessable:
Y
(DECKERVILLE COMMUNITY CENTER)","Temporary Polling Location




Handicap Accessable: 
"
SANILAC COUNTY,MARLETTE CITY ,     PRECINCT 1,"Permanent Polling Location
MARLETTE CITY HALL
6436 MORRIS ST., MARLETTE
MARLETTE MI 48453

Handicap Accessable:
Y
","Temporary Polling Location




Handicap Accessable: 
"
SANILAC COUNTY,MARLETTE TOWNSHIP ,     PRECINCT 1,"Permanent Polling Location
MARLETTE TWP. HALL
6725 AIRPORT RD.
MARLETTE MI 48453

Handicap Accessable:
N
","Temporary Polling Location




Handicap Accessable: 
"
SANILAC COUNTY,MINDEN TOWNSHIP ,     PRECINCT 1,"Permanent Polling Location
MINDEN TWP HALL
1657 MAIN STREET
MINDEN CITY MI 48456

Handicap Accessable:
N
","Temporary Polling Location




Handicap Accessable: 
"
SANILAC COUNTY,MOORE TOWNSHIP ,     PRECINCT 1,"Permanent Polling Location
MOORE TWP HALL
1536 MAIN ST., SNOVER
SNOVER MI 48472

Handicap Accessable:
N
(FIRE HALL)","Temporary Polling Location




Handicap Accessable: 
"
SANILAC COUNTY,SANDUSKY CITY ,     PRECINCT 1,"Permanent Polling Location
SANDUSKY CITY HALL
26 W SPEAKER ST
SANDUSKY MI 48471

Handicap Accessable:
Y
","Temporary Polling Location




Handicap Accessable: 
"
SANILAC COUNTY,SANILAC TOWNSHIP ,     PRECINCT 1,"Permanent Polling Location
BARK SHANTY COMM
135 CHURCH STREET
PORT SANILAC MI 48469

Handicap Accessable:
Y
","Temporary Polling Location




Handicap Accessable: 
"
SANILAC COUNTY,SPEAKER TOWNSHIP ,     PRECINCT 1,"Permanent Polling Location
SPEAKER TWP HALL
7630 N. BROCKWAY RD. (M-19)
MELVIN MI 48454

Handicap Accessable:
Y
(M-19)","Temporary Polling Location




Handicap Accessable: 
"
SANILAC COUNTY,WASHINGTON TOWNSHIP ,     PRECINCT 1,"Permanent Polling Location
WASHINGTON HALL
2520 HYDE ROAD
CARSONVILLE MI 48419

Handicap Accessable:
Y
","Temporary Polling Location




Handicap Accessable: 
"
SANILAC COUNTY,WATERTOWN TOWNSHIP ,     PRECINCT 1,"Permanent Polling Location
WATERTOWN HALL
2630 S. SANDUSKY RD.
SANDUSKY MI 48471

Handicap Accessable:
Y
","Temporary Polling Location




Handicap Accessable: 
"
SANILAC COUNTY,WHEATLAND TOWNSHIP ,     PRECINCT 1,"Permanent Polling Location
WHEATLAND HALL
4493 CHEVINGTON RD
DECKERVILLE MI 48427

Handicap Accessable:
Y
","Temporary Polling Location




Handicap Accessable: 
"
SANILAC COUNTY,WORTH TOWNSHIP ,     PRECINCT 1,"Permanent Polling Location
WORTH TOWNSHIP HALL
6903  S. LAKESHORE RD. - LEX.
LEXINGTON MI 48450

Handicap Accessable:
Y
","Temporary Polling Location




Handicap Accessable: 
"
SCHOOLCRAFT COUNTY,DOYLE TOWNSHIP ,     PRECINCT 1,"Permanent Polling Location
DOYLE TOWNSHIP HALL
1159N N.GULLIVER RD.
GULLIVER MI 49840

Handicap Accessable:
Y
","Temporary Polling Location




Handicap Accessable: 
"
SCHOOLCRAFT COUNTY,GERMFASK TOWNSHIP ,     PRECINCT 1,"Permanent Polling Location
GERMFASK TOWN HALL
8093 PINE ST
GERMFASK MI 49836

Handicap Accessable:
Y
","Temporary Polling Location




Handicap Accessable: 
"
SCHOOLCRAFT COUNTY,HIAWATHA TOWNSHIP ,     PRECINCT 1,"Permanent Polling Location
HIAWATHA TOWN HALL
1595 N M 94
MANISTIQUE MI 49854

Handicap Accessable:
Y
(SW CORNER OF DAWSON & M94)","Temporary Polling Location




Handicap Accessable: 
"
SCHOOLCRAFT COUNTY,INWOOD TOWNSHIP ,     PRECINCT 1,"Permanent Polling Location
INWOOD TOWNSHIP HALL
1040S COUNTY ROAD 442
COOKS MI 49817

Handicap Accessable:
Y
","Temporary Polling Location




Handicap Accessable: 
"
SCHOOLCRAFT COUNTY,MANISTIQUE CITY ,     PRECINCT 1,"Permanent Polling Location
YOUTH CENTER BUILDIN
190 N MAPLE ST
MANISTIQUE MI 49854

Handicap Accessable:
N
(ON E SIDE OF MAPLE, AT ELK ST)","Temporary Polling Location




Handicap Accessable: 
"
SCHOOLCRAFT COUNTY,MANISTIQUE TOWNSHIP ,     PRECINCT 1,"Permanent Polling Location
MANISTIQUE TWP HALL
616N RIVER RD
MANISTIQUE MI 49854

Handicap Accessable:
Y
(1/2 MILE NORTH OF US HIGHWAY 2)","Temporary Polling Location




Handicap Accessable: 
"
SCHOOLCRAFT COUNTY,MUELLER TOWNSHIP ,     PRECINCT 1,"Permanent Polling Location
MUELLER TOWNSHIP HALL
1805 INLAND QUARRY RD
GULLIVER MI 49840

Handicap Accessable:
Y
","Temporary Polling Location




Handicap Accessable: 
"
SCHOOLCRAFT COUNTY,SENEY TOWNSHIP ,     PRECINCT 1,"Permanent Polling Location
SENEY TOWNSHIP HALL
1576W RAILROAD ST
SENEY MI 49883

Handicap Accessable:
Y
","Temporary Polling Location




Handicap Accessable: 
"
SCHOOLCRAFT COUNTY,THOMPSON TOWNSHIP ,     PRECINCT 1,"Permanent Polling Location
THOMPSON TOWN HALL
8906 PINE ST
MANISTIQUE MI 49854

Handicap Accessable:
Y
(NW CORNER OF PINE & YAGER 435)","Temporary Polling Location




Handicap Accessable: 
"
SHIAWASSEE COUNTY,ANTRIM TOWNSHIP ,     PRECINCT 1,"Permanent Polling Location
ANTRIM TOWNSHIP HALL
12014 S BANCROFT RD.
MORRICE MI 48857

Handicap Accessable:
Y
(CORNER OF BANCROFT & BATH RDS. 517 634 9051)","Temporary Polling Location




Handicap Accessable: 
"
SHIAWASSEE COUNTY,BENNINGTON TOWNSHIP ,     PRECINCT 1,"Permanent Polling Location
BENNINGTON TWP HALL
5849 S M-52
OWOSSO MI 48867

Handicap Accessable:
Y
(517 723 5555)","Temporary Polling Location




Handicap Accessable: 
"
SHIAWASSEE COUNTY,BURNS TOWNSHIP ,     PRECINCT 1,"Permanent Polling Location
BURNS TOWNSHIP HALL
124 LEHRING RD., P. O. BOX 397
BYRON MI 48418

Handicap Accessable:
Y
(810 266 6220)","Temporary Polling Location




Handicap Accessable: 
"
SHIAWASSEE COUNTY,CALEDONIA CHARTER TOWNSHIP ,     PRECINCT 1,"Permanent Polling Location
CALEDONIA TWP HALL
135 N STATE RD
OWOSSO MI 48867

Handicap Accessable:
Y
","Temporary Polling Location




Handicap Accessable: 
"
SHIAWASSEE COUNTY,CORUNNA CITY ,     PRECINCT 1,"Permanent Polling Location
COMMUNITY CENTER
457 EMMA DR
CORUNNA MI 48817

Handicap Accessable:
Y
(MCCURDY PARK, CORNER OF W MACK ST AND EMMA DR)","Temporary Polling Location




Handicap Accessable: 
"
SHIAWASSEE COUNTY,DURAND CITY ,     PRECINCT 1,"Permanent Polling Location
DURAND CITY HALL
215 W. CLINTON ST.
DURAND MI 48429

Handicap Accessable:
Y
","Temporary Polling Location




Handicap Accessable: 
"
SHIAWASSEE COUNTY,DURAND CITY ,     PRECINCT 2,"Permanent Polling Location
DURAND CITY HALL
215 W. CLINTON ST.
DURAND MI 48429

Handicap Accessable:
Y
","Temporary Polling Location




Handicap Accessable: 
"
SHIAWASSEE COUNTY,FAIRFIELD TOWNSHIP ,     PRECINCT 1,"Permanent Polling Location
FAIRFIELD TWP. HALL
7988 W. HENDERSON RD.
ELSIE MI 48831

Handicap Accessable:
Y
(517 661 7844)","Temporary Polling Location




Handicap Accessable: 
"
SHIAWASSEE COUNTY,HAZELTON TOWNSHIP ,     PRECINCT 1,"Permanent Polling Location
NEW LOTHROP COMMUNITY LIFE CENTER
NAZARENE CHURCH 7406 S SAGINAW ST
NEW LOTHROP MI 48460

Handicap Accessable:
Y
","Temporary Polling Location




Handicap Accessable: 
"
SHIAWASSEE COUNTY,LAINGSBURG CITY ,     PRECINCT 1,"Permanent Polling Location
EMERGENCY SERV. BLD
7425 WOODBURY ROAD
LAINGSBURG MI 48848

Handicap Accessable:
Y
(517 651 5374)","Temporary Polling Location




Handicap Accessable: 
"
SHIAWASSEE COUNTY,MIDDLEBURY TOWNSHIP ,     PRECINCT 1,"Permanent Polling Location
MIDDLEBURY TWP. HALL
7627 W M-21
OVID MI 48866

Handicap Accessable:
Y
(989 834 9900)","Temporary Polling Location




Handicap Accessable: 
"
SHIAWASSEE COUNTY,NEW HAVEN TOWNSHIP ,     PRECINCT 1,"Permanent Polling Location
NEW HAVEN TWP. HALL
2705 E. EASTON RD.
OWOSSO MI 48867

Handicap Accessable:
Y
(517 743 9949 PAY PHONE)","Temporary Polling Location




Handicap Accessable: 
"
SHIAWASSEE COUNTY,OWOSSO CITY ,     PRECINCT 1,"Permanent Polling Location
CENTRAL SCHOOL
600 WEST OLIVER ST
OWOSSO MI 48867

Handicap Accessable:
Y
(NW CORNER OF M-52 AND OLIVER STREET)","Temporary Polling Location




Handicap Accessable: 
"
SHIAWASSEE COUNTY,OWOSSO CITY ,     PRECINCT 2,"Permanent Polling Location
EMERSON SCHOOL
515 EAST OLIVER ST
OWOSSO MI 48867

Handicap Accessable:
Y
(NW CORNER OF N DEWEY ST AND E OLIVER ST)","Temporary Polling Location




Handicap Accessable: 
"
SHIAWASSEE COUNTY,OWOSSO CITY ,     PRECINCT 3,"Permanent Polling Location
EMERSON SCHOOL
515 EAST OLIVER ST
OWOSSO MI 48867

Handicap Accessable:
Y
(NW CORNER OF N DEWEY ST AND E OLIVER ST)","Temporary Polling Location




Handicap Accessable: 
"
SHIAWASSEE COUNTY,OWOSSO CITY ,     PRECINCT 4,"Permanent Polling Location
WASHINGTON SCHOOL
645 ALGER AVE
OWOSSO MI 48867

Handicap Accessable:
Y
(M-71 TO WOODLAWN S TO MONROE E TO ALGER S ON ALGER)","Temporary Polling Location




Handicap Accessable: 
"
SHIAWASSEE COUNTY,OWOSSO CITY ,     PRECINCT 5,"Permanent Polling Location
BRYANT SCHOOL
925 HAMPTON AVE
OWOSSO MI 48867

Handicap Accessable:
Y
(M-52 TO HAMPTON WEST ON HAMPTON)","Temporary Polling Location




Handicap Accessable: 
"
SHIAWASSEE COUNTY,OWOSSO CITY ,     PRECINCT 6,"Permanent Polling Location
BRYANT SCHOOL
925 HAMPTON AVE
OWOSSO MI 48867

Handicap Accessable:
Y
(M-52 TO HAMPTON WEST ON HAMPTON)","Temporary Polling Location




Handicap Accessable: 
"
SHIAWASSEE COUNTY,OWOSSO TOWNSHIP ,     PRECINCT 1,"Permanent Polling Location
OWOSSO TOWNSHIP HALL
410 S. DELANEY RD
OWOSSO MI 48867

Handicap Accessable:
Y
(1/4 MILE SOUTH OF M-21)","Temporary Polling Location




Handicap Accessable: 
"
SHIAWASSEE COUNTY,OWOSSO TOWNSHIP ,     PRECINCT 2,"Permanent Polling Location
OWOSSO TWP FIRE DEPT
2020 N. M-52
OWOSSO MI 48867

Handicap Accessable:
Y
(N.E. CORNER OF N. M 52 & WILKINSON RD FIRE HALL)","Temporary Polling Location




Handicap Accessable: 
"
SHIAWASSEE COUNTY,PERRY CITY ,     PRECINCT 1,"Permanent Polling Location
PERRY COMMUNITY CENT
203 W. POLLY ST.
PERRY MI 48872

Handicap Accessable:
Y
(517 625 6155  FAX 517 625 6157)","Temporary Polling Location




Handicap Accessable: 
"
SHIAWASSEE COUNTY,PERRY TOWNSHIP ,     PRECINCT 1,"Permanent Polling Location
PERRY TOWNSHIP
2770 W. ELLSWORTH RD.
PERRY MI 48872

Handicap Accessable:
Y
(517 625 4597  FAX 517 625 6223)","Temporary Polling Location




Handicap Accessable: 
"
SHIAWASSEE COUNTY,PERRY TOWNSHIP ,     PRECINCT 2,"Permanent Polling Location
PERRY TOWNSHIP
2770 W. ELLSWORTH RD.
PERRY MI 48872

Handicap Accessable:
Y
(517 625 4597  FAX 517 625 6223)","Temporary Polling Location




Handicap Accessable: 
"
SHIAWASSEE COUNTY,RUSH TOWNSHIP ,     PRECINCT 1,"Permanent Polling Location
RUSH TOWNSHIP HALL
202 S. WEST STREET
HENDERSON MI 48841

Handicap Accessable:
Y
","Temporary Polling Location




Handicap Accessable: 
"
SHIAWASSEE COUNTY,SCIOTA TOWNSHIP ,     PRECINCT 1,"Permanent Polling Location
SCIOTA TOWNSHIP HALL
3990 LELAND RD.
LAINGSBURG MI 48848

Handicap Accessable:
Y
(CORNER OF BENNINGTON & LELAND RD.)","Temporary Polling Location




Handicap Accessable: 
"
SHIAWASSEE COUNTY,SHIAWASSEE TOWNSHIP ,     PRECINCT 1,"Permanent Polling Location
SHIAWASSEE TWP. HALL
3719 GRAND RIVER RD. P. O. BOX 86
BANCROFT MI 48414

Handicap Accessable:
Y
(989-634-9700  FAX989-634-8301)","Temporary Polling Location




Handicap Accessable: 
"
SHIAWASSEE COUNTY,VENICE TOWNSHIP ,     PRECINCT 1,"Permanent Polling Location
VENICE TWP. HALL
960 NEW LOTHROP RD.
LENNON MI 48449

Handicap Accessable:
Y
","Temporary Polling Location




Handicap Accessable: 
"
SHIAWASSEE COUNTY,VERNON TOWNSHIP ,     PRECINCT 1,"Permanent Polling Location
VERNON TWP HALL
6801 S DURAND RD
DURAND MI 48429

Handicap Accessable:
Y
(1/4 MILE SOUTH CITY LIMITS)","Temporary Polling Location




Handicap Accessable: 
"
SHIAWASSEE COUNTY,VERNON TOWNSHIP ,     PRECINCT 2,"Permanent Polling Location
VERNON TWP HALL
6801 S DURAND RD
DURAND MI 48429

Handicap Accessable:
Y
(1/4 MILE SOUTH CITY LIMITS)","Temporary Polling Location




Handicap Accessable: 
"
SHIAWASSEE COUNTY,WOODHULL TOWNSHIP ,     PRECINCT 1,"Permanent Polling Location
WOODHULL TWP. HALL
7315 W BEARD RD
PERRY MI 48872

Handicap Accessable:
Y
(LOCATED IN SHAFTSBURG, MI ; 517 675 5122 )","Temporary Polling Location




Handicap Accessable: 
"
ST CLAIR COUNTY,ALGONAC CITY ,     PRECINCT 1,"Permanent Polling Location
ALGONAC ACTIVITY CENTER
1216 ST. CLAIR BLVD
ALGONAC MI 48001

Handicap Accessable:
Y
","Temporary Polling Location




Handicap Accessable: 
"
ST CLAIR COUNTY,BERLIN TOWNSHIP ,     PRECINCT 1,"Permanent Polling Location
SENIOR CENTER
740 CAPAC
ALLENTON MI 48002

Handicap Accessable:
Y
","Temporary Polling Location




Handicap Accessable: 
"
ST CLAIR COUNTY,BROCKWAY TOWNSHIP ,     PRECINCT 1,"Permanent Polling Location
BROCKWAY TWP HALL
7645 SAYLES RD
YALE MI 48097

Handicap Accessable:
Y
","Temporary Polling Location




Handicap Accessable: 
"
ST CLAIR COUNTY,BURTCHVILLE TOWNSHIP ,     PRECINCT 3,"Permanent Polling Location
BURTCHVILLE TOWNSHIP
4000 BURTCH ROAD
BURTCHVILLE MI 48059

Handicap Accessable:
Y
","Temporary Polling Location




Handicap Accessable: 
"
ST CLAIR COUNTY,CASCO TOWNSHIP ,     PRECINCT 1,"Permanent Polling Location
CASCO TWP HALL
4512 MELDRUM ROAD
CASCO MI 48064

Handicap Accessable:
Y
","Temporary Polling Location




Handicap Accessable: 
"
ST CLAIR COUNTY,CASCO TOWNSHIP ,     PRECINCT 2,"Permanent Polling Location
CASCO TWP HALL
4512 MELDRUM ROAD
CASCO MI 48064

Handicap Accessable:
Y
","Temporary Polling Location




Handicap Accessable: 
"
ST CLAIR COUNTY,CHINA TOWNSHIP ,     PRECINCT 1,"Permanent Polling Location
TOWNSHIP HALL
4560 INDIAN TRAIL RD
CHINA MI 48054

Handicap Accessable:
Y
","Temporary Polling Location




Handicap Accessable: 
"
ST CLAIR COUNTY,CHINA TOWNSHIP ,     PRECINCT 2,"Permanent Polling Location
TOWNSHIP HALL
4560 INDIAN TRAIL RD
CHINA MI 48054

Handicap Accessable:
Y
","Temporary Polling Location




Handicap Accessable: 
"
ST CLAIR COUNTY,CLAY TOWNSHIP ,     PRECINCT 1,"Permanent Polling Location
ALGONAC HIGH SCHOOL
5200 TAFT ROAD
ALGONAC MI 48001

Handicap Accessable:
Y
(CORNER OF AINSWORTH AND TAFT ROADS)","Temporary Polling Location




Handicap Accessable: 
"
ST CLAIR COUNTY,CLAY TOWNSHIP ,     PRECINCT 4,"Permanent Polling Location
HARS. IS. LIONS CLUB
230 LACROIX ROAD
HARSENS ISLAND MI 48028

Handicap Accessable:
Y
(LACROIX IS BETWEEN M-154 AND SOUTH CHANNEL DRIVE)","Temporary Polling Location




Handicap Accessable: 
"
ST CLAIR COUNTY,CLAY TOWNSHIP ,     PRECINCT 5,"Permanent Polling Location
ALGONAC HIGH SCHOOL
5200 TAFT ROAD
ALGONAC MI 48001

Handicap Accessable:
Y
(CORNER OF AINSWORTH AND TAFT ROADS)","Temporary Polling Location




Handicap Accessable: 
"
ST CLAIR COUNTY,CLYDE TOWNSHIP ,     PRECINCT 1,"Permanent Polling Location
CLYDE TOWNSHIP
3350 VINCENT RD.
NORTH STREET MI 48049

Handicap Accessable:
Y
","Temporary Polling Location




Handicap Accessable: 
"
ST CLAIR COUNTY,CLYDE TOWNSHIP ,     PRECINCT 2,"Permanent Polling Location




Handicap Accessable:

","Temporary Polling Location
FIRE HALL
4545 BROTT ROAD
NORTH STREET MI 48049

Handicap Accessable: Y
"
ST CLAIR COUNTY,COLUMBUS TOWNSHIP ,     PRECINCT 1,"Permanent Polling Location
TOWNSHIP HALL
1732 BAUMAN ROAD
COLUMBUS MI 48063

Handicap Accessable:
N
","Temporary Polling Location




Handicap Accessable: 
"
ST CLAIR COUNTY,COLUMBUS TOWNSHIP ,     PRECINCT 3,"Permanent Polling Location
TOWNSHIP HALL
1732 BAUMAN ROAD
COLUMBUS MI 48063

Handicap Accessable:
N
","Temporary Polling Location




Handicap Accessable: 
"
ST CLAIR COUNTY,COTTRELLVILLE TOWNSHIP ,     PRECINCT 1,"Permanent Polling Location
COTTRELLVILLE TWP
7008 MARSH ROAD
MARINE CITY MI 48039

Handicap Accessable:
Y
","Temporary Polling Location




Handicap Accessable: 
"
ST CLAIR COUNTY,EAST CHINA TOWNSHIP ,     PRECINCT 1,"Permanent Polling Location
TOWNSHIP HALL
5111 RIVER ROAD
EAST CHINA MI 48054

Handicap Accessable:
Y
","Temporary Polling Location




Handicap Accessable: 
"
ST CLAIR COUNTY,EMMETT TOWNSHIP ,     PRECINCT 1,"Permanent Polling Location
EMMETT TOWNSHIP HALL
11100 DUNNIGAN ROAD
EMMETT MI 48022

Handicap Accessable:
Y
","Temporary Polling Location




Handicap Accessable: 
"
ST CLAIR COUNTY,FORT GRATIOT TOWNSHIP ,     PRECINCT 1,"Permanent Polling Location
BIRCHWOOD MALL
4350 24TH AVE.
FORT GRATIOT MI 48059

Handicap Accessable:
Y
","Temporary Polling Location




Handicap Accessable: 
"
ST CLAIR COUNTY,FORT GRATIOT TOWNSHIP ,     PRECINCT 2,"Permanent Polling Location
POINTE COMMUNITY CNT
5085 LAKESHORE RD
FORT GRATIOT MI 48059

Handicap Accessable:
Y
","Temporary Polling Location




Handicap Accessable: 
"
ST CLAIR COUNTY,FORT GRATIOT TOWNSHIP ,     PRECINCT 3,"Permanent Polling Location
FT GRATIOT TWP HALL
3720 KEEWAHDIN RD
FORT GRATIOT MI 48059

Handicap Accessable:
Y
","Temporary Polling Location




Handicap Accessable: 
"
ST CLAIR COUNTY,FORT GRATIOT TOWNSHIP ,     PRECINCT 4,"Permanent Polling Location
BIRCHWOOD MALL
4350 24TH AVE.
FORT GRATIOT MI 48059

Handicap Accessable:
Y
","Temporary Polling Location




Handicap Accessable: 
"
ST CLAIR COUNTY,GRANT TOWNSHIP ,     PRECINCT 1,"Permanent Polling Location
GRANT TWP HALL
7942 WILDCAT ROAD
JEDDO MI 48032

Handicap Accessable:
Y
","Temporary Polling Location




Handicap Accessable: 
"
ST CLAIR COUNTY,GREENWOOD TOWNSHIP ,     PRECINCT 1,"Permanent Polling Location
GREENWOOD TWP HALL
9025 YALE ROAD
AVOCA MI 48006

Handicap Accessable:
Y
","Temporary Polling Location




Handicap Accessable: 
"
ST CLAIR COUNTY,IRA TOWNSHIP ,     PRECINCT 1,"Permanent Polling Location
IRA TOWNSHIP HALL
7085 MELDRUM RD
FAIR HAVEN MI 48023

Handicap Accessable:
Y
","Temporary Polling Location




Handicap Accessable: 
"
ST CLAIR COUNTY,IRA TOWNSHIP ,     PRECINCT 2,"Permanent Polling Location
IRA TOWNSHIP HALL
7085 MELDRUM RD
FAIR HAVEN MI 48023

Handicap Accessable:
Y
","Temporary Polling Location




Handicap Accessable: 
"
ST CLAIR COUNTY,KENOCKEE TOWNSHIP ,     PRECINCT 1,"Permanent Polling Location
TOWNSHIP HALL
4420 KILGORE ROAD
AVOCA MI 48006

Handicap Accessable:
N
","Temporary Polling Location




Handicap Accessable: 
"
ST CLAIR COUNTY,KIMBALL TOWNSHIP ,     PRECINCT 1,"Permanent Polling Location
MUNICIPAL OFFICE
2160 WADHAMS RD
SMITHS CREEK MI 48074

Handicap Accessable:
Y
(BETWEEN GRISWOLD RD AND I69)","Temporary Polling Location




Handicap Accessable: 
"
ST CLAIR COUNTY,KIMBALL TOWNSHIP ,     PRECINCT 2,"Permanent Polling Location
MUNICIPAL OFFICE
2160 WADHAMS RD
SMITHS CREEK MI 48074

Handicap Accessable:
Y
(BETWEEN GRISWOLD RD AND I69)","Temporary Polling Location




Handicap Accessable: 
"
ST CLAIR COUNTY,KIMBALL TOWNSHIP ,     PRECINCT 3,"Permanent Polling Location
NEW BEGINNINGS APOSTOLIC CHURCH
5801 GRISWOLD RD
KIMBALL MI 48074

Handicap Accessable:
Y
(BETWEEN WADHAMS RD AND DITTY)","Temporary Polling Location




Handicap Accessable: 
"
ST CLAIR COUNTY,KIMBALL TOWNSHIP ,     PRECINCT 4,"Permanent Polling Location
NEW BEGINNINGS APOSTOLIC CHURCH
5801 GRISWOLD RD
KIMBALL MI 48074

Handicap Accessable:
Y
(BETWEEN WADHAMS RD AND DITTY)","Temporary Polling Location




Handicap Accessable: 
"
ST CLAIR COUNTY,LYNN TOWNSHIP ,     PRECINCT 1,"Permanent Polling Location
LYNN TOWNSHIP HALL
13995 YALE ROAD
YALE MI 48097

Handicap Accessable:
Y
","Temporary Polling Location




Handicap Accessable: 
"
ST CLAIR COUNTY,MARINE CITY CITY ,     PRECINCT 1,"Permanent Polling Location
CITY HALL
260 SOUTH PARKER STREET
MARINE CITY MI 48039

Handicap Accessable:
Y
","Temporary Polling Location




Handicap Accessable: 
"
ST CLAIR COUNTY,MARYSVILLE CITY ,     PRECINCT 1,"Permanent Polling Location
MASONIC TEMPLE
1569 MICHIGAN AVE
MARYSVILLE MI 48040

Handicap Accessable:
Y
(1/4 MILE SOUTH OF HURON)","Temporary Polling Location




Handicap Accessable: 
"
ST CLAIR COUNTY,MARYSVILLE CITY ,     PRECINCT 2,"Permanent Polling Location
PILGRIM LUTHERAN CHURCH
1023 MICHIGAN AVE
MARYSVILLE MI 48040

Handicap Accessable:
Y
","Temporary Polling Location




Handicap Accessable: 
"
ST CLAIR COUNTY,MARYSVILLE CITY ,     PRECINCT 3,"Permanent Polling Location
GATEWAY CHURCH
1234 6TH STREET
MARYSVILLE MI 48040

Handicap Accessable:
Y
(5 BLOCKS EAST OF RANGE ON 6TH STREET)","Temporary Polling Location




Handicap Accessable: 
"
ST CLAIR COUNTY,MARYSVILLE CITY ,     PRECINCT 4,"Permanent Polling Location
MARYSVILLE ASSEMBLY OF GOD
1245 6TH STREET
MARYSVILLE MI 48040

Handicap Accessable:
Y
(5 BLOCKS EAST OF RANGE ON 6TH STREET)","Temporary Polling Location




Handicap Accessable: 
"
ST CLAIR COUNTY,MUSSEY TOWNSHIP ,     PRECINCT 1,"Permanent Polling Location




Handicap Accessable:

","Temporary Polling Location
ST JOHN'S LUTHERAN
109 E KEMPF CT
CAPAC MI 48014

Handicap Accessable: Y
"
ST CLAIR COUNTY,PORT HURON CITY ,     PRECINCT 1,"Permanent Polling Location
COLONIAL WOOD CHURCH
3240 PINE GROVE AVENUE
PORT HURON MI 48060

Handicap Accessable:
Y
(SE CORNER OF SANBORN AND PINE GROVE )","Temporary Polling Location




Handicap Accessable: 
"
ST CLAIR COUNTY,PORT HURON CITY ,     PRECINCT 2,"Permanent Polling Location
COLONIAL WOOD CHURCH
3240 PINE GROVE AVENUE
PORT HURON MI 48060

Handicap Accessable:
Y
(SE CORNER OF SANBORN AND PINE GROVE )","Temporary Polling Location




Handicap Accessable: 
"
ST CLAIR COUNTY,PORT HURON CITY ,     PRECINCT 3,"Permanent Polling Location
PHASD - ADMINISTRATION BLDG
2720 RIVERSIDE DRIVE
PORT HURON MI 48060

Handicap Accessable:
Y
(SE CORNER OF GARFIELD ST AND RIVERSIDE DR)","Temporary Polling Location




Handicap Accessable: 
"
ST CLAIR COUNTY,PORT HURON CITY ,     PRECINCT 4,"Permanent Polling Location
PALMER PARK REC CTR
2829 ARMOUR ST
PORT HURON MI 48060

Handicap Accessable:
Y
(CORNER OF GARFIELD ST & ARMOUR)","Temporary Polling Location




Handicap Accessable: 
"
ST CLAIR COUNTY,PORT HURON CITY ,     PRECINCT 5,"Permanent Polling Location
MCMORRAN PLACE
701 MCMORRAN BOULEVARD
PORT HURON MI 48060

Handicap Accessable:
Y
(CORNER OF HURON AVENUE AND MCMORRAN BLVD)","Temporary Polling Location




Handicap Accessable: 
"
ST CLAIR COUNTY,PORT HURON CITY ,     PRECINCT 6,"Permanent Polling Location
1ST UNITED METHODIST
828 LAPEER AVE
PORT HURON MI 48060

Handicap Accessable:
Y
(2 BLKS WEST OF 7TH ST ON LAPEER AVE PARK IN BACK)","Temporary Polling Location




Handicap Accessable: 
"
ST CLAIR COUNTY,PORT HURON CITY ,     PRECINCT 7,"Permanent Polling Location
1ST UNITED METHODIST
828 LAPEER AVE
PORT HURON MI 48060

Handicap Accessable:
Y
(2 BLKS WEST OF 7TH ST ON LAPEER AVE PARK IN BACK)","Temporary Polling Location




Handicap Accessable: 
"
ST CLAIR COUNTY,PORT HURON CITY ,     PRECINCT 8,"Permanent Polling Location
GRISWOLD BAPT CHURCH
1232 GRISWOLD ST
PORT HURON MI 48060

Handicap Accessable:
Y
(BETWEEN 12TH & 13TH ON GRISWOLD STREET)","Temporary Polling Location




Handicap Accessable: 
"
ST CLAIR COUNTY,PORT HURON CITY ,     PRECINCT 9,"Permanent Polling Location
GRISWOLD BAPT CHURCH
1232 GRISWOLD ST
PORT HURON MI 48060

Handicap Accessable:
Y
(BETWEEN 12TH & 13TH ON GRISWOLD STREET)","Temporary Polling Location




Handicap Accessable: 
"
ST CLAIR COUNTY,PORT HURON CITY ,     PRECINCT 10,"Permanent Polling Location
E H REINVESTMENT CTR
3013 - 24TH ST
PORT HURON MI 48060

Handicap Accessable:
Y
(CORNER OF 24TH ST & NERN ST)","Temporary Polling Location




Handicap Accessable: 
"
ST CLAIR COUNTY,PORT HURON TOWNSHIP ,     PRECINCT 1,"Permanent Polling Location
HOLY TRINITY PARISH CENTER
2865 HENRY ST
PORT HURON MI 48060

Handicap Accessable:
Y
","Temporary Polling Location




Handicap Accessable: 
"
ST CLAIR COUNTY,PORT HURON TOWNSHIP ,     PRECINCT 2,"Permanent Polling Location
D.P.W. BLDG.
4134 W. WATER ST
PORT HURON MI 48060

Handicap Accessable:
Y
","Temporary Polling Location




Handicap Accessable: 
"
ST CLAIR COUNTY,PORT HURON TOWNSHIP ,     PRECINCT 3,"Permanent Polling Location
PORT HURON TWP HALL
3800 LAPEER ROAD
PORT HURON MI 48060

Handicap Accessable:
Y
(BETWEEN MICHIGAN RD & I-94 OVERPASS)","Temporary Polling Location




Handicap Accessable: 
"
ST CLAIR COUNTY,PORT HURON TOWNSHIP ,     PRECINCT 4,"Permanent Polling Location
FRATERNAL ORDER OF EAGLES #3702
2645 HOWARD ST
PORT HURON MI 48060

Handicap Accessable:
Y
","Temporary Polling Location




Handicap Accessable: 
"
ST CLAIR COUNTY,RILEY TOWNSHIP ,     PRECINCT 1,"Permanent Polling Location
RILEY TOWNSHIP HALL
13016 BELLE RIVER ROAD
RILEY MI 48041

Handicap Accessable:
Y
","Temporary Polling Location




Handicap Accessable: 
"
ST CLAIR COUNTY,ST CLAIR CITY ,     PRECINCT 1,"Permanent Polling Location
MUNICIPAL BUILDING
547 N CARNEY DR
ST CLAIR MI 48079

Handicap Accessable:
Y
","Temporary Polling Location




Handicap Accessable: 
"
ST CLAIR COUNTY,ST CLAIR CITY ,     PRECINCT 2,"Permanent Polling Location
MUNICIPAL BUILDING
547 N CARNEY DR
ST CLAIR MI 48079

Handicap Accessable:
Y
","Temporary Polling Location




Handicap Accessable: 
"
ST CLAIR COUNTY,ST CLAIR CITY ,     PRECINCT 3,"Permanent Polling Location
PINE SHORES GOLF
515 FRED W MOORE HWY
ST CLAIR MI 48079

Handicap Accessable:
Y
","Temporary Polling Location




Handicap Accessable: 
"
ST CLAIR COUNTY,ST CLAIR TOWNSHIP ,     PRECINCT 1,"Permanent Polling Location
TOWNSHIP HALL
1539 S.  BARTLETT ROAD
ST CLAIR MI 48079

Handicap Accessable:
Y
","Temporary Polling Location




Handicap Accessable: 
"
ST CLAIR COUNTY,ST CLAIR TOWNSHIP ,     PRECINCT 2,"Permanent Polling Location
TOWNSHIP HALL
1539 S.  BARTLETT ROAD
ST CLAIR MI 48079

Handicap Accessable:
Y
","Temporary Polling Location




Handicap Accessable: 
"
ST CLAIR COUNTY,WALES TOWNSHIP ,     PRECINCT 1,"Permanent Polling Location
TOWNSHIP HALL
1372 WALES CENTER ROAD
GOODELLS MI 48027

Handicap Accessable:
N
","Temporary Polling Location




Handicap Accessable: 
"
ST CLAIR COUNTY,YALE CITY ,     PRECINCT 1,"Permanent Polling Location
YALE CITY HALL
111 WEST MECHANIC STREET
YALE MI 48097

Handicap Accessable:
N
","Temporary Polling Location




Handicap Accessable: 
"
ST JOSEPH COUNTY,BURR OAK TOWNSHIP ,     PRECINCT 1,"Permanent Polling Location
BURR OAK TWP HALL
208 FRONT STREET
BURR OAK MI 49030

Handicap Accessable:
Y
","Temporary Polling Location




Handicap Accessable: 
"
ST JOSEPH COUNTY,COLON TOWNSHIP ,     PRECINCT 1,"Permanent Polling Location
COLON TWP HALL
132 N BLACKSTONE AVE
COLON MI 49040

Handicap Accessable:
Y
","Temporary Polling Location




Handicap Accessable: 
"
ST JOSEPH COUNTY,CONSTANTINE TOWNSHIP ,     PRECINCT 1,"Permanent Polling Location
CONSTANTINE TWP HALL
67125 US 131 BUS RT
CONSTANTINE MI 49042

Handicap Accessable:
Y
","Temporary Polling Location




Handicap Accessable: 
"
ST JOSEPH COUNTY,CONSTANTINE TOWNSHIP ,     PRECINCT 2,"Permanent Polling Location
CONSTANTINE TWP HALL
67125 US 131 BUS RT
CONSTANTINE MI 49042

Handicap Accessable:
Y
","Temporary Polling Location




Handicap Accessable: 
"
ST JOSEPH COUNTY,FABIUS TOWNSHIP ,     PRECINCT 1,"Permanent Polling Location
FABIUS TWP HALL
13108 W. BROADWAY
THREE RIVERS MI 49093

Handicap Accessable:
Y
","Temporary Polling Location




Handicap Accessable: 
"
ST JOSEPH COUNTY,FAWN RIVER TOWNSHIP ,     PRECINCT 1,"Permanent Polling Location
FAWN RIVER TWP HALL
31194 FAWN RIVER ROAD
STURGIS MI 49091

Handicap Accessable:
Y
","Temporary Polling Location




Handicap Accessable: 
"
ST JOSEPH COUNTY,FLORENCE TOWNSHIP ,     PRECINCT 1,"Permanent Polling Location
FLORENCE TWP HALL
64010 BURGENER RD
CONSTANTINE MI 49042

Handicap Accessable:
Y
(SOUTHWEST CORNER OF BANKER ST AND BURGENER RD)","Temporary Polling Location




Handicap Accessable: 
"
ST JOSEPH COUNTY,FLOWERFIELD TOWNSHIP ,     PRECINCT 1,"Permanent Polling Location
FLOWERFIELD TWP HALL
11500 M 216
MARCELLUS MI 49067

Handicap Accessable:
Y
","Temporary Polling Location




Handicap Accessable: 
"
ST JOSEPH COUNTY,LEONIDAS TOWNSHIP ,     PRECINCT 1,"Permanent Polling Location
LEONIDAS TWP HALL
30970 KING ROAD
LEONIDAS MI 49066

Handicap Accessable:
Y
","Temporary Polling Location




Handicap Accessable: 
"
ST JOSEPH COUNTY,LOCKPORT TOWNSHIP ,     PRECINCT 1,"Permanent Polling Location
LOCKPORT TWP HALL
58982 HOLTOM RD
THREE RIVERS MI 49093

Handicap Accessable:
Y
(NORTHWEST CORNER OF HOLTOM & RIVER ROAD)","Temporary Polling Location




Handicap Accessable: 
"
ST JOSEPH COUNTY,MENDON TOWNSHIP ,     PRECINCT 1,"Permanent Polling Location
MENDON TWP HALL
136 W. MAIN
MENDON MI 49072

Handicap Accessable:
Y
","Temporary Polling Location




Handicap Accessable: 
"
ST JOSEPH COUNTY,MOTTVILLE TOWNSHIP ,     PRECINCT 1,"Permanent Polling Location
MOTTVILLE TWP HALL
68596 THOMAS ST
WHITE PIGEON MI 49099

Handicap Accessable:
Y
","Temporary Polling Location




Handicap Accessable: 
"
ST JOSEPH COUNTY,NOTTAWA TOWNSHIP ,     PRECINCT 1,"Permanent Polling Location
NOTTAWA TWN HALL
112 SOUTH CLARK STREET
CENTREVILLE MI 49032

Handicap Accessable:
Y
","Temporary Polling Location




Handicap Accessable: 
"
ST JOSEPH COUNTY,PARK TOWNSHIP ,     PRECINCT 1,"Permanent Polling Location
PARK TOWNSHIP HALL
53640 PARKVILLE ROAD
THREE RIVERS MI 49093

Handicap Accessable:
Y
","Temporary Polling Location




Handicap Accessable: 
"
ST JOSEPH COUNTY,SHERMAN TOWNSHIP ,     PRECINCT 1,"Permanent Polling Location
SHERMAN TWP HALL
64962 BALK RD
STURGIS MI 49091

Handicap Accessable:
Y
(CORNER OF BALK & FEATHERSTONE ROAD)","Temporary Polling Location




Handicap Accessable: 
"
ST JOSEPH COUNTY,STURGIS CITY ,     PRECINCT 1,"Permanent Polling Location
STURGES-YOUNG AUD
201 N NOTTAWA STREET
STURGIS MI 49091

Handicap Accessable:
Y
(CORNER OF E WEST AND N NOTTAWA)","Temporary Polling Location




Handicap Accessable: 
"
ST JOSEPH COUNTY,STURGIS CITY ,     PRECINCT 2,"Permanent Polling Location
STURGES-YOUNG AUD
201 N NOTTAWA STREET
STURGIS MI 49091

Handicap Accessable:
Y
(CORNER OF E WEST AND N NOTTAWA)","Temporary Polling Location




Handicap Accessable: 
"
ST JOSEPH COUNTY,STURGIS CITY ,     PRECINCT 3,"Permanent Polling Location
STURGES-YOUNG AUD
201 N NOTTAWA STREET
STURGIS MI 49091

Handicap Accessable:
Y
(CORNER OF E WEST AND N NOTTAWA)","Temporary Polling Location




Handicap Accessable: 
"
ST JOSEPH COUNTY,STURGIS CITY ,     PRECINCT 4,"Permanent Polling Location
STURGES-YOUNG AUD
201 N NOTTAWA STREET
STURGIS MI 49091

Handicap Accessable:
Y
(CORNER OF E WEST AND N NOTTAWA)","Temporary Polling Location




Handicap Accessable: 
"
ST JOSEPH COUNTY,STURGIS TOWNSHIP ,     PRECINCT 1,"Permanent Polling Location
STURGIS TWP HALL
26015 W. US 12
STURGIS MI 49091

Handicap Accessable:
Y
","Temporary Polling Location




Handicap Accessable: 
"
ST JOSEPH COUNTY,THREE RIVERS CITY ,     PRECINCT 1,"Permanent Polling Location
RIVERSIDE CHURCH
207 EAST MICHIGAN AVENUE
THREE RIVERS MI 49093

Handicap Accessable:
Y
(EAST OF MAIN STREET ON SOUTH SIDE OF ROAD)","Temporary Polling Location




Handicap Accessable: 
"
ST JOSEPH COUNTY,THREE RIVERS CITY ,     PRECINCT 2,"Permanent Polling Location
RIVERSIDE CHURCH
207 EAST MICHIGAN AVENUE
THREE RIVERS MI 49093

Handicap Accessable:
Y
(EAST OF MAIN STREET ON SOUTH SIDE OF ROAD)","Temporary Polling Location




Handicap Accessable: 
"
ST JOSEPH COUNTY,WHITE PIGEON TOWNSHIP ,     PRECINCT 1,"Permanent Polling Location
WHITE PIGEON TWP HAL
16975 US 12
WHITE PIGEON MI 49099

Handicap Accessable:
Y
","Temporary Polling Location




Handicap Accessable: 
"
TUSCOLA COUNTY,AKRON TOWNSHIP ,     PRECINCT 1,"Permanent Polling Location
AKRON TOWNSHIP HALL
4280 BAY CITY FORESTVILLE ROAD
UNIONVILLE MI 48767

Handicap Accessable:
Y
","Temporary Polling Location




Handicap Accessable: 
"
TUSCOLA COUNTY,ALMER TOWNSHIP ,     PRECINCT 1,"Permanent Polling Location
DARBEE SCHOOL
1310 CAMERON RD
CARO MI 48723

Handicap Accessable:
Y
","Temporary Polling Location




Handicap Accessable: 
"
TUSCOLA COUNTY,ARBELA TOWNSHIP ,     PRECINCT 1,"Permanent Polling Location
ARBELA TOWNSHIP HALL
8935 BIRCH RUN RD.
MILLINGTON MI 48746

Handicap Accessable:
Y
(1/8 MILE EAST OF BRAY RD.)","Temporary Polling Location




Handicap Accessable: 
"
TUSCOLA COUNTY,ARBELA TOWNSHIP ,     PRECINCT 2,"Permanent Polling Location
ARBELA TOWNSHIP HALL
8935 BIRCH RUN RD.
MILLINGTON MI 48746

Handicap Accessable:
Y
(1/8 MILE EAST OF BRAY RD.)","Temporary Polling Location




Handicap Accessable: 
"
TUSCOLA COUNTY,CARO CITY ,     PRECINCT 1,"Permanent Polling Location
CARO MUNICIPAL BLDG
317 S STATE ST
CARO MI 48723

Handicap Accessable:
Y
","Temporary Polling Location




Handicap Accessable: 
"
TUSCOLA COUNTY,COLUMBIA TOWNSHIP ,     PRECINCT 1,"Permanent Polling Location
COLUMBIA TOWNSHIP LIBRARY
6456 CENTER ST
UNIONVILLE MI 48767

Handicap Accessable:
Y
","Temporary Polling Location




Handicap Accessable: 
"
TUSCOLA COUNTY,DAYTON TOWNSHIP ,     PRECINCT 1,"Permanent Polling Location
DAYTON TOWNSHIP HALL
4879 HURDS CORNER RD
MAYVILLE MI 48744

Handicap Accessable:
Y
(CORNER OF HURDS CORNER & PHELPS LAKE RDS, MAYVILLE)","Temporary Polling Location




Handicap Accessable: 
"
TUSCOLA COUNTY,DENMARK TOWNSHIP ,     PRECINCT 1,"Permanent Polling Location
DENMARK TWP HALL
9386 W SAGINAW RD
RICHVILLE MI 48758

Handicap Accessable:
Y
(ON M-15 JUST EAST OF VAN BUREN RD WEST OF M-4)","Temporary Polling Location




Handicap Accessable: 
"
TUSCOLA COUNTY,ELKLAND TOWNSHIP ,     PRECINCT 1,"Permanent Polling Location
VFW HALL
4533 VETERANS DR
CASS CITY MI 48726

Handicap Accessable:
N
(CORNER OF CHURCH & WEAVER)","Temporary Polling Location




Handicap Accessable: 
"
TUSCOLA COUNTY,ELLINGTON TOWNSHIP ,     PRECINCT 1,"Permanent Polling Location
ELLINGTON TWP HALL
2791 E CARO RD
CARO MI 48723

Handicap Accessable:
Y
(E DUTCHER RD & M 81)","Temporary Polling Location




Handicap Accessable: 
"
TUSCOLA COUNTY,ELMWOOD TOWNSHIP ,     PRECINCT 1,"Permanent Polling Location
ELMWOOD TOWNSHIP HALL
6437 LINCOLN ST
GAGETOWN MI 48735

Handicap Accessable:
N
(CORNER OF SOUTH & WALSH STS.)","Temporary Polling Location




Handicap Accessable: 
"
TUSCOLA COUNTY,FAIRGROVE TOWNSHIP ,     PRECINCT 1,"Permanent Polling Location
FAIRGROVE TOWNSHIP
5002 CENTER ST.
FAIRGROVE MI 48733

Handicap Accessable:
Y
","Temporary Polling Location




Handicap Accessable: 
"
TUSCOLA COUNTY,FREMONT TOWNSHIP ,     PRECINCT 1,"Permanent Polling Location
FREMONT TWP. HALL
4850 MERTZ ROAD
MAYVILLE MI 48744

Handicap Accessable:
Y
","Temporary Polling Location




Handicap Accessable: 
"
TUSCOLA COUNTY,GILFORD TOWNSHIP ,     PRECINCT 1,"Permanent Polling Location
GILFORD TWP HALL
6230 W GILFORD RD
FAIRGROVE MI 48733

Handicap Accessable:
N
","Temporary Polling Location




Handicap Accessable: 
"
TUSCOLA COUNTY,INDIANFIELDS TOWNSHIP ,     PRECINCT 1,"Permanent Polling Location
TOWNSHIP HALL
1633 MERTZ RD.
CARO MI 48723

Handicap Accessable:
Y
","Temporary Polling Location




Handicap Accessable: 
"
TUSCOLA COUNTY,JUNIATA TOWNSHIP ,     PRECINCT 1,"Permanent Polling Location
JUNIATA TWP HALL
1971 S RINGLE RD
VASSAR MI 48768

Handicap Accessable:
Y
(NORTH OF M-81 WATROUSVILLE)","Temporary Polling Location




Handicap Accessable: 
"
TUSCOLA COUNTY,KINGSTON TOWNSHIP ,     PRECINCT 1,"Permanent Polling Location
KINGSTON TWP HALL
5943 HOWARD ST
DEFORD MI 48729

Handicap Accessable:
Y
","Temporary Polling Location




Handicap Accessable: 
"
TUSCOLA COUNTY,KOYLTON TOWNSHIP ,     PRECINCT 1,"Permanent Polling Location
KOYLTON VILLAGE HALL
3655 ROSS ST
KINGSTON MI 48741

Handicap Accessable:
N
","Temporary Polling Location




Handicap Accessable: 
"
TUSCOLA COUNTY,MILLINGTON TOWNSHIP ,     PRECINCT 1,"Permanent Polling Location
MILLINGTON COMMUNITY CENTER
8705 STATE ROAD
MILLINGTON MI 48746

Handicap Accessable:
Y
","Temporary Polling Location




Handicap Accessable: 
"
TUSCOLA COUNTY,NOVESTA TOWNSHIP ,     PRECINCT 1,"Permanent Polling Location
NOVESTA TOWNSHIP HALL
3016 N. CEMETERY RD.
CASS CITY MI 48726

Handicap Accessable:
Y
","Temporary Polling Location




Handicap Accessable: 
"
TUSCOLA COUNTY,TUSCOLA TOWNSHIP ,     PRECINCT 1,"Permanent Polling Location
TUSCOLA TWP HALL
8561 VAN CLEVE RD
VASSAR MI 48768

Handicap Accessable:
Y
","Temporary Polling Location




Handicap Accessable: 
"
TUSCOLA COUNTY,VASSAR CITY ,     PRECINCT 1,"Permanent Polling Location
CITY HALL
287 E HURON AVE
VASSAR MI 48768

Handicap Accessable:
Y
","Temporary Polling Location




Handicap Accessable: 
"
TUSCOLA COUNTY,VASSAR TOWNSHIP ,     PRECINCT 1,"Permanent Polling Location
VASSAR TOWNSHIP HALL
4470 W. SAGINAW RD
VASSAR MI 48768

Handicap Accessable:
Y
","Temporary Polling Location




Handicap Accessable: 
"
TUSCOLA COUNTY,WATERTOWN TOWNSHIP ,     PRECINCT 1,"Permanent Polling Location
WATERTOWN TWP. HALL
9405 FOSTER ST
FOSTORIA MI 48435

Handicap Accessable:
Y
(ON FOSTORIA RD., SOUTH END OF  TOWN FOSTORIA)","Temporary Polling Location




Handicap Accessable: 
"
TUSCOLA COUNTY,WELLS TOWNSHIP ,     PRECINCT 1,"Permanent Polling Location
WELLS TOWNSHIP HALL
2190 FRANKFORD ROAD
CARO MI 48723

Handicap Accessable:
Y
(CORNER OF E. DAYTON AND FRANKFORD ROADS)","Temporary Polling Location




Handicap Accessable: 
"
TUSCOLA COUNTY,WISNER TOWNSHIP ,     PRECINCT 1,"Permanent Polling Location
WISNER TOWNSHIP HALL
7894 M-25
AKRON MI 48701

Handicap Accessable:
N
(EAST OF BRADLEYVILLE RD)","Temporary Polling Location




Handicap Accessable: 
"
VAN BUREN COUNTY,ALMENA TOWNSHIP ,     PRECINCT 1,"Permanent Polling Location
ALMENA  TWP HALL
27625 C R 375
PAW PAW MI 49079-9426

Handicap Accessable:
Y
","Temporary Polling Location




Handicap Accessable: 
"
VAN BUREN COUNTY,ALMENA TOWNSHIP ,     PRECINCT 2,"Permanent Polling Location
ALMENA  TWP HALL
27625 C R 375
PAW PAW MI 49079-9426

Handicap Accessable:
Y
","Temporary Polling Location




Handicap Accessable: 
"
VAN BUREN COUNTY,ANTWERP TOWNSHIP ,     PRECINCT 1,"Permanent Polling Location
LAWTON COMMUNITY CENTER
646 NORTH NURSERY ST
LAWTON MI 49065

Handicap Accessable:
Y
","Temporary Polling Location




Handicap Accessable: 
"
VAN BUREN COUNTY,ANTWERP TOWNSHIP ,     PRECINCT 2,"Permanent Polling Location
ANTWERP ACTIVITY CTR
24821 FRONT AVE
MATTAWAN MI 49071

Handicap Accessable:
Y
","Temporary Polling Location




Handicap Accessable: 
"
VAN BUREN COUNTY,ANTWERP TOWNSHIP ,     PRECINCT 3,"Permanent Polling Location
ANTWERP ACTIVITY CTR
24821 FRONT AVE
MATTAWAN MI 49071

Handicap Accessable:
Y
","Temporary Polling Location




Handicap Accessable: 
"
VAN BUREN COUNTY,ANTWERP TOWNSHIP ,     PRECINCT 4,"Permanent Polling Location
ANTWERP TOWNSHIP BOARD ROOM
24821 FRONT AVE
MATTAWAN MI 49071

Handicap Accessable:
Y
","Temporary Polling Location




Handicap Accessable: 
"
VAN BUREN COUNTY,ANTWERP TOWNSHIP ,     PRECINCT 5,"Permanent Polling Location
ANTWERP ACTIVITY CTR
24821 FRONT AVE
MATTAWAN MI 49071

Handicap Accessable:
Y
","Temporary Polling Location




Handicap Accessable: 
"
VAN BUREN COUNTY,ARLINGTON TOWNSHIP ,     PRECINCT 1,"Permanent Polling Location
ARLINGTON TWP HALL
52022 34TH AVE
BANGOR MI 49013

Handicap Accessable:
N
","Temporary Polling Location




Handicap Accessable: 
"
VAN BUREN COUNTY,BANGOR CITY ,     PRECINCT 1,"Permanent Polling Location
BANGOR CITY HALL
257 W MONROE STREET
BANGOR MI 49013

Handicap Accessable:
N
","Temporary Polling Location




Handicap Accessable: 
"
VAN BUREN COUNTY,BANGOR TOWNSHIP ,     PRECINCT 1,"Permanent Polling Location
BANGOR TWP HALL
32550 C R 687
BANGOR MI 49013

Handicap Accessable:
N
","Temporary Polling Location




Handicap Accessable: 
"
VAN BUREN COUNTY,BLOOMINGDALE TOWNSHIP ,     PRECINCT 1,"Permanent Polling Location
BLOOMINGDALE MUN CEN
109 E KALAMAZOO STREET
BLOOMINGDALE MI 49026

Handicap Accessable:
N
","Temporary Polling Location




Handicap Accessable: 
"
VAN BUREN COUNTY,COLUMBIA TOWNSHIP ,     PRECINCT 1,"Permanent Polling Location
COLUMBIA TWP HALL
53053 CR 388
GRAND JUNCTION MI 49056

Handicap Accessable:
Y
","Temporary Polling Location




Handicap Accessable: 
"
VAN BUREN COUNTY,COVERT TOWNSHIP ,     PRECINCT 1,"Permanent Polling Location
COVERT TOWNSHIP HALL
73943 LAKE STREET
COVERT MI 49043

Handicap Accessable:
N
","Temporary Polling Location




Handicap Accessable: 
"
VAN BUREN COUNTY,DECATUR TOWNSHIP ,     PRECINCT 1,"Permanent Polling Location
DECATUR TWP HALL
103 E DELAWARE STREET
DECATUR MI 49045

Handicap Accessable:
N
","Temporary Polling Location




Handicap Accessable: 
"
VAN BUREN COUNTY,GENEVA TOWNSHIP ,     PRECINCT 1,"Permanent Polling Location
GENEVA TWP HALL
62127 COUNTY ROAD 380
BANGOR MI 49013

Handicap Accessable:
N
(CORNER 62ND ST & CR 380 20TH AVE)","Temporary Polling Location




Handicap Accessable: 
"
VAN BUREN COUNTY,GOBLES CITY ,     PRECINCT 1,"Permanent Polling Location
GOBLES CITY HALL
105 E MAIN STREET
GOBLES MI 49055

Handicap Accessable:
Y
","Temporary Polling Location




Handicap Accessable: 
"
VAN BUREN COUNTY,HAMILTON TOWNSHIP ,     PRECINCT 1,"Permanent Polling Location
HAMILTON TWP  HALL
52333 W TERRITORIAL RD
DECATUR MI 49045

Handicap Accessable:
N
","Temporary Polling Location




Handicap Accessable: 
"
VAN BUREN COUNTY,HARTFORD CITY ,     PRECINCT 1,"Permanent Polling Location
VANDERLYN COMMUNITY CENTER
HARTFORD LIBRARY 12 CHURCH ST
HARTFORD MI 49057

Handicap Accessable:
Y
","Temporary Polling Location




Handicap Accessable: 
"
VAN BUREN COUNTY,HARTFORD TOWNSHIP ,     PRECINCT 1,"Permanent Polling Location
HARTFORD TWP HALL
61310 C R 687
HARTFORD MI 49057

Handicap Accessable:
N
","Temporary Polling Location




Handicap Accessable: 
"
VAN BUREN COUNTY,KEELER TOWNSHIP ,     PRECINCT 1,"Permanent Polling Location
KEELER TWP HALL
64151 TERRITORIAL RD. W.
HARTFORD MI 49057

Handicap Accessable:
N
(NEW TOWNSHIP HALL)","Temporary Polling Location




Handicap Accessable: 
"
VAN BUREN COUNTY,LAWRENCE TOWNSHIP ,     PRECINCT 1,"Permanent Polling Location
LAWRENCE TOWNSHIP HALL
411 N PAW PAW ST
LAWRENCE MI 49064

Handicap Accessable:
Y
","Temporary Polling Location




Handicap Accessable: 
"
VAN BUREN COUNTY,PAW PAW TOWNSHIP ,     PRECINCT 1,"Permanent Polling Location
PAW PAW TOWNSHIP HAL
114 N. GREMPS ST.
PAW PAW MI 49079

Handicap Accessable:
Y
","Temporary Polling Location




Handicap Accessable: 
"
VAN BUREN COUNTY,PAW PAW TOWNSHIP ,     PRECINCT 2,"Permanent Polling Location
PAW PAW TOWNSHIP HAL
114 N. GREMPS ST.
PAW PAW MI 49079

Handicap Accessable:
Y
","Temporary Polling Location




Handicap Accessable: 
"
VAN BUREN COUNTY,PINE GROVE TOWNSHIP ,     PRECINCT 1,"Permanent Polling Location
PINE GROVE TWP HALL
26520 COUNTY ROAD 388
KENDALL MI 49062

Handicap Accessable:
Y
","Temporary Polling Location




Handicap Accessable: 
"
VAN BUREN COUNTY,PORTER TOWNSHIP ,     PRECINCT 1,"Permanent Polling Location
PORTER TWP HALL
88040 M-40 HWY
LAWTON MI 49065

Handicap Accessable:
Y
","Temporary Polling Location




Handicap Accessable: 
"
VAN BUREN COUNTY,SOUTH HAVEN CITY ,     PRECINCT 1-1,"Permanent Polling Location
CITY OF SOUTH HAVEN
539 PHOENIX STREET
SOUTH HAVEN MI 49090

Handicap Accessable:
Y
","Temporary Polling Location




Handicap Accessable: 
"
VAN BUREN COUNTY,SOUTH HAVEN CITY ,     PRECINCT 2-1,"Permanent Polling Location
CITY OF SOUTH HAVEN
539 PHOENIX STREET
SOUTH HAVEN MI 49090

Handicap Accessable:
Y
","Temporary Polling Location




Handicap Accessable: 
"
VAN BUREN COUNTY,SOUTH HAVEN CITY ,     PRECINCT 3-1,"Permanent Polling Location
CITY OF SOUTH HAVEN
539 PHOENIX STREET
SOUTH HAVEN MI 49090

Handicap Accessable:
Y
","Temporary Polling Location




Handicap Accessable: 
"
VAN BUREN COUNTY,SOUTH HAVEN CITY ,     PRECINCT 3-2,"Permanent Polling Location
CITY OF SOUTH HAVEN
539 PHOENIX STREET
SOUTH HAVEN MI 49090

Handicap Accessable:
Y
","Temporary Polling Location




Handicap Accessable: 
"
VAN BUREN COUNTY,SOUTH HAVEN TOWNSHIP ,     PRECINCT 1,"Permanent Polling Location
TOWNSHIP HALL
09761 BLUE STAR HIGHWAY
SOUTH HAVEN MI 49090

Handicap Accessable:
Y
","Temporary Polling Location




Handicap Accessable: 
"
VAN BUREN COUNTY,SOUTH HAVEN TOWNSHIP ,     PRECINCT 2,"Permanent Polling Location
TOWNSHIP HALL
09761 BLUE STAR HIGHWAY
SOUTH HAVEN MI 49090

Handicap Accessable:
Y
","Temporary Polling Location




Handicap Accessable: 
"
VAN BUREN COUNTY,WAVERLY TOWNSHIP ,     PRECINCT 1,"Permanent Polling Location
WAVERLY TWP HALL
42114 M-43 HIGHWAY
PAW PAW MI 49079

Handicap Accessable:
N
","Temporary Polling Location




Handicap Accessable: 
"
WASHTENAW COUNTY,ANN ARBOR CITY ,     PRECINCT 1-1,"Permanent Polling Location
MICHIGAN UNION
530 S STATE ST
ANN ARBOR MI 48104

Handicap Accessable:
Y
","Temporary Polling Location




Handicap Accessable: 
"
WASHTENAW COUNTY,ANN ARBOR CITY ,     PRECINCT 1-2,"Permanent Polling Location
COMMUNITY HIGH SCHL
401 N. DIVISION ST.
ANN ARBOR MI 48104

Handicap Accessable:
Y
","Temporary Polling Location




Handicap Accessable: 
"
WASHTENAW COUNTY,ANN ARBOR CITY ,     PRECINCT 1-4,"Permanent Polling Location
ANN ARBOR CITY HALL
301 E. HURON STREET
ANN ARBOR MI 48104

Handicap Accessable:
Y
","Temporary Polling Location




Handicap Accessable: 
"
WASHTENAW COUNTY,ANN ARBOR CITY ,     PRECINCT 1-5,"Permanent Polling Location
A2 STEAM AT NORTHSIDE SCHOOL
912 BARTON DR
ANN ARBOR MI 48105

Handicap Accessable:
Y
","Temporary Polling Location




Handicap Accessable: 
"
WASHTENAW COUNTY,ANN ARBOR CITY ,     PRECINCT 1-6,"Permanent Polling Location
A2 STEAM AT NORTHSIDE SCHOOL
912 BARTON DR
ANN ARBOR MI 48105

Handicap Accessable:
Y
","Temporary Polling Location




Handicap Accessable: 
"
WASHTENAW COUNTY,ANN ARBOR CITY ,     PRECINCT 1-7,"Permanent Polling Location
PIERPONT COMMONS
2101 BONISTEEL BLVD
ANN ARBOR MI 48109

Handicap Accessable:
Y
","Temporary Polling Location




Handicap Accessable: 
"
WASHTENAW COUNTY,ANN ARBOR CITY ,     PRECINCT 1-8,"Permanent Polling Location
SKYLINE HIGH SCHOOL
2552 N. MAPLE
ANN ARBOR MI 48103

Handicap Accessable:
Y
","Temporary Polling Location




Handicap Accessable: 
"
WASHTENAW COUNTY,ANN ARBOR CITY ,     PRECINCT 1-9,"Permanent Polling Location
LOGAN ELEMENTARY SCHOOL
2685 TRAVER BLVD
ANN ARBOR MI 48105

Handicap Accessable:
Y
","Temporary Polling Location




Handicap Accessable: 
"
WASHTENAW COUNTY,ANN ARBOR CITY ,     PRECINCT 1-10,"Permanent Polling Location
ARROWWOOD COMM CTR
2566 ARROWWOOD TR.
ANN ARBOR MI 48105

Handicap Accessable:
Y
","Temporary Polling Location




Handicap Accessable: 
"
WASHTENAW COUNTY,ANN ARBOR CITY ,     PRECINCT 2-13,"Permanent Polling Location
KING SCHOOL
3800 WALDENWOOD DRIVE
ANN ARBOR MI 48105

Handicap Accessable:
Y
","Temporary Polling Location




Handicap Accessable: 
"
WASHTENAW COUNTY,ANN ARBOR CITY ,     PRECINCT 2-14,"Permanent Polling Location
ANGELL SCHOOL
1608 S UNIVERSITY AVE
ANN ARBOR MI 48104

Handicap Accessable:
Y
","Temporary Polling Location




Handicap Accessable: 
"
WASHTENAW COUNTY,ANN ARBOR CITY ,     PRECINCT 2-16,"Permanent Polling Location
ANN ARBOR  ASSEMBLY OF GOD
2455 WASHTENAW AVE
ANN ARBOR MI 48104

Handicap Accessable:
Y
","Temporary Polling Location




Handicap Accessable: 
"
WASHTENAW COUNTY,ANN ARBOR CITY ,     PRECINCT 2-18,"Permanent Polling Location
CLAGUE MIDDLE SCHOOL
2616 NIXON RD.
ANN ARBOR MI 48105

Handicap Accessable:
Y
","Temporary Polling Location




Handicap Accessable: 
"
WASHTENAW COUNTY,ANN ARBOR CITY ,     PRECINCT 2-19,"Permanent Polling Location
KING SCHOOL
3800 WALDENWOOD DRIVE
ANN ARBOR MI 48105

Handicap Accessable:
Y
","Temporary Polling Location




Handicap Accessable: 
"
WASHTENAW COUNTY,ANN ARBOR CITY ,     PRECINCT 2-21,"Permanent Polling Location
THURSTON SCHOOL
2300 PRAIRIE ST
ANN ARBOR MI 48105

Handicap Accessable:
Y
","Temporary Polling Location




Handicap Accessable: 
"
WASHTENAW COUNTY,ANN ARBOR CITY ,     PRECINCT 3-22,"Permanent Polling Location
MICHIGAN LEAGUE
911 N. UNIVERSITY AVE.
ANN ARBOR MI 48109

Handicap Accessable:
Y
","Temporary Polling Location




Handicap Accessable: 
"
WASHTENAW COUNTY,ANN ARBOR CITY ,     PRECINCT 3-23,"Permanent Polling Location
MICHIGAN LEAGUE
911 N. UNIVERSITY AVE.
ANN ARBOR MI 48109

Handicap Accessable:
Y
","Temporary Polling Location




Handicap Accessable: 
"
WASHTENAW COUNTY,ANN ARBOR CITY ,     PRECINCT 3-24,"Permanent Polling Location
ANN ARBOR SENIOR CENTER
1320 BALDWIN AVENUE
ANN ARBOR MI 48104

Handicap Accessable:
Y
","Temporary Polling Location




Handicap Accessable: 
"
WASHTENAW COUNTY,ANN ARBOR CITY ,     PRECINCT 3-26,"Permanent Polling Location
UNIV TOWNHOUSES CTR
3200 BRAEBURN CIRCLE
ANN ARBOR MI 48108

Handicap Accessable:
Y
","Temporary Polling Location




Handicap Accessable: 
"
WASHTENAW COUNTY,ANN ARBOR CITY ,     PRECINCT 3-27,"Permanent Polling Location
SCARLETT MIDDLE SCHL
3300 LORRAINE ST
ANN ARBOR MI 48108

Handicap Accessable:
Y
","Temporary Polling Location




Handicap Accessable: 
"
WASHTENAW COUNTY,ANN ARBOR CITY ,     PRECINCT 3-28,"Permanent Polling Location
ALLEN SCHOOL
2560 TOWNER BLVD
ANN ARBOR MI 48104

Handicap Accessable:
Y
","Temporary Polling Location




Handicap Accessable: 
"
WASHTENAW COUNTY,ANN ARBOR CITY ,     PRECINCT 3-29,"Permanent Polling Location
PITTSFIELD SCHOOL
2543 PITTSFIELD BLVD
ANN ARBOR MI 48104

Handicap Accessable:
Y
","Temporary Polling Location




Handicap Accessable: 
"
WASHTENAW COUNTY,ANN ARBOR CITY ,     PRECINCT 3-30,"Permanent Polling Location
SCARLETT MIDDLE SCHL
3300 LORRAINE ST
ANN ARBOR MI 48108

Handicap Accessable:
Y
","Temporary Polling Location




Handicap Accessable: 
"
WASHTENAW COUNTY,ANN ARBOR CITY ,     PRECINCT 4-31,"Permanent Polling Location
MICHIGAN UNION
530 S STATE ST
ANN ARBOR MI 48104

Handicap Accessable:
Y
","Temporary Polling Location




Handicap Accessable: 
"
WASHTENAW COUNTY,ANN ARBOR CITY ,     PRECINCT 4-32,"Permanent Polling Location
U-M COLISEUM
721 S 5TH AVE
ANN ARBOR MI 48109

Handicap Accessable:
Y
(FIFTH AVE AND HILL ST)","Temporary Polling Location




Handicap Accessable: 
"
WASHTENAW COUNTY,ANN ARBOR CITY ,     PRECINCT 4-33,"Permanent Polling Location
ST CLARE CHURCH/TEMPLE BETH EMETH
2309 PACKARD ST
ANN ARBOR MI 48104

Handicap Accessable:
Y
","Temporary Polling Location




Handicap Accessable: 
"
WASHTENAW COUNTY,ANN ARBOR CITY ,     PRECINCT 4-34,"Permanent Polling Location
PIONEER HIGH SCHOOL
601 W STADIUM BLVD
ANN ARBOR MI 48103

Handicap Accessable:
Y
","Temporary Polling Location




Handicap Accessable: 
"
WASHTENAW COUNTY,ANN ARBOR CITY ,     PRECINCT 4-36,"Permanent Polling Location
COBBLESTONE FARM
2781 PACKARD ST
ANN ARBOR MI 48108

Handicap Accessable:
Y
","Temporary Polling Location




Handicap Accessable: 
"
WASHTENAW COUNTY,ANN ARBOR CITY ,     PRECINCT 4-37,"Permanent Polling Location
DICKEN SCHOOL
2135 RUNNYMEDE BLVD
ANN ARBOR MI 48103

Handicap Accessable:
Y
","Temporary Polling Location




Handicap Accessable: 
"
WASHTENAW COUNTY,ANN ARBOR CITY ,     PRECINCT 4-38,"Permanent Polling Location
PIONEER HIGH SCHOOL
601 W STADIUM BLVD
ANN ARBOR MI 48103

Handicap Accessable:
Y
","Temporary Polling Location




Handicap Accessable: 
"
WASHTENAW COUNTY,ANN ARBOR CITY ,     PRECINCT 4-39,"Permanent Polling Location
LAWTON SCHOOL
2250 S SEVENTH ST
ANN ARBOR MI 48103

Handicap Accessable:
Y
","Temporary Polling Location




Handicap Accessable: 
"
WASHTENAW COUNTY,ANN ARBOR CITY ,     PRECINCT 5-42,"Permanent Polling Location
DOWNTOWN LIBRARY
343 S FIFTH AVE
ANN ARBOR MI 48104

Handicap Accessable:
Y
","Temporary Polling Location




Handicap Accessable: 
"
WASHTENAW COUNTY,ANN ARBOR CITY ,     PRECINCT 5-43,"Permanent Polling Location
BACH SCHOOL
600 W JEFFERSON ST
ANN ARBOR MI 48103

Handicap Accessable:
Y
","Temporary Polling Location




Handicap Accessable: 
"
WASHTENAW COUNTY,ANN ARBOR CITY ,     PRECINCT 5-44,"Permanent Polling Location
ANN ARBOR OPEN
920 MILLER AVE
ANN ARBOR MI 48103

Handicap Accessable:
Y
","Temporary Polling Location




Handicap Accessable: 
"
WASHTENAW COUNTY,ANN ARBOR CITY ,     PRECINCT 5-45,"Permanent Polling Location




Handicap Accessable:

","Temporary Polling Location
BACH SCHOOL
600 W JEFFERSON ST
ANN ARBOR MI 48103

Handicap Accessable: Y
"
WASHTENAW COUNTY,ANN ARBOR CITY ,     PRECINCT 5-47,"Permanent Polling Location
EBERWHITE SCHOOL
800 SOULE BLVD
ANN ARBOR MI 48103

Handicap Accessable:
Y
","Temporary Polling Location




Handicap Accessable: 
"
WASHTENAW COUNTY,ANN ARBOR CITY ,     PRECINCT 5-48,"Permanent Polling Location
DICKEN SCHOOL
2135 RUNNYMEDE BLVD
ANN ARBOR MI 48103

Handicap Accessable:
Y
","Temporary Polling Location




Handicap Accessable: 
"
WASHTENAW COUNTY,ANN ARBOR CITY ,     PRECINCT 5-49,"Permanent Polling Location
LAKEWOOD SCHOOL
344 GRALAKE AVE
ANN ARBOR MI 48103

Handicap Accessable:
Y
","Temporary Polling Location




Handicap Accessable: 
"
WASHTENAW COUNTY,ANN ARBOR CITY ,     PRECINCT 5-50,"Permanent Polling Location
HAISLEY SCHOOL
825 DUNCAN ST
ANN ARBOR MI 48103

Handicap Accessable:
Y
","Temporary Polling Location




Handicap Accessable: 
"
WASHTENAW COUNTY,ANN ARBOR CITY ,     PRECINCT 5-51,"Permanent Polling Location
ABBOT SCHOOL
2670 SEQUOIA PKWY
ANN ARBOR MI 48103

Handicap Accessable:
Y
","Temporary Polling Location




Handicap Accessable: 
"
WASHTENAW COUNTY,ANN ARBOR CITY ,     PRECINCT 5-52,"Permanent Polling Location
FORSYTHE MIDDLE SCHL
1655 NEWPORT RD
ANN ARBOR MI 48103

Handicap Accessable:
Y
","Temporary Polling Location




Handicap Accessable: 
"
WASHTENAW COUNTY,ANN ARBOR TOWNSHIP ,     PRECINCT 1,"Permanent Polling Location
SOLID ROCK CHURCH
3823 N. DIXBORO ROAD
ANN ARBOR MI 48105-5601

Handicap Accessable:
Y
","Temporary Polling Location




Handicap Accessable: 
"
WASHTENAW COUNTY,AUGUSTA TOWNSHIP ,     PRECINCT 1,"Permanent Polling Location
WILLIS BAPTIST CHURCH
8687 BUNTON RD
WILLIS MI 48191

Handicap Accessable:
Y
","Temporary Polling Location




Handicap Accessable: 
"
WASHTENAW COUNTY,AUGUSTA TOWNSHIP ,     PRECINCT 2,"Permanent Polling Location
WILLIS BAPTIST CHURCH
8687 BUNTON RD
WILLIS MI 48191

Handicap Accessable:
Y
","Temporary Polling Location




Handicap Accessable: 
"
WASHTENAW COUNTY,BRIDGEWATER TOWNSHIP ,     PRECINCT 1,"Permanent Polling Location
TOWNSHIP HALL
10990 CLINTON ROAD 
MANCHESTER MI 48158

Handicap Accessable:
N
","Temporary Polling Location




Handicap Accessable: 
"
WASHTENAW COUNTY,CHELSEA CITY ,     PRECINCT 1,"Permanent Polling Location
COMM EDUCATION CTR
500 E WASHINGTON ST
CHELSEA MI 48118

Handicap Accessable:
Y
","Temporary Polling Location




Handicap Accessable: 
"
WASHTENAW COUNTY,CHELSEA CITY ,     PRECINCT 2,"Permanent Polling Location
COMM EDUCATION CTR
500 E WASHINGTON ST
CHELSEA MI 48118

Handicap Accessable:
Y
","Temporary Polling Location




Handicap Accessable: 
"
WASHTENAW COUNTY,DEXTER CITY ,     PRECINCT 1,"Permanent Polling Location
DEXTER CITY HALL
3515 BROAD ST.
DEXTER MI 48130

Handicap Accessable:
Y
","Temporary Polling Location




Handicap Accessable: 
"
WASHTENAW COUNTY,DEXTER CITY ,     PRECINCT 2,"Permanent Polling Location
ST. ANDREWS UNITED CHURCH OF CHRIST
7610 ANN ARBOR ST
DEXTER MI 48130

Handicap Accessable:
Y
","Temporary Polling Location




Handicap Accessable: 
"
WASHTENAW COUNTY,DEXTER TOWNSHIP ,     PRECINCT 1,"Permanent Polling Location
DEXTER TOWNSHIP HALL
6880 DEXTER-PINCKNEY ROAD
DEXTER MI 48130

Handicap Accessable:
Y
","Temporary Polling Location




Handicap Accessable: 
"
WASHTENAW COUNTY,DEXTER TOWNSHIP ,     PRECINCT 2,"Permanent Polling Location
DEXTER TOWNSHIP FIRE SUBSTATION
12154 N TERRITORIAL
DEXTER MI 48130

Handicap Accessable:
Y
","Temporary Polling Location




Handicap Accessable: 
"
WASHTENAW COUNTY,DEXTER TOWNSHIP ,     PRECINCT 3,"Permanent Polling Location
DEXTER TOWNSHIP HALL
6880 DEXTER-PINCKNEY ROAD
DEXTER MI 48130

Handicap Accessable:
Y
","Temporary Polling Location




Handicap Accessable: 
"
WASHTENAW COUNTY,FREEDOM TOWNSHIP ,     PRECINCT 1,"Permanent Polling Location
TOWNSHIP HALL
11508 PLEASANT LAKE RD
MANCHESTER MI 48158

Handicap Accessable:
Y
(CORNER OF PLEASANT LAKE AND LIMA CENTER ROADS)","Temporary Polling Location




Handicap Accessable: 
"
WASHTENAW COUNTY,LIMA TOWNSHIP ,     PRECINCT 1,"Permanent Polling Location
CHELSEA CHURCH OF THE NAZARENE
12126 JACKSON RD
DEXTER MI 48130

Handicap Accessable:
Y
(JACKSON ROAD, JUST EAST OF THE I-94 FLETCHER RD EXIT NEXT DOOR TO TOWNSHIP OFFICES)","Temporary Polling Location




Handicap Accessable: 
"
WASHTENAW COUNTY,LODI TOWNSHIP ,     PRECINCT 1,"Permanent Polling Location
FARM COUNCIL GROUNDS
5055 ANN ARBOR SALINE RD BLDG A
ANN ARBOR MI 48103

Handicap Accessable:
Y
(SE CORNER PLEASANT LAKE RD AND ANN ARBOR SALINE RD)","Temporary Polling Location




Handicap Accessable: 
"
WASHTENAW COUNTY,LODI TOWNSHIP ,     PRECINCT 2,"Permanent Polling Location
FARM COUNCIL GROUNDS
5055 ANN ARBOR SALINE RD BLDG A
ANN ARBOR MI 48103

Handicap Accessable:
Y
(SE CORNER PLEASANT LAKE RD AND ANN ARBOR SALINE RD)","Temporary Polling Location




Handicap Accessable: 
"
WASHTENAW COUNTY,LYNDON TOWNSHIP ,     PRECINCT 1,"Permanent Polling Location
TOWNSHIP HALL
17751 N. TERRITORIAL RD.
CHELSEA MI 48118

Handicap Accessable:
Y
","Temporary Polling Location




Handicap Accessable: 
"
WASHTENAW COUNTY,MANCHESTER CITY ,     PRECINCT 1,"Permanent Polling Location
MANCHESTER CITY HALL
912 CITY ROAD
MANCHESTER MI 48158

Handicap Accessable:
Y
","Temporary Polling Location




Handicap Accessable: 
"
WASHTENAW COUNTY,MANCHESTER TOWNSHIP ,     PRECINCT 2,"Permanent Polling Location
TOWNSHIP HALL
275 SOUTH MACOMB STREET
MANCHESTER MI 48158

Handicap Accessable:
Y
","Temporary Polling Location




Handicap Accessable: 
"
WASHTENAW COUNTY,NORTHFIELD TOWNSHIP ,     PRECINCT 1,"Permanent Polling Location
WHITMORE LK MID SCHL
8877 MAIN ST
WHITMORE LAKE MI 48189

Handicap Accessable:
Y
","Temporary Polling Location




Handicap Accessable: 
"
WASHTENAW COUNTY,NORTHFIELD TOWNSHIP ,     PRECINCT 2,"Permanent Polling Location
WHITMORE LAKE HIGH SCHOOL CAFETERIA
7430 WHITMORE LAKE RD
WHITMORE LAKE MI 48189

Handicap Accessable:
Y
","Temporary Polling Location




Handicap Accessable: 
"
WASHTENAW COUNTY,NORTHFIELD TOWNSHIP ,     PRECINCT 3,"Permanent Polling Location
WHITMORE LK MID SCHL
8877 MAIN ST
WHITMORE LAKE MI 48189

Handicap Accessable:
Y
","Temporary Polling Location




Handicap Accessable: 
"
WASHTENAW COUNTY,PITTSFIELD CHARTER TOWNSHIP ,     PRECINCT 1,"Permanent Polling Location
PITTSFIELD ADMN BLDG
6201 W MICHIGAN AVE
ANN ARBOR MI 48108

Handicap Accessable:
Y
(CORNER PLATT RD. AND MICHIGAN AVE.)","Temporary Polling Location




Handicap Accessable: 
"
WASHTENAW COUNTY,PITTSFIELD CHARTER TOWNSHIP ,     PRECINCT 2,"Permanent Polling Location
SALINE HIGH SCHOOL
1300 CAMPUS PKWY
SALINE MI 48176

Handicap Accessable:
Y
","Temporary Polling Location




Handicap Accessable: 
"
WASHTENAW COUNTY,PITTSFIELD CHARTER TOWNSHIP ,     PRECINCT 3,"Permanent Polling Location
COMMUNITY CENTER
701 W. ELLSWORTH
ANN ARBOR MI 48108

Handicap Accessable:
Y
","Temporary Polling Location




Handicap Accessable: 
"
WASHTENAW COUNTY,PITTSFIELD CHARTER TOWNSHIP ,     PRECINCT 4,"Permanent Polling Location
COMMUNITY CENTER
701 W. ELLSWORTH
ANN ARBOR MI 48108

Handicap Accessable:
Y
","Temporary Polling Location




Handicap Accessable: 
"
WASHTENAW COUNTY,PITTSFIELD CHARTER TOWNSHIP ,     PRECINCT 5,"Permanent Polling Location
PITTSFIELD ADMN BLDG
6201 W MICHIGAN AVE
ANN ARBOR MI 48108

Handicap Accessable:
Y
(CORNER PLATT RD. AND MICHIGAN AVE.)","Temporary Polling Location




Handicap Accessable: 
"
WASHTENAW COUNTY,PITTSFIELD CHARTER TOWNSHIP ,     PRECINCT 6,"Permanent Polling Location
CARPENTER SCHOOL
4250 CENTRAL BLVD
ANN ARBOR MI 48108

Handicap Accessable:
Y
(BETWEEN WASH AVE  & PKD RD W OF GOLFSIDE E OF CARP)","Temporary Polling Location




Handicap Accessable: 
"
WASHTENAW COUNTY,PITTSFIELD CHARTER TOWNSHIP ,     PRECINCT 7,"Permanent Polling Location
CARPENTER SCHOOL
4250 CENTRAL BLVD
ANN ARBOR MI 48108

Handicap Accessable:
Y
(BETWEEN WASH AVE  & PKD RD W OF GOLFSIDE E OF CARP)","Temporary Polling Location




Handicap Accessable: 
"
WASHTENAW COUNTY,PITTSFIELD CHARTER TOWNSHIP ,     PRECINCT 8,"Permanent Polling Location
AACC, AKA PITTSFIELD ACRES ACADEMY
4377 TEXTILE RD
YPSILANTI MI 48197

Handicap Accessable:
Y
(BETWEEN CARPENTER & CRANE  NORTH SIDE OF TEXTILE)","Temporary Polling Location




Handicap Accessable: 
"
WASHTENAW COUNTY,PITTSFIELD CHARTER TOWNSHIP ,     PRECINCT 9,"Permanent Polling Location
AACC, AKA PITTSFIELD ACRES ACADEMY
4377 TEXTILE RD
YPSILANTI MI 48197

Handicap Accessable:
Y
(BETWEEN CARPENTER & CRANE  NORTH SIDE OF TEXTILE)","Temporary Polling Location




Handicap Accessable: 
"
WASHTENAW COUNTY,SALEM TOWNSHIP ,     PRECINCT 1,"Permanent Polling Location
SALEM TOWNSHIP HALL
9600 SIX MILE RD.
SALEM MI 48175

Handicap Accessable:
Y
(IN THE HAMLET OF SALEM)","Temporary Polling Location




Handicap Accessable: 
"
WASHTENAW COUNTY,SALEM TOWNSHIP ,     PRECINCT 2,"Permanent Polling Location
SALEM-SOUTH LYON LIB
9800 PONTIAC TRAIL
SOUTH LYON MI 48178

Handicap Accessable:
Y
","Temporary Polling Location




Handicap Accessable: 
"
WASHTENAW COUNTY,SALEM TOWNSHIP ,     PRECINCT 3,"Permanent Polling Location
SALEM ELEMENTARY
7806 SALEM RD
NORTHVILLE MI 48167

Handicap Accessable:
Y
(SALEM RD JUST SOUTH OF SIX MILE)","Temporary Polling Location




Handicap Accessable: 
"
WASHTENAW COUNTY,SALINE CITY ,     PRECINCT 1,"Permanent Polling Location
LIBERTY SCHOOL
7265 SALINE ANN ARBOR RD
SALINE MI 48176

Handicap Accessable:
Y
","Temporary Polling Location




Handicap Accessable: 
"
WASHTENAW COUNTY,SALINE CITY ,     PRECINCT 2,"Permanent Polling Location
METHODIST CHURCH
1200 N. ANN ARBOR STREET
SALINE MI 48176

Handicap Accessable:
Y
","Temporary Polling Location




Handicap Accessable: 
"
WASHTENAW COUNTY,SALINE TOWNSHIP ,     PRECINCT 1,"Permanent Polling Location
TOWNSHIP HALL
5731 BRAUN RD
SALINE MI 48176

Handicap Accessable:
Y
","Temporary Polling Location




Handicap Accessable: 
"
WASHTENAW COUNTY,SCIO TOWNSHIP ,     PRECINCT 1,"Permanent Polling Location
WISD
1819 S. WAGNER RD.
ANN ARBOR MI 48103

Handicap Accessable:
Y
","Temporary Polling Location




Handicap Accessable: 
"
WASHTENAW COUNTY,SCIO TOWNSHIP ,     PRECINCT 2,"Permanent Polling Location
KIWANIS CLUB
100 N STAEBLER RD, STE C
ANN ARBOR MI 48103

Handicap Accessable:
Y
","Temporary Polling Location




Handicap Accessable: 
"
WASHTENAW COUNTY,SCIO TOWNSHIP ,     PRECINCT 3,"Permanent Polling Location
WISD
1819 S. WAGNER RD.
ANN ARBOR MI 48103

Handicap Accessable:
Y
","Temporary Polling Location




Handicap Accessable: 
"
WASHTENAW COUNTY,SCIO TOWNSHIP ,     PRECINCT 4,"Permanent Polling Location
POLO FIELDS MAIN CLUBHOUSE
5200 POLO FIELDS DRIVE
ANN ARBOR MI 48103

Handicap Accessable:
Y
","Temporary Polling Location




Handicap Accessable: 
"
WASHTENAW COUNTY,SCIO TOWNSHIP ,     PRECINCT 5,"Permanent Polling Location
SCIO FARMS COMMUNITY CLUBHOUSE
6655 JACKSON ROAD
ANN ARBOR MI 48103

Handicap Accessable:
Y
","Temporary Polling Location




Handicap Accessable: 
"
WASHTENAW COUNTY,SHARON TOWNSHIP ,     PRECINCT 1,"Permanent Polling Location
TOWNSHIP HALL
18010 PLEASANT LAKE RD
MANCHESTER MI 48158

Handicap Accessable:
Y
(CORNER OF SYLVAN AND PLEASANT LAKE RDS.)","Temporary Polling Location




Handicap Accessable: 
"
WASHTENAW COUNTY,SUPERIOR TOWNSHIP ,     PRECINCT 1,"Permanent Polling Location
DIXBORO UMC
5221 CHURCH 
ANN ARBOR MI 48105

Handicap Accessable:
Y
(SHORT AND CHURCH)","Temporary Polling Location




Handicap Accessable: 
"
WASHTENAW COUNTY,SUPERIOR TOWNSHIP ,     PRECINCT 2,"Permanent Polling Location
ABUNDANT LIFE CHURCH
855 E.CLARK ROAD
YPSILANTI MI 48198

Handicap Accessable:
Y
(1/4 MLE EAST OF PROSPECT ROAD)","Temporary Polling Location




Handicap Accessable: 
"
WASHTENAW COUNTY,SUPERIOR TOWNSHIP ,     PRECINCT 3,"Permanent Polling Location
CHRISTIAN LOVE CHURCH
1601 STAMFORD ROAD
YPSILANTI MI 48198

Handicap Accessable:
Y
(1601 STAMFORD ROAD)","Temporary Polling Location




Handicap Accessable: 
"
WASHTENAW COUNTY,SUPERIOR TOWNSHIP ,     PRECINCT 4,"Permanent Polling Location
CHRISTIAN LOVE CHURCH
1601 STAMFORD ROAD
YPSILANTI MI 48198

Handicap Accessable:
Y
(1601 STAMFORD ROAD)","Temporary Polling Location




Handicap Accessable: 
"
WASHTENAW COUNTY,SUPERIOR TOWNSHIP ,     PRECINCT 5,"Permanent Polling Location
SUPERIOR TWP HALL
3040 NORTH PROSPECT
YPSILANTI MI 48198

Handicap Accessable:
Y
(CORNER PROSPECT & CHERRY HILL)","Temporary Polling Location




Handicap Accessable: 
"
WASHTENAW COUNTY,SYLVAN TOWNSHIP ,     PRECINCT 1,"Permanent Polling Location
SYLVAN TOWNSHIP HALL
18027 OLD US 12
CHELSEA MI 48118

Handicap Accessable:
Y
","Temporary Polling Location




Handicap Accessable: 
"
WASHTENAW COUNTY,WEBSTER TOWNSHIP ,     PRECINCT 1,"Permanent Polling Location
TOWNSHIP HALL
5665 WEBSTER CHURCH RD.
DEXTER MI 48130

Handicap Accessable:
Y
","Temporary Polling Location




Handicap Accessable: 
"
WASHTENAW COUNTY,WEBSTER TOWNSHIP ,     PRECINCT 2,"Permanent Polling Location
TOWNSHIP HALL
5665 WEBSTER CHURCH RD.
DEXTER MI 48130

Handicap Accessable:
Y
","Temporary Polling Location




Handicap Accessable: 
"
WASHTENAW COUNTY,YORK TOWNSHIP ,     PRECINCT 1,"Permanent Polling Location
YRK BAP ACTIV CTR
11220 STONY CREEK RD
MILAN MI 48160

Handicap Accessable:
Y
(NW CORNER, PLATT/STONY CREEK RD)","Temporary Polling Location




Handicap Accessable: 
"
WASHTENAW COUNTY,YORK TOWNSHIP ,     PRECINCT 2,"Permanent Polling Location
YRK BAP ACTIV CTR
11220 STONY CREEK RD
MILAN MI 48160

Handicap Accessable:
Y
(NW CORNER, PLATT/STONY CREEK RD)","Temporary Polling Location




Handicap Accessable: 
"
WASHTENAW COUNTY,YPSILANTI CITY ,     PRECINCT 1-1,"Permanent Polling Location
PERRY SCHOOL(OLD GYM
550 PERRY ST
YPSILANTI MI 48197

Handicap Accessable:
Y
(HARRIET ST & HAWKINS ST)","Temporary Polling Location




Handicap Accessable: 
"
WASHTENAW COUNTY,YPSILANTI CITY ,     PRECINCT 1-2,"Permanent Polling Location
SENIOR CITIZEN REC
1015 CONGRESS
YPSILANTI MI 48197

Handicap Accessable:
Y
(CONGRESS AT OAKWOOD)","Temporary Polling Location




Handicap Accessable: 
"
WASHTENAW COUNTY,YPSILANTI CITY ,     PRECINCT 1-3,"Permanent Polling Location
SECOND BAPTIST CHURCH
301 S. HAMILTON
YPSILANTI MI 48197

Handicap Accessable:
Y
(HAMILTON)","Temporary Polling Location




Handicap Accessable: 
"
WASHTENAW COUNTY,YPSILANTI CITY ,     PRECINCT 2-1,"Permanent Polling Location
ESTABROOK SCHOOL
1555 CROSS ST
YPSILANTI MI 48197

Handicap Accessable:
Y
(W CROSS WEST OF MANSFIELD)","Temporary Polling Location




Handicap Accessable: 
"
WASHTENAW COUNTY,YPSILANTI CITY ,     PRECINCT 2-4,"Permanent Polling Location
EMU HONORS COLLEGE
511 W. FOREST
YPSILANTI MI 48197

Handicap Accessable:
Y
","Temporary Polling Location




Handicap Accessable: 
"
WASHTENAW COUNTY,YPSILANTI CITY ,     PRECINCT 3-1,"Permanent Polling Location
EMU HONORS COLLEGE
511 W. FOREST
YPSILANTI MI 48197

Handicap Accessable:
Y
","Temporary Polling Location




Handicap Accessable: 
"
WASHTENAW COUNTY,YPSILANTI CITY ,     PRECINCT 3-2,"Permanent Polling Location
YPSILANTI INTERNATIONAL ELEMENTARY
503 OAK STREET
YPSILANTI MI 48198

Handicap Accessable:
Y
(N PROSPECT & OAK ST)","Temporary Polling Location




Handicap Accessable: 
"
WASHTENAW COUNTY,YPSILANTI TOWNSHIP ,     PRECINCT 1,"Permanent Polling Location
FREE METHODIST CH
1800 PACKARD
YPSILANTI MI 48197

Handicap Accessable:
Y
","Temporary Polling Location




Handicap Accessable: 
"
WASHTENAW COUNTY,YPSILANTI TOWNSHIP ,     PRECINCT 2,"Permanent Polling Location
YPSI TWP COMM CENTER
2025  E CLARK RD
YPSILANTI MI 48198

Handicap Accessable:
Y
","Temporary Polling Location




Handicap Accessable: 
"
WASHTENAW COUNTY,YPSILANTI TOWNSHIP ,     PRECINCT 3,"Permanent Polling Location
YPSI TWP COMM CENTER
2025  E CLARK RD
YPSILANTI MI 48198

Handicap Accessable:
Y
","Temporary Polling Location




Handicap Accessable: 
"
WASHTENAW COUNTY,YPSILANTI TOWNSHIP ,     PRECINCT 4,"Permanent Polling Location
WASHTENAW GOLF CLUB
2955 PACKARD ROAD
YPSILANTI MI 48197

Handicap Accessable:
Y
","Temporary Polling Location




Handicap Accessable: 
"
WASHTENAW COUNTY,YPSILANTI TOWNSHIP ,     PRECINCT 5,"Permanent Polling Location
CALVARY BAPTIST
1007 ECORSE RD
YPSILANTI MI 48198

Handicap Accessable:
Y
","Temporary Polling Location




Handicap Accessable: 
"
WASHTENAW COUNTY,YPSILANTI TOWNSHIP ,     PRECINCT 6,"Permanent Polling Location
YPSI TWP CIVIC CENTR
7200 S. HURON RIVER DR
YPSILANTI MI 48197

Handicap Accessable:
Y
","Temporary Polling Location




Handicap Accessable: 
"
WASHTENAW COUNTY,YPSILANTI TOWNSHIP ,     PRECINCT 7,"Permanent Polling Location
ERICKSON SCHOOL
1427 LEVONA AVE
YPSILANTI MI 48198

Handicap Accessable:
Y
","Temporary Polling Location




Handicap Accessable: 
"
WASHTENAW COUNTY,YPSILANTI TOWNSHIP ,     PRECINCT 8,"Permanent Polling Location
RAWSONVILLE SCH
3110 GROVE RD
YPSILANTI MI 48197

Handicap Accessable:
Y
","Temporary Polling Location




Handicap Accessable: 
"
WASHTENAW COUNTY,YPSILANTI TOWNSHIP ,     PRECINCT 9,"Permanent Polling Location
SOUTHSIDE BAPTIST CH
6710 TEXTILE RD
YPSILANTI MI 48197

Handicap Accessable:
Y
","Temporary Polling Location




Handicap Accessable: 
"
WASHTENAW COUNTY,YPSILANTI TOWNSHIP ,     PRECINCT 10,"Permanent Polling Location
PINEVIEW CHURCH
6400 TEXTILE RD
YPSILANTI MI 48197

Handicap Accessable:
Y
","Temporary Polling Location




Handicap Accessable: 
"
WASHTENAW COUNTY,YPSILANTI TOWNSHIP ,     PRECINCT 11,"Permanent Polling Location
YPSI DIST LIBRARY
5577 WHITTAKER RD
YPSILANTI MI 48197

Handicap Accessable:
Y
","Temporary Polling Location




Handicap Accessable: 
"
WAYNE COUNTY,ALLEN PARK CITY ,     PRECINCT 1,"Permanent Polling Location
ALLEN PARK CHURCH OF CHRIST
23610 OUTER DR
ALLEN PARK MI 48101

Handicap Accessable:
Y
","Temporary Polling Location




Handicap Accessable: 
"
WAYNE COUNTY,ALLEN PARK CITY ,     PRECINCT 2,"Permanent Polling Location
COMMUNITY CENTER
15800 WHITE
ALLEN PARK MI 48101

Handicap Accessable:
Y
","Temporary Polling Location




Handicap Accessable: 
"
WAYNE COUNTY,ALLEN PARK CITY ,     PRECINCT 3,"Permanent Polling Location
COMMUNITY CENTER
15800 WHITE
ALLEN PARK MI 48101

Handicap Accessable:
Y
","Temporary Polling Location




Handicap Accessable: 
"
WAYNE COUNTY,ALLEN PARK CITY ,     PRECINCT 4,"Permanent Polling Location
COMMUNITY CENTER
15800 WHITE
ALLEN PARK MI 48101

Handicap Accessable:
Y
","Temporary Polling Location




Handicap Accessable: 
"
WAYNE COUNTY,ALLEN PARK CITY ,     PRECINCT 5,"Permanent Polling Location
COMMUNITY CENTER
15800 WHITE
ALLEN PARK MI 48101

Handicap Accessable:
Y
","Temporary Polling Location




Handicap Accessable: 
"
WAYNE COUNTY,ALLEN PARK CITY ,     PRECINCT 6,"Permanent Polling Location
COMMUNITY CENTER
15800 WHITE
ALLEN PARK MI 48101

Handicap Accessable:
Y
","Temporary Polling Location




Handicap Accessable: 
"
WAYNE COUNTY,ALLEN PARK CITY ,     PRECINCT 7,"Permanent Polling Location
COMMUNITY CENTER
15800 WHITE
ALLEN PARK MI 48101

Handicap Accessable:
Y
","Temporary Polling Location




Handicap Accessable: 
"
WAYNE COUNTY,ALLEN PARK CITY ,     PRECINCT 8,"Permanent Polling Location
CHURCH OF NAZARENE
10944 REECK
ALLEN PARK MI 48101

Handicap Accessable:
Y
(GODDARD & REECK)","Temporary Polling Location




Handicap Accessable: 
"
WAYNE COUNTY,BELLEVILLE CITY ,     PRECINCT 1,"Permanent Polling Location




Handicap Accessable:

","Temporary Polling Location
ST. ANTHONY'S CHURCH
409 W. COLUMBIA
BELLEVILLE MI 48111

Handicap Accessable: Y
"
WAYNE COUNTY,BROWNSTOWN TOWNSHIP ,     PRECINCT 1,"Permanent Polling Location
COMMUNITY CENTER
21311 TELEGRAPH ROAD
TRENTON MI 48183

Handicap Accessable:
Y
","Temporary Polling Location




Handicap Accessable: 
"
WAYNE COUNTY,BROWNSTOWN TOWNSHIP ,     PRECINCT 2,"Permanent Polling Location
GUDITH SCHOOL
22700 SIBLEY ROAD
RIVERVIEW MI 48193

Handicap Accessable:
Y
","Temporary Polling Location




Handicap Accessable: 
"
WAYNE COUNTY,BROWNSTOWN TOWNSHIP ,     PRECINCT 3,"Permanent Polling Location
GUDITH SCHOOL
22700 SIBLEY ROAD
RIVERVIEW MI 48193

Handicap Accessable:
Y
","Temporary Polling Location




Handicap Accessable: 
"
WAYNE COUNTY,BROWNSTOWN TOWNSHIP ,     PRECINCT 4,"Permanent Polling Location
WEGIENKA SCHOOL
23925 ARSENAL ROAD
FLAT ROCK MI 48134

Handicap Accessable:
Y
","Temporary Polling Location




Handicap Accessable: 
"
WAYNE COUNTY,BROWNSTOWN TOWNSHIP ,     PRECINCT 5,"Permanent Polling Location
WOODHAVEN HIGH SCHL
24787 VAN HORN ROAD
FLAT ROCK MI 48134

Handicap Accessable:
Y
","Temporary Polling Location




Handicap Accessable: 
"
WAYNE COUNTY,BROWNSTOWN TOWNSHIP ,     PRECINCT 6,"Permanent Polling Location
HUNTER SCHOOL
21320 ROCHE ROAD
TRENTON MI 48183

Handicap Accessable:
Y
","Temporary Polling Location




Handicap Accessable: 
"
WAYNE COUNTY,BROWNSTOWN TOWNSHIP ,     PRECINCT 7,"Permanent Polling Location
HUNTER SCHOOL
21320 ROCHE ROAD
TRENTON MI 48183

Handicap Accessable:
Y
","Temporary Polling Location




Handicap Accessable: 
"
WAYNE COUNTY,BROWNSTOWN TOWNSHIP ,     PRECINCT 8,"Permanent Polling Location
CARLSON HIGH SCHOOL
30550 W. JEFFERSON AVE.
GIBRALTAR MI 48173

Handicap Accessable:
Y
","Temporary Polling Location




Handicap Accessable: 
"
WAYNE COUNTY,BROWNSTOWN TOWNSHIP ,     PRECINCT 9,"Permanent Polling Location
COMMUNITY CENTER
21311 TELEGRAPH ROAD
TRENTON MI 48183

Handicap Accessable:
Y
","Temporary Polling Location




Handicap Accessable: 
"
WAYNE COUNTY,BROWNSTOWN TOWNSHIP ,     PRECINCT 10,"Permanent Polling Location
WOODHAVEN HIGH SCHL
24787 VAN HORN ROAD
FLAT ROCK MI 48134

Handicap Accessable:
Y
","Temporary Polling Location




Handicap Accessable: 
"
WAYNE COUNTY,BROWNSTOWN TOWNSHIP ,     PRECINCT 11,"Permanent Polling Location
CARLSON HIGH SCHOOL
30550 W. JEFFERSON AVE.
GIBRALTAR MI 48173

Handicap Accessable:
Y
","Temporary Polling Location




Handicap Accessable: 
"
WAYNE COUNTY,BROWNSTOWN TOWNSHIP ,     PRECINCT 12,"Permanent Polling Location
WEGIENKA SCHOOL
23925 ARSENAL ROAD
FLAT ROCK MI 48134

Handicap Accessable:
Y
","Temporary Polling Location




Handicap Accessable: 
"
WAYNE COUNTY,CANTON TOWNSHIP ,     PRECINCT 1,"Permanent Polling Location
SUMMIT ON THE PARK
46000 SUMMIT PARKWAY
CANTON MI 48188

Handicap Accessable:
Y
(SUMMIT PARKWAY BETWEEN CANTON CENTER AND BECK)","Temporary Polling Location




Handicap Accessable: 
"
WAYNE COUNTY,CANTON TOWNSHIP ,     PRECINCT 2,"Permanent Polling Location
SUMMIT ON THE PARK
46000 SUMMIT PARKWAY
CANTON MI 48188

Handicap Accessable:
Y
(SUMMIT PARKWAY BETWEEN CANTON CENTER AND BECK)","Temporary Polling Location




Handicap Accessable: 
"
WAYNE COUNTY,CANTON TOWNSHIP ,     PRECINCT 3,"Permanent Polling Location
SUMMIT ON THE PARK
46000 SUMMIT PARKWAY
CANTON MI 48188

Handicap Accessable:
Y
(SUMMIT PARKWAY BETWEEN CANTON CENTER AND BECK)","Temporary Polling Location




Handicap Accessable: 
"
WAYNE COUNTY,CANTON TOWNSHIP ,     PRECINCT 4,"Permanent Polling Location
SUMMIT ON THE PARK
46000 SUMMIT PARKWAY
CANTON MI 48188

Handicap Accessable:
Y
(SUMMIT PARKWAY BETWEEN CANTON CENTER AND BECK)","Temporary Polling Location




Handicap Accessable: 
"
WAYNE COUNTY,CANTON TOWNSHIP ,     PRECINCT 5,"Permanent Polling Location
FELLOWS CREEK GOLF COURSE
2936 S LOTZ RD
CANTON MI 48188

Handicap Accessable:
Y
","Temporary Polling Location




Handicap Accessable: 
"
WAYNE COUNTY,CANTON TOWNSHIP ,     PRECINCT 6,"Permanent Polling Location
FELLOWS CREEK GOLF COURSE
2936 S LOTZ RD
CANTON MI 48188

Handicap Accessable:
Y
","Temporary Polling Location




Handicap Accessable: 
"
WAYNE COUNTY,CANTON TOWNSHIP ,     PRECINCT 7,"Permanent Polling Location
MEDINA ACTIVITY CENTER
1905 S HAGGERTY RD
CANTON MI 48188

Handicap Accessable:
Y
","Temporary Polling Location




Handicap Accessable: 
"
WAYNE COUNTY,CANTON TOWNSHIP ,     PRECINCT 8,"Permanent Polling Location
MEDINA ACTIVITY CENTER
1905 S HAGGERTY RD
CANTON MI 48188

Handicap Accessable:
Y
","Temporary Polling Location




Handicap Accessable: 
"
WAYNE COUNTY,CANTON TOWNSHIP ,     PRECINCT 9,"Permanent Polling Location
MEDINA ACTIVITY CENTER
1905 S HAGGERTY RD
CANTON MI 48188

Handicap Accessable:
Y
","Temporary Polling Location




Handicap Accessable: 
"
WAYNE COUNTY,CANTON TOWNSHIP ,     PRECINCT 10,"Permanent Polling Location
LIFE CHURCH
7001 N. HAGGERTY RD
CANTON MI 48187

Handicap Accessable:
Y
(NW CORNER OF HAGGERTY AND WARREN RDS)","Temporary Polling Location




Handicap Accessable: 
"
WAYNE COUNTY,CANTON TOWNSHIP ,     PRECINCT 11,"Permanent Polling Location
LIFE CHURCH
7001 N. HAGGERTY RD
CANTON MI 48187

Handicap Accessable:
Y
(NW CORNER OF HAGGERTY AND WARREN RDS)","Temporary Polling Location




Handicap Accessable: 
"
WAYNE COUNTY,CANTON TOWNSHIP ,     PRECINCT 12,"Permanent Polling Location
LIFE CHURCH
7001 N. HAGGERTY RD
CANTON MI 48187

Handicap Accessable:
Y
(NW CORNER OF HAGGERTY AND WARREN RDS)","Temporary Polling Location




Handicap Accessable: 
"
WAYNE COUNTY,CANTON TOWNSHIP ,     PRECINCT 13,"Permanent Polling Location
PLYMOUTH HIGH SCHOOL
8400 N BECK
CANTON MI 48187

Handicap Accessable:
Y
(BECK SOUTH OF JOY)","Temporary Polling Location




Handicap Accessable: 
"
WAYNE COUNTY,CANTON TOWNSHIP ,     PRECINCT 14,"Permanent Polling Location
PLYMOUTH HIGH SCHOOL
8400 N BECK
CANTON MI 48187

Handicap Accessable:
Y
(BECK SOUTH OF JOY)","Temporary Polling Location




Handicap Accessable: 
"
WAYNE COUNTY,CANTON TOWNSHIP ,     PRECINCT 15,"Permanent Polling Location
PLYMOUTH HIGH SCHOOL
8400 N BECK
CANTON MI 48187

Handicap Accessable:
Y
(BECK SOUTH OF JOY)","Temporary Polling Location




Handicap Accessable: 
"
WAYNE COUNTY,CANTON TOWNSHIP ,     PRECINCT 16,"Permanent Polling Location
PLYMOUTH HIGH SCHOOL
8400 N BECK
CANTON MI 48187

Handicap Accessable:
Y
(BECK SOUTH OF JOY)","Temporary Polling Location




Handicap Accessable: 
"
WAYNE COUNTY,CANTON TOWNSHIP ,     PRECINCT 17,"Permanent Polling Location
LIBERTY MIDDLE SCHOOL
46250 CHERRY HILL
CANTON MI 48187

Handicap Accessable:
Y
(NORTH SIDE OF CHERRY HILL, WEST OF CANTON CENTER)","Temporary Polling Location




Handicap Accessable: 
"
WAYNE COUNTY,CANTON TOWNSHIP ,     PRECINCT 18,"Permanent Polling Location
LIBERTY MIDDLE SCHOOL
46250 CHERRY HILL
CANTON MI 48187

Handicap Accessable:
Y
(NORTH SIDE OF CHERRY HILL, WEST OF CANTON CENTER)","Temporary Polling Location




Handicap Accessable: 
"
WAYNE COUNTY,CANTON TOWNSHIP ,     PRECINCT 19,"Permanent Polling Location
LIBERTY MIDDLE SCHOOL
46250 CHERRY HILL
CANTON MI 48187

Handicap Accessable:
Y
(NORTH SIDE OF CHERRY HILL, WEST OF CANTON CENTER)","Temporary Polling Location




Handicap Accessable: 
"
WAYNE COUNTY,CANTON TOWNSHIP ,     PRECINCT 20,"Permanent Polling Location
LIBERTY MIDDLE SCHOOL
46250 CHERRY HILL
CANTON MI 48187

Handicap Accessable:
Y
(NORTH SIDE OF CHERRY HILL, WEST OF CANTON CENTER)","Temporary Polling Location




Handicap Accessable: 
"
WAYNE COUNTY,DEARBORN CITY ,     PRECINCT 1,"Permanent Polling Location
MCDONALD SCHOOL
10151 DIVERSEY ST
DEARBORN MI 48126

Handicap Accessable:
Y
(FREDA & DIVERSEY)","Temporary Polling Location




Handicap Accessable: 
"
WAYNE COUNTY,DEARBORN CITY ,     PRECINCT 2,"Permanent Polling Location
MCDONALD SCHOOL
10151 DIVERSEY ST
DEARBORN MI 48126

Handicap Accessable:
Y
(FREDA & DIVERSEY)","Temporary Polling Location




Handicap Accessable: 
"
WAYNE COUNTY,DEARBORN CITY ,     PRECINCT 3,"Permanent Polling Location
ST ALPHONSUS HALL
7500 SCHAEFER
DEARBORN MI 48126

Handicap Accessable:
Y
","Temporary Polling Location




Handicap Accessable: 
"
WAYNE COUNTY,DEARBORN CITY ,     PRECINCT 4,"Permanent Polling Location
OAKMAN SCHOOL
7545 CHASE RD
DEARBORN MI 48126

Handicap Accessable:
Y
(CHASE & GOULD)","Temporary Polling Location




Handicap Accessable: 
"
WAYNE COUNTY,DEARBORN CITY ,     PRECINCT 6,"Permanent Polling Location
BECKER SCHOOL
10821 HENSON
DEARBORN MI 48126

Handicap Accessable:
Y
(HENSON & MILLER)","Temporary Polling Location




Handicap Accessable: 
"
WAYNE COUNTY,DEARBORN CITY ,     PRECINCT 7,"Permanent Polling Location
LOWREY SCHOOL
6601 JONATHON ST
DEARBORN MI 48126

Handicap Accessable:
Y
(JONATHON & HENSON)","Temporary Polling Location




Handicap Accessable: 
"
WAYNE COUNTY,DEARBORN CITY ,     PRECINCT 8,"Permanent Polling Location
MAPLES SCHOOL
6801 MEAD ST
DEARBORN MI 48126

Handicap Accessable:
Y
(PAYNE & ARTHUR)","Temporary Polling Location




Handicap Accessable: 
"
WAYNE COUNTY,DEARBORN CITY ,     PRECINCT 9,"Permanent Polling Location
MAPLES SCHOOL
6801 MEAD ST
DEARBORN MI 48126

Handicap Accessable:
Y
(PAYNE & ARTHUR)","Temporary Polling Location




Handicap Accessable: 
"
WAYNE COUNTY,DEARBORN CITY ,     PRECINCT 10,"Permanent Polling Location
SUZANNE SAREINI MANOR
5500 CALHOUN ST
DEARBORN MI 48126

Handicap Accessable:
Y
","Temporary Polling Location




Handicap Accessable: 
"
WAYNE COUNTY,DEARBORN CITY ,     PRECINCT 11,"Permanent Polling Location
WILLIAM FORD SCHOOL
14749 ALBER ST
DEARBORN MI 48126

Handicap Accessable:
Y
(ALBER & TERNES)","Temporary Polling Location




Handicap Accessable: 
"
WAYNE COUNTY,DEARBORN CITY ,     PRECINCT 12,"Permanent Polling Location
WILLIAM FORD SCHOOL
14749 ALBER ST
DEARBORN MI 48126

Handicap Accessable:
Y
(ALBER & TERNES)","Temporary Polling Location




Handicap Accessable: 
"
WAYNE COUNTY,DEARBORN CITY ,     PRECINCT 13,"Permanent Polling Location
ALLEGRIA VILLAGE
15101 FORD RD
DEARBORN MI 48126

Handicap Accessable:
Y
(FORD & GREENFIELD)","Temporary Polling Location




Handicap Accessable: 
"
WAYNE COUNTY,DEARBORN CITY ,     PRECINCT 15,"Permanent Polling Location
WOODWORTH SCHOOL
4951 TERNES ST
DEARBORN MI 48126

Handicap Accessable:
Y
(TERNES & HUBBARD DR)","Temporary Polling Location




Handicap Accessable: 
"
WAYNE COUNTY,DEARBORN CITY ,     PRECINCT 16,"Permanent Polling Location
WOODWORTH SCHOOL
4951 TERNES ST
DEARBORN MI 48126

Handicap Accessable:
Y
(TERNES & HUBBARD DR)","Temporary Polling Location




Handicap Accessable: 
"
WAYNE COUNTY,DEARBORN CITY ,     PRECINCT 17,"Permanent Polling Location
HENRY FORD SCHOOL
16140 DRISCOLL AVE
DEARBORN MI 48126

Handicap Accessable:
Y
(DRISCOLL & KORTE)","Temporary Polling Location




Handicap Accessable: 
"
WAYNE COUNTY,DEARBORN CITY ,     PRECINCT 18,"Permanent Polling Location
MILLER SCHOOL
4824 LOIS ST
DEARBORN MI 48126

Handicap Accessable:
Y
(LOIS & MICHIGAN)","Temporary Polling Location




Handicap Accessable: 
"
WAYNE COUNTY,DEARBORN CITY ,     PRECINCT 19,"Permanent Polling Location
GEER PARK SCHOOL
14767 PROSPECT
DEARBORN MI 48126

Handicap Accessable:
Y
","Temporary Polling Location




Handicap Accessable: 
"
WAYNE COUNTY,DEARBORN CITY ,     PRECINCT 20,"Permanent Polling Location
SALINA SCHOOL
2623 SALINA ST
DEARBORN MI 48120

Handicap Accessable:
Y
(SALINA & LOWREY)","Temporary Polling Location




Handicap Accessable: 
"
WAYNE COUNTY,DEARBORN CITY ,     PRECINCT 21,"Permanent Polling Location
SALINA SCHOOL
2623 SALINA ST
DEARBORN MI 48120

Handicap Accessable:
Y
(SALINA & LOWREY)","Temporary Polling Location




Handicap Accessable: 
"
WAYNE COUNTY,DEARBORN CITY ,     PRECINCT 22,"Permanent Polling Location
ST KATERI PARISH
16101 ROTUNDA
DEARBORN MI 48120

Handicap Accessable:
Y
","Temporary Polling Location




Handicap Accessable: 
"
WAYNE COUNTY,DEARBORN CITY ,     PRECINCT 24,"Permanent Polling Location
SISSON MANOR
1515 MASON
DEARBORN MI 48124

Handicap Accessable:
Y
","Temporary Polling Location




Handicap Accessable: 
"
WAYNE COUNTY,DEARBORN CITY ,     PRECINCT 25,"Permanent Polling Location
SNOW SCHOOL
2000 CULVER AVE
DEARBORN MI 48124

Handicap Accessable:
Y
(SNOW & CULVER)","Temporary Polling Location




Handicap Accessable: 
"
WAYNE COUNTY,DEARBORN CITY ,     PRECINCT 26,"Permanent Polling Location
SNOW SCHOOL
2000 CULVER AVE
DEARBORN MI 48124

Handicap Accessable:
Y
(SNOW & CULVER)","Temporary Polling Location




Handicap Accessable: 
"
WAYNE COUNTY,DEARBORN CITY ,     PRECINCT 27,"Permanent Polling Location
ADM SERVICE CENTER
18700 AUDETTE ST
DEARBORN MI 48124

Handicap Accessable:
Y
(EDGEWOOD & CARLYSLE)","Temporary Polling Location




Handicap Accessable: 
"
WAYNE COUNTY,DEARBORN CITY ,     PRECINCT 28,"Permanent Polling Location
EDSEL FORD HIGH SCH
20601 ROTUNDA DR
DEARBORN MI 48124

Handicap Accessable:
Y
","Temporary Polling Location




Handicap Accessable: 
"
WAYNE COUNTY,DEARBORN CITY ,     PRECINCT 29,"Permanent Polling Location
WHITMORE BOLLES SCHO
21501 WHITMORE ST
DEARBORN MI 48124

Handicap Accessable:
Y
(WHITMORE & ALICE)","Temporary Polling Location




Handicap Accessable: 
"
WAYNE COUNTY,DEARBORN CITY ,     PRECINCT 31,"Permanent Polling Location
FIRST PRESBYTERIAN
600 N. BRADY
DEARBORN MI 48124

Handicap Accessable:
Y
","Temporary Polling Location




Handicap Accessable: 
"
WAYNE COUNTY,DEARBORN CITY ,     PRECINCT 32,"Permanent Polling Location
FIRST PRESBYTERIAN
600 N. BRADY
DEARBORN MI 48124

Handicap Accessable:
Y
","Temporary Polling Location




Handicap Accessable: 
"
WAYNE COUNTY,DEARBORN CITY ,     PRECINCT 33,"Permanent Polling Location
HOWARD SCHOOL
1611 N YORK
DEARBORN MI 48128

Handicap Accessable:
Y
","Temporary Polling Location




Handicap Accessable: 
"
WAYNE COUNTY,DEARBORN CITY ,     PRECINCT 34,"Permanent Polling Location
HOWARD SCHOOL
1611 N YORK
DEARBORN MI 48128

Handicap Accessable:
Y
","Temporary Polling Location




Handicap Accessable: 
"
WAYNE COUNTY,DEARBORN CITY ,     PRECINCT 35,"Permanent Polling Location
LINDBERGH SCHOOL
500 N WAVERLY ST
DEARBORN MI 48128

Handicap Accessable:
Y
(WAVERLY & MYRTLE)","Temporary Polling Location




Handicap Accessable: 
"
WAYNE COUNTY,DEARBORN CITY ,     PRECINCT 37,"Permanent Polling Location
CLARA BRYANT SCHOOL
460 N VERNON ST
DEARBORN MI 48128

Handicap Accessable:
Y
(N VERNON & COBURN)","Temporary Polling Location




Handicap Accessable: 
"
WAYNE COUNTY,DEARBORN CITY ,     PRECINCT 38,"Permanent Polling Location
CLARA BRYANT SCHOOL
460 N VERNON ST
DEARBORN MI 48128

Handicap Accessable:
Y
(N VERNON & COBURN)","Temporary Polling Location




Handicap Accessable: 
"
WAYNE COUNTY,DEARBORN CITY ,     PRECINCT 40,"Permanent Polling Location
HAIGH SCHOOL
601 N SILVERY LN
DEARBORN MI 48128

Handicap Accessable:
Y
(COBURN & SILVERY LANE)","Temporary Polling Location




Handicap Accessable: 
"
WAYNE COUNTY,DEARBORN CITY ,     PRECINCT 41,"Permanent Polling Location
HAIGH SCHOOL
601 N SILVERY LN
DEARBORN MI 48128

Handicap Accessable:
Y
(COBURN & SILVERY LANE)","Temporary Polling Location




Handicap Accessable: 
"
WAYNE COUNTY,DEARBORN CITY ,     PRECINCT 42,"Permanent Polling Location
DEARBORN HIGH SCHOOL
19501 OUTER DR
DEARBORN MI 48124

Handicap Accessable:
Y
","Temporary Polling Location




Handicap Accessable: 
"
WAYNE COUNTY,DEARBORN CITY ,     PRECINCT 44,"Permanent Polling Location
DUVALL SCHOOL
22561 BEECH
DEARBORN MI 48124

Handicap Accessable:
Y
","Temporary Polling Location




Handicap Accessable: 
"
WAYNE COUNTY,DEARBORN CITY ,     PRECINCT 45,"Permanent Polling Location
CHRISTIAN FELLOWSHIP
21360 DONALDSON ST
DEARBORN MI 48124

Handicap Accessable:
Y
(ELMDALE & DONALDSON)","Temporary Polling Location




Handicap Accessable: 
"
WAYNE COUNTY,DEARBORN CITY ,     PRECINCT 46,"Permanent Polling Location
O L SMITH SCHOOL
23851 YALE
DEARBORN MI 48124

Handicap Accessable:
Y
","Temporary Polling Location




Handicap Accessable: 
"
WAYNE COUNTY,DEARBORN CITY ,     PRECINCT 47,"Permanent Polling Location
NOWLIN SCHOOL
23600 PENN ST
DEARBORN MI 48124

Handicap Accessable:
Y
(PENN & MADISON)","Temporary Polling Location




Handicap Accessable: 
"
WAYNE COUNTY,DEARBORN CITY ,     PRECINCT 49,"Permanent Polling Location
LONG SCHOOL
3100 WESTWOOD ST
DEARBORN MI 48124

Handicap Accessable:
Y
(BOSTON & WESTWOOD)","Temporary Polling Location




Handicap Accessable: 
"
WAYNE COUNTY,DEARBORN CITY ,     PRECINCT 50,"Permanent Polling Location
LONG SCHOOL
3100 WESTWOOD ST
DEARBORN MI 48124

Handicap Accessable:
Y
(BOSTON & WESTWOOD)","Temporary Polling Location




Handicap Accessable: 
"
WAYNE COUNTY,DEARBORN HEIGHTS CITY ,     PRECINCT 1,"Permanent Polling Location
DBN PUBLIC SCHOOLS-DBN HGTS CAMPUS
22586 ANN ARBOR TR
DEARBORN HEIGHTS MI 48127

Handicap Accessable:
Y
","Temporary Polling Location




Handicap Accessable: 
"
WAYNE COUNTY,DEARBORN HEIGHTS CITY ,     PRECINCT 2,"Permanent Polling Location
DBN PUBLIC SCHOOLS-DBN HGTS CAMPUS
22586 ANN ARBOR TR
DEARBORN HEIGHTS MI 48127

Handicap Accessable:
Y
","Temporary Polling Location




Handicap Accessable: 
"
WAYNE COUNTY,DEARBORN HEIGHTS CITY ,     PRECINCT 3,"Permanent Polling Location
RIVERSIDE MIDDLE SCHOOL
25900 W. WARREN
DEARBORN HEIGHTS MI 48127

Handicap Accessable:
Y
","Temporary Polling Location




Handicap Accessable: 
"
WAYNE COUNTY,DEARBORN HEIGHTS CITY ,     PRECINCT 4,"Permanent Polling Location
RIVERSIDE MIDDLE SCHOOL
25900 W. WARREN
DEARBORN HEIGHTS MI 48127

Handicap Accessable:
Y
","Temporary Polling Location




Handicap Accessable: 
"
WAYNE COUNTY,DEARBORN HEIGHTS CITY ,     PRECINCT 5,"Permanent Polling Location
BERWYN SENIIOR CENTER
26155 RICHARDSON
DEARBORN HEIGHTS MI 48127

Handicap Accessable:
Y
","Temporary Polling Location




Handicap Accessable: 
"
WAYNE COUNTY,DEARBORN HEIGHTS CITY ,     PRECINCT 6,"Permanent Polling Location
BERWYN SENIIOR CENTER
26155 RICHARDSON
DEARBORN HEIGHTS MI 48127

Handicap Accessable:
Y
","Temporary Polling Location




Handicap Accessable: 
"
WAYNE COUNTY,DEARBORN HEIGHTS CITY ,     PRECINCT 7,"Permanent Polling Location
CAROLINE KENNEDY LIBRARY
24590 GEORGE
DEARBORN HEIGHTS MI 48127

Handicap Accessable:
Y
","Temporary Polling Location




Handicap Accessable: 
"
WAYNE COUNTY,DEARBORN HEIGHTS CITY ,     PRECINCT 8,"Permanent Polling Location
CAROLINE KENNEDY LIBRARY
24590 GEORGE
DEARBORN HEIGHTS MI 48127

Handicap Accessable:
Y
","Temporary Polling Location




Handicap Accessable: 
"
WAYNE COUNTY,DEARBORN HEIGHTS CITY ,     PRECINCT 9,"Permanent Polling Location
CANFIELD COMMUNITY CENTER
1801 N BEECH DALY
DEARBORN HEIGHTS MI 48127

Handicap Accessable:
Y
","Temporary Polling Location




Handicap Accessable: 
"
WAYNE COUNTY,DEARBORN HEIGHTS CITY ,     PRECINCT 10,"Permanent Polling Location
CANFIELD COMMUNITY CENTER
1801 N BEECH DALY
DEARBORN HEIGHTS MI 48127

Handicap Accessable:
Y
","Temporary Polling Location




Handicap Accessable: 
"
WAYNE COUNTY,DEARBORN HEIGHTS CITY ,     PRECINCT 11,"Permanent Polling Location
JOHN F. KENNEDY JR. LIBRARY
24602 VAN BORN
DEARBORN HEIGHTS MI 48125

Handicap Accessable:
Y
","Temporary Polling Location




Handicap Accessable: 
"
WAYNE COUNTY,DEARBORN HEIGHTS CITY ,     PRECINCT 12,"Permanent Polling Location
ETON SENIOR RECREATION CENTER
4900 PARDEE
DEARBORN HEIGHTS MI 48125

Handicap Accessable:
Y
","Temporary Polling Location




Handicap Accessable: 
"
WAYNE COUNTY,DEARBORN HEIGHTS CITY ,     PRECINCT 13,"Permanent Polling Location
ANNAPOLIS HIGH SCHOOL
4650 CLIPPERT
DEARBORN HEIGHTS MI 48125

Handicap Accessable:
Y
","Temporary Polling Location




Handicap Accessable: 
"
WAYNE COUNTY,DEARBORN HEIGHTS CITY ,     PRECINCT 14,"Permanent Polling Location
ANNAPOLIS HIGH SCHOOL
4650 CLIPPERT
DEARBORN HEIGHTS MI 48125

Handicap Accessable:
Y
","Temporary Polling Location




Handicap Accessable: 
"
WAYNE COUNTY,DEARBORN HEIGHTS CITY ,     PRECINCT 15,"Permanent Polling Location
ANNAPOLIS HIGH SCHOOL
4650 CLIPPERT
DEARBORN HEIGHTS MI 48125

Handicap Accessable:
Y
","Temporary Polling Location




Handicap Accessable: 
"
WAYNE COUNTY,DETROIT CITY ,     PRECINCT 4-1,"Permanent Polling Location
NEW CANAAN MBC
8946 CHARLEVOIX
DETROIT MI 48214

Handicap Accessable:
Y
","Temporary Polling Location




Handicap Accessable: 
"
WAYNE COUNTY,DETROIT CITY ,     PRECINCT 4-2,"Permanent Polling Location
MAR. GARVEY ACADEMY
2301 VAN DYKE ST. 
DETROIT MI 48214

Handicap Accessable:
Y
","Temporary Polling Location




Handicap Accessable: 
"
WAYNE COUNTY,DETROIT CITY ,     PRECINCT 4-4,"Permanent Polling Location
MAR. GARVEY ACADEMY
2301 VAN DYKE ST. 
DETROIT MI 48214

Handicap Accessable:
Y
","Temporary Polling Location




Handicap Accessable: 
"
WAYNE COUNTY,DETROIT CITY ,     PRECINCT 4-5,"Permanent Polling Location
CARSTENS ACAD OF AQUA SCIENCE AT REMUS
13000 ESSEX AVENUE
DETROIT MI 48215

Handicap Accessable:
Y
","Temporary Polling Location




Handicap Accessable: 
"
WAYNE COUNTY,DETROIT CITY ,     PRECINCT 4-6,"Permanent Polling Location
CARSTENS ACAD OF AQUA SCIENCE AT REMUS
13000 ESSEX AVENUE
DETROIT MI 48215

Handicap Accessable:
Y
","Temporary Polling Location




Handicap Accessable: 
"
WAYNE COUNTY,DETROIT CITY ,     PRECINCT 4-7,"Permanent Polling Location
CARSTENS ACAD OF AQUA SCIENCE AT REMUS
13000 ESSEX AVENUE
DETROIT MI 48215

Handicap Accessable:
Y
","Temporary Polling Location




Handicap Accessable: 
"
WAYNE COUNTY,DETROIT CITY ,     PRECINCT 4-8,"Permanent Polling Location
CARSTENS ACAD OF AQUA SCIENCE AT REMUS
13000 ESSEX AVENUE
DETROIT MI 48215

Handicap Accessable:
Y
","Temporary Polling Location




Handicap Accessable: 
"
WAYNE COUNTY,DETROIT CITY ,     PRECINCT 4-9,"Permanent Polling Location
CARSTENS ACAD OF AQUA SCIENCE AT REMUS
13000 ESSEX AVENUE
DETROIT MI 48215

Handicap Accessable:
Y
","Temporary Polling Location




Handicap Accessable: 
"
WAYNE COUNTY,DETROIT CITY ,     PRECINCT 4-10,"Permanent Polling Location
FAITH CLINIC COGIC
12260 CAMDEN
DETROIT MI 48213

Handicap Accessable:
Y
","Temporary Polling Location




Handicap Accessable: 
"
WAYNE COUNTY,DETROIT CITY ,     PRECINCT 4-11,"Permanent Polling Location
RONALD BROWN ACADEMY
11530 E. OUTER DRIVE
DETROIT MI 48224

Handicap Accessable:
Y
","Temporary Polling Location




Handicap Accessable: 
"
WAYNE COUNTY,DETROIT CITY ,     PRECINCT 4-12,"Permanent Polling Location
E. ENGLISH VILL PREP
5020 CADIEUX
DETROIT MI 48224

Handicap Accessable:
Y
","Temporary Polling Location




Handicap Accessable: 
"
WAYNE COUNTY,DETROIT CITY ,     PRECINCT 4-14,"Permanent Polling Location
FIRE STATION 52
5029 MANISTIQUE
DETROIT MI 48224

Handicap Accessable:
Y
","Temporary Polling Location




Handicap Accessable: 
"
WAYNE COUNTY,DETROIT CITY ,     PRECINCT 4-15,"Permanent Polling Location
GREATER ST STEPHEN
3952 DICKERSON
DETROIT MI 48224

Handicap Accessable:
Y
","Temporary Polling Location




Handicap Accessable: 
"
WAYNE COUNTY,DETROIT CITY ,     PRECINCT 4-16,"Permanent Polling Location
GREATER ST STEPHEN
3952 DICKERSON
DETROIT MI 48224

Handicap Accessable:
Y
","Temporary Polling Location




Handicap Accessable: 
"
WAYNE COUNTY,DETROIT CITY ,     PRECINCT 4-18,"Permanent Polling Location
LOVE RISING LUTHERAN CHURCH
21230 MOROSS
DETROIT MI 48236

Handicap Accessable:
Y
","Temporary Polling Location




Handicap Accessable: 
"
WAYNE COUNTY,DETROIT CITY ,     PRECINCT 4-19,"Permanent Polling Location
E. ENGLISH VILL PREP
5020 CADIEUX
DETROIT MI 48224

Handicap Accessable:
Y
","Temporary Polling Location




Handicap Accessable: 
"
WAYNE COUNTY,DETROIT CITY ,     PRECINCT 4-20,"Permanent Polling Location
LOVE RISING LUTHERAN CHURCH
21230 MOROSS
DETROIT MI 48236

Handicap Accessable:
Y
","Temporary Polling Location




Handicap Accessable: 
"
WAYNE COUNTY,DETROIT CITY ,     PRECINCT 4-22,"Permanent Polling Location
E. ENGLISH VILL PREP
5020 CADIEUX
DETROIT MI 48224

Handicap Accessable:
Y
","Temporary Polling Location




Handicap Accessable: 
"
WAYNE COUNTY,DETROIT CITY ,     PRECINCT 4-23,"Permanent Polling Location
E. ENGLISH VILL PREP
5020 CADIEUX
DETROIT MI 48224

Handicap Accessable:
Y
","Temporary Polling Location




Handicap Accessable: 
"
WAYNE COUNTY,DETROIT CITY ,     PRECINCT 4-25,"Permanent Polling Location
GREATER ST STEPHEN
3952 DICKERSON
DETROIT MI 48224

Handicap Accessable:
Y
","Temporary Polling Location




Handicap Accessable: 
"
WAYNE COUNTY,DETROIT CITY ,     PRECINCT 4-26,"Permanent Polling Location
BETHANY LUTHERAN CH
11475 E. OUTER DRIVE
DETROIT MI 48224

Handicap Accessable:
Y
","Temporary Polling Location




Handicap Accessable: 
"
WAYNE COUNTY,DETROIT CITY ,     PRECINCT 4-27,"Permanent Polling Location
WAYNE COUNTY COMMUNITY COLLEGE EAST CAMP
5901 CONNER
DETROIT MI 48213

Handicap Accessable:
N
","Temporary Polling Location




Handicap Accessable: 
"
WAYNE COUNTY,DETROIT CITY ,     PRECINCT 4-29,"Permanent Polling Location
BETHANY LUTHERAN CH
11475 E. OUTER DRIVE
DETROIT MI 48224

Handicap Accessable:
Y
","Temporary Polling Location




Handicap Accessable: 
"
WAYNE COUNTY,DETROIT CITY ,     PRECINCT 4-32,"Permanent Polling Location
BETHANY LUTHERAN CH
11475 E. OUTER DRIVE
DETROIT MI 48224

Handicap Accessable:
Y
","Temporary Polling Location




Handicap Accessable: 
"
WAYNE COUNTY,DETROIT CITY ,     PRECINCT 4-33,"Permanent Polling Location
BETHANY LUTHERAN CH
11475 E. OUTER DRIVE
DETROIT MI 48224

Handicap Accessable:
Y
","Temporary Polling Location




Handicap Accessable: 
"
WAYNE COUNTY,DETROIT CITY ,     PRECINCT 4-34,"Permanent Polling Location
E. ENGLISH VILL PREP
5020 CADIEUX
DETROIT MI 48224

Handicap Accessable:
Y
","Temporary Polling Location




Handicap Accessable: 
"
WAYNE COUNTY,DETROIT CITY ,     PRECINCT 4-35,"Permanent Polling Location
DENBY HIGH SCHOOL
12800 KELLY RD.
DETROIT MI 48224

Handicap Accessable:
Y
","Temporary Polling Location




Handicap Accessable: 
"
WAYNE COUNTY,DETROIT CITY ,     PRECINCT 4-36,"Permanent Polling Location
BETHANY LUTHERAN CH
11475 E. OUTER DRIVE
DETROIT MI 48224

Handicap Accessable:
Y
","Temporary Polling Location




Handicap Accessable: 
"
WAYNE COUNTY,DETROIT CITY ,     PRECINCT 4-38,"Permanent Polling Location
DENBY HIGH SCHOOL
12800 KELLY RD.
DETROIT MI 48224

Handicap Accessable:
Y
","Temporary Polling Location




Handicap Accessable: 
"
WAYNE COUNTY,DETROIT CITY ,     PRECINCT 4-39,"Permanent Polling Location
DENBY HIGH SCHOOL
12800 KELLY RD.
DETROIT MI 48224

Handicap Accessable:
Y
","Temporary Polling Location




Handicap Accessable: 
"
WAYNE COUNTY,DETROIT CITY ,     PRECINCT 4-40,"Permanent Polling Location
CARLETON ELEMENTARY SCHOOL
11724 CASINO
DETROIT MI 48224

Handicap Accessable:
Y
","Temporary Polling Location




Handicap Accessable: 
"
WAYNE COUNTY,DETROIT CITY ,     PRECINCT 4-41,"Permanent Polling Location
WAYNE SCHOOL
10633 COURVILLE
DETROIT MI 48224

Handicap Accessable:
Y
","Temporary Polling Location




Handicap Accessable: 
"
WAYNE COUNTY,DETROIT CITY ,     PRECINCT 4-43,"Permanent Polling Location
FIRE STATION 58
10801 WHITTIER
DETROIT MI 48224

Handicap Accessable:
Y
","Temporary Polling Location




Handicap Accessable: 
"
WAYNE COUNTY,DETROIT CITY ,     PRECINCT 4-44,"Permanent Polling Location
HEILMANN RECREATION
19601 CRUSADE
DETROIT MI 48205

Handicap Accessable:
Y
","Temporary Polling Location




Handicap Accessable: 
"
WAYNE COUNTY,DETROIT CITY ,     PRECINCT 4-45,"Permanent Polling Location
HEILMANN RECREATION
19601 CRUSADE
DETROIT MI 48205

Handicap Accessable:
Y
","Temporary Polling Location




Handicap Accessable: 
"
WAYNE COUNTY,DETROIT CITY ,     PRECINCT 4-46,"Permanent Polling Location
METRO HUMAN SERVICES
13560 E MCNICHOLS
DETROIT MI 48205

Handicap Accessable:
Y
","Temporary Polling Location




Handicap Accessable: 
"
WAYNE COUNTY,DETROIT CITY ,     PRECINCT 4-47,"Permanent Polling Location
JESUS TABERNACLE MIN
11001 CHALMERS
DETROIT MI 48213

Handicap Accessable:
Y
","Temporary Polling Location




Handicap Accessable: 
"
WAYNE COUNTY,DETROIT CITY ,     PRECINCT 4-49,"Permanent Polling Location
METRO HUMAN SERVICES
13560 E MCNICHOLS
DETROIT MI 48205

Handicap Accessable:
Y
","Temporary Polling Location




Handicap Accessable: 
"
WAYNE COUNTY,DETROIT CITY ,     PRECINCT 4-50,"Permanent Polling Location
BREWER ACADEMY
18025 BROCK
DETROIT MI 48205

Handicap Accessable:
Y
","Temporary Polling Location




Handicap Accessable: 
"
WAYNE COUNTY,DETROIT CITY ,     PRECINCT 4-51,"Permanent Polling Location
RONALD BROWN ACADEMY
11530 E. OUTER DRIVE
DETROIT MI 48224

Handicap Accessable:
Y
","Temporary Polling Location




Handicap Accessable: 
"
WAYNE COUNTY,DETROIT CITY ,     PRECINCT 4-52,"Permanent Polling Location
WAYNE SCHOOL
10633 COURVILLE
DETROIT MI 48224

Handicap Accessable:
Y
","Temporary Polling Location




Handicap Accessable: 
"
WAYNE COUNTY,DETROIT CITY ,     PRECINCT 4-53,"Permanent Polling Location
BREWER ACADEMY
18025 BROCK
DETROIT MI 48205

Handicap Accessable:
Y
","Temporary Polling Location




Handicap Accessable: 
"
WAYNE COUNTY,DETROIT CITY ,     PRECINCT 4-55,"Permanent Polling Location
E. ENGLISH VILL PREP
5020 CADIEUX
DETROIT MI 48224

Handicap Accessable:
Y
","Temporary Polling Location




Handicap Accessable: 
"
WAYNE COUNTY,DETROIT CITY ,     PRECINCT 4-56,"Permanent Polling Location
FAITH CLINIC COGIC
12260 CAMDEN
DETROIT MI 48213

Handicap Accessable:
Y
","Temporary Polling Location




Handicap Accessable: 
"
WAYNE COUNTY,DETROIT CITY ,     PRECINCT 3-59,"Permanent Polling Location
METRO UNITED METH
8000 WOODWARD
DETROIT MI 48202

Handicap Accessable:
Y
","Temporary Polling Location




Handicap Accessable: 
"
WAYNE COUNTY,DETROIT CITY ,     PRECINCT 7-60,"Permanent Polling Location
NOBLE SCHOOL
8646 FULLERTON
DETROIT MI 48238

Handicap Accessable:
Y
","Temporary Polling Location




Handicap Accessable: 
"
WAYNE COUNTY,DETROIT CITY ,     PRECINCT 3-61,"Permanent Polling Location
FARWELL REC CENTER
2711 E. OUTER DRIVE
DETROIT MI 48234

Handicap Accessable:
N
","Temporary Polling Location




Handicap Accessable: 
"
WAYNE COUNTY,DETROIT CITY ,     PRECINCT 3-62,"Permanent Polling Location
SAY DETROIT PLAY CENTER
19320 VAN DYKE AVE
DETROIT  MI 48234

Handicap Accessable:
N
","Temporary Polling Location




Handicap Accessable: 
"
WAYNE COUNTY,DETROIT CITY ,     PRECINCT 3-64,"Permanent Polling Location
OUR LADY QN OF HEAVEN
8200 ROLYAT
DETROIT MI 48234

Handicap Accessable:
Y
","Temporary Polling Location




Handicap Accessable: 
"
WAYNE COUNTY,DETROIT CITY ,     PRECINCT 3-65,"Permanent Polling Location
OUR LADY QN OF HEAVEN
8200 ROLYAT
DETROIT MI 48234

Handicap Accessable:
Y
","Temporary Polling Location




Handicap Accessable: 
"
WAYNE COUNTY,DETROIT CITY ,     PRECINCT 3-66,"Permanent Polling Location
BREWER ACADEMY
18025 BROCK
DETROIT MI 48205

Handicap Accessable:
Y
","Temporary Polling Location




Handicap Accessable: 
"
WAYNE COUNTY,DETROIT CITY ,     PRECINCT 3-68,"Permanent Polling Location
OSBORN HIGH SCHOOL
11600 E. SEVEN MILE RD.
DETROIT MI 48205

Handicap Accessable:
Y
","Temporary Polling Location




Handicap Accessable: 
"
WAYNE COUNTY,DETROIT CITY ,     PRECINCT 6-69,"Permanent Polling Location
DETROIT LIONS ACADEMY
2001 W. WARREN AVE
DETROIT MI 48208

Handicap Accessable:
Y
","Temporary Polling Location




Handicap Accessable: 
"
WAYNE COUNTY,DETROIT CITY ,     PRECINCT 3-70,"Permanent Polling Location
OSBORN HIGH SCHOOL
11600 E. SEVEN MILE RD.
DETROIT MI 48205

Handicap Accessable:
Y
","Temporary Polling Location




Handicap Accessable: 
"
WAYNE COUNTY,DETROIT CITY ,     PRECINCT 3-71,"Permanent Polling Location
GALILEE MBC
5251 E. OUTER DRIVE
DETROIT MI 48234

Handicap Accessable:
Y
","Temporary Polling Location




Handicap Accessable: 
"
WAYNE COUNTY,DETROIT CITY ,     PRECINCT 3-72,"Permanent Polling Location
GALILEE MBC
5251 E. OUTER DRIVE
DETROIT MI 48234

Handicap Accessable:
Y
","Temporary Polling Location




Handicap Accessable: 
"
WAYNE COUNTY,DETROIT CITY ,     PRECINCT 3-73,"Permanent Polling Location
GALILEE MBC
5251 E. OUTER DRIVE
DETROIT MI 48234

Handicap Accessable:
Y
","Temporary Polling Location




Handicap Accessable: 
"
WAYNE COUNTY,DETROIT CITY ,     PRECINCT 3-74,"Permanent Polling Location
FISHER MAGNET LOWER
15510 E. STATE FAIR
DETROIT MI 48205

Handicap Accessable:
Y
","Temporary Polling Location




Handicap Accessable: 
"
WAYNE COUNTY,DETROIT CITY ,     PRECINCT 3-75,"Permanent Polling Location
OSBORN HIGH SCHOOL
11600 E. SEVEN MILE RD.
DETROIT MI 48205

Handicap Accessable:
Y
","Temporary Polling Location




Handicap Accessable: 
"
WAYNE COUNTY,DETROIT CITY ,     PRECINCT 3-77,"Permanent Polling Location
METRO HUMAN SERVICES
13560 E MCNICHOLS
DETROIT MI 48205

Handicap Accessable:
Y
","Temporary Polling Location




Handicap Accessable: 
"
WAYNE COUNTY,DETROIT CITY ,     PRECINCT 3-78,"Permanent Polling Location
FISHER MAGNET LOWER
15510 E. STATE FAIR
DETROIT MI 48205

Handicap Accessable:
Y
","Temporary Polling Location




Handicap Accessable: 
"
WAYNE COUNTY,DETROIT CITY ,     PRECINCT 3-79,"Permanent Polling Location
GREATER ST. PAUL
15325 GRATIOT
DETROIT MI 48205

Handicap Accessable:
Y
","Temporary Polling Location




Handicap Accessable: 
"
WAYNE COUNTY,DETROIT CITY ,     PRECINCT 3-80,"Permanent Polling Location
FISHER MAGNET LOWER
15510 E. STATE FAIR
DETROIT MI 48205

Handicap Accessable:
Y
","Temporary Polling Location




Handicap Accessable: 
"
WAYNE COUNTY,DETROIT CITY ,     PRECINCT 3-81,"Permanent Polling Location
GREATER ST. PAUL
15325 GRATIOT
DETROIT MI 48205

Handicap Accessable:
Y
","Temporary Polling Location




Handicap Accessable: 
"
WAYNE COUNTY,DETROIT CITY ,     PRECINCT 3-82,"Permanent Polling Location
HEILMANN RECREATION
19601 CRUSADE
DETROIT MI 48205

Handicap Accessable:
Y
","Temporary Polling Location




Handicap Accessable: 
"
WAYNE COUNTY,DETROIT CITY ,     PRECINCT 3-83,"Permanent Polling Location
HEILMANN RECREATION
19601 CRUSADE
DETROIT MI 48205

Handicap Accessable:
Y
","Temporary Polling Location




Handicap Accessable: 
"
WAYNE COUNTY,DETROIT CITY ,     PRECINCT 3-84,"Permanent Polling Location
FISHER MAGNET LOWER
15510 E. STATE FAIR
DETROIT MI 48205

Handicap Accessable:
Y
","Temporary Polling Location




Handicap Accessable: 
"
WAYNE COUNTY,DETROIT CITY ,     PRECINCT 3-85,"Permanent Polling Location
FISHER MAGNET LOWER
15510 E. STATE FAIR
DETROIT MI 48205

Handicap Accessable:
Y
","Temporary Polling Location




Handicap Accessable: 
"
WAYNE COUNTY,DETROIT CITY ,     PRECINCT 3-86,"Permanent Polling Location
MARION LAW ACADEMY
19411 CLIFF AVENUE
DETROIT MI 48234

Handicap Accessable:
Y
","Temporary Polling Location




Handicap Accessable: 
"
WAYNE COUNTY,DETROIT CITY ,     PRECINCT 3-88,"Permanent Polling Location
OUR LADY QN OF HEAVEN
8200 ROLYAT
DETROIT MI 48234

Handicap Accessable:
Y
","Temporary Polling Location




Handicap Accessable: 
"
WAYNE COUNTY,DETROIT CITY ,     PRECINCT 3-89,"Permanent Polling Location
FAITH TEMPLE CHURCH
19000 CONANT
DETROIT MI 48234

Handicap Accessable:
Y
","Temporary Polling Location




Handicap Accessable: 
"
WAYNE COUNTY,DETROIT CITY ,     PRECINCT 3-90,"Permanent Polling Location
HOLMES A L ELEM SCH
8950 CRANE ST
DETROIT MI 48213

Handicap Accessable:
Y
","Temporary Polling Location




Handicap Accessable: 
"
WAYNE COUNTY,DETROIT CITY ,     PRECINCT 3-91,"Permanent Polling Location
ISLAMIC CENTER FOR NORTH DETROIT HALL
12605 MCDOUGALL
DETROIT MI 48212

Handicap Accessable:
Y
","Temporary Polling Location




Handicap Accessable: 
"
WAYNE COUNTY,DETROIT CITY ,     PRECINCT 3-92,"Permanent Polling Location
LASKY REC. CTR
13200 FENELON
DETROIT MI 48212

Handicap Accessable:
N
","Temporary Polling Location




Handicap Accessable: 
"
WAYNE COUNTY,DETROIT CITY ,     PRECINCT 3-93,"Permanent Polling Location
FRONTIER INTERNATIONAL ACADEMY
13200 CONANT
DETROIT MI 48212

Handicap Accessable:
Y
","Temporary Polling Location




Handicap Accessable: 
"
WAYNE COUNTY,DETROIT CITY ,     PRECINCT 3-94,"Permanent Polling Location
LASKY REC. CTR
13200 FENELON
DETROIT MI 48212

Handicap Accessable:
N
","Temporary Polling Location




Handicap Accessable: 
"
WAYNE COUNTY,DETROIT CITY ,     PRECINCT 3-95,"Permanent Polling Location
LASKY REC. CTR
13200 FENELON
DETROIT MI 48212

Handicap Accessable:
N
","Temporary Polling Location




Handicap Accessable: 
"
WAYNE COUNTY,DETROIT CITY ,     PRECINCT 3-97,"Permanent Polling Location
BETHEL BAPT CH EAST
5733 HOLCOMB
DETROIT MI 48213

Handicap Accessable:
Y
","Temporary Polling Location




Handicap Accessable: 
"
WAYNE COUNTY,DETROIT CITY ,     PRECINCT 3-98,"Permanent Polling Location
BETHEL BAPT CH EAST
5733 HOLCOMB
DETROIT MI 48213

Handicap Accessable:
Y
","Temporary Polling Location




Handicap Accessable: 
"
WAYNE COUNTY,DETROIT CITY ,     PRECINCT 3-100,"Permanent Polling Location
BETHEL BAPT CH EAST
5733 HOLCOMB
DETROIT MI 48213

Handicap Accessable:
Y
","Temporary Polling Location




Handicap Accessable: 
"
WAYNE COUNTY,DETROIT CITY ,     PRECINCT 4-101,"Permanent Polling Location
BETHEL BAPT CH EAST
5733 HOLCOMB
DETROIT MI 48213

Handicap Accessable:
Y
","Temporary Polling Location




Handicap Accessable: 
"
WAYNE COUNTY,DETROIT CITY ,     PRECINCT 3-102,"Permanent Polling Location
FIRE STATION 46
10101 KNODELL ST
DETROIT MI 48213

Handicap Accessable:
N
","Temporary Polling Location




Handicap Accessable: 
"
WAYNE COUNTY,DETROIT CITY ,     PRECINCT 4-103,"Permanent Polling Location
HOLMES A L ELEM SCH
8950 CRANE ST
DETROIT MI 48213

Handicap Accessable:
Y
","Temporary Polling Location




Handicap Accessable: 
"
WAYNE COUNTY,DETROIT CITY ,     PRECINCT 4-105,"Permanent Polling Location
METRO HUMAN SERVICES
13560 E MCNICHOLS
DETROIT MI 48205

Handicap Accessable:
Y
","Temporary Polling Location




Handicap Accessable: 
"
WAYNE COUNTY,DETROIT CITY ,     PRECINCT 3-107,"Permanent Polling Location
HOLMES A L ELEM SCH
8950 CRANE ST
DETROIT MI 48213

Handicap Accessable:
Y
","Temporary Polling Location




Handicap Accessable: 
"
WAYNE COUNTY,DETROIT CITY ,     PRECINCT 4-111,"Permanent Polling Location
BETHEL BAPT CH EAST
5733 HOLCOMB
DETROIT MI 48213

Handicap Accessable:
Y
","Temporary Polling Location




Handicap Accessable: 
"
WAYNE COUNTY,DETROIT CITY ,     PRECINCT 4-112,"Permanent Polling Location
BURNS 7TH DAY ADVEN
10125 E. WARREN
DETROIT MI 48214

Handicap Accessable:
Y
","Temporary Polling Location




Handicap Accessable: 
"
WAYNE COUNTY,DETROIT CITY ,     PRECINCT 4-115,"Permanent Polling Location
BURNS 7TH DAY ADVEN
10125 E. WARREN
DETROIT MI 48214

Handicap Accessable:
Y
","Temporary Polling Location




Handicap Accessable: 
"
WAYNE COUNTY,DETROIT CITY ,     PRECINCT 4-116,"Permanent Polling Location
BETHEL BAPT CH EAST
5733 HOLCOMB
DETROIT MI 48213

Handicap Accessable:
Y
","Temporary Polling Location




Handicap Accessable: 
"
WAYNE COUNTY,DETROIT CITY ,     PRECINCT 5-120,"Permanent Polling Location
MT ZION MISS BAPT CH
3600 VAN DYKE
DETROIT MI 48214

Handicap Accessable:
Y
","Temporary Polling Location




Handicap Accessable: 
"
WAYNE COUNTY,DETROIT CITY ,     PRECINCT 3-121,"Permanent Polling Location
BURNS 7TH DAY ADVEN
10125 E. WARREN
DETROIT MI 48214

Handicap Accessable:
Y
","Temporary Polling Location




Handicap Accessable: 
"
WAYNE COUNTY,DETROIT CITY ,     PRECINCT 5-122,"Permanent Polling Location
GREATER CHRIST CH.
3544 IROQUOIS
DETROIT MI 48214

Handicap Accessable:
Y
","Temporary Polling Location




Handicap Accessable: 
"
WAYNE COUNTY,DETROIT CITY ,     PRECINCT 5-123,"Permanent Polling Location
CHRYSLER SCHOOL
1445 E. LAFAYETTE
DETROIT MI 48207

Handicap Accessable:
Y
","Temporary Polling Location




Handicap Accessable: 
"
WAYNE COUNTY,DETROIT CITY ,     PRECINCT 5-124,"Permanent Polling Location
HORATIOWILLIAMS FOUNDATION
1010 ANTIETAM
DETROIT MI 48207

Handicap Accessable:
Y
","Temporary Polling Location




Handicap Accessable: 
"
WAYNE COUNTY,DETROIT CITY ,     PRECINCT 5-125,"Permanent Polling Location
BUNCHE PREPARATORY ACADEMY
2715 MACOMB STREET
DETROIT MI 48207

Handicap Accessable:
Y
","Temporary Polling Location




Handicap Accessable: 
"
WAYNE COUNTY,DETROIT CITY ,     PRECINCT 5-126,"Permanent Polling Location
ST JOHNS PRES CH
1961 E. LAFAYETTE
DETROIT MI 48207

Handicap Accessable:
Y
","Temporary Polling Location




Handicap Accessable: 
"
WAYNE COUNTY,DETROIT CITY ,     PRECINCT 5-128,"Permanent Polling Location
FRANKLIN WRIGHT CTR.
3360 CHARLEVOIX
DETROIT MI 48207

Handicap Accessable:
Y
","Temporary Polling Location




Handicap Accessable: 
"
WAYNE COUNTY,DETROIT CITY ,     PRECINCT 5-129,"Permanent Polling Location
KING H S
3200 E. LAFAYETTE
DETROIT MI 48207

Handicap Accessable:
Y
","Temporary Polling Location




Handicap Accessable: 
"
WAYNE COUNTY,DETROIT CITY ,     PRECINCT 5-130,"Permanent Polling Location
MAR. GARVEY ACADEMY
2301 VAN DYKE ST. 
DETROIT MI 48214

Handicap Accessable:
Y
","Temporary Polling Location




Handicap Accessable: 
"
WAYNE COUNTY,DETROIT CITY ,     PRECINCT 5-132,"Permanent Polling Location
MAR. GARVEY ACADEMY
2301 VAN DYKE ST. 
DETROIT MI 48214

Handicap Accessable:
Y
","Temporary Polling Location




Handicap Accessable: 
"
WAYNE COUNTY,DETROIT CITY ,     PRECINCT 5-133,"Permanent Polling Location
MAR. GARVEY ACADEMY
2301 VAN DYKE ST. 
DETROIT MI 48214

Handicap Accessable:
Y
","Temporary Polling Location




Handicap Accessable: 
"
WAYNE COUNTY,DETROIT CITY ,     PRECINCT 5-134,"Permanent Polling Location
MAR. GARVEY ACADEMY
2301 VAN DYKE ST. 
DETROIT MI 48214

Handicap Accessable:
Y
","Temporary Polling Location




Handicap Accessable: 
"
WAYNE COUNTY,DETROIT CITY ,     PRECINCT 4-135,"Permanent Polling Location
RIVER HOUSE APTS.
8900 E. JEFFERSON
DETROIT MI 48214

Handicap Accessable:
Y
","Temporary Polling Location




Handicap Accessable: 
"
WAYNE COUNTY,DETROIT CITY ,     PRECINCT 5-136,"Permanent Polling Location
BETHEL AME CH HALL
5050 ST. ANTOINE
DETROIT MI 48202

Handicap Accessable:
Y
","Temporary Polling Location




Handicap Accessable: 
"
WAYNE COUNTY,DETROIT CITY ,     PRECINCT 5-137,"Permanent Polling Location
PLYMOUTH UNITED CHURCH OF CHRIST
600 E. WARREN AVE
DETROIT MI 48201

Handicap Accessable:
Y
","Temporary Polling Location




Handicap Accessable: 
"
WAYNE COUNTY,DETROIT CITY ,     PRECINCT 5-138,"Permanent Polling Location
CASS TECHNICAL HIGH SCHOOL
2501 SECOND
DETROIT MI 48201

Handicap Accessable:
Y
","Temporary Polling Location




Handicap Accessable: 
"
WAYNE COUNTY,DETROIT CITY ,     PRECINCT 5-139,"Permanent Polling Location
SPAIN SCHOOL
3700 BEAUBIEN
DETROIT MI 48201

Handicap Accessable:
Y
","Temporary Polling Location




Handicap Accessable: 
"
WAYNE COUNTY,DETROIT CITY ,     PRECINCT 5-140,"Permanent Polling Location
PLYMOUTH UNITED CHURCH OF CHRIST
600 E. WARREN AVE
DETROIT MI 48201

Handicap Accessable:
Y
","Temporary Polling Location




Handicap Accessable: 
"
WAYNE COUNTY,DETROIT CITY ,     PRECINCT 6-143,"Permanent Polling Location
DOUGLASS LIBRARY
3666 GRAND RIVER
DETROIT MI 48208

Handicap Accessable:
Y
","Temporary Polling Location




Handicap Accessable: 
"
WAYNE COUNTY,DETROIT CITY ,     PRECINCT 6-144,"Permanent Polling Location
WCCCD DOWNTOWN CAMPUS
1001 WEST FORT STREET
DETROIT MI 48226

Handicap Accessable:
Y
","Temporary Polling Location




Handicap Accessable: 
"
WAYNE COUNTY,DETROIT CITY ,     PRECINCT 6-145,"Permanent Polling Location
CENTRAL UNITED METH
23 E. ADAMS
DETROIT MI 48226

Handicap Accessable:
Y
","Temporary Polling Location




Handicap Accessable: 
"
WAYNE COUNTY,DETROIT CITY ,     PRECINCT 6-146,"Permanent Polling Location
CASS TECHNICAL HIGH SCHOOL
2501 SECOND
DETROIT MI 48201

Handicap Accessable:
Y
","Temporary Polling Location




Handicap Accessable: 
"
WAYNE COUNTY,DETROIT CITY ,     PRECINCT 5-147,"Permanent Polling Location
WAYNE STATE LAW SCHOOL
471 WEST PALMER
DETROIT MI 48202

Handicap Accessable:
Y
","Temporary Polling Location




Handicap Accessable: 
"
WAYNE COUNTY,DETROIT CITY ,     PRECINCT 6-148,"Permanent Polling Location
DETROIT SCHOOL OF ARTS
123 SELDEN
DETROIT MI 48201

Handicap Accessable:
Y
","Temporary Polling Location




Handicap Accessable: 
"
WAYNE COUNTY,DETROIT CITY ,     PRECINCT 6-150,"Permanent Polling Location
DETROIT SCHOOL OF ARTS
123 SELDEN
DETROIT MI 48201

Handicap Accessable:
Y
","Temporary Polling Location




Handicap Accessable: 
"
WAYNE COUNTY,DETROIT CITY ,     PRECINCT 6-151,"Permanent Polling Location
CASS TECHNICAL HIGH SCHOOL
2501 SECOND
DETROIT MI 48201

Handicap Accessable:
Y
","Temporary Polling Location




Handicap Accessable: 
"
WAYNE COUNTY,DETROIT CITY ,     PRECINCT 5-156,"Permanent Polling Location
ST JOHNS PRES CH
1961 E. LAFAYETTE
DETROIT MI 48207

Handicap Accessable:
Y
","Temporary Polling Location




Handicap Accessable: 
"
WAYNE COUNTY,DETROIT CITY ,     PRECINCT 6-157,"Permanent Polling Location
CENTRAL UNITED METH
23 E. ADAMS
DETROIT MI 48226

Handicap Accessable:
Y
","Temporary Polling Location




Handicap Accessable: 
"
WAYNE COUNTY,DETROIT CITY ,     PRECINCT 5-158,"Permanent Polling Location
GRACE EPISCOPAL CH
1926 VIRGINIA PARK
DETROIT MI 48206

Handicap Accessable:
Y
","Temporary Polling Location




Handicap Accessable: 
"
WAYNE COUNTY,DETROIT CITY ,     PRECINCT 5-159,"Permanent Polling Location
FREDERICK DOUGLASS ACADEMY
9026 WOODWARD
DETROIT MI 48202

Handicap Accessable:
N
","Temporary Polling Location




Handicap Accessable: 
"
WAYNE COUNTY,DETROIT CITY ,     PRECINCT 5-161,"Permanent Polling Location
CONSIDINE LITTLE ROCK
8904 WOODWARD
DETROIT MI 48202

Handicap Accessable:
Y
","Temporary Polling Location




Handicap Accessable: 
"
WAYNE COUNTY,DETROIT CITY ,     PRECINCT 5-162,"Permanent Polling Location
GRACE EPISCOPAL CH
1926 VIRGINIA PARK
DETROIT MI 48206

Handicap Accessable:
Y
","Temporary Polling Location




Handicap Accessable: 
"
WAYNE COUNTY,DETROIT CITY ,     PRECINCT 5-164,"Permanent Polling Location
FIRE STATION 17
6100 SECOND
DETROIT MI 48202

Handicap Accessable:
Y
","Temporary Polling Location




Handicap Accessable: 
"
WAYNE COUNTY,DETROIT CITY ,     PRECINCT 5-165,"Permanent Polling Location
WILLIAMS REC CTR
8431 ROSA PARKS BLVD.
DETROIT MI 48206

Handicap Accessable:
Y
","Temporary Polling Location




Handicap Accessable: 
"
WAYNE COUNTY,DETROIT CITY ,     PRECINCT 7-166,"Permanent Polling Location
ADAM BUTZEL REC CENTER
10500 LYNDON
DETROIT MI 48235

Handicap Accessable:
Y
","Temporary Polling Location




Handicap Accessable: 
"
WAYNE COUNTY,DETROIT CITY ,     PRECINCT 5-167,"Permanent Polling Location
METRO UNITED METH
8000 WOODWARD
DETROIT MI 48202

Handicap Accessable:
Y
","Temporary Polling Location




Handicap Accessable: 
"
WAYNE COUNTY,DETROIT CITY ,     PRECINCT 5-168,"Permanent Polling Location
CONSIDINE LITTLE ROCK
8904 WOODWARD
DETROIT MI 48202

Handicap Accessable:
Y
","Temporary Polling Location




Handicap Accessable: 
"
WAYNE COUNTY,DETROIT CITY ,     PRECINCT 5-169,"Permanent Polling Location
FREDERICK DOUGLASS ACADEMY
9026 WOODWARD
DETROIT MI 48202

Handicap Accessable:
N
","Temporary Polling Location




Handicap Accessable: 
"
WAYNE COUNTY,DETROIT CITY ,     PRECINCT 3-172,"Permanent Polling Location
NOLAN SCHOOL
1150 E. LANTZ
DETROIT MI 48203

Handicap Accessable:
Y
","Temporary Polling Location




Handicap Accessable: 
"
WAYNE COUNTY,DETROIT CITY ,     PRECINCT 3-173,"Permanent Polling Location
PERSHING SCHOOL
18875 RYAN RD.
DETROIT MI 48234

Handicap Accessable:
Y
","Temporary Polling Location




Handicap Accessable: 
"
WAYNE COUNTY,DETROIT CITY ,     PRECINCT 3-174,"Permanent Polling Location
FAITH TEMPLE CHURCH
19000 CONANT
DETROIT MI 48234

Handicap Accessable:
Y
","Temporary Polling Location




Handicap Accessable: 
"
WAYNE COUNTY,DETROIT CITY ,     PRECINCT 3-175,"Permanent Polling Location
PERSHING SCHOOL
18875 RYAN RD.
DETROIT MI 48234

Handicap Accessable:
Y
","Temporary Polling Location




Handicap Accessable: 
"
WAYNE COUNTY,DETROIT CITY ,     PRECINCT 3-176,"Permanent Polling Location
PERSHING SCHOOL
18875 RYAN RD.
DETROIT MI 48234

Handicap Accessable:
Y
","Temporary Polling Location




Handicap Accessable: 
"
WAYNE COUNTY,DETROIT CITY ,     PRECINCT 3-177,"Permanent Polling Location
MASON ELEM SCHOOL
19955 FENELON
DETROIT MI 48234

Handicap Accessable:
Y
","Temporary Polling Location




Handicap Accessable: 
"
WAYNE COUNTY,DETROIT CITY ,     PRECINCT 3-178,"Permanent Polling Location
NOLAN SCHOOL
1150 E. LANTZ
DETROIT MI 48203

Handicap Accessable:
Y
","Temporary Polling Location




Handicap Accessable: 
"
WAYNE COUNTY,DETROIT CITY ,     PRECINCT 3-180,"Permanent Polling Location
PERSHING SCHOOL
18875 RYAN RD.
DETROIT MI 48234

Handicap Accessable:
Y
","Temporary Polling Location




Handicap Accessable: 
"
WAYNE COUNTY,DETROIT CITY ,     PRECINCT 3-182,"Permanent Polling Location
CONANT AVE UNITED ME
18600 CONANT STREET
DETROIT MI 48234

Handicap Accessable:
Y
","Temporary Polling Location




Handicap Accessable: 
"
WAYNE COUNTY,DETROIT CITY ,     PRECINCT 3-183,"Permanent Polling Location
CHOSEN GEN WLB HALL
2326 E. SEVEN MILE RD.
DETROIT MI 48234

Handicap Accessable:
Y
","Temporary Polling Location




Handicap Accessable: 
"
WAYNE COUNTY,DETROIT CITY ,     PRECINCT 3-184,"Permanent Polling Location
FIRE STATION 44
35 W. SEVEN MILE RD.
DETROIT MI 48203

Handicap Accessable:
Y
","Temporary Polling Location




Handicap Accessable: 
"
WAYNE COUNTY,DETROIT CITY ,     PRECINCT 3-185,"Permanent Polling Location
NOLAN SCHOOL
1150 E. LANTZ
DETROIT MI 48203

Handicap Accessable:
Y
","Temporary Polling Location




Handicap Accessable: 
"
WAYNE COUNTY,DETROIT CITY ,     PRECINCT 3-188,"Permanent Polling Location
CONANT AVE UNITED ME
18600 CONANT STREET
DETROIT MI 48234

Handicap Accessable:
Y
","Temporary Polling Location




Handicap Accessable: 
"
WAYNE COUNTY,DETROIT CITY ,     PRECINCT 3-189,"Permanent Polling Location
NOLAN SCHOOL
1150 E. LANTZ
DETROIT MI 48203

Handicap Accessable:
Y
","Temporary Polling Location




Handicap Accessable: 
"
WAYNE COUNTY,DETROIT CITY ,     PRECINCT 3-190,"Permanent Polling Location
CHOSEN GEN WLB HALL
2326 E. SEVEN MILE RD.
DETROIT MI 48234

Handicap Accessable:
Y
","Temporary Polling Location




Handicap Accessable: 
"
WAYNE COUNTY,DETROIT CITY ,     PRECINCT 3-191,"Permanent Polling Location
MASON ELEM SCHOOL
19955 FENELON
DETROIT MI 48234

Handicap Accessable:
Y
","Temporary Polling Location




Handicap Accessable: 
"
WAYNE COUNTY,DETROIT CITY ,     PRECINCT 3-192,"Permanent Polling Location
MASON ELEM SCHOOL
19955 FENELON
DETROIT MI 48234

Handicap Accessable:
Y
","Temporary Polling Location




Handicap Accessable: 
"
WAYNE COUNTY,DETROIT CITY ,     PRECINCT 3-193,"Permanent Polling Location
FARWELL REC CENTER
2711 E. OUTER DRIVE
DETROIT MI 48234

Handicap Accessable:
N
","Temporary Polling Location




Handicap Accessable: 
"
WAYNE COUNTY,DETROIT CITY ,     PRECINCT 3-194,"Permanent Polling Location
FARWELL REC CENTER
2711 E. OUTER DRIVE
DETROIT MI 48234

Handicap Accessable:
N
","Temporary Polling Location




Handicap Accessable: 
"
WAYNE COUNTY,DETROIT CITY ,     PRECINCT 3-195,"Permanent Polling Location
MASON ELEM SCHOOL
19955 FENELON
DETROIT MI 48234

Handicap Accessable:
Y
","Temporary Polling Location




Handicap Accessable: 
"
WAYNE COUNTY,DETROIT CITY ,     PRECINCT 3-197,"Permanent Polling Location
FRONTIER INTERNATIONAL ACADEMY
13200 CONANT
DETROIT MI 48212

Handicap Accessable:
Y
","Temporary Polling Location




Handicap Accessable: 
"
WAYNE COUNTY,DETROIT CITY ,     PRECINCT 3-198,"Permanent Polling Location
MASON ELEM SCHOOL
19955 FENELON
DETROIT MI 48234

Handicap Accessable:
Y
","Temporary Polling Location




Handicap Accessable: 
"
WAYNE COUNTY,DETROIT CITY ,     PRECINCT 3-199,"Permanent Polling Location
PASTEUR SCHOOL
19811 STOEPEL
DETROIT MI 48221

Handicap Accessable:
Y
","Temporary Polling Location




Handicap Accessable: 
"
WAYNE COUNTY,DETROIT CITY ,     PRECINCT 2-200,"Permanent Polling Location
NEW PROSPECT ANNEX
19940 LIVERNOIS
DETROIT MI 48221

Handicap Accessable:
Y
","Temporary Polling Location




Handicap Accessable: 
"
WAYNE COUNTY,DETROIT CITY ,     PRECINCT 2-201,"Permanent Polling Location
PASTEUR SCHOOL
19811 STOEPEL
DETROIT MI 48221

Handicap Accessable:
Y
","Temporary Polling Location




Handicap Accessable: 
"
WAYNE COUNTY,DETROIT CITY ,     PRECINCT 2-203,"Permanent Polling Location
POLICE PREC 12TH
1441 W. SEVEN MILE
DETROIT MI 48203

Handicap Accessable:
Y
","Temporary Polling Location




Handicap Accessable: 
"
WAYNE COUNTY,DETROIT CITY ,     PRECINCT 2-204,"Permanent Polling Location




Handicap Accessable:

","Temporary Polling Location
WORD OF POWER MINIST
17400 MANDERSON
DETROIT MI 48203

Handicap Accessable: Y
"
WAYNE COUNTY,DETROIT CITY ,     PRECINCT 2-207,"Permanent Polling Location
PALMER PARK PREP ACADEMY
3901 MARGARETA
DETROIT MI 48221

Handicap Accessable:
Y
","Temporary Polling Location




Handicap Accessable: 
"
WAYNE COUNTY,DETROIT CITY ,     PRECINCT 2-208,"Permanent Polling Location
SHERWOOD FOREST PUBLIC LIBRARY
7117 W SEVEN MILE RD
DETROIT MI 48221

Handicap Accessable:
Y
","Temporary Polling Location




Handicap Accessable: 
"
WAYNE COUNTY,DETROIT CITY ,     PRECINCT 2-209,"Permanent Polling Location
BAGLEY SCHOOL
8100 CURTIS
DETROIT MI 48221

Handicap Accessable:
Y
","Temporary Polling Location




Handicap Accessable: 
"
WAYNE COUNTY,DETROIT CITY ,     PRECINCT 2-210,"Permanent Polling Location
GESU SCHOOL
17139 OAK DRIVE
DETROIT MI 48221

Handicap Accessable:
N
","Temporary Polling Location




Handicap Accessable: 
"
WAYNE COUNTY,DETROIT CITY ,     PRECINCT 2-211,"Permanent Polling Location
GESU SCHOOL
17139 OAK DRIVE
DETROIT MI 48221

Handicap Accessable:
N
","Temporary Polling Location




Handicap Accessable: 
"
WAYNE COUNTY,DETROIT CITY ,     PRECINCT 5-212,"Permanent Polling Location
THURGOOD MARSHALL
15531 LINWOOD ST.
DETROIT MI 48238

Handicap Accessable:
Y
","Temporary Polling Location




Handicap Accessable: 
"
WAYNE COUNTY,DETROIT CITY ,     PRECINCT 5-215,"Permanent Polling Location
FLOWERY MT BAPTIST
13616 LINWOOD
DETROIT MI 48238

Handicap Accessable:
Y
","Temporary Polling Location




Handicap Accessable: 
"
WAYNE COUNTY,DETROIT CITY ,     PRECINCT 5-216,"Permanent Polling Location
HOUSE OF PRAYER
16520 WYOMING
DETROIT MI 48221

Handicap Accessable:
Y
","Temporary Polling Location




Handicap Accessable: 
"
WAYNE COUNTY,DETROIT CITY ,     PRECINCT 5-217,"Permanent Polling Location
DEXTER AVE  BPT CTR
3350 W. DAVISON
DETROIT MI 48238

Handicap Accessable:
Y
","Temporary Polling Location




Handicap Accessable: 
"
WAYNE COUNTY,DETROIT CITY ,     PRECINCT 5-218,"Permanent Polling Location
DEXTER AVE  BPT CTR
3350 W. DAVISON
DETROIT MI 48238

Handicap Accessable:
Y
","Temporary Polling Location




Handicap Accessable: 
"
WAYNE COUNTY,DETROIT CITY ,     PRECINCT 5-219,"Permanent Polling Location
GRACE TEMPLE COGIC
12521 DEXTER BLVD
DETROIT MI 48206

Handicap Accessable:
Y
","Temporary Polling Location




Handicap Accessable: 
"
WAYNE COUNTY,DETROIT CITY ,     PRECINCT 5-220,"Permanent Polling Location
NEW MT ZION MBC
2201 ELMHURST
DETROIT MI 48206

Handicap Accessable:
Y
","Temporary Polling Location




Handicap Accessable: 
"
WAYNE COUNTY,DETROIT CITY ,     PRECINCT 2-221,"Permanent Polling Location
NEW PROSPECT ANNEX
19940 LIVERNOIS
DETROIT MI 48221

Handicap Accessable:
Y
","Temporary Polling Location




Handicap Accessable: 
"
WAYNE COUNTY,DETROIT CITY ,     PRECINCT 2-222,"Permanent Polling Location
BATES ACADEMY
19701 WYOMING
DETROIT MI 48221

Handicap Accessable:
Y
","Temporary Polling Location




Handicap Accessable: 
"
WAYNE COUNTY,DETROIT CITY ,     PRECINCT 2-223,"Permanent Polling Location
BATES ACADEMY
19701 WYOMING
DETROIT MI 48221

Handicap Accessable:
Y
","Temporary Polling Location




Handicap Accessable: 
"
WAYNE COUNTY,DETROIT CITY ,     PRECINCT 2-224,"Permanent Polling Location
NORTHWEST ACT CENTER
18100 MEYERS RD.
DETROIT MI 48235

Handicap Accessable:
Y
","Temporary Polling Location




Handicap Accessable: 
"
WAYNE COUNTY,DETROIT CITY ,     PRECINCT 2-225,"Permanent Polling Location
OAK GROVE AME CHURCH
19801 CHERRYLAWN
DETROIT MI 48221

Handicap Accessable:
N
","Temporary Polling Location




Handicap Accessable: 
"
WAYNE COUNTY,DETROIT CITY ,     PRECINCT 2-226,"Permanent Polling Location
OAK GROVE AME CHURCH
19801 CHERRYLAWN
DETROIT MI 48221

Handicap Accessable:
N
","Temporary Polling Location




Handicap Accessable: 
"
WAYNE COUNTY,DETROIT CITY ,     PRECINCT 2-227,"Permanent Polling Location
THE PROMISE LAND CHURCH
19371 GREENFIELD
DETROIT MI 48235

Handicap Accessable:
Y
","Temporary Polling Location




Handicap Accessable: 
"
WAYNE COUNTY,DETROIT CITY ,     PRECINCT 2-228,"Permanent Polling Location
GRT EMMANUEL
19161 SCHAEFER HWY.
DETROIT MI 48235

Handicap Accessable:
Y
","Temporary Polling Location




Handicap Accessable: 
"
WAYNE COUNTY,DETROIT CITY ,     PRECINCT 2-229,"Permanent Polling Location
GRT EMMANUEL
19161 SCHAEFER HWY.
DETROIT MI 48235

Handicap Accessable:
Y
","Temporary Polling Location




Handicap Accessable: 
"
WAYNE COUNTY,DETROIT CITY ,     PRECINCT 2-230,"Permanent Polling Location
THE PROMISE LAND CHURCH
19371 GREENFIELD
DETROIT MI 48235

Handicap Accessable:
Y
","Temporary Polling Location




Handicap Accessable: 
"
WAYNE COUNTY,DETROIT CITY ,     PRECINCT 2-231,"Permanent Polling Location
RENAISSANCE HIGH SCHOOL
6565 W. OUTER DRIVE
DETROIT MI 48235

Handicap Accessable:
N
","Temporary Polling Location




Handicap Accessable: 
"
WAYNE COUNTY,DETROIT CITY ,     PRECINCT 2-232,"Permanent Polling Location
GRT EMMANUEL
19161 SCHAEFER HWY.
DETROIT MI 48235

Handicap Accessable:
Y
","Temporary Polling Location




Handicap Accessable: 
"
WAYNE COUNTY,DETROIT CITY ,     PRECINCT 2-233,"Permanent Polling Location
GRT EMMANUEL
19161 SCHAEFER HWY.
DETROIT MI 48235

Handicap Accessable:
Y
","Temporary Polling Location




Handicap Accessable: 
"
WAYNE COUNTY,DETROIT CITY ,     PRECINCT 2-234,"Permanent Polling Location
GRT EMMANUEL
19161 SCHAEFER HWY.
DETROIT MI 48235

Handicap Accessable:
Y
","Temporary Polling Location




Handicap Accessable: 
"
WAYNE COUNTY,DETROIT CITY ,     PRECINCT 2-236,"Permanent Polling Location
NORTHWEST ACT CENTER
18100 MEYERS RD.
DETROIT MI 48235

Handicap Accessable:
Y
","Temporary Polling Location




Handicap Accessable: 
"
WAYNE COUNTY,DETROIT CITY ,     PRECINCT 2-238,"Permanent Polling Location
GESU SCHOOL
17139 OAK DRIVE
DETROIT MI 48221

Handicap Accessable:
N
","Temporary Polling Location




Handicap Accessable: 
"
WAYNE COUNTY,DETROIT CITY ,     PRECINCT 2-239,"Permanent Polling Location
MUMFORD HIGH
17525 WYOMING
DETROIT MI 48221

Handicap Accessable:
Y
","Temporary Polling Location




Handicap Accessable: 
"
WAYNE COUNTY,DETROIT CITY ,     PRECINCT 2-240,"Permanent Polling Location
UNITY TEMPLE  FAITH
17376 WYOMING
DETROIT MI 48221

Handicap Accessable:
Y
","Temporary Polling Location




Handicap Accessable: 
"
WAYNE COUNTY,DETROIT CITY ,     PRECINCT 2-241,"Permanent Polling Location
UNITY TEMPLE  FAITH
17376 WYOMING
DETROIT MI 48221

Handicap Accessable:
Y
","Temporary Polling Location




Handicap Accessable: 
"
WAYNE COUNTY,DETROIT CITY ,     PRECINCT 2-242,"Permanent Polling Location
UNITY TEMPLE  FAITH
17376 WYOMING
DETROIT MI 48221

Handicap Accessable:
Y
","Temporary Polling Location




Handicap Accessable: 
"
WAYNE COUNTY,DETROIT CITY ,     PRECINCT 2-243,"Permanent Polling Location
BATES ACADEMY
19701 WYOMING
DETROIT MI 48221

Handicap Accessable:
Y
","Temporary Polling Location




Handicap Accessable: 
"
WAYNE COUNTY,DETROIT CITY ,     PRECINCT 2-244,"Permanent Polling Location
NORTHWEST ACT CENTER
18100 MEYERS RD.
DETROIT MI 48235

Handicap Accessable:
Y
","Temporary Polling Location




Handicap Accessable: 
"
WAYNE COUNTY,DETROIT CITY ,     PRECINCT 2-246,"Permanent Polling Location
GTR. MITCHELL CHURCH
13737 CURTIS
DETROIT MI 48235

Handicap Accessable:
Y
","Temporary Polling Location




Handicap Accessable: 
"
WAYNE COUNTY,DETROIT CITY ,     PRECINCT 2-247,"Permanent Polling Location
RENAISSANCE HIGH SCHOOL
6565 W. OUTER DRIVE
DETROIT MI 48235

Handicap Accessable:
N
","Temporary Polling Location




Handicap Accessable: 
"
WAYNE COUNTY,DETROIT CITY ,     PRECINCT 2-248,"Permanent Polling Location
RANDOLPH CAREER TECH
17101 HUBBELL
DETROIT MI 48235

Handicap Accessable:
Y
","Temporary Polling Location




Handicap Accessable: 
"
WAYNE COUNTY,DETROIT CITY ,     PRECINCT 2-249,"Permanent Polling Location
RANDOLPH CAREER TECH
17101 HUBBELL
DETROIT MI 48235

Handicap Accessable:
Y
","Temporary Polling Location




Handicap Accessable: 
"
WAYNE COUNTY,DETROIT CITY ,     PRECINCT 2-250,"Permanent Polling Location
RANDOLPH CAREER TECH
17101 HUBBELL
DETROIT MI 48235

Handicap Accessable:
Y
","Temporary Polling Location




Handicap Accessable: 
"
WAYNE COUNTY,DETROIT CITY ,     PRECINCT 2-251,"Permanent Polling Location
RENAISSANCE HIGH SCHOOL
6565 W. OUTER DRIVE
DETROIT MI 48235

Handicap Accessable:
N
","Temporary Polling Location




Handicap Accessable: 
"
WAYNE COUNTY,DETROIT CITY ,     PRECINCT 2-252,"Permanent Polling Location
RENAISSANCE HIGH SCHOOL
6565 W. OUTER DRIVE
DETROIT MI 48235

Handicap Accessable:
N
","Temporary Polling Location




Handicap Accessable: 
"
WAYNE COUNTY,DETROIT CITY ,     PRECINCT 2-253,"Permanent Polling Location
RENAISSANCE HIGH SCHOOL
6565 W. OUTER DRIVE
DETROIT MI 48235

Handicap Accessable:
N
","Temporary Polling Location




Handicap Accessable: 
"
WAYNE COUNTY,DETROIT CITY ,     PRECINCT 2-254,"Permanent Polling Location
BETHUNE FITZGERALD SCHOOL
8145 PURITAN
DETROIT MI 48238

Handicap Accessable:
Y
","Temporary Polling Location




Handicap Accessable: 
"
WAYNE COUNTY,DETROIT CITY ,     PRECINCT 2-256,"Permanent Polling Location
MESSIAH BAPTIST CH
8100 W. SEVEN MILE RD.
DETROIT MI 48221

Handicap Accessable:
Y
","Temporary Polling Location




Handicap Accessable: 
"
WAYNE COUNTY,DETROIT CITY ,     PRECINCT 2-257,"Permanent Polling Location
BATES ACADEMY
19701 WYOMING
DETROIT MI 48221

Handicap Accessable:
Y
","Temporary Polling Location




Handicap Accessable: 
"
WAYNE COUNTY,DETROIT CITY ,     PRECINCT 2-258,"Permanent Polling Location
MUMFORD HIGH
17525 WYOMING
DETROIT MI 48221

Handicap Accessable:
Y
","Temporary Polling Location




Handicap Accessable: 
"
WAYNE COUNTY,DETROIT CITY ,     PRECINCT 2-259,"Permanent Polling Location
MUMFORD HIGH
17525 WYOMING
DETROIT MI 48221

Handicap Accessable:
Y
","Temporary Polling Location




Handicap Accessable: 
"
WAYNE COUNTY,DETROIT CITY ,     PRECINCT 2-260,"Permanent Polling Location
MUMFORD HIGH
17525 WYOMING
DETROIT MI 48221

Handicap Accessable:
Y
","Temporary Polling Location




Handicap Accessable: 
"
WAYNE COUNTY,DETROIT CITY ,     PRECINCT 1-261,"Permanent Polling Location
WRIGHT SCHOOL
19299 BERG RD
DETROIT MI 48219

Handicap Accessable:
Y
","Temporary Polling Location




Handicap Accessable: 
"
WAYNE COUNTY,DETROIT CITY ,     PRECINCT 1-263,"Permanent Polling Location
DETROIT SERVICE ACAD
21605 W. SEVEN MILE RD
DETROIT MI 48219

Handicap Accessable:
Y
","Temporary Polling Location




Handicap Accessable: 
"
WAYNE COUNTY,DETROIT CITY ,     PRECINCT 1-264,"Permanent Polling Location
GREATER GRACE TEMPLE
23500 W. SEVEN MILE RD.
DETROIT MI 48219

Handicap Accessable:
Y
","Temporary Polling Location




Handicap Accessable: 
"
WAYNE COUNTY,DETROIT CITY ,     PRECINCT 1-265,"Permanent Polling Location
DETROIT SERVICE ACAD
21605 W. SEVEN MILE RD
DETROIT MI 48219

Handicap Accessable:
Y
","Temporary Polling Location




Handicap Accessable: 
"
WAYNE COUNTY,DETROIT CITY ,     PRECINCT 1-266,"Permanent Polling Location
DETROIT SERVICE ACAD
21605 W. SEVEN MILE RD
DETROIT MI 48219

Handicap Accessable:
Y
","Temporary Polling Location




Handicap Accessable: 
"
WAYNE COUNTY,DETROIT CITY ,     PRECINCT 1-267,"Permanent Polling Location
DETROIT SERVICE ACAD
21605 W. SEVEN MILE RD
DETROIT MI 48219

Handicap Accessable:
Y
","Temporary Polling Location




Handicap Accessable: 
"
WAYNE COUNTY,DETROIT CITY ,     PRECINCT 1-268,"Permanent Polling Location
CROWELL REC CTR
16630 LAHSER
DETROIT MI 48219

Handicap Accessable:
Y
","Temporary Polling Location




Handicap Accessable: 
"
WAYNE COUNTY,DETROIT CITY ,     PRECINCT 1-269,"Permanent Polling Location
CROWELL REC CTR
16630 LAHSER
DETROIT MI 48219

Handicap Accessable:
Y
","Temporary Polling Location




Handicap Accessable: 
"
WAYNE COUNTY,DETROIT CITY ,     PRECINCT 1-271,"Permanent Polling Location
GREATER GRACE TEMPLE
23500 W. SEVEN MILE RD.
DETROIT MI 48219

Handicap Accessable:
Y
","Temporary Polling Location




Handicap Accessable: 
"
WAYNE COUNTY,DETROIT CITY ,     PRECINCT 1-272,"Permanent Polling Location
DETROIT SERVICE ACAD
21605 W. SEVEN MILE RD
DETROIT MI 48219

Handicap Accessable:
Y
","Temporary Polling Location




Handicap Accessable: 
"
WAYNE COUNTY,DETROIT CITY ,     PRECINCT 1-273,"Permanent Polling Location
CROWELL REC CTR
16630 LAHSER
DETROIT MI 48219

Handicap Accessable:
Y
","Temporary Polling Location




Handicap Accessable: 
"
WAYNE COUNTY,DETROIT CITY ,     PRECINCT 1-275,"Permanent Polling Location
HENRY FORD H S
20000 EVERGREEN
DETROIT MI 48219

Handicap Accessable:
Y
","Temporary Polling Location




Handicap Accessable: 
"
WAYNE COUNTY,DETROIT CITY ,     PRECINCT 1-276,"Permanent Polling Location
HENRY FORD H S
20000 EVERGREEN
DETROIT MI 48219

Handicap Accessable:
Y
","Temporary Polling Location




Handicap Accessable: 
"
WAYNE COUNTY,DETROIT CITY ,     PRECINCT 1-278,"Permanent Polling Location
WAYNE CO. COMM COLL.
8200 W. OUTER DRIVE
DETROIT MI 48219

Handicap Accessable:
Y
","Temporary Polling Location




Handicap Accessable: 
"
WAYNE COUNTY,DETROIT CITY ,     PRECINCT 1-279,"Permanent Polling Location
WAYNE CO. COMM COLL.
8200 W. OUTER DRIVE
DETROIT MI 48219

Handicap Accessable:
Y
","Temporary Polling Location




Handicap Accessable: 
"
WAYNE COUNTY,DETROIT CITY ,     PRECINCT 1-280,"Permanent Polling Location
HENRY FORD H S
20000 EVERGREEN
DETROIT MI 48219

Handicap Accessable:
Y
","Temporary Polling Location




Handicap Accessable: 
"
WAYNE COUNTY,DETROIT CITY ,     PRECINCT 1-281,"Permanent Polling Location
HENRY FORD H S
20000 EVERGREEN
DETROIT MI 48219

Handicap Accessable:
Y
","Temporary Polling Location




Handicap Accessable: 
"
WAYNE COUNTY,DETROIT CITY ,     PRECINCT 1-282,"Permanent Polling Location
CALVARY PRESB CH
19125 GREENVIEW
DETROIT MI 48219

Handicap Accessable:
Y
","Temporary Polling Location




Handicap Accessable: 
"
WAYNE COUNTY,DETROIT CITY ,     PRECINCT 1-283,"Permanent Polling Location
WAYNE CO. COMM COLL.
8200 W. OUTER DRIVE
DETROIT MI 48219

Handicap Accessable:
Y
","Temporary Polling Location




Handicap Accessable: 
"
WAYNE COUNTY,DETROIT CITY ,     PRECINCT 1-285,"Permanent Polling Location
ST. SCHOL ACT BLDG
17351 SOUTHFIELD RD.
DETROIT MI 48235

Handicap Accessable:
Y
","Temporary Polling Location




Handicap Accessable: 
"
WAYNE COUNTY,DETROIT CITY ,     PRECINCT 1-286,"Permanent Polling Location
HENRY FORD H S
20000 EVERGREEN
DETROIT MI 48219

Handicap Accessable:
Y
","Temporary Polling Location




Handicap Accessable: 
"
WAYNE COUNTY,DETROIT CITY ,     PRECINCT 1-287,"Permanent Polling Location
CALVARY PRESB CH
19125 GREENVIEW
DETROIT MI 48219

Handicap Accessable:
Y
","Temporary Polling Location




Handicap Accessable: 
"
WAYNE COUNTY,DETROIT CITY ,     PRECINCT 2-288,"Permanent Polling Location
FIRST BAPTIST INSTITUTIONAL CHURCH
17101 W. SEVEN MILE RD
DETROIT MI 48235

Handicap Accessable:
Y
","Temporary Polling Location




Handicap Accessable: 
"
WAYNE COUNTY,DETROIT CITY ,     PRECINCT 2-289,"Permanent Polling Location
CHASE LIBRARY
17731 W. SEVEN MILE RD
DETROIT MI 48235

Handicap Accessable:
Y
","Temporary Polling Location




Handicap Accessable: 
"
WAYNE COUNTY,DETROIT CITY ,     PRECINCT 2-290,"Permanent Polling Location
FIRST BAPTIST INSTITUTIONAL CHURCH
17101 W. SEVEN MILE RD
DETROIT MI 48235

Handicap Accessable:
Y
","Temporary Polling Location




Handicap Accessable: 
"
WAYNE COUNTY,DETROIT CITY ,     PRECINCT 2-291,"Permanent Polling Location
THE PROMISE LAND CHURCH
19371 GREENFIELD
DETROIT MI 48235

Handicap Accessable:
Y
","Temporary Polling Location




Handicap Accessable: 
"
WAYNE COUNTY,DETROIT CITY ,     PRECINCT 2-292,"Permanent Polling Location
THE PROMISE LAND CHURCH
19371 GREENFIELD
DETROIT MI 48235

Handicap Accessable:
Y
","Temporary Polling Location




Handicap Accessable: 
"
WAYNE COUNTY,DETROIT CITY ,     PRECINCT 2-293,"Permanent Polling Location
BOW SCHOOL
19801 PREVOST
DETROIT MI 48235

Handicap Accessable:
Y
","Temporary Polling Location




Handicap Accessable: 
"
WAYNE COUNTY,DETROIT CITY ,     PRECINCT 2-294,"Permanent Polling Location
RENAISSANCE HIGH SCHOOL
6565 W. OUTER DRIVE
DETROIT MI 48235

Handicap Accessable:
N
","Temporary Polling Location




Handicap Accessable: 
"
WAYNE COUNTY,DETROIT CITY ,     PRECINCT 2-295,"Permanent Polling Location
BOW SCHOOL
19801 PREVOST
DETROIT MI 48235

Handicap Accessable:
Y
","Temporary Polling Location




Handicap Accessable: 
"
WAYNE COUNTY,DETROIT CITY ,     PRECINCT 2-296,"Permanent Polling Location
BOW SCHOOL
19801 PREVOST
DETROIT MI 48235

Handicap Accessable:
Y
","Temporary Polling Location




Handicap Accessable: 
"
WAYNE COUNTY,DETROIT CITY ,     PRECINCT 1-297,"Permanent Polling Location
ST. SCHOL ACT BLDG
17351 SOUTHFIELD RD.
DETROIT MI 48235

Handicap Accessable:
Y
","Temporary Polling Location




Handicap Accessable: 
"
WAYNE COUNTY,DETROIT CITY ,     PRECINCT 1-298,"Permanent Polling Location
GREATER GRACE TEMPLE
23500 W. SEVEN MILE RD.
DETROIT MI 48219

Handicap Accessable:
Y
","Temporary Polling Location




Handicap Accessable: 
"
WAYNE COUNTY,DETROIT CITY ,     PRECINCT 1-299,"Permanent Polling Location
COOKE SCHOOL
18800 PURITAN
DETROIT MI 48223

Handicap Accessable:
Y
","Temporary Polling Location




Handicap Accessable: 
"
WAYNE COUNTY,DETROIT CITY ,     PRECINCT 1-300,"Permanent Polling Location
GREATER GRACE TEMPLE
23500 W. SEVEN MILE RD.
DETROIT MI 48219

Handicap Accessable:
Y
","Temporary Polling Location




Handicap Accessable: 
"
WAYNE COUNTY,DETROIT CITY ,     PRECINCT 1-301,"Permanent Polling Location
CROWELL REC CTR
16630 LAHSER
DETROIT MI 48219

Handicap Accessable:
Y
","Temporary Polling Location




Handicap Accessable: 
"
WAYNE COUNTY,DETROIT CITY ,     PRECINCT 1-302,"Permanent Polling Location
CHRIST FELL OF LOVE
22400 GRANDRIVER
DETROIT MI 48219

Handicap Accessable:
Y
","Temporary Polling Location




Handicap Accessable: 
"
WAYNE COUNTY,DETROIT CITY ,     PRECINCT 1-304,"Permanent Polling Location
CROWELL REC CTR
16630 LAHSER
DETROIT MI 48219

Handicap Accessable:
Y
","Temporary Polling Location




Handicap Accessable: 
"
WAYNE COUNTY,DETROIT CITY ,     PRECINCT 1-305,"Permanent Polling Location
FELLOWSHIP CHAPEL
7707 WEST OUTER DRIVE
DETROIT MI 48235

Handicap Accessable:
Y
","Temporary Polling Location




Handicap Accessable: 
"
WAYNE COUNTY,DETROIT CITY ,     PRECINCT 1-306,"Permanent Polling Location
MT VERNON BPT CH
15125 BURT ROAD
DETROIT MI 48223

Handicap Accessable:
Y
","Temporary Polling Location




Handicap Accessable: 
"
WAYNE COUNTY,DETROIT CITY ,     PRECINCT 1-307,"Permanent Polling Location
FELLOWSHIP CHAPEL
7707 WEST OUTER DRIVE
DETROIT MI 48235

Handicap Accessable:
Y
","Temporary Polling Location




Handicap Accessable: 
"
WAYNE COUNTY,DETROIT CITY ,     PRECINCT 1-308,"Permanent Polling Location
N ROSEDALE PK COMM
18445 SCARSDALE
DETROIT MI 48223

Handicap Accessable:
Y
","Temporary Polling Location




Handicap Accessable: 
"
WAYNE COUNTY,DETROIT CITY ,     PRECINCT 1-309,"Permanent Polling Location
COOKE SCHOOL
18800 PURITAN
DETROIT MI 48223

Handicap Accessable:
Y
","Temporary Polling Location




Handicap Accessable: 
"
WAYNE COUNTY,DETROIT CITY ,     PRECINCT 1-310,"Permanent Polling Location
N ROSEDALE PK COMM
18445 SCARSDALE
DETROIT MI 48223

Handicap Accessable:
Y
","Temporary Polling Location




Handicap Accessable: 
"
WAYNE COUNTY,DETROIT CITY ,     PRECINCT 1-311,"Permanent Polling Location
NEW ST PAUL TAB
15340 SOUTHFIELD
DETROIT MI 48223

Handicap Accessable:
Y
","Temporary Polling Location




Handicap Accessable: 
"
WAYNE COUNTY,DETROIT CITY ,     PRECINCT 1-312,"Permanent Polling Location
NEW ST PAUL TAB
15340 SOUTHFIELD
DETROIT MI 48223

Handicap Accessable:
Y
","Temporary Polling Location




Handicap Accessable: 
"
WAYNE COUNTY,DETROIT CITY ,     PRECINCT 2-313,"Permanent Polling Location
ST. SCHOL ACT BLDG
17351 SOUTHFIELD RD.
DETROIT MI 48235

Handicap Accessable:
Y
","Temporary Polling Location




Handicap Accessable: 
"
WAYNE COUNTY,DETROIT CITY ,     PRECINCT 1-315,"Permanent Polling Location
ST. TIMOTHY UNT METH
15888 ARCHDALE
DETROIT MI 48227

Handicap Accessable:
Y
","Temporary Polling Location




Handicap Accessable: 
"
WAYNE COUNTY,DETROIT CITY ,     PRECINCT 1-316,"Permanent Polling Location
ST. TIMOTHY UNT METH
15888 ARCHDALE
DETROIT MI 48227

Handicap Accessable:
Y
","Temporary Polling Location




Handicap Accessable: 
"
WAYNE COUNTY,DETROIT CITY ,     PRECINCT 1-317,"Permanent Polling Location
ST. TIMOTHY UNT METH
15888 ARCHDALE
DETROIT MI 48227

Handicap Accessable:
Y
","Temporary Polling Location




Handicap Accessable: 
"
WAYNE COUNTY,DETROIT CITY ,     PRECINCT 2-318,"Permanent Polling Location
NORTHWEST ACT CENTER
18100 MEYERS RD.
DETROIT MI 48235

Handicap Accessable:
Y
","Temporary Polling Location




Handicap Accessable: 
"
WAYNE COUNTY,DETROIT CITY ,     PRECINCT 1-319,"Permanent Polling Location
BURNS ELEMENTARY SCHOOL
14350 TERRY STREET
DETROIT MI 48227

Handicap Accessable:
N
","Temporary Polling Location




Handicap Accessable: 
"
WAYNE COUNTY,DETROIT CITY ,     PRECINCT 1-320,"Permanent Polling Location
BURNS ELEMENTARY SCHOOL
14350 TERRY STREET
DETROIT MI 48227

Handicap Accessable:
N
","Temporary Polling Location




Handicap Accessable: 
"
WAYNE COUNTY,DETROIT CITY ,     PRECINCT 1-321,"Permanent Polling Location




Handicap Accessable:

","Temporary Polling Location
BURNS ELEMENTARY SCHOOL
14350 TERRY STREET
DETROIT MI 48227

Handicap Accessable: N
"
WAYNE COUNTY,DETROIT CITY ,     PRECINCT 1-323,"Permanent Polling Location
EDISON SCHOOL
17045 GRAND RIVER
DETROIT MI 48227

Handicap Accessable:
Y
","Temporary Polling Location




Handicap Accessable: 
"
WAYNE COUNTY,DETROIT CITY ,     PRECINCT 1-324,"Permanent Polling Location
EDISON SCHOOL
17045 GRAND RIVER
DETROIT MI 48227

Handicap Accessable:
Y
","Temporary Polling Location




Handicap Accessable: 
"
WAYNE COUNTY,DETROIT CITY ,     PRECINCT 1-325,"Permanent Polling Location
COOKE SCHOOL
18800 PURITAN
DETROIT MI 48223

Handicap Accessable:
Y
","Temporary Polling Location




Handicap Accessable: 
"
WAYNE COUNTY,DETROIT CITY ,     PRECINCT 1-326,"Permanent Polling Location
EDISON SCHOOL
17045 GRAND RIVER
DETROIT MI 48227

Handicap Accessable:
Y
","Temporary Polling Location




Handicap Accessable: 
"
WAYNE COUNTY,DETROIT CITY ,     PRECINCT 1-328,"Permanent Polling Location
EDISON SCHOOL
17045 GRAND RIVER
DETROIT MI 48227

Handicap Accessable:
Y
","Temporary Polling Location




Handicap Accessable: 
"
WAYNE COUNTY,DETROIT CITY ,     PRECINCT 1-329,"Permanent Polling Location
EDISON SCHOOL
17045 GRAND RIVER
DETROIT MI 48227

Handicap Accessable:
Y
","Temporary Polling Location




Handicap Accessable: 
"
WAYNE COUNTY,DETROIT CITY ,     PRECINCT 7-330,"Permanent Polling Location
BOYS & GIRLS CLUB 1
16500 TIREMAN
DETROIT MI 48228

Handicap Accessable:
Y
","Temporary Polling Location




Handicap Accessable: 
"
WAYNE COUNTY,DETROIT CITY ,     PRECINCT 7-331,"Permanent Polling Location
CODY HIGH SCHOOL
18445 CATHEDRAL
DETROIT MI 48228

Handicap Accessable:
Y
","Temporary Polling Location




Handicap Accessable: 
"
WAYNE COUNTY,DETROIT CITY ,     PRECINCT 7-333,"Permanent Polling Location
DIXON ACADEMY
8401 TRINITY
DETROIT MI 48228

Handicap Accessable:
Y
","Temporary Polling Location




Handicap Accessable: 
"
WAYNE COUNTY,DETROIT CITY ,     PRECINCT 7-334,"Permanent Polling Location
FIRE STATION 55
18140 JOY RD.
DETROIT MI 48228

Handicap Accessable:
Y
","Temporary Polling Location




Handicap Accessable: 
"
WAYNE COUNTY,DETROIT CITY ,     PRECINCT 7-335,"Permanent Polling Location
CARVER SCHOOL
18701 PAUL
DETROIT MI 48228

Handicap Accessable:
Y
","Temporary Polling Location




Handicap Accessable: 
"
WAYNE COUNTY,DETROIT CITY ,     PRECINCT 7-336,"Permanent Polling Location
CARVER SCHOOL
18701 PAUL
DETROIT MI 48228

Handicap Accessable:
Y
","Temporary Polling Location




Handicap Accessable: 
"
WAYNE COUNTY,DETROIT CITY ,     PRECINCT 7-337,"Permanent Polling Location
CARVER STEM ACADEMY
18701 PAUL STREET
DETROIT MI 48228

Handicap Accessable:
Y
","Temporary Polling Location




Handicap Accessable: 
"
WAYNE COUNTY,DETROIT CITY ,     PRECINCT 7-338,"Permanent Polling Location
CARVER STEM ACADEMY
18701 PAUL STREET
DETROIT MI 48228

Handicap Accessable:
Y
","Temporary Polling Location




Handicap Accessable: 
"
WAYNE COUNTY,DETROIT CITY ,     PRECINCT 7-339,"Permanent Polling Location
DIXON ACADEMY
8401 TRINITY
DETROIT MI 48228

Handicap Accessable:
Y
","Temporary Polling Location




Handicap Accessable: 
"
WAYNE COUNTY,DETROIT CITY ,     PRECINCT 7-340,"Permanent Polling Location
CARVER SCHOOL
18701 PAUL
DETROIT MI 48228

Handicap Accessable:
Y
","Temporary Polling Location




Handicap Accessable: 
"
WAYNE COUNTY,DETROIT CITY ,     PRECINCT 7-341,"Permanent Polling Location
DIXON ACADEMY
8401 TRINITY
DETROIT MI 48228

Handicap Accessable:
Y
","Temporary Polling Location




Handicap Accessable: 
"
WAYNE COUNTY,DETROIT CITY ,     PRECINCT 7-342,"Permanent Polling Location
DIXON ACADEMY
8401 TRINITY
DETROIT MI 48228

Handicap Accessable:
Y
","Temporary Polling Location




Handicap Accessable: 
"
WAYNE COUNTY,DETROIT CITY ,     PRECINCT 7-343,"Permanent Polling Location
DIXON ACADEMY
8401 TRINITY
DETROIT MI 48228

Handicap Accessable:
Y
","Temporary Polling Location




Handicap Accessable: 
"
WAYNE COUNTY,DETROIT CITY ,     PRECINCT 7-344,"Permanent Polling Location
ST. SUZANNE CODY ROUGE COMM RES CNTR
19321 W CHICAGO
DETROIT MI 48228

Handicap Accessable:
Y
","Temporary Polling Location




Handicap Accessable: 
"
WAYNE COUNTY,DETROIT CITY ,     PRECINCT 7-345,"Permanent Polling Location
ST. SUZANNE CODY ROUGE COMM RES CNTR
19321 W CHICAGO
DETROIT MI 48228

Handicap Accessable:
Y
","Temporary Polling Location




Handicap Accessable: 
"
WAYNE COUNTY,DETROIT CITY ,     PRECINCT 7-346,"Permanent Polling Location
ST. SUZANNE CODY ROUGE COMM RES CNTR
19321 W CHICAGO
DETROIT MI 48228

Handicap Accessable:
Y
","Temporary Polling Location




Handicap Accessable: 
"
WAYNE COUNTY,DETROIT CITY ,     PRECINCT 7-347,"Permanent Polling Location
CODY HIGH SCHOOL
18445 CATHEDRAL
DETROIT MI 48228

Handicap Accessable:
Y
","Temporary Polling Location




Handicap Accessable: 
"
WAYNE COUNTY,DETROIT CITY ,     PRECINCT 7-348,"Permanent Polling Location
ST. SUZANNE CODY ROUGE COMM RES CNTR
19321 W CHICAGO
DETROIT MI 48228

Handicap Accessable:
Y
","Temporary Polling Location




Handicap Accessable: 
"
WAYNE COUNTY,DETROIT CITY ,     PRECINCT 7-349,"Permanent Polling Location
MANN SCHOOL
19625 ELMIRA
DETROIT MI 48228

Handicap Accessable:
Y
","Temporary Polling Location




Handicap Accessable: 
"
WAYNE COUNTY,DETROIT CITY ,     PRECINCT 1-350,"Permanent Polling Location
MANN SCHOOL
19625 ELMIRA
DETROIT MI 48228

Handicap Accessable:
Y
","Temporary Polling Location




Handicap Accessable: 
"
WAYNE COUNTY,DETROIT CITY ,     PRECINCT 1-351,"Permanent Polling Location
CITADEL OF PRAISE
20280 LYNDON
DETROIT MI 48223

Handicap Accessable:
Y
","Temporary Polling Location




Handicap Accessable: 
"
WAYNE COUNTY,DETROIT CITY ,     PRECINCT 1-352,"Permanent Polling Location
MANN SCHOOL
19625 ELMIRA
DETROIT MI 48228

Handicap Accessable:
Y
","Temporary Polling Location




Handicap Accessable: 
"
WAYNE COUNTY,DETROIT CITY ,     PRECINCT 7-353,"Permanent Polling Location
GOSPEL TABERNACLE CHURCH
12935 BUENA VISTA  AVE
DETROIT MI 48227

Handicap Accessable:
Y
","Temporary Polling Location




Handicap Accessable: 
"
WAYNE COUNTY,DETROIT CITY ,     PRECINCT 7-355,"Permanent Polling Location
CARVER STEM ACADEMY
18701 PAUL STREET
DETROIT MI 48228

Handicap Accessable:
Y
","Temporary Polling Location




Handicap Accessable: 
"
WAYNE COUNTY,DETROIT CITY ,     PRECINCT 7-356,"Permanent Polling Location
GOSPEL TABERNACLE CHURCH
12935 BUENA VISTA  AVE
DETROIT MI 48227

Handicap Accessable:
Y
","Temporary Polling Location




Handicap Accessable: 
"
WAYNE COUNTY,DETROIT CITY ,     PRECINCT 1-357,"Permanent Polling Location
BURNS ELEMENTARY SCHOOL
14350 TERRY STREET
DETROIT MI 48227

Handicap Accessable:
N
","Temporary Polling Location




Handicap Accessable: 
"
WAYNE COUNTY,DETROIT CITY ,     PRECINCT 1-359,"Permanent Polling Location
DOSSIN ELEMENTARY SCHOOL
16650 GLENDALE STREET
DETROIT MI 48227

Handicap Accessable:
N
","Temporary Polling Location




Handicap Accessable: 
"
WAYNE COUNTY,DETROIT CITY ,     PRECINCT 6-360,"Permanent Polling Location
GREATER MT TABOR CH
7345 W. CHICAGO
DETROIT MI 48204

Handicap Accessable:
Y
","Temporary Polling Location




Handicap Accessable: 
"
WAYNE COUNTY,DETROIT CITY ,     PRECINCT 1-361,"Permanent Polling Location
NEW PROVIDENCE BAPTIST CHURCH
18211 PLYMOUTH RD
DETROIT MI 48228

Handicap Accessable:
Y
","Temporary Polling Location




Handicap Accessable: 
"
WAYNE COUNTY,DETROIT CITY ,     PRECINCT 1-362,"Permanent Polling Location
NEW PROVIDENCE BAPTIST CHURCH
18211 PLYMOUTH RD
DETROIT MI 48228

Handicap Accessable:
Y
","Temporary Polling Location




Handicap Accessable: 
"
WAYNE COUNTY,DETROIT CITY ,     PRECINCT 7-363,"Permanent Polling Location
MANN SCHOOL
19625 ELMIRA
DETROIT MI 48228

Handicap Accessable:
Y
","Temporary Polling Location




Handicap Accessable: 
"
WAYNE COUNTY,DETROIT CITY ,     PRECINCT 7-364,"Permanent Polling Location
HENDERSON UPPER SCH.
16101 W CHICAGO
DETROIT MI 48228

Handicap Accessable:
Y
","Temporary Polling Location




Handicap Accessable: 
"
WAYNE COUNTY,DETROIT CITY ,     PRECINCT 7-365,"Permanent Polling Location
NEW PROVIDENCE BAPTIST CHURCH
18211 PLYMOUTH RD
DETROIT MI 48228

Handicap Accessable:
Y
","Temporary Polling Location




Handicap Accessable: 
"
WAYNE COUNTY,DETROIT CITY ,     PRECINCT 7-368,"Permanent Polling Location
NEW PROVIDENCE BAPTIST CHURCH
18211 PLYMOUTH RD
DETROIT MI 48228

Handicap Accessable:
Y
","Temporary Polling Location




Handicap Accessable: 
"
WAYNE COUNTY,DETROIT CITY ,     PRECINCT 7-369,"Permanent Polling Location
HENDERSON UPPER SCH.
16101 W CHICAGO
DETROIT MI 48228

Handicap Accessable:
Y
","Temporary Polling Location




Handicap Accessable: 
"
WAYNE COUNTY,DETROIT CITY ,     PRECINCT 7-370,"Permanent Polling Location
NW CHURCH OF CHRIST
5151 OAKMAN
DETROIT MI 48204

Handicap Accessable:
N
","Temporary Polling Location




Handicap Accessable: 
"
WAYNE COUNTY,DETROIT CITY ,     PRECINCT 7-371,"Permanent Polling Location
NW CHURCH OF CHRIST
5151 OAKMAN
DETROIT MI 48204

Handicap Accessable:
N
","Temporary Polling Location




Handicap Accessable: 
"
WAYNE COUNTY,DETROIT CITY ,     PRECINCT 7-373,"Permanent Polling Location
HENDERSON UPPER SCH.
16101 W CHICAGO
DETROIT MI 48228

Handicap Accessable:
Y
","Temporary Polling Location




Handicap Accessable: 
"
WAYNE COUNTY,DETROIT CITY ,     PRECINCT 7-374,"Permanent Polling Location
HENDERSON UPPER SCH.
16101 W CHICAGO
DETROIT MI 48228

Handicap Accessable:
Y
","Temporary Polling Location




Handicap Accessable: 
"
WAYNE COUNTY,DETROIT CITY ,     PRECINCT 7-375,"Permanent Polling Location
BOYS & GIRLS CLUB 1
16500 TIREMAN
DETROIT MI 48228

Handicap Accessable:
Y
","Temporary Polling Location




Handicap Accessable: 
"
WAYNE COUNTY,DETROIT CITY ,     PRECINCT 7-376,"Permanent Polling Location
WM. FORD MEM. CHURCH
16400 W. WARREN
DETROIT MI 48228

Handicap Accessable:
Y
","Temporary Polling Location




Handicap Accessable: 
"
WAYNE COUNTY,DETROIT CITY ,     PRECINCT 7-377,"Permanent Polling Location
WM. FORD MEM. CHURCH
16400 W. WARREN
DETROIT MI 48228

Handicap Accessable:
Y
","Temporary Polling Location




Handicap Accessable: 
"
WAYNE COUNTY,DETROIT CITY ,     PRECINCT 1-378,"Permanent Polling Location
DOSSIN ELEMENTARY SCHOOL
16650 GLENDALE STREET
DETROIT MI 48227

Handicap Accessable:
N
","Temporary Polling Location




Handicap Accessable: 
"
WAYNE COUNTY,DETROIT CITY ,     PRECINCT 1-379,"Permanent Polling Location
DOSSIN ELEMENTARY SCHOOL
16650 GLENDALE STREET
DETROIT MI 48227

Handicap Accessable:
N
","Temporary Polling Location




Handicap Accessable: 
"
WAYNE COUNTY,DETROIT CITY ,     PRECINCT 7-380,"Permanent Polling Location
NORTHWEST ACT CENTER
18100 MEYERS RD.
DETROIT MI 48235

Handicap Accessable:
Y
","Temporary Polling Location




Handicap Accessable: 
"
WAYNE COUNTY,DETROIT CITY ,     PRECINCT 7-381,"Permanent Polling Location
ADAM BUTZEL REC CENTER
10500 LYNDON
DETROIT MI 48235

Handicap Accessable:
Y
","Temporary Polling Location




Handicap Accessable: 
"
WAYNE COUNTY,DETROIT CITY ,     PRECINCT 2-383,"Permanent Polling Location
ADAM BUTZEL REC CENTER
10500 LYNDON
DETROIT MI 48235

Handicap Accessable:
Y
","Temporary Polling Location




Handicap Accessable: 
"
WAYNE COUNTY,DETROIT CITY ,     PRECINCT 2-384,"Permanent Polling Location
CHRISTLAND MBC
12833 PURITAN
DETROIT MI 48227

Handicap Accessable:
Y
","Temporary Polling Location




Handicap Accessable: 
"
WAYNE COUNTY,DETROIT CITY ,     PRECINCT 2-385,"Permanent Polling Location
CHRISTLAND MBC
12833 PURITAN
DETROIT MI 48227

Handicap Accessable:
Y
","Temporary Polling Location




Handicap Accessable: 
"
WAYNE COUNTY,DETROIT CITY ,     PRECINCT 2-386,"Permanent Polling Location
BETHUNE FITZGERALD SCHOOL
8145 PURITAN
DETROIT MI 48238

Handicap Accessable:
Y
","Temporary Polling Location




Handicap Accessable: 
"
WAYNE COUNTY,DETROIT CITY ,     PRECINCT 2-387,"Permanent Polling Location
BAGLEY SCHOOL
8100 CURTIS
DETROIT MI 48221

Handicap Accessable:
Y
","Temporary Polling Location




Handicap Accessable: 
"
WAYNE COUNTY,DETROIT CITY ,     PRECINCT 2-389,"Permanent Polling Location
NORTHWEST UNITY CH
8345 ELLSWORTH
DETROIT MI 48238

Handicap Accessable:
Y
","Temporary Polling Location




Handicap Accessable: 
"
WAYNE COUNTY,DETROIT CITY ,     PRECINCT 2-390,"Permanent Polling Location
HOUSE OF PRAYER
16520 WYOMING
DETROIT MI 48221

Handicap Accessable:
Y
","Temporary Polling Location




Handicap Accessable: 
"
WAYNE COUNTY,DETROIT CITY ,     PRECINCT 7-391,"Permanent Polling Location
GOSPEL TABERNACLE CHURCH
12935 BUENA VISTA AVE
DETROIT MI 48227

Handicap Accessable:
Y
","Temporary Polling Location




Handicap Accessable: 
"
WAYNE COUNTY,DETROIT CITY ,     PRECINCT 7-392,"Permanent Polling Location
ADAM BUTZEL REC CENTER
10500 LYNDON
DETROIT MI 48235

Handicap Accessable:
Y
","Temporary Polling Location




Handicap Accessable: 
"
WAYNE COUNTY,DETROIT CITY ,     PRECINCT 7-393,"Permanent Polling Location
GOSPEL TABERNACLE CHURCH
12935 BUENA VISTA  AVE
DETROIT MI 48227

Handicap Accessable:
Y
","Temporary Polling Location




Handicap Accessable: 
"
WAYNE COUNTY,DETROIT CITY ,     PRECINCT 7-394,"Permanent Polling Location
GOSPEL TABERNACLE CHURCH
12935 BUENA VISTA  AVE
DETROIT MI 48227

Handicap Accessable:
Y
","Temporary Polling Location




Handicap Accessable: 
"
WAYNE COUNTY,DETROIT CITY ,     PRECINCT 7-395,"Permanent Polling Location
NOBLE SCHOOL
8646 FULLERTON
DETROIT MI 48238

Handicap Accessable:
Y
","Temporary Polling Location




Handicap Accessable: 
"
WAYNE COUNTY,DETROIT CITY ,     PRECINCT 7-396,"Permanent Polling Location
ADAM BUTZEL REC CENTER
10500 LYNDON
DETROIT MI 48235

Handicap Accessable:
Y
","Temporary Polling Location




Handicap Accessable: 
"
WAYNE COUNTY,DETROIT CITY ,     PRECINCT 7-398,"Permanent Polling Location
NOBLE SCHOOL
8646 FULLERTON
DETROIT MI 48238

Handicap Accessable:
Y
","Temporary Polling Location




Handicap Accessable: 
"
WAYNE COUNTY,DETROIT CITY ,     PRECINCT 7-399,"Permanent Polling Location
BOYS & GIRLS CLUB 2
4242 COLLINGWOOD
DETROIT MI 48204

Handicap Accessable:
Y
","Temporary Polling Location




Handicap Accessable: 
"
WAYNE COUNTY,DETROIT CITY ,     PRECINCT 7-400,"Permanent Polling Location
NOBLE SCHOOL
8646 FULLERTON
DETROIT MI 48238

Handicap Accessable:
Y
","Temporary Polling Location




Handicap Accessable: 
"
WAYNE COUNTY,DETROIT CITY ,     PRECINCT 2-402,"Permanent Polling Location
NORTHWEST UNITY CH
8345 ELLSWORTH
DETROIT MI 48238

Handicap Accessable:
Y
","Temporary Polling Location




Handicap Accessable: 
"
WAYNE COUNTY,DETROIT CITY ,     PRECINCT 2-403,"Permanent Polling Location
BETHUNE FITZGERALD SCHOOL
8145 PURITAN
DETROIT MI 48238

Handicap Accessable:
Y
","Temporary Polling Location




Handicap Accessable: 
"
WAYNE COUNTY,DETROIT CITY ,     PRECINCT 7-404,"Permanent Polling Location
GOSPEL TABERNACLE CHURCH
12935 BUENA VISTA  AVE
DETROIT MI 48227

Handicap Accessable:
Y
","Temporary Polling Location




Handicap Accessable: 
"
WAYNE COUNTY,DETROIT CITY ,     PRECINCT 7-405,"Permanent Polling Location
ST. JOHN CH.
4950 OAKMAN
DETROIT MI 48204

Handicap Accessable:
Y
","Temporary Polling Location




Handicap Accessable: 
"
WAYNE COUNTY,DETROIT CITY ,     PRECINCT 7-406,"Permanent Polling Location
SAMPSON WEBBER LEADERSHIP ACADEMY
4700 TIREMAN ST
DETROIT MI 48204

Handicap Accessable:
N
","Temporary Polling Location




Handicap Accessable: 
"
WAYNE COUNTY,DETROIT CITY ,     PRECINCT 7-407,"Permanent Polling Location
SAMPSON WEBBER LEADERSHIP ACADEMY
4700 TIREMAN ST
DETROIT MI 48204

Handicap Accessable:
N
","Temporary Polling Location




Handicap Accessable: 
"
WAYNE COUNTY,DETROIT CITY ,     PRECINCT 7-408,"Permanent Polling Location
NW CHURCH OF CHRIST
5151 OAKMAN
DETROIT MI 48204

Handicap Accessable:
N
","Temporary Polling Location




Handicap Accessable: 
"
WAYNE COUNTY,DETROIT CITY ,     PRECINCT 7-409,"Permanent Polling Location
SAMPSON WEBBER LEADERSHIP ACADEMY
4700 TIREMAN ST
DETROIT MI 48204

Handicap Accessable:
N
","Temporary Polling Location




Handicap Accessable: 
"
WAYNE COUNTY,DETROIT CITY ,     PRECINCT 7-410,"Permanent Polling Location
SAMPSON WEBBER LEADERSHIP ACADEMY
4700 TIREMAN ST
DETROIT MI 48204

Handicap Accessable:
N
","Temporary Polling Location




Handicap Accessable: 
"
WAYNE COUNTY,DETROIT CITY ,     PRECINCT 7-411,"Permanent Polling Location
ST. JOHN CH.
4950 OAKMAN
DETROIT MI 48204

Handicap Accessable:
Y
","Temporary Polling Location




Handicap Accessable: 
"
WAYNE COUNTY,DETROIT CITY ,     PRECINCT 7-413,"Permanent Polling Location
ST MARK COGIC S.H.
13000 JOY RD
DETROIT MI 48228

Handicap Accessable:
Y
","Temporary Polling Location




Handicap Accessable: 
"
WAYNE COUNTY,DETROIT CITY ,     PRECINCT 7-414,"Permanent Polling Location
ST. JOHN CH.
4950 OAKMAN
DETROIT MI 48204

Handicap Accessable:
Y
","Temporary Polling Location




Handicap Accessable: 
"
WAYNE COUNTY,DETROIT CITY ,     PRECINCT 7-415,"Permanent Polling Location
SAMPSON WEBBER LEADERSHIP ACADEMY
4700 TIREMAN ST
DETROIT MI 48204

Handicap Accessable:
N
","Temporary Polling Location




Handicap Accessable: 
"
WAYNE COUNTY,DETROIT CITY ,     PRECINCT 6-416,"Permanent Polling Location
GREATER MT TABOR CH
7345 W. CHICAGO
DETROIT MI 48204

Handicap Accessable:
Y
","Temporary Polling Location




Handicap Accessable: 
"
WAYNE COUNTY,DETROIT CITY ,     PRECINCT 6-417,"Permanent Polling Location
GREATER MT TABOR CH
7345 W. CHICAGO
DETROIT MI 48204

Handicap Accessable:
Y
","Temporary Polling Location




Handicap Accessable: 
"
WAYNE COUNTY,DETROIT CITY ,     PRECINCT 6-418,"Permanent Polling Location
MEDITATION MBC
5841 OREGON
DETROIT MI 48204

Handicap Accessable:
Y
","Temporary Polling Location




Handicap Accessable: 
"
WAYNE COUNTY,DETROIT CITY ,     PRECINCT 6-419,"Permanent Polling Location
TABERNACLE BPT CH
2080 W. GRAND BLVD.
DETROIT MI 48208

Handicap Accessable:
Y
","Temporary Polling Location




Handicap Accessable: 
"
WAYNE COUNTY,DETROIT CITY ,     PRECINCT 6-420,"Permanent Polling Location
UNITY BAPTIST CHURCH
7500 TIREMAN
DETROIT MI 48204

Handicap Accessable:
Y
","Temporary Polling Location




Handicap Accessable: 
"
WAYNE COUNTY,DETROIT CITY ,     PRECINCT 6-421,"Permanent Polling Location
UNITY BAPTIST CHURCH
7500 TIREMAN
DETROIT MI 48204

Handicap Accessable:
Y
","Temporary Polling Location




Handicap Accessable: 
"
WAYNE COUNTY,DETROIT CITY ,     PRECINCT 6-422,"Permanent Polling Location
UNITY BAPTIST CHURCH
7500 TIREMAN
DETROIT MI 48204

Handicap Accessable:
Y
","Temporary Polling Location




Handicap Accessable: 
"
WAYNE COUNTY,DETROIT CITY ,     PRECINCT 6-423,"Permanent Polling Location
TRUE LOVE BAP CHURCH
8130 TIREMAN 
DETROIT MI 48204

Handicap Accessable:
Y
","Temporary Polling Location




Handicap Accessable: 
"
WAYNE COUNTY,DETROIT CITY ,     PRECINCT 6-424,"Permanent Polling Location
FIRE STATION 22
6830 MCGRAW
DETROIT MI 48210

Handicap Accessable:
Y
","Temporary Polling Location




Handicap Accessable: 
"
WAYNE COUNTY,DETROIT CITY ,     PRECINCT 6-425,"Permanent Polling Location
PRIEST SCHOOL
7840 WAGNER
DETROIT MI 48210

Handicap Accessable:
Y
","Temporary Polling Location




Handicap Accessable: 
"
WAYNE COUNTY,DETROIT CITY ,     PRECINCT 5-426,"Permanent Polling Location
GREATER NEW JERUS CH
12837 DEXTER
DETROIT MI 48238

Handicap Accessable:
Y
","Temporary Polling Location




Handicap Accessable: 
"
WAYNE COUNTY,DETROIT CITY ,     PRECINCT 5-428,"Permanent Polling Location
BOYS & GIRLS CLUB 2
4242 COLLINGWOOD
DETROIT MI 48204

Handicap Accessable:
Y
","Temporary Polling Location




Handicap Accessable: 
"
WAYNE COUNTY,DETROIT CITY ,     PRECINCT 5-429,"Permanent Polling Location
CENTRAL ACADEMY AND HIGH SCHOOL
2425 TUXEDO STREET
DETROIT MI 48206

Handicap Accessable:
Y
","Temporary Polling Location




Handicap Accessable: 
"
WAYNE COUNTY,DETROIT CITY ,     PRECINCT 5-430,"Permanent Polling Location
BOYS & GIRLS CLUB 2
4242 COLLINGWOOD
DETROIT MI 48204

Handicap Accessable:
Y
","Temporary Polling Location




Handicap Accessable: 
"
WAYNE COUNTY,DETROIT CITY ,     PRECINCT 5-432,"Permanent Polling Location
CENTRAL ACADEMY AND HIGH SCHOOL
2425 TUXEDO STREET
DETROIT MI 48206

Handicap Accessable:
Y
","Temporary Polling Location




Handicap Accessable: 
"
WAYNE COUNTY,DETROIT CITY ,     PRECINCT 5-433,"Permanent Polling Location
NORTHWESTERN SCHOOL
2200 W GRAND BLVD
DETROIT MI 48208

Handicap Accessable:
Y
","Temporary Polling Location




Handicap Accessable: 
"
WAYNE COUNTY,DETROIT CITY ,     PRECINCT 5-434,"Permanent Polling Location
GRACE TEMPLE COGIC
12521 DEXTER BLVD
DETROIT MI 48206

Handicap Accessable:
Y
","Temporary Polling Location




Handicap Accessable: 
"
WAYNE COUNTY,DETROIT CITY ,     PRECINCT 5-435,"Permanent Polling Location
NEW MT ZION MBC
2201 ELMHURST
DETROIT MI 48206

Handicap Accessable:
Y
","Temporary Polling Location




Handicap Accessable: 
"
WAYNE COUNTY,DETROIT CITY ,     PRECINCT 5-436,"Permanent Polling Location
NORTHWESTERN SCHOOL
2200 W GRAND BLVD
DETROIT MI 48208

Handicap Accessable:
Y
","Temporary Polling Location




Handicap Accessable: 
"
WAYNE COUNTY,DETROIT CITY ,     PRECINCT 5-437,"Permanent Polling Location
NEW BETHEL BPT CH
8430 LINWOOD
DETROIT MI 48206

Handicap Accessable:
Y
","Temporary Polling Location




Handicap Accessable: 
"
WAYNE COUNTY,DETROIT CITY ,     PRECINCT 5-438,"Permanent Polling Location
GRACE EPISCOPAL CH
1926 VIRGINIA PARK
DETROIT MI 48206

Handicap Accessable:
Y
","Temporary Polling Location




Handicap Accessable: 
"
WAYNE COUNTY,DETROIT CITY ,     PRECINCT 5-439,"Permanent Polling Location
NORTHWESTERN SCHOOL
2200 W GRAND BLVD
DETROIT MI 48208

Handicap Accessable:
Y
","Temporary Polling Location




Handicap Accessable: 
"
WAYNE COUNTY,DETROIT CITY ,     PRECINCT 5-440,"Permanent Polling Location
NORTHWESTERN SCHOOL
2200 W GRAND BLVD
DETROIT MI 48208

Handicap Accessable:
Y
","Temporary Polling Location




Handicap Accessable: 
"
WAYNE COUNTY,DETROIT CITY ,     PRECINCT 5-441,"Permanent Polling Location
NORTHWESTERN SCHOOL
2200 W GRAND BLVD
DETROIT MI 48208

Handicap Accessable:
Y
","Temporary Polling Location




Handicap Accessable: 
"
WAYNE COUNTY,DETROIT CITY ,     PRECINCT 5-442,"Permanent Polling Location
WILLIAMS REC CTR
8431 ROSA PARKS BLVD.
DETROIT MI 48206

Handicap Accessable:
Y
","Temporary Polling Location




Handicap Accessable: 
"
WAYNE COUNTY,DETROIT CITY ,     PRECINCT 5-443,"Permanent Polling Location
NORTHWESTERN SCHOOL
2200 W GRAND BLVD
DETROIT MI 48208

Handicap Accessable:
Y
","Temporary Polling Location




Handicap Accessable: 
"
WAYNE COUNTY,DETROIT CITY ,     PRECINCT 6-444,"Permanent Polling Location
ZION CHAPEL OF CH
3000 24TH
DETROIT MI 48216

Handicap Accessable:
Y
","Temporary Polling Location




Handicap Accessable: 
"
WAYNE COUNTY,DETROIT CITY ,     PRECINCT 5-446,"Permanent Polling Location
BOYS & GIRLS CLUB 2
4242 COLLINGWOOD
DETROIT MI 48204

Handicap Accessable:
Y
","Temporary Polling Location




Handicap Accessable: 
"
WAYNE COUNTY,DETROIT CITY ,     PRECINCT 5-447,"Permanent Polling Location
ROY A ALLEN SEN CTR
4924 JOY RD.
DETROIT MI 48204

Handicap Accessable:
Y
","Temporary Polling Location




Handicap Accessable: 
"
WAYNE COUNTY,DETROIT CITY ,     PRECINCT 5-448,"Permanent Polling Location
TABERNACLE BPT CH
2080 W. GRAND BLVD.
DETROIT MI 48208

Handicap Accessable:
Y
","Temporary Polling Location




Handicap Accessable: 
"
WAYNE COUNTY,DETROIT CITY ,     PRECINCT 5-449,"Permanent Polling Location
TABERNACLE BPT CH
2080 W. GRAND BLVD.
DETROIT MI 48208

Handicap Accessable:
Y
","Temporary Polling Location




Handicap Accessable: 
"
WAYNE COUNTY,DETROIT CITY ,     PRECINCT 5-450,"Permanent Polling Location
ROY A ALLEN SEN CTR
4924 JOY RD.
DETROIT MI 48204

Handicap Accessable:
Y
","Temporary Polling Location




Handicap Accessable: 
"
WAYNE COUNTY,DETROIT CITY ,     PRECINCT 5-452,"Permanent Polling Location
ST STEPHENS AME CH
6000 STANFORD
DETROIT MI 48210

Handicap Accessable:
Y
","Temporary Polling Location




Handicap Accessable: 
"
WAYNE COUNTY,DETROIT CITY ,     PRECINCT 6-453,"Permanent Polling Location
TABERNACLE BPT CH
2080 W. GRAND BLVD.
DETROIT MI 48208

Handicap Accessable:
Y
","Temporary Polling Location




Handicap Accessable: 
"
WAYNE COUNTY,DETROIT CITY ,     PRECINCT 6-457,"Permanent Polling Location
BURTON INT. ACADEMY
2001 MARTIN LUTHER KING
DETROIT MI 48208

Handicap Accessable:
Y
","Temporary Polling Location




Handicap Accessable: 
"
WAYNE COUNTY,DETROIT CITY ,     PRECINCT 6-458,"Permanent Polling Location
DETROIT LIONS ACADEMY
2001 W. WARREN AVE
DETROIT MI 48208

Handicap Accessable:
Y
","Temporary Polling Location




Handicap Accessable: 
"
WAYNE COUNTY,DETROIT CITY ,     PRECINCT 6-460,"Permanent Polling Location
MUNGER SCHOOL
5525 MARTIN
DETROIT MI 48210

Handicap Accessable:
Y
","Temporary Polling Location




Handicap Accessable: 
"
WAYNE COUNTY,DETROIT CITY ,     PRECINCT 6-461,"Permanent Polling Location
MAYBURY ELEMENTARY SCHOOL
4410 PORTER STREET
DETROIT MI 48209

Handicap Accessable:
N
","Temporary Polling Location




Handicap Accessable: 
"
WAYNE COUNTY,DETROIT CITY ,     PRECINCT 6-462,"Permanent Polling Location
ZION CHAPEL OF CH
3000 24TH
DETROIT MI 48216

Handicap Accessable:
Y
","Temporary Polling Location




Handicap Accessable: 
"
WAYNE COUNTY,DETROIT CITY ,     PRECINCT 6-464,"Permanent Polling Location
DETROIT LIONS ACADEMY
2001 W. WARREN AVE
DETROIT MI 48208

Handicap Accessable:
Y
","Temporary Polling Location




Handicap Accessable: 
"
WAYNE COUNTY,DETROIT CITY ,     PRECINCT 6-466,"Permanent Polling Location
BURTON INT. ACADEMY
2001 MARTIN LUTHER KING
DETROIT MI 48208

Handicap Accessable:
Y
","Temporary Polling Location




Handicap Accessable: 
"
WAYNE COUNTY,DETROIT CITY ,     PRECINCT 6-470,"Permanent Polling Location
CLIPPERT MULTICULTURAL ACADEMY
1981 MCKINSTRY
DETROIT MI 48209

Handicap Accessable:
N
","Temporary Polling Location




Handicap Accessable: 
"
WAYNE COUNTY,DETROIT CITY ,     PRECINCT 6-471,"Permanent Polling Location
CLIPPERT MULTICULTURAL ACADEMY
1981 MCKINSTRY
DETROIT MI 48209

Handicap Accessable:
N
","Temporary Polling Location




Handicap Accessable: 
"
WAYNE COUNTY,DETROIT CITY ,     PRECINCT 6-472,"Permanent Polling Location
ROBERTO CLEMENTE ACADEMY
1551 BEARD
DETROIT MI 48209

Handicap Accessable:
Y
","Temporary Polling Location




Handicap Accessable: 
"
WAYNE COUNTY,DETROIT CITY ,     PRECINCT 6-473,"Permanent Polling Location
ROBERTO CLEMENTE ACADEMY
1551 BEARD
DETROIT MI 48209

Handicap Accessable:
Y
","Temporary Polling Location




Handicap Accessable: 
"
WAYNE COUNTY,DETROIT CITY ,     PRECINCT 6-474,"Permanent Polling Location
ROBERTO CLEMENTE ACADEMY
1551 BEARD
DETROIT MI 48209

Handicap Accessable:
Y
","Temporary Polling Location




Handicap Accessable: 
"
WAYNE COUNTY,DETROIT CITY ,     PRECINCT 6-475,"Permanent Polling Location
MAYBURY ELEMENTARY SCHOOL
4410 PORTER STREET
DETROIT MI 48209

Handicap Accessable:
N
","Temporary Polling Location




Handicap Accessable: 
"
WAYNE COUNTY,DETROIT CITY ,     PRECINCT 6-477,"Permanent Polling Location
MUNGER SCHOOL
5525 MARTIN
DETROIT MI 48210

Handicap Accessable:
Y
","Temporary Polling Location




Handicap Accessable: 
"
WAYNE COUNTY,DETROIT CITY ,     PRECINCT 6-479,"Permanent Polling Location
MUNGER SCHOOL
5525 MARTIN
DETROIT MI 48210

Handicap Accessable:
Y
","Temporary Polling Location




Handicap Accessable: 
"
WAYNE COUNTY,DETROIT CITY ,     PRECINCT 6-480,"Permanent Polling Location
CLIPPERT MULTICULTURAL ACADEMY
1981 MCKINSTRY
DETROIT MI 48209

Handicap Accessable:
N
","Temporary Polling Location




Handicap Accessable: 
"
WAYNE COUNTY,DETROIT CITY ,     PRECINCT 6-481,"Permanent Polling Location
PRIEST SCHOOL
7840 WAGNER
DETROIT MI 48210

Handicap Accessable:
Y
","Temporary Polling Location




Handicap Accessable: 
"
WAYNE COUNTY,DETROIT CITY ,     PRECINCT 6-482,"Permanent Polling Location
SW OF CHURCH OF GOD
3032 S. FORT 
DETROIT MI 48217

Handicap Accessable:
Y
","Temporary Polling Location




Handicap Accessable: 
"
WAYNE COUNTY,DETROIT CITY ,     PRECINCT 6-483,"Permanent Polling Location
SW OF CHURCH OF GOD
3032 S. FORT 
DETROIT MI 48217

Handicap Accessable:
Y
","Temporary Polling Location




Handicap Accessable: 
"
WAYNE COUNTY,DETROIT CITY ,     PRECINCT 6-484,"Permanent Polling Location
MARK TWAIN SCHOOL
12800 VISGER
DETROIT MI 48217

Handicap Accessable:
Y
","Temporary Polling Location




Handicap Accessable: 
"
WAYNE COUNTY,DETROIT CITY ,     PRECINCT 6-485,"Permanent Polling Location
MARK TWAIN SCHOOL
12800 VISGER
DETROIT MI 48217

Handicap Accessable:
Y
","Temporary Polling Location




Handicap Accessable: 
"
WAYNE COUNTY,DETROIT CITY ,     PRECINCT 2-490,"Permanent Polling Location
NORTHWEST UNITY CH
8345 ELLSWORTH
DETROIT MI 48238

Handicap Accessable:
Y
","Temporary Polling Location




Handicap Accessable: 
"
WAYNE COUNTY,DETROIT CITY ,     PRECINCT 4-491,"Permanent Polling Location
OSBORN HIGH SCHOOL
11600 E. SEVEN MILE RD.
DETROIT MI 48205

Handicap Accessable:
Y
","Temporary Polling Location




Handicap Accessable: 
"
WAYNE COUNTY,DETROIT CITY ,     PRECINCT 5-493,"Permanent Polling Location
CALVARY BAPTIST CHURCH
1000 ROBERT BRADY DR
DETROIT MI 48207

Handicap Accessable:
Y
","Temporary Polling Location




Handicap Accessable: 
"
WAYNE COUNTY,DETROIT CITY ,     PRECINCT 1-495,"Permanent Polling Location
COOKE SCHOOL
18800 PURITAN
DETROIT MI 48223

Handicap Accessable:
Y
","Temporary Polling Location




Handicap Accessable: 
"
WAYNE COUNTY,DETROIT CITY ,     PRECINCT 5-496,"Permanent Polling Location
KING H S
3200 E. LAFAYETTE
DETROIT MI 48207

Handicap Accessable:
Y
","Temporary Polling Location




Handicap Accessable: 
"
WAYNE COUNTY,DETROIT CITY ,     PRECINCT 5-497,"Permanent Polling Location
BUNCHE PREPARATORY ACADEMY
2715 MACOMB STREET
DETROIT MI 48207

Handicap Accessable:
Y
","Temporary Polling Location




Handicap Accessable: 
"
WAYNE COUNTY,DETROIT CITY ,     PRECINCT 6-500,"Permanent Polling Location
CASS TECHNICAL HIGH SCHOOL
2501 SECOND
DETROIT MI 48201

Handicap Accessable:
Y
","Temporary Polling Location




Handicap Accessable: 
"
WAYNE COUNTY,DETROIT CITY ,     PRECINCT 1-501,"Permanent Polling Location
MANN SCHOOL
19625 ELMIRA
DETROIT MI 48228

Handicap Accessable:
Y
","Temporary Polling Location




Handicap Accessable: 
"
WAYNE COUNTY,DETROIT CITY ,     PRECINCT 4-502,"Permanent Polling Location
DENBY HIGH SCHOOL
12800 KELLY RD.
DETROIT MI 48224

Handicap Accessable:
Y
","Temporary Polling Location




Handicap Accessable: 
"
WAYNE COUNTY,ECORSE CITY ,     PRECINCT 1,"Permanent Polling Location




Handicap Accessable:

","Temporary Polling Location
ST ANDRE BESSETTE PARISH CENTER
27700 W. OUTER DRIVE
ECORSE MI 48229

Handicap Accessable: Y
"
WAYNE COUNTY,ECORSE CITY ,     PRECINCT 2,"Permanent Polling Location
JOHN F. KENNEDY SCHOOL
27225 W. OUTER DRIVE
ECORSE MI 48229

Handicap Accessable:
Y
","Temporary Polling Location




Handicap Accessable: 
"
WAYNE COUNTY,ECORSE CITY ,     PRECINCT 3,"Permanent Polling Location
ECORSE MANOR
4560 9TH ST
ECORSE MI 48229

Handicap Accessable:
Y
","Temporary Polling Location




Handicap Accessable: 
"
WAYNE COUNTY,ECORSE CITY ,     PRECINCT 4,"Permanent Polling Location
RALPH J. BUNCHE
503 HYACINTHE ST
ECORSE MI 48229

Handicap Accessable:
Y
","Temporary Polling Location




Handicap Accessable: 
"
WAYNE COUNTY,FLAT ROCK CITY ,     PRECINCT 1,"Permanent Polling Location
COMMUNITY CENTER
1 MAGUIRE
FLAT ROCK MI 48134

Handicap Accessable:
Y
","Temporary Polling Location




Handicap Accessable: 
"
WAYNE COUNTY,FLAT ROCK CITY ,     PRECINCT 2,"Permanent Polling Location
COMMUNITY CENTER
1 MAGUIRE
FLAT ROCK MI 48134

Handicap Accessable:
Y
","Temporary Polling Location




Handicap Accessable: 
"
WAYNE COUNTY,FLAT ROCK CITY ,     PRECINCT 3,"Permanent Polling Location
COMMUNITY CENTER
1 MAGUIRE
FLAT ROCK MI 48134

Handicap Accessable:
Y
","Temporary Polling Location




Handicap Accessable: 
"
WAYNE COUNTY,GARDEN CITY CITY ,     PRECINCT 1,"Permanent Polling Location
FARMINGTON SCHOOL
33411 MARQUETTE
GARDEN CITY MI 48135

Handicap Accessable:
Y
","Temporary Polling Location




Handicap Accessable: 
"
WAYNE COUNTY,GARDEN CITY CITY ,     PRECINCT 2,"Permanent Polling Location
MEMORIAL SCHOOL
30001 MARQUETTE
GARDEN CITY MI 48135

Handicap Accessable:
Y
(CORNER OF BRANDT AND MARQUETTE)","Temporary Polling Location




Handicap Accessable: 
"
WAYNE COUNTY,GARDEN CITY CITY ,     PRECINCT 3,"Permanent Polling Location
LATHERS SCHOOL
28351 MARQUETTE
GARDEN CITY MI 48135

Handicap Accessable:
Y
","Temporary Polling Location




Handicap Accessable: 
"
WAYNE COUNTY,GARDEN CITY CITY ,     PRECINCT 4,"Permanent Polling Location
LATHERS SCHOOL
28351 MARQUETTE
GARDEN CITY MI 48135

Handicap Accessable:
Y
","Temporary Polling Location




Handicap Accessable: 
"
WAYNE COUNTY,GARDEN CITY CITY ,     PRECINCT 5,"Permanent Polling Location
MEMORIAL SCHOOL
30001 MARQUETTE
GARDEN CITY MI 48135

Handicap Accessable:
Y
(CORNER OF BRANDT AND MARQUETTE)","Temporary Polling Location




Handicap Accessable: 
"
WAYNE COUNTY,GARDEN CITY CITY ,     PRECINCT 6,"Permanent Polling Location
FARMINGTON SCHOOL
33411 MARQUETTE
GARDEN CITY MI 48135

Handicap Accessable:
Y
","Temporary Polling Location




Handicap Accessable: 
"
WAYNE COUNTY,GARDEN CITY CITY ,     PRECINCT 7,"Permanent Polling Location
MAPLEWOOD CENTER
31735 MAPLEWOOD
GARDEN CITY MI 48135

Handicap Accessable:
Y
","Temporary Polling Location




Handicap Accessable: 
"
WAYNE COUNTY,GARDEN CITY CITY ,     PRECINCT 8,"Permanent Polling Location
HENRY RUFF SCHOOL
30300 MAPLEWOOD
GARDEN CITY MI 48135

Handicap Accessable:
Y
","Temporary Polling Location




Handicap Accessable: 
"
WAYNE COUNTY,GARDEN CITY CITY ,     PRECINCT 9,"Permanent Polling Location
CIVIC CENTER
6000 MIDDLEBELT
GARDEN CITY MI 48135

Handicap Accessable:
Y
","Temporary Polling Location




Handicap Accessable: 
"
WAYNE COUNTY,GARDEN CITY CITY ,     PRECINCT 10,"Permanent Polling Location
DOUGLAS SCHOOL
6400 HARTEL
GARDEN CITY MI 48135

Handicap Accessable:
Y
","Temporary Polling Location




Handicap Accessable: 
"
WAYNE COUNTY,GIBRALTAR CITY ,     PRECINCT 1,"Permanent Polling Location
COMMUNITY CENTER
29340 S. GIBRALTAR RD.
GIBRALTAR MI 48173

Handicap Accessable:
Y
","Temporary Polling Location




Handicap Accessable: 
"
WAYNE COUNTY,GIBRALTAR CITY ,     PRECINCT 2,"Permanent Polling Location
COMMUNITY CENTER
29340 S. GIBRALTAR RD.
GIBRALTAR MI 48173

Handicap Accessable:
Y
","Temporary Polling Location




Handicap Accessable: 
"
WAYNE COUNTY,GROSSE ILE TOWNSHIP ,     PRECINCT 1,"Permanent Polling Location
PRESBYTERIAN CHURCH
7925 HORSEMILL ROAD
GROSSE ILE MI 48138

Handicap Accessable:
Y
","Temporary Polling Location




Handicap Accessable: 
"
WAYNE COUNTY,GROSSE ILE TOWNSHIP ,     PRECINCT 2,"Permanent Polling Location
ST JAMES EPISC CHURC
25150 E RIVER RD
GROSSE ILE MI 48138

Handicap Accessable:
Y
(ON E RIVER RD, S OF GROSSE ILE PKWY N OF BELLEVUE)","Temporary Polling Location




Handicap Accessable: 
"
WAYNE COUNTY,GROSSE ILE TOWNSHIP ,     PRECINCT 3,"Permanent Polling Location
CENTENNIAL FARM
RECREATION BUILDING 25797 THIRD ST.
GROSSE ILE MI 48138

Handicap Accessable:
Y
(MERIDIAN RD. TO BELLEVUE, BELLEVUE EAST TO THIRD)","Temporary Polling Location




Handicap Accessable: 
"
WAYNE COUNTY,GROSSE POINTE CITY ,     PRECINCT 1,"Permanent Polling Location
NEIGHBORHOOD CLUB REC. & WELLNESS CENTER
17150 WATERLOO
GROSSE POINTE MI 48230

Handicap Accessable:
Y
(ALL ELECTIONS)","Temporary Polling Location




Handicap Accessable: 
"
WAYNE COUNTY,GROSSE POINTE CITY ,     PRECINCT 2,"Permanent Polling Location
NEIGHBORHOOD CLUB REC. & WELLNESS CENTER
17150 WATERLOO
GROSSE POINTE MI 48230

Handicap Accessable:
Y
(ALL ELECTIONS)","Temporary Polling Location




Handicap Accessable: 
"
WAYNE COUNTY,GROSSE POINTE FARMS CITY ,     PRECINCT 1,"Permanent Polling Location
GROSSE POINTE WAR MEMORIAL
32 LAKE SHORE ROAD
GROSSE POINTE FARMS MI 48236

Handicap Accessable:
Y
(FRED ALGER CENTER ATTACHED TO ORIGINAL ESTATE.)","Temporary Polling Location




Handicap Accessable: 
"
WAYNE COUNTY,GROSSE POINTE FARMS CITY ,     PRECINCT 2,"Permanent Polling Location
GROSSE POINTE WAR MEMORIAL
32 LAKE SHORE ROAD
GROSSE POINTE FARMS MI 48236

Handicap Accessable:
Y
(FRED ALGER CENTER ATTACHED TO ORIGINAL ESTATE.)","Temporary Polling Location




Handicap Accessable: 
"
WAYNE COUNTY,GROSSE POINTE PARK CITY ,     PRECINCT 1,"Permanent Polling Location
TOMPKINS COMMUNITY CENTER
14920 WINDMILL POINTE DR
GROSSE POINTE PARK MI 48230

Handicap Accessable:
Y
(AT WINDMILL POINTE PARK)","Temporary Polling Location




Handicap Accessable: 
"
WAYNE COUNTY,GROSSE POINTE PARK CITY ,     PRECINCT 2,"Permanent Polling Location
TOMPKINS COMMUNITY CENTER
14920 WINDMILL POINTE DR
GROSSE POINTE PARK MI 48230

Handicap Accessable:
Y
(AT WINDMILL POINTE PARK)","Temporary Polling Location




Handicap Accessable: 
"
WAYNE COUNTY,GROSSE POINTE PARK CITY ,     PRECINCT 4,"Permanent Polling Location
WINDMILL POINTE PARK
14920 WINDMILL POINTE DRIVE
GROSSE POINTE PARK MI 48230

Handicap Accessable:
Y
","Temporary Polling Location




Handicap Accessable: 
"
WAYNE COUNTY,GROSSE POINTE PARK CITY ,     PRECINCT 5,"Permanent Polling Location
WINDMILL POINTE PARK
14920 WINDMILL POINTE DRIVE
GROSSE POINTE PARK MI 48230

Handicap Accessable:
Y
","Temporary Polling Location




Handicap Accessable: 
"
WAYNE COUNTY,GROSSE POINTE PARK CITY ,     PRECINCT 6,"Permanent Polling Location
WINDMILL POINTE PARK
14920 WINDMILL POINTE DRIVE
GROSSE POINTE PARK MI 48230

Handicap Accessable:
Y
","Temporary Polling Location




Handicap Accessable: 
"
WAYNE COUNTY,GROSSE POINTE PARK CITY ,     PRECINCT 7,"Permanent Polling Location
WINDMILL POINTE PARK
14920 WINDMILL POINTE DRIVE
GROSSE POINTE PARK MI 48230

Handicap Accessable:
Y
","Temporary Polling Location




Handicap Accessable: 
"
WAYNE COUNTY,GROSSE POINTE SHORES CITY ,     PRECINCT 1,"Permanent Polling Location
VILLAGE HALL
795 LAKESHORE RD
GROSSE POINTE SHORES MI 48230

Handicap Accessable:
Y
","Temporary Polling Location




Handicap Accessable: 
"
WAYNE COUNTY,GROSSE POINTE SHORES CITY ,     PRECINCT 2,"Permanent Polling Location
VILLAGE HALL
795 LAKESHORE RD
GROSSE POINTE SHORES MI 48230

Handicap Accessable:
Y
","Temporary Polling Location




Handicap Accessable: 
"
WAYNE COUNTY,GROSSE POINTE WOODS CITY ,     PRECINCT 1,"Permanent Polling Location
ST MICHAEL'S EPISCOPAL CHURCH
20475 SUNNINGDALE PARK
GROSSE POINTE WOODS MI 48236

Handicap Accessable:
Y
","Temporary Polling Location




Handicap Accessable: 
"
WAYNE COUNTY,GROSSE POINTE WOODS CITY ,     PRECINCT 2,"Permanent Polling Location
COMMUNITY CTR
20025 MACK PLAZA DR
GROSSE POINTE WOODS MI 48236

Handicap Accessable:
Y
(WEST SIDE OF MACK BETWEEN VERNIER AND MOROSS)","Temporary Polling Location




Handicap Accessable: 
"
WAYNE COUNTY,GROSSE POINTE WOODS CITY ,     PRECINCT 3,"Permanent Polling Location
COMMUNITY CTR
20025 MACK PLAZA DR
GROSSE POINTE WOODS MI 48236

Handicap Accessable:
Y
(WEST SIDE OF MACK BETWEEN VERNIER AND MOROSS)","Temporary Polling Location




Handicap Accessable: 
"
WAYNE COUNTY,HAMTRAMCK CITY ,     PRECINCT 1,"Permanent Polling Location
HOUSING PROJECTS
12025 DEQUINDRE
HAMTRAMCK MI 48212

Handicap Accessable:
Y
","Temporary Polling Location




Handicap Accessable: 
"
WAYNE COUNTY,HAMTRAMCK CITY ,     PRECINCT 2,"Permanent Polling Location
HAMT COMMUNITY CTR
11350 CHAREST
HAMTRAMCK MI 48212

Handicap Accessable:
Y
","Temporary Polling Location




Handicap Accessable: 
"
WAYNE COUNTY,HAMTRAMCK CITY ,     PRECINCT 3,"Permanent Polling Location
HAMT COMMUNITY CTR
11350 CHAREST
HAMTRAMCK MI 48212

Handicap Accessable:
Y
","Temporary Polling Location




Handicap Accessable: 
"
WAYNE COUNTY,HAMTRAMCK CITY ,     PRECINCT 4,"Permanent Polling Location
HAMT. SENIOR PLAZA
2620 HOLBROOK
HAMTRAMCK MI 48212

Handicap Accessable:
Y
","Temporary Polling Location




Handicap Accessable: 
"
WAYNE COUNTY,HAMTRAMCK CITY ,     PRECINCT 5,"Permanent Polling Location
HAMT. SENIOR PLAZA
2620 HOLBROOK
HAMTRAMCK MI 48212

Handicap Accessable:
Y
","Temporary Polling Location




Handicap Accessable: 
"
WAYNE COUNTY,HARPER WOODS CITY ,     PRECINCT 1,"Permanent Polling Location
BEACON SCHOOL
19475 BEACONSFIELD
HARPER WOODS MI 48225

Handicap Accessable:
Y
","Temporary Polling Location




Handicap Accessable: 
"
WAYNE COUNTY,HARPER WOODS CITY ,     PRECINCT 2,"Permanent Polling Location
CITY HALL
19617 HARPER AVENUE
HARPER WOODS MI 48225

Handicap Accessable:
Y
","Temporary Polling Location




Handicap Accessable: 
"
WAYNE COUNTY,HARPER WOODS CITY ,     PRECINCT 3,"Permanent Polling Location
WCCD UNIVERSITY CENTER
19305 VERNIER RD
HARPER WOODS MI 48225

Handicap Accessable:
Y
","Temporary Polling Location




Handicap Accessable: 
"
WAYNE COUNTY,HIGHLAND PARK CITY ,     PRECINCT 1,"Permanent Polling Location
DOWNES MANOR
13725 JOHN R ST.
HIGHLAND PARK MI 48203

Handicap Accessable:
Y
","Temporary Polling Location




Handicap Accessable: 
"
WAYNE COUNTY,HIGHLAND PARK CITY ,     PRECINCT 2,"Permanent Polling Location
HP MUNICIPAL COMP
12050  WOODWARD AVE
HIGHLAND PARK MI 48203

Handicap Accessable:
Y
","Temporary Polling Location




Handicap Accessable: 
"
WAYNE COUNTY,HIGHLAND PARK CITY ,     PRECINCT 3,"Permanent Polling Location
RECREATION CENTER
10 PITKIN
HIGHLAND PARK MI 48203

Handicap Accessable:
Y
","Temporary Polling Location




Handicap Accessable: 
"
WAYNE COUNTY,HIGHLAND PARK CITY ,     PRECINCT 4,"Permanent Polling Location
RECREATION CENTER
10 PITKIN
HIGHLAND PARK MI 48203

Handicap Accessable:
Y
","Temporary Polling Location




Handicap Accessable: 
"
WAYNE COUNTY,HIGHLAND PARK CITY ,     PRECINCT 5,"Permanent Polling Location
FAITH TABERNACLE
16548 HAMILTON AVE.
HIGHLAND PARK MI 48203

Handicap Accessable:
Y
","Temporary Polling Location




Handicap Accessable: 
"
WAYNE COUNTY,HIGHLAND PARK CITY ,     PRECINCT 6,"Permanent Polling Location
HEALING SPRING BAPTIST CHURCH
12647 HAMILTON
HIGHLAND PARK MI 48203

Handicap Accessable:
Y
(SW CORNER OF HAMILTON AND LESLIE)","Temporary Polling Location




Handicap Accessable: 
"
WAYNE COUNTY,HURON TOWNSHIP ,     PRECINCT 1,"Permanent Polling Location
MILLER ELEM. SCHOOL
18955 HANNAN ROAD
NEW BOSTON MI 48164

Handicap Accessable:
Y
","Temporary Polling Location




Handicap Accessable: 
"
WAYNE COUNTY,HURON TOWNSHIP ,     PRECINCT 2,"Permanent Polling Location
SENIOR PARK BARN
28341 MINERAL SPRINGS ROAD
NEW BOSTON MI 48164

Handicap Accessable:
Y
","Temporary Polling Location




Handicap Accessable: 
"
WAYNE COUNTY,HURON TOWNSHIP ,     PRECINCT 3,"Permanent Polling Location
HURON HIGH SCHOOL
32044 HURON RIVER DR
NEW BOSTON MI 48164

Handicap Accessable:
Y
","Temporary Polling Location




Handicap Accessable: 
"
WAYNE COUNTY,HURON TOWNSHIP ,     PRECINCT 4,"Permanent Polling Location
SUMMIT HIGH SCHOOL
18601MIDDLEBELT RD
ROMULUS MI 48174

Handicap Accessable:
Y
(NORTH ON MIDDLEBELT ROAD FROM SIBLEY ROAD)","Temporary Polling Location




Handicap Accessable: 
"
WAYNE COUNTY,INKSTER CITY ,     PRECINCT 1-1,"Permanent Polling Location
FLOYD B. SIMMONS CENTER
29150 CARLYSLE ST
INKSTER MI 48141

Handicap Accessable:
Y
(SOUTH MIDDLEBELT/CARLYSLE)","Temporary Polling Location




Handicap Accessable: 
"
WAYNE COUNTY,INKSTER CITY ,     PRECINCT 1-2,"Permanent Polling Location
FLOYD B. SIMMONS CENTER
29150 CARLYSLE ST
INKSTER MI 48141

Handicap Accessable:
Y
(SOUTH MIDDLEBELT/CARLYSLE)","Temporary Polling Location




Handicap Accessable: 
"
WAYNE COUNTY,INKSTER CITY ,     PRECINCT 2-1,"Permanent Polling Location
REC. COMPLEX (GYM)
2025 MIDDLEBELT
INKSTER MI 48141

Handicap Accessable:
Y
","Temporary Polling Location




Handicap Accessable: 
"
WAYNE COUNTY,INKSTER CITY ,     PRECINCT 2-2,"Permanent Polling Location
REC. COMPLEX (GYM)
2025 MIDDLEBELT
INKSTER MI 48141

Handicap Accessable:
Y
","Temporary Polling Location




Handicap Accessable: 
"
WAYNE COUNTY,INKSTER CITY ,     PRECINCT 3-1,"Permanent Polling Location
SMITH CHAPEL AME
3505 WALNUT STREET
INKSTER MI 48141

Handicap Accessable:
Y
(BETWEEN HARRISON AND INKSTER ROAD)","Temporary Polling Location




Handicap Accessable: 
"
WAYNE COUNTY,INKSTER CITY ,     PRECINCT 3-2,"Permanent Polling Location
F. L. PETERSON ACAD
4000 SYLVIA
INKSTER MI 48141

Handicap Accessable:
Y
","Temporary Polling Location




Handicap Accessable: 
"
WAYNE COUNTY,INKSTER CITY ,     PRECINCT 4-1,"Permanent Polling Location
AMERICAN INTERNATIONAL ACADEMY
27100 AVONDALE ST.
INKSTER MI 48141

Handicap Accessable:
Y
(INKSTER RD/AVONDALE)","Temporary Polling Location




Handicap Accessable: 
"
WAYNE COUNTY,INKSTER CITY ,     PRECINCT 4-2,"Permanent Polling Location
AMERICAN INTERNATIONAL ACADEMY
27100 AVONDALE ST.
INKSTER MI 48141

Handicap Accessable:
Y
(INKSTER RD/AVONDALE)","Temporary Polling Location




Handicap Accessable: 
"
WAYNE COUNTY,INKSTER CITY ,     PRECINCT 5-1,"Permanent Polling Location
TOMLINSON SCHOOL
25912 ANNAPOLIS
INKSTER MI 48141

Handicap Accessable:
Y
","Temporary Polling Location




Handicap Accessable: 
"
WAYNE COUNTY,INKSTER CITY ,     PRECINCT 6-1,"Permanent Polling Location
REC. COMPLEX (GYM)
2025 MIDDLEBELT
INKSTER MI 48141

Handicap Accessable:
Y
","Temporary Polling Location




Handicap Accessable: 
"
WAYNE COUNTY,INKSTER CITY ,     PRECINCT 6-2,"Permanent Polling Location
DALY SCHOOL
25824 MICHIGAN AVENUE
INKSTER MI 48141

Handicap Accessable:
Y
","Temporary Polling Location




Handicap Accessable: 
"
WAYNE COUNTY,LINCOLN PARK CITY ,     PRECINCT 1,"Permanent Polling Location
PAUN SCHOOL
2821 BAILEY
LINCOLN PARK MI 48146

Handicap Accessable:
Y
(2821 BAILEY @ DIX)","Temporary Polling Location




Handicap Accessable: 
"
WAYNE COUNTY,LINCOLN PARK CITY ,     PRECINCT 3,"Permanent Polling Location
RAUPP SCHOOL
1351 ETHEL
LINCOLN PARK MI 48146

Handicap Accessable:
Y
(ETHEL @ CICOTTE)","Temporary Polling Location




Handicap Accessable: 
"
WAYNE COUNTY,LINCOLN PARK CITY ,     PRECINCT 5,"Permanent Polling Location
FOOTE SCHOOL
3250 ABBOTT
LINCOLN PARK MI 48146

Handicap Accessable:
Y
(ABBOTT@MERRILL)","Temporary Polling Location




Handicap Accessable: 
"
WAYNE COUNTY,LINCOLN PARK CITY ,     PRECINCT 7,"Permanent Polling Location
KENNEDY MEMORIAL BUILDING
3240 FERRIS
LINCOLN PARK MI 48146

Handicap Accessable:
Y
(3240 FERRIS @ LONDON)","Temporary Polling Location




Handicap Accessable: 
"
WAYNE COUNTY,LINCOLN PARK CITY ,     PRECINCT 9,"Permanent Polling Location
HOOVER SCHOOL
3750 HOWARD
LINCOLN PARK MI 48146

Handicap Accessable:
Y
(3750 HOWARD @ RIVERBANK)","Temporary Polling Location




Handicap Accessable: 
"
WAYNE COUNTY,LINCOLN PARK CITY ,     PRECINCT 11,"Permanent Polling Location
CARR SCHOOL
3901 FERRIS
LINCOLN PARK MI 48146

Handicap Accessable:
Y
(FERRIS @ LEBLANC)","Temporary Polling Location




Handicap Accessable: 
"
WAYNE COUNTY,LIVONIA CITY ,     PRECINCT 1,"Permanent Polling Location
CLARENCEVILLE HS
20155 MIDDLEBELT
LIVONIA MI 48152

Handicap Accessable:
Y
","Temporary Polling Location




Handicap Accessable: 
"
WAYNE COUNTY,LIVONIA CITY ,     PRECINCT 2,"Permanent Polling Location
CLARENCEVILLE HS
20155 MIDDLEBELT
LIVONIA MI 48152

Handicap Accessable:
Y
","Temporary Polling Location




Handicap Accessable: 
"
WAYNE COUNTY,LIVONIA CITY ,     PRECINCT 3,"Permanent Polling Location
WEBSTER  SCHOOL
32401 PEMBROKE
LIVONIA MI 48152

Handicap Accessable:
Y
","Temporary Polling Location




Handicap Accessable: 
"
WAYNE COUNTY,LIVONIA CITY ,     PRECINCT 4,"Permanent Polling Location
WEBSTER  SCHOOL
32401 PEMBROKE
LIVONIA MI 48152

Handicap Accessable:
Y
","Temporary Polling Location




Handicap Accessable: 
"
WAYNE COUNTY,LIVONIA CITY ,     PRECINCT 5,"Permanent Polling Location
HOLMES SCHOOL
16200 NEWBURGH
LIVONIA MI 48154

Handicap Accessable:
Y
","Temporary Polling Location




Handicap Accessable: 
"
WAYNE COUNTY,LIVONIA CITY ,     PRECINCT 6,"Permanent Polling Location
HOLMES SCHOOL
16200 NEWBURGH
LIVONIA MI 48154

Handicap Accessable:
Y
","Temporary Polling Location




Handicap Accessable: 
"
WAYNE COUNTY,LIVONIA CITY ,     PRECINCT 7,"Permanent Polling Location
HOOVER SCHOOL
15900 LEVAN
LIVONIA MI 48154

Handicap Accessable:
Y
","Temporary Polling Location




Handicap Accessable: 
"
WAYNE COUNTY,LIVONIA CITY ,     PRECINCT 8,"Permanent Polling Location
RILEY SCHOOL
15555 HENRY RUFF
LIVONIA MI 48154

Handicap Accessable:
Y
","Temporary Polling Location




Handicap Accessable: 
"
WAYNE COUNTY,LIVONIA CITY ,     PRECINCT 9,"Permanent Polling Location
COOLIDGE SCHOOL
30500 CURTIS
LIVONIA MI 48152

Handicap Accessable:
Y
","Temporary Polling Location




Handicap Accessable: 
"
WAYNE COUNTY,LIVONIA CITY ,     PRECINCT 10,"Permanent Polling Location
RILEY SCHOOL
15555 HENRY RUFF
LIVONIA MI 48154

Handicap Accessable:
Y
","Temporary Polling Location




Handicap Accessable: 
"
WAYNE COUNTY,LIVONIA CITY ,     PRECINCT 11,"Permanent Polling Location
BUCHANAN SCHOOL
16400 HUBBARD
LIVONIA MI 48154

Handicap Accessable:
Y
","Temporary Polling Location




Handicap Accessable: 
"
WAYNE COUNTY,LIVONIA CITY ,     PRECINCT 12,"Permanent Polling Location
FROST SCHOOL
14041 STARK ROAD
LIVONIA MI 48154

Handicap Accessable:
Y
","Temporary Polling Location




Handicap Accessable: 
"
WAYNE COUNTY,LIVONIA CITY ,     PRECINCT 13,"Permanent Polling Location
HOLMES SCHOOL
16200 NEWBURGH
LIVONIA MI 48154

Handicap Accessable:
Y
","Temporary Polling Location




Handicap Accessable: 
"
WAYNE COUNTY,LIVONIA CITY ,     PRECINCT 14,"Permanent Polling Location
RANDOLPH SCHOOL
14470 NORMAN
LIVONIA MI 48154

Handicap Accessable:
Y
","Temporary Polling Location




Handicap Accessable: 
"
WAYNE COUNTY,LIVONIA CITY ,     PRECINCT 15,"Permanent Polling Location
FROST SCHOOL
14041 STARK ROAD
LIVONIA MI 48154

Handicap Accessable:
Y
","Temporary Polling Location




Handicap Accessable: 
"
WAYNE COUNTY,LIVONIA CITY ,     PRECINCT 16,"Permanent Polling Location
KENNEDY SCHOOL
14201 HUBBARD
LIVONIA MI 48154

Handicap Accessable:
Y
","Temporary Polling Location




Handicap Accessable: 
"
WAYNE COUNTY,LIVONIA CITY ,     PRECINCT 17,"Permanent Polling Location
ROOSEVELT SCHOOL
30200 LYNDON
LIVONIA MI 48154

Handicap Accessable:
Y
","Temporary Polling Location




Handicap Accessable: 
"
WAYNE COUNTY,LIVONIA CITY ,     PRECINCT 18,"Permanent Polling Location
RILEY SCHOOL
15555 HENRY RUFF
LIVONIA MI 48154

Handicap Accessable:
Y
","Temporary Polling Location




Handicap Accessable: 
"
WAYNE COUNTY,LIVONIA CITY ,     PRECINCT 19,"Permanent Polling Location
EMERSON SCHOOL
29100 W CHICAGO
LIVONIA MI 48150

Handicap Accessable:
Y
","Temporary Polling Location




Handicap Accessable: 
"
WAYNE COUNTY,LIVONIA CITY ,     PRECINCT 20,"Permanent Polling Location
EMERSON SCHOOL
29100 W CHICAGO
LIVONIA MI 48150

Handicap Accessable:
Y
","Temporary Polling Location




Handicap Accessable: 
"
WAYNE COUNTY,LIVONIA CITY ,     PRECINCT 21,"Permanent Polling Location
EMERSON SCHOOL
29100 W CHICAGO
LIVONIA MI 48150

Handicap Accessable:
Y
","Temporary Polling Location




Handicap Accessable: 
"
WAYNE COUNTY,LIVONIA CITY ,     PRECINCT 22,"Permanent Polling Location
GRANT SCHOOL
9300 HUBBARD
LIVONIA MI 48150

Handicap Accessable:
Y
","Temporary Polling Location




Handicap Accessable: 
"
WAYNE COUNTY,LIVONIA CITY ,     PRECINCT 23,"Permanent Polling Location
GRANT SCHOOL
9300 HUBBARD
LIVONIA MI 48150

Handicap Accessable:
Y
","Temporary Polling Location




Handicap Accessable: 
"
WAYNE COUNTY,LIVONIA CITY ,     PRECINCT 24,"Permanent Polling Location
GRANT SCHOOL
9300 HUBBARD
LIVONIA MI 48150

Handicap Accessable:
Y
","Temporary Polling Location




Handicap Accessable: 
"
WAYNE COUNTY,LIVONIA CITY ,     PRECINCT 25,"Permanent Polling Location
ROSEDALE SCHOOL
36651 ANN ARBOR TRAIL
LIVONIA MI 48150

Handicap Accessable:
Y
","Temporary Polling Location




Handicap Accessable: 
"
WAYNE COUNTY,LIVONIA CITY ,     PRECINCT 26,"Permanent Polling Location
ROSEDALE SCHOOL
36651 ANN ARBOR TRAIL
LIVONIA MI 48150

Handicap Accessable:
Y
","Temporary Polling Location




Handicap Accessable: 
"
WAYNE COUNTY,MELVINDALE CITY ,     PRECINCT 1,"Permanent Polling Location
ALLENDALE ELEMENTARY
3201 OAKWOOD BLVD
MELVINDALE MI 48122

Handicap Accessable:
Y
(IN THE GYMNASIUM - ENTER AT BACK OF SCHOOL)","Temporary Polling Location




Handicap Accessable: 
"
WAYNE COUNTY,MELVINDALE CITY ,     PRECINCT 2,"Permanent Polling Location
MELV CIVIC CENTER
4300 SOUTH DEARBORN ST.
MELVINDALE MI 48122

Handicap Accessable:
Y
(IN THE MELVINDALE COMMUNITY EVENTS CENTER)","Temporary Polling Location




Handicap Accessable: 
"
WAYNE COUNTY,MELVINDALE CITY ,     PRECINCT 3,"Permanent Polling Location
ALLENDALE ELEMENTARY
3201 OAKWOOD BLVD
MELVINDALE MI 48122

Handicap Accessable:
Y
(IN THE GYMNASIUM - ENTER AT BACK OF SCHOOL)","Temporary Polling Location




Handicap Accessable: 
"
WAYNE COUNTY,MELVINDALE CITY ,     PRECINCT 4,"Permanent Polling Location
ALLENDALE ELEMENTARY
3201 OAKWOOD BLVD
MELVINDALE MI 48122

Handicap Accessable:
Y
(IN THE GYMNASIUM - ENTER AT BACK OF SCHOOL)","Temporary Polling Location




Handicap Accessable: 
"
WAYNE COUNTY,MELVINDALE CITY ,     PRECINCT 5,"Permanent Polling Location
MELV CIVIC CENTER
4300 SOUTH DEARBORN ST.
MELVINDALE MI 48122

Handicap Accessable:
Y
(IN THE MELVINDALE COMMUNITY EVENTS CENTER)","Temporary Polling Location




Handicap Accessable: 
"
WAYNE COUNTY,NORTHVILLE CITY ,     PRECINCT 1,"Permanent Polling Location
COMMUNITY CENTER
303 W. MAIN STREET
NORTHVILLE MI 48167

Handicap Accessable:
N
","Temporary Polling Location




Handicap Accessable: 
"
WAYNE COUNTY,NORTHVILLE CITY ,     PRECINCT 2,"Permanent Polling Location
HILLSIDE MIDDLE SCHOOL
 775 N. CENTER STREET
NORTHVILLE MI 48167

Handicap Accessable:
Y
","Temporary Polling Location




Handicap Accessable: 
"
WAYNE COUNTY,NORTHVILLE TOWNSHIP ,     PRECINCT 1,"Permanent Polling Location
RIDGE WOOD ELEM SCHL
49775 SIX MILE ROAD
NORTHVILLE MI 48168

Handicap Accessable:
Y
(SOUTHWEST CORNER OF SIX MILE AND RIDGE)","Temporary Polling Location




Handicap Accessable: 
"
WAYNE COUNTY,NORTHVILLE TOWNSHIP ,     PRECINCT 2,"Permanent Polling Location
RIDGE WOOD ELEM SCHL
49775 SIX MILE ROAD
NORTHVILLE MI 48168

Handicap Accessable:
Y
(SOUTHWEST CORNER OF SIX MILE AND RIDGE)","Temporary Polling Location




Handicap Accessable: 
"
WAYNE COUNTY,NORTHVILLE TOWNSHIP ,     PRECINCT 3,"Permanent Polling Location
NORTHVILLE HIGH SCHL
45700 SIX MILE
NORTHVILLE MI 48168

Handicap Accessable:
Y
(SIX MILE BETWEEN SHELDON AND BECK)","Temporary Polling Location




Handicap Accessable: 
"
WAYNE COUNTY,NORTHVILLE TOWNSHIP ,     PRECINCT 4,"Permanent Polling Location
NORTHVILLE HIGH SCHL
45700 SIX MILE
NORTHVILLE MI 48168

Handicap Accessable:
Y
(SIX MILE BETWEEN SHELDON AND BECK)","Temporary Polling Location




Handicap Accessable: 
"
WAYNE COUNTY,NORTHVILLE TOWNSHIP ,     PRECINCT 5,"Permanent Polling Location
CHARTER TWP OF NVLLE
44405 SIX MILE RD
NORTHVILLE MI 48168

Handicap Accessable:
Y
","Temporary Polling Location




Handicap Accessable: 
"
WAYNE COUNTY,NORTHVILLE TOWNSHIP ,     PRECINCT 6,"Permanent Polling Location
WINCHESTER ELEM SCHL
16141 WINCHESTER
NORTHVILLE MI 48168

Handicap Accessable:
Y
(W OF HAGGERTY, S ON WINCHESTER BET 5 & 6 MILE ROAD)","Temporary Polling Location




Handicap Accessable: 
"
WAYNE COUNTY,NORTHVILLE TOWNSHIP ,     PRECINCT 7,"Permanent Polling Location
MEADS MILL SCHL
16700 FRANKLIN ROAD
NORTHVILLE MI 48168

Handicap Accessable:
Y
(6 MILE AND FRANKLIN ROAD E. OF NORTHVILLE ROAD)","Temporary Polling Location




Handicap Accessable: 
"
WAYNE COUNTY,NORTHVILLE TOWNSHIP ,     PRECINCT 8,"Permanent Polling Location
SILVER SPRINGS ELEM
19801 SILVER SPRING DR
NORTHVILLE MI 48167

Handicap Accessable:
Y
(WEST OF HAGGERTY BETWEEN 7 & 8 MILE ROAD)","Temporary Polling Location




Handicap Accessable: 
"
WAYNE COUNTY,NORTHVILLE TOWNSHIP ,     PRECINCT 9,"Permanent Polling Location
SILVER SPRINGS ELEM
19801 SILVER SPRING DR
NORTHVILLE MI 48167

Handicap Accessable:
Y
(WEST OF HAGGERTY BETWEEN 7 & 8 MILE ROAD)","Temporary Polling Location




Handicap Accessable: 
"
WAYNE COUNTY,NORTHVILLE TOWNSHIP ,     PRECINCT 10,"Permanent Polling Location
MEADS MILL SCHL
16700 FRANKLIN ROAD
NORTHVILLE MI 48168

Handicap Accessable:
Y
(6 MILE AND FRANKLIN ROAD E. OF NORTHVILLE ROAD)","Temporary Polling Location




Handicap Accessable: 
"
WAYNE COUNTY,PLYMOUTH CITY ,     PRECINCT 1,"Permanent Polling Location
CULTURAL CENTER-#01
525 FARMER
PLYMOUTH MI 48170

Handicap Accessable:
Y
","Temporary Polling Location




Handicap Accessable: 
"
WAYNE COUNTY,PLYMOUTH CITY ,     PRECINCT 2,"Permanent Polling Location
CULTURAL CENTER-#02
525 FARMER
PLYMOUTH MI 48170

Handicap Accessable:
Y
","Temporary Polling Location




Handicap Accessable: 
"
WAYNE COUNTY,PLYMOUTH CITY ,     PRECINCT 3,"Permanent Polling Location
CULTURAL CENTER-#03
525 FARMER
PLYMOUTH MI 48170

Handicap Accessable:
Y
","Temporary Polling Location




Handicap Accessable: 
"
WAYNE COUNTY,PLYMOUTH CITY ,     PRECINCT 4,"Permanent Polling Location
CULTURAL CENTER-#04
525 FARMER
PLYMOUTH MI 48170

Handicap Accessable:
Y
","Temporary Polling Location




Handicap Accessable: 
"
WAYNE COUNTY,PLYMOUTH TOWNSHIP ,     PRECINCT 1,"Permanent Polling Location
ST KENNETH CHURCH
14951 N HAGGERTY RD
PLYMOUTH MI 48170-2756

Handicap Accessable:
Y
","Temporary Polling Location




Handicap Accessable: 
"
WAYNE COUNTY,PLYMOUTH TOWNSHIP ,     PRECINCT 2,"Permanent Polling Location
STARKWEATHER ACADEMY AT FIEGEL
39750 JOY RD.
PLYMOUTH MI 48170

Handicap Accessable:
Y
(NORTH OFF JOY RD. BETWEEN HAGGERTY AND TAVISTOCK)","Temporary Polling Location




Handicap Accessable: 
"
WAYNE COUNTY,PLYMOUTH TOWNSHIP ,     PRECINCT 3,"Permanent Polling Location
CHURCH OF NAZARENE
45801 ANN ARBOR RD W
PLYMOUTH MI 48170-3601

Handicap Accessable:
Y
","Temporary Polling Location




Handicap Accessable: 
"
WAYNE COUNTY,PLYMOUTH TOWNSHIP ,     PRECINCT 4,"Permanent Polling Location
PRAISE COMMUNITY CHURCH
45000 N TERRITORIAL RD
PLYMOUTH MI 48170

Handicap Accessable:
Y
","Temporary Polling Location




Handicap Accessable: 
"
WAYNE COUNTY,PLYMOUTH TOWNSHIP ,     PRECINCT 5,"Permanent Polling Location
NORTHRIDGE CHURCH
49555 N TERRITORIAL
PLYMOUTH MI 48170-8200

Handicap Accessable:
Y
","Temporary Polling Location




Handicap Accessable: 
"
WAYNE COUNTY,PLYMOUTH TOWNSHIP ,     PRECINCT 6,"Permanent Polling Location
RISEN CHRIST CHURCH
46250 ANN ARBOR RD W
PLYMOUTH MI 48170-3501

Handicap Accessable:
Y
","Temporary Polling Location




Handicap Accessable: 
"
WAYNE COUNTY,REDFORD TOWNSHIP ,     PRECINCT 1,"Permanent Polling Location
BEECH ELEMENTARY
19990 BEECH DALY ROAD
REDFORD MI 48240

Handicap Accessable:
Y
","Temporary Polling Location




Handicap Accessable: 
"
WAYNE COUNTY,REDFORD TOWNSHIP ,     PRECINCT 2,"Permanent Polling Location
BEECH ELEMENTARY
19990 BEECH DALY ROAD
REDFORD MI 48240

Handicap Accessable:
Y
","Temporary Polling Location




Handicap Accessable: 
"
WAYNE COUNTY,REDFORD TOWNSHIP ,     PRECINCT 3,"Permanent Polling Location
MACGOWAN SCHOOL
18255 KINLOCH
REDFORD  MI 48240

Handicap Accessable:
Y
","Temporary Polling Location




Handicap Accessable: 
"
WAYNE COUNTY,REDFORD TOWNSHIP ,     PRECINCT 4,"Permanent Polling Location
OUR LADY OF LORETTO
25700 SIX MILE
REDFORD MI 48240

Handicap Accessable:
Y
","Temporary Polling Location




Handicap Accessable: 
"
WAYNE COUNTY,REDFORD TOWNSHIP ,     PRECINCT 5,"Permanent Polling Location




Handicap Accessable:

","Temporary Polling Location
HILBERT SCHOOL
26440 PURITAN
REDFORD MI 48240

Handicap Accessable: Y
"
WAYNE COUNTY,REDFORD TOWNSHIP ,     PRECINCT 6,"Permanent Polling Location




Handicap Accessable:

","Temporary Polling Location
COVENANT COMMUNITY CHURCH
25800 STUDENT
REDFORD MI 48239

Handicap Accessable: Y
"
WAYNE COUNTY,REDFORD TOWNSHIP ,     PRECINCT 7,"Permanent Polling Location
REDFORD TWP WELLNESS CENTER
14701 BEECH DALY
REDFORD MI 48239

Handicap Accessable:
Y
","Temporary Polling Location




Handicap Accessable: 
"
WAYNE COUNTY,REDFORD TOWNSHIP ,     PRECINCT 8,"Permanent Polling Location
THURSTON HIGH SCHOOL
26255 SCHOOLCRAFT
REDFORD MI 48239

Handicap Accessable:
Y
","Temporary Polling Location




Handicap Accessable: 
"
WAYNE COUNTY,REDFORD TOWNSHIP ,     PRECINCT 9,"Permanent Polling Location




Handicap Accessable:

","Temporary Polling Location
CHRIST CHURCH
14350 WORMER
REDFORD MI 48239

Handicap Accessable: Y
"
WAYNE COUNTY,REDFORD TOWNSHIP ,     PRECINCT 10,"Permanent Polling Location
REDFORD SENIOR & COMMUNITY CENTER
12121 HEMINGWAY
REDFORD MI 48239

Handicap Accessable:
Y
","Temporary Polling Location




Handicap Accessable: 
"
WAYNE COUNTY,REDFORD TOWNSHIP ,     PRECINCT 11,"Permanent Polling Location




Handicap Accessable:

","Temporary Polling Location
THE COMMONWEALTH OF FAITH CHURCH
27171 W CHICAGO
REDFORD MI 48239

Handicap Accessable: Y
"
WAYNE COUNTY,REDFORD TOWNSHIP ,     PRECINCT 12,"Permanent Polling Location




Handicap Accessable:

","Temporary Polling Location
PIERCE MIDDLE SCHOOL
25605 ORANGELAWN
REDFORD MI 48239

Handicap Accessable: Y
"
WAYNE COUNTY,RIVER ROUGE CITY ,     PRECINCT 1,"Permanent Polling Location
RIVER  ROUGE CITY HALL
10600 W JEFFERSON AVE
RIVER ROUGE MI 48218

Handicap Accessable:
Y
","Temporary Polling Location




Handicap Accessable: 
"
WAYNE COUNTY,RIVER ROUGE CITY ,     PRECINCT 2,"Permanent Polling Location
RIVER  ROUGE CITY HALL
10600 W JEFFERSON AVE
RIVER ROUGE MI 48218

Handicap Accessable:
Y
","Temporary Polling Location




Handicap Accessable: 
"
WAYNE COUNTY,RIVER ROUGE CITY ,     PRECINCT 3,"Permanent Polling Location
ANN VISGER SCHOOL
11121 W. JEFFERSON AVE.
RIVER ROUGE MI 48218

Handicap Accessable:
Y
","Temporary Polling Location




Handicap Accessable: 
"
WAYNE COUNTY,RIVER ROUGE CITY ,     PRECINCT 4,"Permanent Polling Location
SABBATH SCHOOL
340 FRAZIER STREET
RIVER ROUGE MI 48218

Handicap Accessable:
Y
","Temporary Polling Location




Handicap Accessable: 
"
WAYNE COUNTY,RIVER ROUGE CITY ,     PRECINCT 5,"Permanent Polling Location
WALTER WHITE SCHOOL
550 EATON STREET
RIVER ROUGE MI 48218

Handicap Accessable:
Y
","Temporary Polling Location




Handicap Accessable: 
"
WAYNE COUNTY,RIVERVIEW CITY ,     PRECINCT 1,"Permanent Polling Location
RIVERVIEW HIGH SCHOOL
12431 LONGSDORF (QUARRY ENT.)
RIVERVIEW MI 48193

Handicap Accessable:
Y
(QUARRY RD. / HORSESHOE ENTRANCE)","Temporary Polling Location




Handicap Accessable: 
"
WAYNE COUNTY,RIVERVIEW CITY ,     PRECINCT 2,"Permanent Polling Location
RIVERVIEW CITY HALL
14100 CIVIC PARK DRIVE
RIVERVIEW MI 48193

Handicap Accessable:
Y
(WILLIAMSBURG TO CIVIC PARK DRIVE)","Temporary Polling Location




Handicap Accessable: 
"
WAYNE COUNTY,RIVERVIEW CITY ,     PRECINCT 3,"Permanent Polling Location
FOREST ELEM SCHOOL
19400 HAMPTON
RIVERVIEW MI 48193

Handicap Accessable:
Y
(STONEHAM TO HAMPTON)","Temporary Polling Location




Handicap Accessable: 
"
WAYNE COUNTY,ROCKWOOD CITY ,     PRECINCT 1,"Permanent Polling Location




Handicap Accessable:

","Temporary Polling Location
ROCKWOOD CITY HALL *EARLY VOTING SITE*
32409 FORT RD
ROCKWOOD MI 48173

Handicap Accessable: Y
"
WAYNE COUNTY,ROCKWOOD CITY ,     PRECINCT 2,"Permanent Polling Location




Handicap Accessable:

","Temporary Polling Location
ROCKWOOD CITY HALL *EARLY VOTING SITE*
32409 FORT RD
ROCKWOOD MI 48173

Handicap Accessable: Y
"
WAYNE COUNTY,ROMULUS CITY ,     PRECINCT 1,"Permanent Polling Location
ROMULUS SENIOR CENTER
36525 BIBBINS
ROMULUS MI 48174

Handicap Accessable:
Y
","Temporary Polling Location




Handicap Accessable: 
"
WAYNE COUNTY,ROMULUS CITY ,     PRECINCT 2,"Permanent Polling Location
HALECREEK ELEMENTARY
16200 HARRISON
ROMULUS MI 48174

Handicap Accessable:
Y
","Temporary Polling Location




Handicap Accessable: 
"
WAYNE COUNTY,ROMULUS CITY ,     PRECINCT 3,"Permanent Polling Location
BARTH ELEMENTARY
38207 BARTH ROAD
ROMULUS MI 48174

Handicap Accessable:
Y
","Temporary Polling Location




Handicap Accessable: 
"
WAYNE COUNTY,ROMULUS CITY ,     PRECINCT 4,"Permanent Polling Location




Handicap Accessable:

","Temporary Polling Location
FMR. 34TH DISTRICT COURT BLDG
11131 WAYNE ROAD
ROMULUS MI 48174

Handicap Accessable: Y
"
WAYNE COUNTY,ROMULUS CITY ,     PRECINCT 5,"Permanent Polling Location
ROMULUS MIDDLE SCH
37300 WICK ROAD
ROMULUS MI 48174

Handicap Accessable:
Y
(WEST OF WAYNE ROAD - NEXT DOOR TO WICK ELEMENTARY )","Temporary Polling Location




Handicap Accessable: 
"
WAYNE COUNTY,ROMULUS CITY ,     PRECINCT 6,"Permanent Polling Location
WEST VILLAGE ESTATES
7040 SHAWNEE DR
ROMULUS MI 48174

Handicap Accessable:
Y
","Temporary Polling Location




Handicap Accessable: 
"
WAYNE COUNTY,ROMULUS CITY ,     PRECINCT 7,"Permanent Polling Location
ROMULUS MIDDLE SCH
37300 WICK ROAD
ROMULUS MI 48174

Handicap Accessable:
Y
(WEST OF WAYNE ROAD - NEXT DOOR TO WICK ELEMENTARY )","Temporary Polling Location




Handicap Accessable: 
"
WAYNE COUNTY,ROMULUS CITY ,     PRECINCT 8,"Permanent Polling Location
ROMULUS ELEMENTARY
32200 BEVERLY
ROMULUS MI 48174

Handicap Accessable:
Y
","Temporary Polling Location




Handicap Accessable: 
"
WAYNE COUNTY,ROMULUS CITY ,     PRECINCT 9,"Permanent Polling Location
ROMULUS ELEMENTARY
32200 BEVERLY
ROMULUS MI 48174

Handicap Accessable:
Y
","Temporary Polling Location




Handicap Accessable: 
"
WAYNE COUNTY,ROMULUS CITY ,     PRECINCT 10,"Permanent Polling Location
ROMULUS MIDDLE SCH
37300 WICK ROAD
ROMULUS MI 48174

Handicap Accessable:
Y
(WEST OF WAYNE ROAD - NEXT DOOR TO WICK ELEMENTARY )","Temporary Polling Location




Handicap Accessable: 
"
WAYNE COUNTY,SOUTHGATE CITY ,     PRECINCT 1,"Permanent Polling Location
GERISCH SCHOOL
12601 MCCANN
SOUTHGATE MI 48195

Handicap Accessable:
Y
","Temporary Polling Location




Handicap Accessable: 
"
WAYNE COUNTY,SOUTHGATE CITY ,     PRECINCT 2,"Permanent Polling Location
GERISCH SCHOOL
12601 MCCANN
SOUTHGATE MI 48195

Handicap Accessable:
Y
","Temporary Polling Location




Handicap Accessable: 
"
WAYNE COUNTY,SOUTHGATE CITY ,     PRECINCT 3,"Permanent Polling Location
DAVIDSON  SCHOOL
15800 TRENTON
SOUTHGATE MI 48195

Handicap Accessable:
Y
","Temporary Polling Location




Handicap Accessable: 
"
WAYNE COUNTY,SOUTHGATE CITY ,     PRECINCT 4,"Permanent Polling Location
DAVIDSON  SCHOOL
15800 TRENTON
SOUTHGATE MI 48195

Handicap Accessable:
Y
","Temporary Polling Location




Handicap Accessable: 
"
WAYNE COUNTY,SOUTHGATE CITY ,     PRECINCT 5,"Permanent Polling Location
CIVIC CENTER
14700 REAUME PARKWAY
SOUTHGATE MI 48195

Handicap Accessable:
Y
","Temporary Polling Location




Handicap Accessable: 
"
WAYNE COUNTY,SUMPTER TOWNSHIP ,     PRECINCT 1,"Permanent Polling Location
SUMPTER COMM CTR
23501 SUMPTER RD
BELLEVILLE MI 48111

Handicap Accessable:
Y
(CORNER OF DUNN)","Temporary Polling Location




Handicap Accessable: 
"
WAYNE COUNTY,SUMPTER TOWNSHIP ,     PRECINCT 2,"Permanent Polling Location
SUMPTER COMM CTR
23501 SUMPTER RD
BELLEVILLE MI 48111

Handicap Accessable:
Y
(CORNER OF DUNN)","Temporary Polling Location




Handicap Accessable: 
"
WAYNE COUNTY,SUMPTER TOWNSHIP ,     PRECINCT 3,"Permanent Polling Location
FIRE STATION #1
20550 SUMPTER
BELLEVILLE MI 48111

Handicap Accessable:
Y
(CORNER OF KOZMA)","Temporary Polling Location




Handicap Accessable: 
"
WAYNE COUNTY,SUMPTER TOWNSHIP ,     PRECINCT 4,"Permanent Polling Location
FIRE STATION #1
20550 SUMPTER
BELLEVILLE MI 48111

Handicap Accessable:
Y
(CORNER OF KOZMA)","Temporary Polling Location




Handicap Accessable: 
"
WAYNE COUNTY,TAYLOR CITY ,     PRECINCT 1,"Permanent Polling Location
FORD  SENIOR CENTER
6750 TROY
TAYLOR MI 48180

Handicap Accessable:
Y
","Temporary Polling Location




Handicap Accessable: 
"
WAYNE COUNTY,TAYLOR CITY ,     PRECINCT 2,"Permanent Polling Location
FORD  SENIOR CENTER
6750 TROY
TAYLOR MI 48180

Handicap Accessable:
Y
","Temporary Polling Location




Handicap Accessable: 
"
WAYNE COUNTY,TAYLOR CITY ,     PRECINCT 3,"Permanent Polling Location
FORD  SENIOR CENTER
6750 TROY
TAYLOR MI 48180

Handicap Accessable:
Y
","Temporary Polling Location




Handicap Accessable: 
"
WAYNE COUNTY,TAYLOR CITY ,     PRECINCT 4,"Permanent Polling Location
TAYLOR HIGH SCHOOL
11211 BEECH DALY
TAYLOR MI 48180

Handicap Accessable:
Y
","Temporary Polling Location




Handicap Accessable: 
"
WAYNE COUNTY,TAYLOR CITY ,     PRECINCT 5,"Permanent Polling Location
TAYLOR HIGH SCHOOL
11211 BEECH DALY
TAYLOR MI 48180

Handicap Accessable:
Y
","Temporary Polling Location




Handicap Accessable: 
"
WAYNE COUNTY,TAYLOR CITY ,     PRECINCT 6,"Permanent Polling Location
TAYLOR HIGH SCHOOL
11211 BEECH DALY
TAYLOR MI 48180

Handicap Accessable:
Y
","Temporary Polling Location




Handicap Accessable: 
"
WAYNE COUNTY,TAYLOR CITY ,     PRECINCT 7,"Permanent Polling Location
BLAIR  MOODY SCHOOL
8280 HIPP
TAYLOR MI 48180

Handicap Accessable:
Y
","Temporary Polling Location




Handicap Accessable: 
"
WAYNE COUNTY,TAYLOR CITY ,     PRECINCT 8,"Permanent Polling Location
BLAIR  MOODY SCHOOL
8280 HIPP
TAYLOR MI 48180

Handicap Accessable:
Y
","Temporary Polling Location




Handicap Accessable: 
"
WAYNE COUNTY,TAYLOR CITY ,     PRECINCT 9,"Permanent Polling Location
WEST JUNIOR  HIGH
10575 WILLIAM
TAYLOR MI 48180

Handicap Accessable:
Y
","Temporary Polling Location




Handicap Accessable: 
"
WAYNE COUNTY,TAYLOR CITY ,     PRECINCT 10,"Permanent Polling Location
WEST JUNIOR  HIGH
10575 WILLIAM
TAYLOR MI 48180

Handicap Accessable:
Y
","Temporary Polling Location




Handicap Accessable: 
"
WAYNE COUNTY,TAYLOR CITY ,     PRECINCT 11,"Permanent Polling Location
WEST JUNIOR  HIGH
10575 WILLIAM
TAYLOR MI 48180

Handicap Accessable:
Y
","Temporary Polling Location




Handicap Accessable: 
"
WAYNE COUNTY,TAYLOR CITY ,     PRECINCT 12,"Permanent Polling Location
TAYLOR SPORTSPLEX
13333 TELEGRAPH RD
TAYLOR MI 48180

Handicap Accessable:
Y
","Temporary Polling Location




Handicap Accessable: 
"
WAYNE COUNTY,TAYLOR CITY ,     PRECINCT 13,"Permanent Polling Location
TAYLOR SPORTSPLEX
13333 TELEGRAPH RD
TAYLOR MI 48180

Handicap Accessable:
Y
","Temporary Polling Location




Handicap Accessable: 
"
WAYNE COUNTY,TAYLOR CITY ,     PRECINCT 14,"Permanent Polling Location
TAYLOR SPORTSPLEX
13333 TELEGRAPH RD
TAYLOR MI 48180

Handicap Accessable:
Y
","Temporary Polling Location




Handicap Accessable: 
"
WAYNE COUNTY,TAYLOR CITY ,     PRECINCT 15,"Permanent Polling Location
TAYLOR SPORTSPLEX
13333 TELEGRAPH RD
TAYLOR MI 48180

Handicap Accessable:
Y
","Temporary Polling Location




Handicap Accessable: 
"
WAYNE COUNTY,TRENTON CITY ,     PRECINCT 1,"Permanent Polling Location
TRENTON CITY HALL
2800 THIRD ST
TRENTON MI 48183

Handicap Accessable:
Y
","Temporary Polling Location




Handicap Accessable: 
"
WAYNE COUNTY,TRENTON CITY ,     PRECINCT 2,"Permanent Polling Location
WESTFIELD CENTER
2700 WESTFIELD RD
TRENTON MI 48183

Handicap Accessable:
Y
","Temporary Polling Location




Handicap Accessable: 
"
WAYNE COUNTY,TRENTON CITY ,     PRECINCT 3,"Permanent Polling Location
WESTFIELD CENTER
2700 WESTFIELD RD
TRENTON MI 48183

Handicap Accessable:
Y
","Temporary Polling Location




Handicap Accessable: 
"
WAYNE COUNTY,TRENTON CITY ,     PRECINCT 4,"Permanent Polling Location
WESTFIELD CENTER
2700 WESTFIELD RD
TRENTON MI 48183

Handicap Accessable:
Y
","Temporary Polling Location




Handicap Accessable: 
"
WAYNE COUNTY,VAN BUREN TOWNSHIP ,     PRECINCT 1,"Permanent Polling Location
TOWNSHIP HALL
46425 TYLER RD.
VAN BUREN TWP MI 48111

Handicap Accessable:
Y
(N OF 1-94 W OF BELLEVILLE RD)","Temporary Polling Location




Handicap Accessable: 
"
WAYNE COUNTY,VAN BUREN TOWNSHIP ,     PRECINCT 2,"Permanent Polling Location
TOWNSHIP HALL
46425 TYLER RD.
VAN BUREN TWP MI 48111

Handicap Accessable:
Y
(N OF 1-94 W OF BELLEVILLE RD)","Temporary Polling Location




Handicap Accessable: 
"
WAYNE COUNTY,VAN BUREN TOWNSHIP ,     PRECINCT 3,"Permanent Polling Location
WAYNE CO COM COLLEGE
9555 HAGGERTY ROAD
VAN BUREN TWP MI 48111

Handicap Accessable:
Y
","Temporary Polling Location




Handicap Accessable: 
"
WAYNE COUNTY,VAN BUREN TOWNSHIP ,     PRECINCT 4,"Permanent Polling Location
WAYNE CO COM COLLEGE
9555 HAGGERTY ROAD
VAN BUREN TWP MI 48111

Handicap Accessable:
Y
","Temporary Polling Location




Handicap Accessable: 
"
WAYNE COUNTY,VAN BUREN TOWNSHIP ,     PRECINCT 5,"Permanent Polling Location
WAYNE CO COM COLLEGE
9555 HAGGERTY ROAD
VAN BUREN TWP MI 48111

Handicap Accessable:
Y
","Temporary Polling Location




Handicap Accessable: 
"
WAYNE COUNTY,VAN BUREN TOWNSHIP ,     PRECINCT 6,"Permanent Polling Location
WAYNE CO COM COLLEGE
9555 HAGGERTY ROAD
VAN BUREN TWP MI 48111

Handicap Accessable:
Y
","Temporary Polling Location




Handicap Accessable: 
"
WAYNE COUNTY,VAN BUREN TOWNSHIP ,     PRECINCT 7,"Permanent Polling Location
TOWNSHIP HALL
46425 TYLER RD.
VAN BUREN TWP MI 48111

Handicap Accessable:
Y
(N OF 1-94 W OF BELLEVILLE RD)","Temporary Polling Location




Handicap Accessable: 
"
WAYNE COUNTY,WAYNE CITY ,     PRECINCT 1,"Permanent Polling Location
HYPE ATHLETICS
4635 HOWE RD.
WAYNE MI 48184

Handicap Accessable:
Y
","Temporary Polling Location




Handicap Accessable: 
"
WAYNE COUNTY,WAYNE CITY ,     PRECINCT 2,"Permanent Polling Location
HYPE ATHLETICS
4635 HOWE RD.
WAYNE MI 48184

Handicap Accessable:
Y
","Temporary Polling Location




Handicap Accessable: 
"
WAYNE COUNTY,WAYNE CITY ,     PRECINCT 3,"Permanent Polling Location
HYPE ATHLETICS
4635 HOWE RD.
WAYNE MI 48184

Handicap Accessable:
Y
","Temporary Polling Location




Handicap Accessable: 
"
WAYNE COUNTY,WESTLAND CITY ,     PRECINCT 1,"Permanent Polling Location
HELLENIC CENTER
36375 JOY
WESTLAND MI 48185

Handicap Accessable:
Y
(JOY BETWEEN WAYNE & NEWBURGH)","Temporary Polling Location




Handicap Accessable: 
"
WAYNE COUNTY,WESTLAND CITY ,     PRECINCT 2,"Permanent Polling Location
HELLENIC CENTER
36375 JOY
WESTLAND MI 48185

Handicap Accessable:
Y
(JOY BETWEEN WAYNE & NEWBURGH)","Temporary Polling Location




Handicap Accessable: 
"
WAYNE COUNTY,WESTLAND CITY ,     PRECINCT 3,"Permanent Polling Location
HOLLIDAY PK CLUBHOUS
34850 FOUNTAIN BLVD
WESTLAND MI 48185

Handicap Accessable:
Y
(HOL PK TOWNHOUSES,OFF WAYNE, N OF WARREN)","Temporary Polling Location




Handicap Accessable: 
"
WAYNE COUNTY,WESTLAND CITY ,     PRECINCT 4,"Permanent Polling Location
COOPER SCHOOL
28550 ANN ARBOR TRAIL
WESTLAND MI 48185

Handicap Accessable:
Y
(A2 RUNS E-W N OF JOY SCHL BET MIDD&INKST)","Temporary Polling Location




Handicap Accessable: 
"
WAYNE COUNTY,WESTLAND CITY ,     PRECINCT 5,"Permanent Polling Location
COOPER SCHOOL
28550 ANN ARBOR TRAIL
WESTLAND MI 48185

Handicap Accessable:
Y
(A2 RUNS E-W N OF JOY SCHL BET MIDD&INKST)","Temporary Polling Location




Handicap Accessable: 
"
WAYNE COUNTY,WESTLAND CITY ,     PRECINCT 6,"Permanent Polling Location
WESTLAND FREE METHODIST CHURCH
33445 WARREN RD
WESTLAND MI 48185

Handicap Accessable:
Y
","Temporary Polling Location




Handicap Accessable: 
"
WAYNE COUNTY,WESTLAND CITY ,     PRECINCT 7,"Permanent Polling Location
WESTLAND FREE METHODIST CHURCH
33445 WARREN RD
WESTLAND MI 48185

Handicap Accessable:
Y
","Temporary Polling Location




Handicap Accessable: 
"
WAYNE COUNTY,WESTLAND CITY ,     PRECINCT 8,"Permanent Polling Location
WESTLAND LIBRARY
6123 CENTRAL CITY PARKWAY
WESTLAND MI 48185

Handicap Accessable:
Y
","Temporary Polling Location




Handicap Accessable: 
"
WAYNE COUNTY,WESTLAND CITY ,     PRECINCT 9,"Permanent Polling Location
WESTLAND LIBRARY
6123 CENTRAL CITY PARKWAY
WESTLAND MI 48185

Handicap Accessable:
Y
","Temporary Polling Location




Handicap Accessable: 
"
WAYNE COUNTY,WESTLAND CITY ,     PRECINCT 10,"Permanent Polling Location
WESTLAND FRIENDSHIP CENTER
1119 NEWBURGH
WESTLAND MI 48185

Handicap Accessable:
Y
","Temporary Polling Location




Handicap Accessable: 
"
WAYNE COUNTY,WESTLAND CITY ,     PRECINCT 11,"Permanent Polling Location
WESTLAND FRIENDSHIP CENTER
1119 NEWBURGH
WESTLAND MI 48185

Handicap Accessable:
Y
","Temporary Polling Location




Handicap Accessable: 
"
WAYNE COUNTY,WESTLAND CITY ,     PRECINCT 12,"Permanent Polling Location
DYER SOC SVC CENTER
36745 MARQUETTE
WESTLAND MI 48185

Handicap Accessable:
Y
(MARQUETTE BETW WAYNE & NEWBURGH)","Temporary Polling Location




Handicap Accessable: 
"
WAYNE COUNTY,WESTLAND CITY ,     PRECINCT 13,"Permanent Polling Location
DYER SOC SVC CENTER
36745 MARQUETTE
WESTLAND MI 48185

Handicap Accessable:
Y
(MARQUETTE BETW WAYNE & NEWBURGH)","Temporary Polling Location




Handicap Accessable: 
"
WAYNE COUNTY,WESTLAND CITY ,     PRECINCT 14,"Permanent Polling Location
ST. JOHN'S EPISCOPAL CHURCH
555 S. WAYNE ROAD
WESTLAND MI 48186

Handicap Accessable:
Y
(WAYNE ROAD JUST SOUTH OF CHERRY HILL ROAD)","Temporary Polling Location




Handicap Accessable: 
"
WAYNE COUNTY,WESTLAND CITY ,     PRECINCT 15,"Permanent Polling Location
ST. JOHN'S EPISCOPAL CHURCH
555 S. WAYNE ROAD
WESTLAND MI 48186

Handicap Accessable:
Y
(WAYNE ROAD JUST SOUTH OF CHERRY HILL ROAD)","Temporary Polling Location




Handicap Accessable: 
"
WAYNE COUNTY,WESTLAND CITY ,     PRECINCT 16,"Permanent Polling Location
JEFFERSON BARNS COMMUNITY CENTER
32150 DORSEY
WESTLAND MI 48186

Handicap Accessable:
Y
","Temporary Polling Location




Handicap Accessable: 
"
WAYNE COUNTY,WESTLAND CITY ,     PRECINCT 17,"Permanent Polling Location
JEFFERSON BARNS COMMUNITY CENTER
32150 DORSEY
WESTLAND MI 48186

Handicap Accessable:
Y
","Temporary Polling Location




Handicap Accessable: 
"
WAYNE COUNTY,WESTLAND CITY ,     PRECINCT 28,"Permanent Polling Location
CHRIST TEMPLE APOSTOLIC FAITH CHURCH
29124 ETON STREET
WESTLAND MI 48186

Handicap Accessable:
Y
","Temporary Polling Location




Handicap Accessable: 
"
WAYNE COUNTY,WOODHAVEN CITY ,     PRECINCT 1,"Permanent Polling Location
BATES ELEM
22811 GUDITH RD
WOODHAVEN MI 48183

Handicap Accessable:
Y
","Temporary Polling Location




Handicap Accessable: 
"
WAYNE COUNTY,WOODHAVEN CITY ,     PRECINCT 2,"Permanent Polling Location
GIBRALTAR SCH BD OFC
19370 VREELAND RD
WOODHAVEN MI 48183

Handicap Accessable:
Y
","Temporary Polling Location




Handicap Accessable: 
"
WAYNE COUNTY,WOODHAVEN CITY ,     PRECINCT 3,"Permanent Polling Location
WOODHAVEN COMM. CTR.
23101 HALL RD
WOODHAVEN MI 48183

Handicap Accessable:
Y
","Temporary Polling Location




Handicap Accessable: 
"
WAYNE COUNTY,WOODHAVEN CITY ,     PRECINCT 4,"Permanent Polling Location
YAKE ELEM
16400 CARTER RD
WOODHAVEN MI 48183

Handicap Accessable:
Y
","Temporary Polling Location




Handicap Accessable: 
"
WAYNE COUNTY,WYANDOTTE CITY ,     PRECINCT 1,"Permanent Polling Location
COPELAND CENTER
2306 FOURTH
WYANDOTTE MI 48192

Handicap Accessable:
Y
(FOURTH & MULBERRY)","Temporary Polling Location




Handicap Accessable: 
"
WAYNE COUNTY,WYANDOTTE CITY ,     PRECINCT 2,"Permanent Polling Location
COPELAND CENTER
2306 FOURTH
WYANDOTTE MI 48192

Handicap Accessable:
Y
(FOURTH & MULBERRY)","Temporary Polling Location




Handicap Accessable: 
"
WAYNE COUNTY,WYANDOTTE CITY ,     PRECINCT 3,"Permanent Polling Location
WYANDOTTE F.O.P. 111
822 OAK ST
WYANDOTTE MI 48192

Handicap Accessable:
Y
(OAK STREET BETWEEN THE RAILROAD TRACKS AND 9TH ST)","Temporary Polling Location




Handicap Accessable: 
"
WAYNE COUNTY,WYANDOTTE CITY ,     PRECINCT 4,"Permanent Polling Location
PRCUA HALL
1430 OAK STREET
WYANDOTTE MI 48192

Handicap Accessable:
Y
(OAK ST BETWEEN 14TH & 15TH )","Temporary Polling Location




Handicap Accessable: 
"
WAYNE COUNTY,WYANDOTTE CITY ,     PRECINCT 5,"Permanent Polling Location
VFW
633 FORD AVENUE
WYANDOTTE MI 48192

Handicap Accessable:
Y
","Temporary Polling Location




Handicap Accessable: 
"
WEXFORD COUNTY,ANTIOCH TOWNSHIP ,     PRECINCT 1,"Permanent Polling Location
ANTIOCH TWP HALL
4490 N 19 RD, MESICK
MESICK MI 49668

Handicap Accessable:
Y
(NORTH 19 ROAD JUST SOUTH OF M-42)","Temporary Polling Location




Handicap Accessable: 
"
WEXFORD COUNTY,BOON TOWNSHIP ,     PRECINCT 1,"Permanent Polling Location
BOON TWP FIREHALL
204 S MYRTLE ST, BOON
BOON MI 49618

Handicap Accessable:
Y
(FIREHALL,SW SIDE OF BOON)","Temporary Polling Location




Handicap Accessable: 
"
WEXFORD COUNTY,CADILLAC CITY ,     PRECINCT 1,"Permanent Polling Location
CAD COMMUNITY CEN
601 CHESTNUT STREET
CADILLAC MI 49601

Handicap Accessable:
Y
","Temporary Polling Location




Handicap Accessable: 
"
WEXFORD COUNTY,CADILLAC CITY ,     PRECINCT 2,"Permanent Polling Location
MUNICIPAL COMPLEX
200 N. LAKE STREET
CADILLAC MI 49601

Handicap Accessable:
Y
","Temporary Polling Location




Handicap Accessable: 
"
WEXFORD COUNTY,CADILLAC CITY ,     PRECINCT 3,"Permanent Polling Location
CAD/WEX LIBRARY
411 S. LAKE STREET
CADILLAC MI 49601

Handicap Accessable:
Y
","Temporary Polling Location




Handicap Accessable: 
"
WEXFORD COUNTY,CEDAR CREEK TOWNSHIP ,     PRECINCT 1,"Permanent Polling Location
CEDAR CREEK TWP HALL
2530 N 41 1/2 RD, MANTON
MANTON MI 49663

Handicap Accessable:
Y
(20 1/2 ROAD W/OF US 131;S OF MANTON/CORN 41 1/2 &)","Temporary Polling Location




Handicap Accessable: 
"
WEXFORD COUNTY,CHERRY GROVE TOWNSHIP ,     PRECINCT 1,"Permanent Polling Location
CHERRYGROVE FIREHALL
4830 E M-55
CADILLAC MI 49601

Handicap Accessable:
Y
(W OF M-115)","Temporary Polling Location




Handicap Accessable: 
"
WEXFORD COUNTY,CLAM LAKE TOWNSHIP ,     PRECINCT 1,"Permanent Polling Location
CLAM LAKE TWP HALL
8809 E M115, CADILLAC
CADILLAC MI 49601

Handicap Accessable:
Y
","Temporary Polling Location




Handicap Accessable: 
"
WEXFORD COUNTY,COLFAX TOWNSHIP ,     PRECINCT 1,"Permanent Polling Location
COLFAX TOWNSHIP HALL
4964 N 31 RD, MANTON
MANTON MI 49663

Handicap Accessable:
Y
(SOUTHEAST CORNER OF 29 & 20 ROADS)","Temporary Polling Location




Handicap Accessable: 
"
WEXFORD COUNTY,GREENWOOD TOWNSHIP ,     PRECINCT 1,"Permanent Polling Location
GREENWOOD TWP HALL
6761 N 35 RD, MANTON
MANTON MI 49663

Handicap Accessable:
Y
(NORTHWEST CORNER OF 12 1/2 & 35 ROAD)","Temporary Polling Location




Handicap Accessable: 
"
WEXFORD COUNTY,HANOVER TOWNSHIP ,     PRECINCT 1,"Permanent Polling Location
HANOVER TWP HALL
203 N 2ND ST, BUCKLEY
BUCKLEY MI 49620

Handicap Accessable:
Y
(EAST OF THE HONOR BANK)","Temporary Polling Location




Handicap Accessable: 
"
WEXFORD COUNTY,HARING TOWNSHIP ,     PRECINCT 1,"Permanent Polling Location
HARING TWP HALL
515 BELL AVE, CADILLAC
CADILLAC MI 49601

Handicap Accessable:
Y
(EAST OF US 131 ON BELL AVENUE)","Temporary Polling Location




Handicap Accessable: 
"
WEXFORD COUNTY,HENDERSON TOWNSHIP ,     PRECINCT 1,"Permanent Polling Location
HENDERSON TWP HALL
2076 W 46 RD, CADILLAC
CADILLAC MI 49601

Handicap Accessable:
Y
(NORTHWEST CORNER OF 46&21 ROAD,S OF M-55)","Temporary Polling Location




Handicap Accessable: 
"
WEXFORD COUNTY,LIBERTY TOWNSHIP ,     PRECINCT 1,"Permanent Polling Location
LIBERTY TWP HALL
7478 N 41 RD, MANTON
MANTON MI 49663

Handicap Accessable:
Y
(EAST SIDE OF 41 ROAD, SOUTH OF 10 ROAD)","Temporary Polling Location




Handicap Accessable: 
"
WEXFORD COUNTY,MANTON CITY ,     PRECINCT 1,"Permanent Polling Location
MANTON PUBLIC LIBRARY
603 STATE ST, MANTON
MANTON MI 49663

Handicap Accessable:
Y
(MANTON PUBLIC LIBRARY IN MANTON ON STATE ST.)","Temporary Polling Location




Handicap Accessable: 
"
WEXFORD COUNTY,SELMA TOWNSHIP ,     PRECINCT 1,"Permanent Polling Location
SELMA TOWNSHIP HALL
4101 S 35 RD, CADILLAC
CADILLAC MI 49601

Handicap Accessable:
Y
(M-115 & 34 ROAD)","Temporary Polling Location




Handicap Accessable: 
"
WEXFORD COUNTY,SLAGLE TOWNSHIP ,     PRECINCT 1,"Permanent Polling Location
SLAGLE TOWNSHIP HALL
2971 S 7 RD, HARRIETTA
HARRIETTA MI 49638

Handicap Accessable:
Y
(EAST OF M-37 AND NORTH OF 32 ROAD)","Temporary Polling Location




Handicap Accessable: 
"
WEXFORD COUNTY,SOUTH BRANCH TOWNSHIP ,     PRECINCT 1,"Permanent Polling Location
SOUTHBRANCH TWP HALL
10510 W M-55, WELLSTON
WELLSTON MI 49689

Handicap Accessable:
Y
(FIRE HALL ON M-55 EAST OF M-37)","Temporary Polling Location




Handicap Accessable: 
"
WEXFORD COUNTY,SPRINGVILLE TOWNSHIP ,     PRECINCT 1,"Permanent Polling Location
SPRINGVILLE TOWNSHIP COMMUNITY CENTER
105 MESICK AVE 
MESICK MI 49668

Handicap Accessable:
Y
(VILLAGE OF MESICK HALL # 885-1120)","Temporary Polling Location




Handicap Accessable: 
"
WEXFORD COUNTY,WEXFORD TOWNSHIP ,     PRECINCT 1,"Permanent Polling Location
WEXFORD TWP HALL
8970 N 7 RD, MESICK
MESICK MI 49668

Handicap Accessable:
Y
(SOUTHEAST CORNER OF 8 & 7 ROADS)","Temporary Polling Location




Handicap Accessable: 
"

